mes,ipc_var,defl,emae,emae_sa,supermercados,itcrm,empleo,ripte,ipc_empalmado,ipc_var_empalmado,infl_mensual,fuente_ipc,dolar_blue,dolar_mayorista,dolar_oficial,dolar_contadoconliqui,dolar_bolsa,dolar_tarjeta,dolar_solidario,dolar_cripto,riesgo_pais,base_monetaria,M2,M3,reservas_bcra,badlar,tc_oficial_bcra,rem_infl_esperada,infl_anual,infl_esp_12m,infl_esperada,emae_var,ripte_var,ripte_real_var,M2_crec_mensual,M2_crec_anual,M2_real_crec,multiplicador,m_exceso,badlar_efectiva,tasa_real_esp,tasa_real_12m,tasa_real_expost,brecha,intervencion_score,depreciacion,M2_usd,reservas_sobre_M2,rem_para_hoy,r_exante,r_exante_aprox,r_expost,M1,M2_privado,circulante,actividad,sec_pesca,sec_ensenanza,sec_construccion,sec_industria_manufacturera,sec_intermediacion_financiera,sec_inmobiliarias_empresariales_y_a,sec_servicios_sociales_salud,sec_servicios_comunitarios,sec_hoteles_y_restaurantes,sec_transporte_almacenamiento_y_com,sec_electricidad_gas_y_agua,sec_agricultura_ganaderia_caza_y_si,sec_comercio_mayorista_y_minorista,sec_explotacion_de_minas_y_canteras,sec_administracion_publica_defensa,sec_idx_larga,sec_idx_intermedia,sec_idx_corta,sec_ratio_larga_corta,brecha_larga,brecha_fuente,regimen,d_cepo,d_post2023,saldos_reales,saldos_tendencia,exceso_saldos,idx_larga,idx_corta,ratio,ln_ratio,d_ratio,d_covid,idx_inter,d_larga,d_intermedia,d_corta
2010-01,1.0,0.0029160303126541,121.505678529232,131.720008468575,,141.43127423592108,,,16.511836955715804,2.216592780240667,2.216592780240667,San Luis (empalme),,,,,,,,,711.6842105263158,121318.0,205228.7548,309596.7548,48129.0,9.8625,,8.9,,,8.9,,,,,,,1.6916595624721804,,10.32075816914242,1.4207581691424185,,,,,,,,,1.304644783418207,1.4207581691424205,,161128.7548,,94052.0,131.720008468575,21.87595456758976,127.58770327596336,133.2283522851464,115.15503247006612,148.76434227689523,120.26391482922403,136.42043896927385,145.74326384462034,156.7428572642385,156.11257332755903,124.13139388503956,56.01882924009405,126.13969920224662,103.62414765765588,126.62219466254984,124.69398725110648,110.73720273081877,140.0441462898888,0.8903905700777541,0.0,sin control de cambios,Convertibilidad tardía y recuperación,0,0,9.185881528656266,9.350755018752396,-16.487349009613084,100.0,100.0,1.0,0.0,,0,100.0,,,
2010-02,1.2,0.0029510226764059,119.82280209204,133.123264113797,,135.74724111796132,,,17.230886679756537,4.3547530536378165,4.3547530536378165,San Luis (empalme),,,,,,,,,790.3684210526316,116460.0,204828.5501,311066.5501,47758.0,9.5375,,9.7,,,9.7,,,,-0.1950042041574562,,-4.549757257795273,1.758788855400996,,9.96566339145748,0.2656633914574797,,,,,,,,,0.2421726449019834,0.2656633914574815,,158641.5501,,92721.0,133.123264113797,57.00375926547583,128.30564836969376,135.49077511415612,111.43871348611992,143.887529375969,122.31813982526252,129.6885689033418,142.91728131525207,150.24616908153735,150.32079993813355,114.9965650481654,64.67634872758525,125.50302522184953,98.59074683307792,127.2993340501856,121.97422504251936,131.96735129114785,137.49467023815762,0.8871196594838552,0.0,sin control de cambios,Convertibilidad tardía y recuperación,0,0,9.127699023719828,9.346906379400668,-21.920735568084027,97.59253164005861,98.26237859009359,0.9931830782070799,-0.006840263142200791,,0,142.26092276483394,,,
2010-03,1.1,0.0029834839258464,136.895501620461,133.97038663481,,133.7412776868304,,,17.683946465229354,2.62934690415606,2.62934690415606,San Luis (empalme),,,,,,,,,704.2608695652174,122613.0,199300.0019,313612.0019,47460.0,9.431818181818182,,10.5,,,10.5,,,,-2.699110156909712,,-5.328457061065772,1.625439406098864,,9.850421443296488,-0.6495785567035135,,,,,,,,,-0.5878538974692371,-0.6495785567035117,,153514.0019,,93945.0,133.97038663481,107.62322549181862,128.85140782494273,138.56826383829548,132.3241684364924,151.16544767261405,126.80450471517118,139.74238945208876,140.34196868514655,144.9997308776204,162.3776459899956,125.04519591845312,132.6832634081552,152.8012122618467,106.71995510463516,126.9271828288827,131.79052032940555,192.37938648296227,142.99764290120552,0.9216272216490816,0.0,sin control de cambios,Convertibilidad tardía y recuperación,0,0,9.068889810779336,9.34305774004894,-27.416792926960557,105.6159791379387,102.26748335273972,1.032742526514018,0.03221791077764846,,0,233.61309712573973,,,
2010-04,0.8,0.0030073517972531,145.774131493018,136.865318244278,,132.61786781597655,,,17.925821931344682,1.36776859504133,1.36776859504133,San Luis (empalme),,,,,,,,,629.9047619047619,119478.0,201960.5712,322299.5712,48067.0,9.253125,,11.5,,,11.5,,,,1.3349569867716182,,-0.0328116082697116,1.6903578165017827,,9.65581524077843,-1.8441847592215688,,,,,,,,,-1.6539773625305565,-1.8441847592215688,,155654.5712,,92560.0,136.865318244278,92.05783699359895,129.3294592256484,139.778886279792,132.9804934283053,149.2611229291913,126.39802618759585,147.10104211691575,141.50041119979707,141.9804504424695,169.6526772869198,114.6980037846816,232.44862178333693,145.2137393795963,103.74503183611807,126.60834015388788,129.43553989512455,222.4722179477785,142.68959874640925,0.9071126489405856,0.0,sin control de cambios,Convertibilidad tardía y recuperación,0,0,9.069152304548508,9.339209100697213,-27.00567961487046,103.60279655503548,101.99588832752805,1.0157546373079995,0.01563182127818145,,0,261.1930000128398,,,
2010-05,0.7,0.0030284032598339,158.110631530439,139.191291045935,,128.20502962332748,,,18.209349668059925,1.5816721699074554,1.5816721699074554,San Luis (empalme),,,,,,,,,766.2,121601.0,204734.3148,333364.3148,49000.0,9.37828947368421,,12.0,,,12.0,,,,1.3734084744953412,,-0.2082636954121142,1.6836565061142588,,9.79209269865473,-2.207907301345269,,,,,,,,,-1.971345804772573,-2.207907301345269,,158309.3148,,95520.0,139.191291045935,165.2649385680639,130.67896579274708,139.17217674141278,135.83994396315805,151.0788011314878,126.85021017304057,149.53181937441434,144.55629150207173,138.3492011210617,181.2053437908202,122.2269482071024,351.01806093956867,147.20022035443037,105.99494470609912,127.45070996060436,131.98717297201975,313.8640510142411,143.8256259225454,0.9176888480436648,0.0,sin control de cambios,Convertibilidad tardía y recuperación,0,0,9.070370906641577,9.335360461345486,-26.49895547039094,105.73084864566508,102.80583648796045,1.0284518103021045,0.02805457466422513,,0,399.9251180734883,,,
2010-06,0.7,0.0030496020826527,149.861552008054,140.568712152045,,126.60627747499066,,,18.40738063880692,1.0875235763875055,1.0875235763875055,San Luis (empalme),,,,,,,,,803.2727272727273,127163.0,216039.601,346316.601,49240.0,10.142857142857142,3.956666666666667,11.2,,,11.2,,,,5.521930317857993,,4.434406741470487,1.6989187184951595,,10.627920302000591,-0.5720796979994063,,,,,,,,,-0.5144601600714171,-0.572079697999408,,165682.601,,99752.0,140.568712152045,165.13656815828733,133.62992554695566,139.20843482557578,134.92883812330473,157.59376286632087,129.7763914176564,153.62913552854906,144.7400956511994,136.31663519651426,174.17171834652845,123.26200380117592,231.311121576034,151.04527252294275,105.3255630425218,129.14915878056635,132.50989872475947,268.16850895653283,145.77110621424865,0.9090271876650344,0.0,sin control de cambios,Convertibilidad tardía y recuperación,0,0,9.105077489022513,9.331511821993756,-22.64343329712446,106.10225201249122,104.2283862346247,1.0179784590893342,0.017818757874330782,,0,346.32425538123493,,,
2010-07,0.8,0.003073998899314,139.505686628727,139.396913783302,,127.96275138767211,,,18.67702428532219,1.464867010718529,1.464867010718529,San Luis (empalme),,,,,,,,,747.5238095238095,134066.0,220541.4697,356791.4697,51073.0,10.30654761904762,3.962380952380952,11.1,,,11.1,,,,2.0838164295628347,,0.6189494188443057,1.6450216288991988,,10.807623533851451,-0.2923764661485482,,,,,,,,,-0.2631651360472942,-0.2923764661485482,,170187.4697,,103737.0,139.396913783302,182.1491250511336,131.46610702464957,143.7037751175503,137.56757569979587,146.25228086654093,128.12131340410153,147.80474806398672,161.30600865354563,151.32397911189784,168.86449802564178,130.7128861529514,108.79992793146693,150.81996195782003,107.07400192283512,127.37045962776632,135.5006446913133,227.6371874015364,149.17122637183812,0.9083564437122196,0.0,sin control de cambios,Convertibilidad tardía y recuperación,0,0,9.117361750766944,9.32766318264203,-21.0301431875088,108.49807740345668,106.46043098858883,1.019139941440649,0.018959076941569723,,0,308.33636498296994,,,
2010-08,0.7,0.0030955168916092,137.245980687156,140.002332180897,,127.72426650910572,,,18.87505525606917,1.060291873703978,1.060291873703978,San Luis (empalme),,,,,,,,,698.7727272727273,136232.0,221456.099,365893.099,50348.0,10.464285714285714,3.9657142857142857,11.1,,,11.1,,,,0.4147198716160538,,-0.6455720020879241,1.6255806198250042,,10.981045228762357,-0.1189547712376448,,,,,,,,,-0.1070700011139957,-0.118954771237643,,170580.099,,103925.0,140.002332180897,164.52301479785865,131.62516836365486,146.36690169053307,141.99985618390022,151.19910420493557,129.64633863622575,146.72869315197897,148.33672030804843,148.02374884518846,167.6094894349476,127.94686665417264,65.88318937117806,155.69290347402065,106.96707685593378,127.51644662766026,136.7838493544048,201.88494943381184,147.18011075843762,0.9293636799805384,0.0,sin control de cambios,Convertibilidad tardía y recuperación,0,0,9.10911903164111,9.323814543290302,-21.46955116491913,109.45497085072887,105.17877860184417,1.0406564166814705,0.03985168393537261,,0,269.6706401519108,,,
2010-09,0.7,0.0031171855098504,136.696426721623,139.385480305902,,128.70569698247132,,,19.17465930775281,1.5873015873015817,1.5873015873015817,San Luis (empalme),,,,,,,,,687.7619047619048,139804.0,226974.8392,376157.8392,51125.0,10.551136363636363,3.979545454545456,11.6,,,11.6,,,,2.492024480210864,,0.904722892909282,1.623521781923264,,11.07663744634868,-0.5233625536513191,,,,,,,,,-0.4689628616947439,-0.5233625536513191,,174419.8392,,106983.0,139.385480305902,181.355705868134,131.75630458106957,148.74255778449458,141.63376952624927,150.78470251900805,131.04463632638726,144.55640953771248,143.76255761329543,150.4160218832137,165.70629008407113,118.09139039170948,62.2443245059734,156.7179367698437,103.22262856414936,127.88454680758868,134.78858649953102,209.79903213059487,146.64914829195473,0.9191228729892706,0.0,sin control de cambios,Convertibilidad tardía y recuperación,0,0,9.11563096129512,9.319965903938574,-20.43349426434524,107.66994835937321,104.84569443094733,1.026937242809584,0.026580821785802716,,0,286.9087941435876,,,
2010-10,0.8,0.0031421229939292,135.138844506923,140.188638502719,,129.49340864146745,,,19.800904849930568,3.266006097561003,3.266006097561003,San Luis (empalme),,,,,,,,,599.9,140516.0,233867.09,386156.09,51918.0,10.697368421052632,3.987368421052632,11.3,,,11.3,,,,3.036570407668337,,-0.2294356898926652,1.66434491445814,,11.237758384305984,-0.0622416156940168,,,,,,,,,-0.0559223860682966,-0.0622416156940168,,180374.09,,111627.0,140.188638502719,93.291968461619,131.5153454025079,138.7394762923678,145.56467592605208,149.23945491584573,129.69302083575926,139.20060843128186,142.70686728143443,154.19430476880825,166.71580673652235,118.44288100921467,66.21698335039048,155.4084419448367,103.2743020068346,128.24643185985124,133.3478257723757,159.45242051386313,145.88397133597869,0.9140676974392782,0.0,sin control de cambios,Convertibilidad tardía y recuperación,0,0,9.117060614870658,9.316117264586849,-19.905664971618897,106.6928496914494,104.3155289307487,1.0227897110340964,0.022533904777429323,,0,187.94381118917732,,,
2010-11,0.7,0.0031641178548867,139.598823283722,142.241573572224,,126.01228875825738,,,20.176506026919323,1.8968889544968004,1.8968889544968004,San Luis (empalme),,,,,,,,,532.45,145515.0,237047.496,394240.496,51896.0,10.8125,3.996190476190476,12.0,,,12.0,,,,1.3599202863472604,,-0.53696866814954,1.6290244717039482,,11.36476299743756,-0.6352370025624392,,,,,,,,,-0.5671758951450445,-0.6352370025624392,,183280.496,,114167.0,142.241573572224,72.7538880588535,132.37730753906555,142.0710257281679,145.08496002549148,154.38004344166137,133.55823945737416,139.65627188356785,145.39444628929206,155.9463836820479,166.71256439926768,117.0000780760201,85.8410585247438,164.91353223170603,101.50727764107998,129.2393314316485,134.14331960583277,156.0548490814211,148.73678874351984,0.901883930257148,0.0,sin control de cambios,Convertibilidad tardía y recuperación,0,0,9.114254163821116,9.312268625235118,-19.80144614140027,107.17894004802947,106.36402295645787,1.007661585834387,0.007632384940899352,,0,174.09390860252995,,,
2010-12,0.8,0.0031894307977258,138.477649512717,141.9797901459,,124.50316957888232,,,20.51995457397129,1.7022201296584605,1.7022201296584605,San Luis (empalme),,,,,,,,,507.7272727272728,160408.0,281716.6194,420870.6194,52145.0,11.11875,4.0105,12.2,27.028860942730493,,12.2,,,,18.843954968416977,,17.141734838758516,1.756250432646751,,11.703242587115549,-0.4967574128844525,,-15.325618355614946,,,,,,,-0.4427427922321203,-0.4967574128844507,-12.064674312496848,221400.6194,,124535.0,141.9797901459,76.78537843947882,133.86809031810617,140.02872335984603,137.34263809272372,157.78850171563482,137.1528232977929,135.5110088945273,145.54054563441164,153.34017545877103,165.72048408081633,130.33020159691736,101.3622129422064,150.6944863751161,92.28962047172725,130.69773454041191,133.6483958094775,164.8638032582223,145.5634467150135,0.9181453093175,0.0,sin control de cambios,Convertibilidad tardía y recuperación,0,0,9.28633129034804,9.308419985883392,-2.208869553535031,106.49414619820848,104.1051356105365,1.0229480570162208,0.02268871052517824,,0,186.04180521644537,,,
2011-01,0.7,0.0032117568133099,133.076919718552,145.851146917627,,124.6128743634279,,,20.74575372511823,1.1003881628147028,1.1003881628147028,San Luis (empalme),4.0,3.987931034482759,4.0,,,,,,484.2,158604.0,263515.0837,425762.0837,52618.0,11.089285714285714,4.014285714285714,12.0,25.641706496725057,27.028860942730493,12.0,10.728163939059666,,,-6.460937852642712,28.40066391125422,-7.561326015457414,1.6614655601371973,17.672499972194554,11.67063654344438,-0.3293634565556207,-15.358224399286112,-13.971069953280676,,,,65878.770925,0.7987094971747911,8.9,-0.2940745147818169,-0.3293634565556207,-11.119770928648476,203739.0837,,127152.0,145.851146917627,40.395532815129926,130.14564825281255,149.28810221427042,127.12640664901387,159.2471656978168,124.09557940746096,145.3963341929503,153.0636826669407,165.19937497391305,169.1851202228098,132.59669488128645,70.9288586670815,145.58576047650988,99.4272626679962,129.38688633087463,132.35913657165025,133.21141574590348,148.62996211755433,0.8905279573910194,0.0,sin control de cambios,Convertibilidad tardía y recuperación,0,0,9.1922538667535,9.304571346531665,-11.231747977816298,105.68115043955751,106.10035226494374,0.9960490062809647,-0.003958819514633248,-0.39588195146332483,0,131.67343250134428,5.525636023369618,27.515467501085933,5.921517974833002
2011-02,0.7,0.0032342391110031,129.509886842622,143.853319291413,,126.45368647994816,,,20.96936065149675,1.0778443113772518,1.0778443113772518,San Luis (empalme),4.0,4.026071428571429,4.0,,,,,,541.7368421052631,160387.0,263438.3521,433833.3521,52318.0,11.071875,4.0525,12.5,21.69635284139102,25.641706496725057,12.5,8.060240446360801,,,-0.0291184849544934,28.614078443354664,-1.1069627963317452,1.6425168629627092,20.553837996993863,11.651373436944668,-0.8486265630553333,-13.99033305978039,-10.044979404446352,,,0.0,65859.588025,0.7943869916122208,9.7,-0.7543347227158548,-0.8486265630553316,-8.254133480514536,203763.3521,,128079.0,143.853319291413,71.09930001329262,131.054185411756,151.7765128745413,124.19081752647702,155.94532324617785,125.52428819040048,138.11168745577413,148.3820047509372,154.85384233463114,161.65063690645854,120.89071853608924,71.39901731541627,141.15349324966334,93.89885905612743,129.99665126139453,129.1074150879398,148.66344945082224,144.406705725099,0.8940541537850479,0.0,sin control de cambios,Convertibilidad tardía y recuperación,0,0,9.181652205008238,9.300722707179936,-11.907050217169868,102.82937898755549,103.18825647547827,0.9965221091994314,-0.003483952721993865,0.3356310420206926,0,165.2102861334793,5.227012959832411,14.95562681274114,4.89138191781171
2011-03,0.8,0.0032601130238911,147.001839095024,144.861505636531,,126.52727769508664,,,21.526916484264103,2.658907164761648,2.658907164761648,San Luis (empalme),4.0,4.040322580645161,4.0,,,,,,566.1304347826087,159290.0,269448.7717,443599.7717,51298.0,11.161184210526317,4.066315789473684,11.7,21.731404958677693,21.69635284139102,11.7,8.129497327949874,,,2.281527937025074,35.1975760819097,-0.3773792277365739,1.6915611256199383,27.068078753959828,11.750216865531172,0.0502168655311727,-9.946135975859846,-9.98118809314652,,,0.0,67362.192925,0.7615250895574968,10.5,0.0449569073690092,0.0502168655311727,-8.199353401478183,208338.7717,,127883.0,144.861505636531,126.00071525443757,131.4787473529127,154.68057751311565,145.23557948838263,160.17653585397284,128.88547253924304,149.48640443703127,147.44970063762707,154.0949700148401,174.30562338975662,129.8213868171367,139.7658554294179,171.38620374035983,101.56634237382296,129.807223419163,138.36075980925648,211.1512041093926,151.65699588309124,0.9123269190688408,0.0,sin control de cambios,Convertibilidad tardía y recuperación,0,0,9.177616662245738,9.296874067828208,-11.925740558247,110.39810107927929,108.41574758647009,1.0182847375675579,0.018119581933849514,-1.4098328843798948,0,261.2003137768426,4.428325590729454,11.16212828458183,5.838158475109356
2011-04,0.8,0.0032861939280822,151.035823039618,144.92864694726,,128.22840412310197,,,22.08593380021041,2.596829491836128,2.596829491836128,San Luis (empalme),4.0,4.071,4.0,,,,,,533.05,167293.0,276926.6423,454613.6423,52011.0,11.177631578947368,4.095789473684211,12.0,23.207370266193816,21.731404958677693,12.0,5.891433130335133,,,2.775247611195564,37.11916175249954,0.1784181193594358,1.6553390895016529,31.22772862216441,11.768428819115108,-0.2315711808848934,-9.962976139562588,-11.43894144707871,,,0.0,69231.660575,0.7512603275441512,11.5,-0.2067599829329469,-0.2315711808848917,-9.28429965055214,212544.6423,,129905.0,144.92864694726,121.91762431309748,131.7273383802948,150.13306627770976,143.28057354257447,158.87790081577248,131.05873633099162,157.27861863288436,152.2508045132598,151.79461399485993,178.4210883228396,117.95472972076966,215.24184207380972,160.97847465130027,87.86934486044589,129.59292809270397,132.36515346941627,238.1082605433771,151.62940308704944,0.872951754571152,0.0,sin control de cambios,Convertibilidad tardía y recuperación,0,0,9.171966400438292,9.29302542847648,-12.105902803818758,105.18176654858792,108.30127717500307,0.9711959941028733,-0.029226983373555098,-4.485880465173655,0,290.65825618822885,1.5125640264638918,10.688860198511918,5.998444491637578
2011-05,0.7,0.0033091972855788,166.178342081017,147.186329306584,,125.84597679313256,,,22.47030387627284,1.7403388035997835,1.7403388035997835,San Luis (empalme),4.0,4.088387096774193,4.0,,,,,,580.8095238095239,172685.0,281058.958,465308.958,52060.0,11.226190476190476,4.1223809523809525,12.0,23.399815401902192,23.207370266193816,12.0,5.743921333419166,,,1.492205901779342,37.27984889809981,-0.2481329018204414,1.6275817702753568,31.53592756468064,11.822213318838749,-0.1777866811612511,-11.385156947355068,-11.577602083063445,,,0.0,70264.7395,0.7409121612128087,12.0,-0.1587381081797012,-0.1777866811612511,-9.382187522206763,217984.958,,132482.0,147.186329306584,114.15721284521636,132.84018160621318,152.92877616060397,151.49660514888174,163.8461034413494,134.5075425530241,160.46409625159336,155.7823682435306,148.61006195318473,188.96939051068136,127.52697779274337,315.7625658054044,169.6156047034158,93.55246732580969,130.15822962336355,138.543918881479,275.58384499785285,154.16460787073692,0.8986752588353127,0.0,sin control de cambios,Convertibilidad tardía y recuperación,0,0,9.179986729641172,9.289176789124753,-10.919005948358064,110.24109347206374,110.11668031848338,1.0011298302239091,0.0011291924460835891,-2.692538221814154,0,329.17396656569883,4.177302498144275,-19.46909399969785,6.8698407199583755
2011-06,0.7,0.0033323616665779,156.693658512255,146.802690876266,,125.29492273661208,,,22.808637232198503,1.505691056910563,1.505691056910563,San Luis (empalme),4.0,4.101333333333333,4.0,,,,,,604.6818181818181,176684.0,294147.3388,481202.3388,51695.0,11.276785714285714,4.134285714285714,11.5,23.91028185788011,23.399815401902192,11.5,4.434826661482161,,,4.656809693288633,36.154361255277465,3.1511186363780697,1.664821595617034,31.719534593795306,11.878278534972232,0.3782785349722317,-11.52153686692996,-12.03200332290788,,,0.0,73536.8347,0.7029810327150238,11.2,0.3392632600647927,0.3782785349722317,-9.710254179478085,223172.3388,,141826.0,146.802690876266,194.0865583448003,136.1671546285976,152.46657759070297,149.38833499975706,169.0043686490932,137.9606935624736,164.40586468831248,153.1599843359074,146.26103655718106,181.18653542771145,130.40271135061687,211.204625625493,170.7606894984061,91.96130844449384,132.25715521343523,139.0015868224844,282.144164557551,155.19716622446484,0.8956451345345028,0.0,sin control de cambios,Convertibilidad tardía y recuperación,0,0,9.188560281504223,9.285328149773024,-9.67678682687989,110.536044283313,110.91075973418417,0.9966214689019421,-0.0033842512216255964,-2.120300909595638,0,373.4763403034159,4.093838960612928,7.547916617474026,6.21413987020869
2011-07,0.8,0.0033590205599105,146.378088280468,147.156733024103,,125.5730850016327,,,23.20542991528196,1.7396597571524677,1.7396597571524677,San Luis (empalme),4.0,4.132258064516129,4.0,,,,,,595.05,185010.0,299502.4674,492333.4674,51923.0,11.63095238095238,4.164285714285715,11.7,24.24586251418286,23.91028185788011,11.7,5.566708064185644,,,1.8205599349790933,35.80324272229154,0.080900177826626,1.6188447510945356,30.2365346581059,12.271457107665997,0.5714571076659958,-11.638824750214116,-11.974405406516864,,,0.0,74875.61685,0.6934567244236332,11.1,0.511599917337513,0.5714571076659976,-9.63766934705771,225625.4674,,145880.0,147.156733024103,153.69373235457732,136.0569683401136,158.44671383746564,147.86586146904972,162.79400843457003,135.07032330958418,152.49342631779342,163.1963216374999,158.88001203284244,175.85309139732436,135.54122763461052,106.38926386530116,163.91119078246354,97.5414842947367,132.7276421532296,141.4197423961168,215.81428089819008,155.57525263820028,0.9090118125984792,0.0,sin control de cambios,Convertibilidad tardía y recuperación,0,0,9.182245380286298,9.281479510421295,-9.923413013499882,112.59359743428729,111.08743120997472,1.0135583855698818,0.013467293114369935,-0.5491783827199788,0,278.64052117410193,3.7052399897248733,-10.126878469620149,4.254418372444757
2011-08,0.8,0.0033858927243898,146.398505384719,146.95911473406,,123.52060133047084,,,23.76956242235456,2.4310366544904705,2.4310366544904705,San Luis (empalme),4.0,4.1729032258064525,4.0,,,,,,719.0434782608696,185825.0,301039.8262,500848.8262,49990.0,12.363636363636363,4.203181818181818,11.4,25.931087882307423,24.24586251418286,11.4,4.969047618559763,,,0.5133042186082459,35.93657052542953,-1.9177324358822243,1.6200178996367551,30.967522906869767,13.088870731744384,1.6888707317443838,-11.156991782438476,-12.84221715056304,,,0.0,75259.95655,0.664231050502779,11.1,1.5160419495012345,1.6888707317443838,-10.19781323779646,231350.8262,,146905.0,146.95911473406,177.63676399815066,136.9696281330623,160.28789256121917,150.5571721746821,172.1756071393588,136.4061457334168,152.69666207278306,150.247470950181,154.73039184081614,176.6343204628307,133.79460500734555,69.22022390943279,173.68301673966846,101.44356977686726,133.4108175876829,143.1097155768495,218.26446835718357,154.79365849872144,0.9245192404185704,0.0,sin control de cambios,Convertibilidad tardía y recuperación,0,0,9.183284693158308,9.277630871069569,-9.434617791126064,114.0312719454685,110.69052426586097,1.030180972596928,0.029734488358250297,-1.0117195577122313,0,291.1167418382155,4.095948651523251,7.65229983392528,5.107668209235516
2011-09,0.8,0.0034129798661849,147.170906821271,148.265166664086,,116.65557747668164,,,24.225545174185264,1.9183472700442736,1.9183472700442736,San Luis (empalme),4.0,4.209,4.0,,,,,,877.8571428571429,192686.0,303835.6195,508044.6195,48590.0,13.0625,4.250454545454546,11.5,26.34146341463417,25.931087882307423,11.5,6.37059637682218,,,0.9287121027443446,33.86312798850526,-0.9896351672999292,1.5768432553480791,27.492531611683084,13.87363285071772,2.373632850717721,-12.057455031589702,-12.467830563916449,,,0.0,75958.904875,0.6396880007677969,11.6,2.1288187001952563,2.373632850717719,-9.86836009885279,232651.6195,,148278.0,148.265166664086,151.42660718137176,137.49465649724797,162.60855536661666,152.97576385711918,172.49300553338887,136.73572014028755,150.34475824898806,143.61342568007464,159.17346382805763,175.7146926936078,120.01467242569362,66.00841747191264,176.84087366423898,99.13590722503088,133.88010642823355,140.97796540507747,201.48305044280957,154.66438272772726,0.9115089260935824,0.0,sin control de cambios,Convertibilidad tardía y recuperación,0,0,9.169889756214996,9.273782231717842,-10.389247550284608,112.18890449152877,110.66457889907925,1.0137742862948012,0.013680283048120674,-1.2900538737682041,0,259.6362929237448,4.111358354072525,-9.98825965045329,5.401412227840741
2011-10,0.6,0.003433457745382,145.050002427799,147.291142182554,,114.09466059821932,,,24.49226585434265,1.1009893822393924,1.1009893822393924,San Luis (empalme),4.0,4.225806451612903,4.0,,,,,,904.8,190247.0,301606.704,508272.704,47523.0,17.64375,4.264,11.1,23.69265970402625,26.34146341463417,11.1,5.066390369214746,,,-0.7335925602363291,28.96500486665312,-1.8345819424757213,1.5853427596755798,23.898614497438373,19.14284725382562,8.042847253825622,-7.198616160808548,-4.549812450200633,,,0.0,75401.676,0.6302645049958836,11.3,7.239286457088778,8.042847253825622,-3.678320492976295,231980.704,,148747.0,147.291142182554,149.5310044889035,137.39857619291166,151.5930108030702,153.79986378121276,170.6511033263181,137.4586087337543,144.47982251991073,150.50646058877828,159.7529737755585,174.63023147064803,123.28808227525046,68.28615091142622,171.6320580299549,101.71533217111512,133.3206008245714,140.1874437501883,200.50498007356248,153.8444977763172,0.911228193250137,0.0,informal,Primer control de cambios,1,0,9.156052086476777,9.269933592366112,-11.388150588933676,111.82386953397948,110.02350456929814,1.0163634577150502,0.016231019156255154,-0.6302885621174169,0,258.0032877865848,4.697089716432323,31.68292866951683,5.327378278549855
2011-11,0.6,0.0034540584918543,146.361645124166,147.215886221027,,113.08228879978408,,,24.832791435036736,1.3903392308380669,1.3903392308380669,San Luis (empalme),5.0,4.265666666666666,4.0,,,,,,892.7,198013.0,310245.3748,519531.3748,46062.0,19.94047619047619,4.300476190476191,11.0,23.077758864220744,23.69265970402625,11.0,3.4970877528131883,,,2.8642171030787145,30.87899262179929,1.4738778722406476,1.5667929620782473,27.381904868986105,21.86773472468233,10.867734724682329,-1.8249249793439264,-1.2100241395384153,,,0.0,77561.3437,0.5938783136373126,12.0,9.790752004218303,10.867734724682329,-0.9831379371095904,240440.3748,,154872.0,147.215886221027,82.57443513855466,137.7769095267941,153.6013560581444,148.42962873972652,170.01049618737383,140.41085965664402,144.44426607365662,148.70640755003438,160.92753558549256,173.08574587718527,128.06260692336596,85.99847450227547,169.79583483777077,99.08575715957602,133.7667230569225,140.51104453166667,167.314317895429,153.51948311156295,0.9152652268217772,25.0,informal,Primer control de cambios,1,0,9.178062400889337,9.266084953014383,-8.80225521250484,111.94537202378191,109.80373033717235,1.019504270756861,0.01931650009359466,1.1684115152695307,0,189.03447288146867,4.351122795772255,8.233453638710841,3.182711280502737
2011-12,0.8,0.0034816909597891,143.361657853743,147.845593948209,,110.41459248656392,,,25.296081602762165,1.8656387017037976,1.8656387017037976,San Luis (empalme),5.0,4.292903225806452,4.0,,,,,,926.8571428571428,222922.0,366125.3836,547742.3836,46376.0,18.76644736842105,4.325263157894737,11.3,23.27552437591256,23.077758864220744,11.3,4.1314357460883855,,,18.011552577060375,29.962294869139683,16.145913875356577,1.6423923327441885,25.830859123051297,20.46778426000284,9.16778426000284,-2.6099746042179035,-2.80774011590972,,,0.0,91531.3459,0.5066679566873932,12.2,8.23700292902323,9.16778426000284,-2.2776136058832552,287560.3836,,173056.0,147.845593948209,69.33141295542802,139.46737108331297,148.13989884632397,141.08911340600991,174.22052785723247,142.11489370163216,140.3134691098024,150.0292902688473,157.90878133589834,173.19981167427548,136.5430965491063,96.55957873076804,157.19391983575193,98.9422285090334,135.51471904582243,139.80900990303897,164.57672293963122,150.864637970779,0.9267182275684684,25.0,informal,Primer control de cambios,1,0,9.338538640701833,9.262236313662658,7.63023270391745,111.4726689639439,107.91518729148551,1.0329655330426237,0.03243382369761834,0.97451131724401,0,179.33921145535172,4.5689421089610605,-3.6692359098258187,3.5944307917170626
2012-01,0.9,0.0035130261784272,136.194081293613,147.733344845544,,111.10280371543465,10898.532,,25.588378238551083,1.155501632146061,1.155501632146061,San Luis (empalme),5.0,4.325161290322581,4.0,,,,,,850.95,216117.0,340982.6666,554908.6666,46594.0,15.93452380952381,4.355238095238095,11.0,23.34272631208169,23.27552437591256,11.0,1.2904923736938525,,,-6.867242241654836,29.397779365143784,-8.022743873800897,1.5777688316976453,28.10728699144993,17.151356373048145,6.151356373048145,-6.124168002864415,-6.1913699390335495,,,0.0,85245.66665,0.5465849682577384,12.0,5.541762498241565,6.151356373048145,-5.019647387530702,263478.6666,,167387.0,147.733344845544,39.72061435573189,134.930861135932,153.10460503056328,124.61342922861274,172.8960009384658,128.015283458738,155.91089733934456,150.9600719113263,167.86683925180404,172.66479281389346,144.08934585172057,70.39899340152986,148.06071507109982,94.5561437241145,133.9587974921889,134.79573683536736,136.80941161622158,152.60446558673948,0.8833013917194334,25.0,informal,Primer control de cambios,1,0,9.239589408665108,9.25838767431093,-1.8798265645822096,107.38101615400817,108.98188303321014,0.9853107063793884,-0.014798249601520506,-1.0839430086887258,0,133.5166017480652,1.5956861886810891,1.3900966772989243,2.6796291973697706
2012-02,0.7,0.0035376173616762,132.360525940741,144.719606011736,,113.81070716472176,10954.455,,25.96471015712931,1.4707142245195204,1.4707142245195204,San Luis (empalme),5.0,4.352758620689655,4.0,,,,,,822.45,205437.0,342990.6317,562633.6317,46668.0,14.20138888888889,4.382222222222222,10.8,23.822135489266817,23.34272631208169,10.8,0.6022014122372354,,,0.5888760035874574,30.197683429860778,-0.881838220932063,1.669566006610299,29.595482017623542,15.163207220521755,4.3632072205217565,-8.179519091559937,-8.65892826874506,,,0.0,85747.657925,0.544248101106372,12.5,3.937912653900488,4.363207220521755,-6.9930374197880285,263979.6317,,167612.0,144.719606011736,79.54643992026959,135.87786042129648,152.7745394543522,123.60876702270392,167.48554122003534,127.89018768202622,147.8234474213143,152.57745577668652,160.03862434151935,166.11118740541957,131.6320920135013,68.38753796002734,142.06859828456044,91.82364619216004,134.7040454011006,131.4436815070384,156.43059525619572,149.4559507349255,0.8794810836282217,25.0,informal,Primer control de cambios,1,0,9.226888912096149,9.254539034959205,-2.765012286305613,104.60168117724136,106.7764714079545,0.9796323084848529,-0.020577973144552425,-1.709402042255856,0,176.17344230930524,1.7088523933635358,6.424985357115887,3.418254435619339
2012-03,0.9,0.0035694559179313,147.441016244958,145.373917002849,,109.80158632124116,10977.590000000002,,26.84452303085395,3.388494877856596,3.388494877856596,San Luis (empalme),5.0,4.36,4.0,,,,,,823.2272727272727,220625.0,344486.4903,572425.4903,47291.0,12.877840909090908,4.399090909090909,11.8,24.702128381818863,23.822135489266817,11.8,0.3537250038003092,,,0.4361222907418582,27.848602955795187,-2.9523725871147377,1.5614118540509916,27.49487795199488,13.665793220444831,1.865793220444832,-10.156342268821984,-11.036335161374032,,,0.0,86121.622575,0.5491187762842727,11.7,1.6688669234747875,1.8657932204448304,-8.85015781573708,263461.4903,,170426.0,145.373917002849,148.77202173509573,136.87101308626956,155.52464348707505,145.85052466100942,176.61775757292222,133.56873800762682,160.57417684905693,147.94737900312683,157.3692033522264,175.49859389197,134.94136271963183,124.3609057692615,168.58441019699538,99.00597226761768,135.03709425708976,140.21212392955803,222.96406687242524,155.53642322727936,0.9014745293754858,25.0,informal,Primer control de cambios,1,0,9.19160067321997,9.250690395607474,-5.908972238750465,111.7412088011422,111.19799379734174,1.0048851151468656,0.004873221690076473,-1.324636024377304,0,283.30263782562326,1.2092628626779067,8.12281191701798,2.5338988870552193
2012-04,0.8,0.0035980115652748,145.520278318545,141.92738498873,,106.90182383076208,10970.778,,27.38161809911609,2.0007621951219523,2.0007621951219523,San Luis (empalme),5.0,4.402333333333333,4.0,,,,,,967.05,222914.0,351901.716,583180.716,47844.0,12.180147058823527,4.441176470588236,11.8,23.9776336686077,24.702128381818863,11.8,-2.070854880486228,,,2.15254470314421,27.073983592657736,0.1517825080222579,1.578643405079986,29.144838473143963,12.883651770432358,1.0836517704323576,-11.818476611386508,-11.093981898175343,,,0.0,87975.429,0.5438336651930393,12.0,0.9692770755208802,1.0836517704323576,-8.948373646031637,268502.716,,170967.0,141.92738498873,117.4410551395236,136.5726668432677,149.25550310306843,138.2466347572764,169.92641456652348,130.39097311422773,165.3320897328538,152.33465882120367,154.87357059606032,176.9022829343712,127.49512525015471,166.14673876440634,150.70399797872568,95.22309774948936,134.06795361068944,134.30536666608526,219.14114002717088,153.29338632757842,0.8761328187967814,25.0,informal,Primer control de cambios,1,0,9.190744392372658,9.246841756255748,-5.609736388309017,107.02114699419906,109.48657332215673,0.9774819299467586,-0.022775473281454895,0.6451510092100203,0,265.2458017724807,1.7336486894225622,-9.14912497576168,1.0884976802125301
2012-05,0.8,0.003626795657797,157.40418371936,140.274891935469,,102.62518330711818,10959.51,,27.904098335588767,1.9081422967094583,1.9081422967094583,San Luis (empalme),5.451612903225806,4.453225806451614,4.0,,,,,,1089.3636363636365,225512.0,367330.2474,603013.2474,46978.0,11.696428571428571,4.494285714285714,11.1,24.182113821138216,23.9776336686077,11.1,-4.695706050742487,,,4.384329685962651,30.69508618899812,2.4761873892531927,1.6288722879492,35.390792239740605,12.344284160236851,1.2442841602368515,-11.63334950837085,-11.837829660901363,,,0.0,91832.56185,0.5115614663645583,12.0,1.11996774098726,1.2442841602368515,-9.532636622655344,284239.2474,,175148.0,140.274891935469,128.07405383106985,138.02757924864412,150.0109511993003,141.96639164806922,174.75161407575507,135.3667990505704,168.05173052812594,153.5502474209129,148.63990365864615,187.4611561778044,131.40795763798542,239.34956718913224,160.46781406241374,98.7297485812714,134.75317932818956,137.84453442055138,257.0441434091193,155.16363910361397,0.8883816802498595,36.29032258064515,informal,Primer control de cambios,1,0,9.22879801114076,9.24299311690402,-1.419510576326033,109.91531708965996,110.86533858284838,0.991430852010807,-0.008606074240160933,-0.9735266686244523,0,312.56790631998706,-0.29595015593919527,-5.176463897557415,0.677576512685274
2012-06,0.7,0.0036521832274015,149.033101741505,140.781024799533,,100.26682728549852,11008.112,,28.27677654621964,1.3355680092180355,1.3355680092180355,San Luis (empalme),6.0,4.5,4.0,,,,,,1128.6190476190477,244158.0,395987.6285,625162.6285,46348.0,12.121875,4.54,11.3,23.973985198475,24.182113821138216,11.3,-4.101877180036462,,,7.801530449191096,34.6222033201002,6.465962439973061,1.6218499025221371,38.72408050013666,12.818550319301725,1.518550319301724,-11.363563501836492,-11.155434879173274,,,0.0,98996.907125,0.4681762425312739,11.5,1.3643758484292334,1.518550319301724,-8.998206245700736,298464.6285,,188367.0,140.781024799533,108.74789811073492,141.3341114172422,147.78202604395085,138.10691412604177,176.6390685449403,135.96357212557365,172.6562320101437,155.85036529157986,147.77239509691532,180.95230038990684,135.0423331605742,162.0206370621431,158.87011002501126,94.07845012785324,136.67642818823091,136.47013337105255,215.1457064294864,156.8567577015753,0.8700303089949818,50.0,informal,Primer control de cambios,1,0,9.264365856288372,9.239144477552292,2.522137873608088,108.69749324310582,112.07264124030758,0.9698842825523786,-0.03057851093883667,-2.7194259717211073,0,255.24644974756708,-1.6772927757459755,-38.062510863289575,1.0421331959751257
2012-07,0.8,0.0036814006932207,146.862799619037,144.767881213924,,100.09535171119384,11016.712,1.0255,28.979019213702507,2.4834608228240684,2.4834608228240684,San Luis (empalme),6.064516129032258,4.554838709677419,4.0,,,,,,1091.809523809524,246461.0,405763.5241,646070.5241,46818.0,13.196428571428571,4.594285714285714,11.3,24.880337574001764,23.973985198475,11.3,-1.623338437248223,,,2.4687376312818365,35.47919241616236,-0.0147231915422318,1.6463599681085446,37.10253085341058,14.024591574055156,2.724591574055156,-9.949393624419844,-10.855745999946608,,,0.0,101440.881025,0.4615299032000891,11.7,2.4479708661771404,2.724591574055156,-8.692918525715621,311877.5241,,196406.0,144.767881213924,150.82884203278658,139.86030479269112,151.94171091095785,144.17830486534604,176.65561105798702,131.6186571919166,158.99599659035312,170.86656552781344,163.62820443242626,181.743824970828,142.5917150053982,101.720596071242,164.00637842071015,98.31248412070558,136.14054967863024,140.06647503635472,217.23999201145355,160.0384920916261,0.8752049160533398,51.61290322580645,informal,Primer control de cambios,1,0,9.283793745999493,9.235295838200564,4.849790779892871,111.68739072557749,114.2225091600997,0.9778054391103519,-0.02244456625298955,-3.591185936735948,0,276.55578112404794,-0.8081038412169228,-0.7509955810568236,2.783082095519074
2012-08,0.9,0.0037145332994597,145.69325698881,145.047360263963,,100.46264517601809,11029.44,1.0474457,29.274969557438784,1.021257281186183,1.021257281186183,San Luis (empalme),6.0,4.614193548387097,4.967741935483871,,,,,,1039.0869565217392,260758.0,406872.479,665023.479,45152.0,13.946022727272728,4.652272727272727,10.0,23.16158386620764,24.880337574001764,10.0,-1.300875058724027,,,0.2733007858357172,35.15569821306255,-0.7479564953504658,1.5603451437731537,36.456573271786574,14.872895000403918,4.872895000403918,-10.007442573597846,-8.288688865803717,,,24.193548387096776,81902.90161688311,0.5512869398841,11.4,4.429904545821728,4.872895000403918,-6.729930393561556,312575.479,,198753.0,145.047360263963,177.71455590093157,140.37035691526137,151.1741074740849,144.3554692051564,184.82343961484395,135.79917964267375,159.4662422536192,154.99102475418383,157.29850814776273,177.4979171725897,138.21356275108337,73.19557355015176,167.15565098104835,98.25189612918408,136.19315218674924,139.97140723024123,223.08570968858817,157.08904020016635,0.8910322900431917,20.779220779220783,informal,Primer control de cambios,1,0,9.275868382193538,9.231447198848835,4.44211833447028,111.58105401219366,112.28110684210839,0.9937651769776445,-0.006254340699883636,-3.5988829058133933,0,295.2435344345021,-2.1721457468707683,1.4076194800452413,1.4267371589426148
2012-09,0.9,0.0037479640991549,142.471536517314,146.231701990775,,101.52839203898388,11032.604,1.0615862169500003,29.73533675880632,1.572562528081467,1.572562528081467,San Luis (empalme),6.0,4.676666666666667,5.0,,,,,,916.578947368421,265189.0,405096.8492,675006.8492,45010.0,14.279605263157896,4.709473684210527,10.0,22.743725868725928,23.16158386620764,10.0,-1.3715053367309604,,,-0.4364094136728225,33.32763612990413,-2.008971941754289,1.5275778754020717,34.69914146663509,15.25226171198839,5.252261711988391,-7.909322154219245,-7.491464156737537,,,0.6493506493506551,81019.36984,0.5555461624656842,11.5,4.774783374534897,5.252261711988391,-6.103337750028571,310359.8492,,201207.0,146.231701990775,182.74665098133053,140.400281464209,149.8166822971956,143.52223001002113,178.83274760502982,132.05057415643802,156.57794555356904,149.62785454982586,158.56908179911056,172.07588381351349,124.89932477157768,70.83068725021843,161.02366203541916,97.07238674011892,136.29804745096607,135.7868247076308,222.2857101621464,154.7650038959225,0.8773742208474065,20.0,informal,Primer control de cambios,1,0,9.253151578691991,9.227598559497109,2.555301919488251,108.23633107622,110.6575334885034,0.9781198592092697,-0.02212306102792162,-3.580334407604229,0,298.063820396498,-3.5867010652347986,13.802584767172199,-0.006366657630518802
2012-10,0.8,0.0037779478119481,147.231302955301,147.089193473643,,101.80860950436644,11055.458,1.0759176308788254,30.17962764520547,1.4941511845079969,1.4941511845079969,San Luis (empalme),6.0,4.734516129032259,5.0,,,,,,888.6666666666666,265116.0,414818.6121,687271.6121,45274.0,14.928977272727272,4.769545454545455,,23.22105200346096,22.743725868725928,22.743725868725928,-0.1371085225618684,,,2.3998613959103743,37.53627044709192,0.9057102114023774,1.5646683417824652,37.67337896965378,15.994055770233206,-6.749670098492722,-6.749670098492722,-7.226996233227755,,,0.0,82963.72242,0.545708397349898,11.1,,,-5.865066168258948,319494.6121,,203264.0,147.089193473643,147.7737514595415,142.141503830668,148.11871435498685,151.9246346784865,184.484167425122,134.91153779225598,153.03484710021246,156.11007067231603,160.60566564160797,175.89154216506788,127.11721397616068,71.8730836768845,171.39768381040588,97.1062416863186,137.27476302115866,138.34692677851478,204.4901783329359,157.91378432186443,0.8760915164728881,20.0,informal,Primer control de cambios,1,0,9.267328573656854,9.22374992014538,4.357865351147439,110.28041612208656,112.90922352464308,0.9767175141189173,-0.023557804756525764,-3.978882391278092,0,260.1225052225795,-1.3898680553795728,0.8180365781666588,2.589014335898465
2012-11,0.9,0.0038119493422556,146.373431844686,146.9514449552,,100.65027122348567,11085.215,1.1008789199152142,30.75252905135174,1.898305084745755,1.898305084745755,San Luis (empalme),6.0,4.800333333333333,5.0,,,,,,1197.2,268659.0,430796.0478,710114.0478,45238.0,15.28125,4.8345,,23.83838978312692,23.22105200346096,23.22105200346096,-0.1796282131060089,,,3.851667990284935,38.85655767719764,1.95336290553918,1.6035049925742295,39.03618589030365,16.39829440315237,-6.822757600308592,-6.822757600308592,-7.440095379974544,,,0.0,86159.20956,0.5250512421251604,11.0,,,-6.007907073892094,331956.0478,,208726.0,146.9514449552,110.38974553757669,142.21987022562138,148.60583562455045,147.0926101881964,183.3602979497212,135.81751464068043,152.7809813776557,152.95969276408715,162.09531482705293,175.32986283928187,132.37061976181377,84.90920445658523,168.86187994918188,92.07596451331352,137.50098698421712,137.64250226711656,187.04512676935215,157.14997625790875,0.8758671527969101,20.0,informal,Primer control de cambios,1,0,9.286785616547268,9.219901280793652,6.688433575361508,109.54054288243222,112.38130038681788,0.9747221513311579,-0.02560282159049346,-4.491932168408812,0,222.9387167537109,-2.171626715550534,16.496752630281897,2.3203054528583067
2012-12,1.0,0.0038500688356782,143.585058099581,149.272822364713,,101.37999425046318,11113.075,1.1161811369020358,31.11570762131948,1.1809713905522434,1.1809713905522434,San Luis (empalme),6.387096774193548,4.886774193548387,5.0,,,,,,1036.95,307352.0,506496.5514,746982.5514,43290.0,15.388157894736842,4.916842105263158,,23.006037496028032,23.83838978312692,23.83838978312692,0.9653506596915884,,,17.57223725393704,38.33964376350332,16.391265863384795,1.6479364097191491,37.37429310381173,16.521228110639143,-7.317161672487771,-7.317161672487771,-6.484809385388889,,,0.0,101299.31028,0.4273474308990132,11.3,,,-5.271943977220051,395472.5514,,237010.0,149.272822364713,68.67315681962579,143.66175092703585,142.88947845024933,141.4109061344946,189.10029459963192,139.2741071207412,147.87977725323435,150.52457369062097,159.18892336900586,173.27875448787563,138.29486929103726,81.07750038354592,156.60558312123362,95.82765898220876,138.87440786795796,137.89543270997018,161.9264218877251,153.68548826649933,0.8972573420260194,27.74193548387096,informal,Primer control de cambios,1,0,9.450123901614996,9.216052641441925,23.40712601730708,109.94906528312788,109.94472266610228,1.0000394981852725,3.9497405239710655e-05,-3.239432629237863,0,174.19083460249786,-1.3762223779106186,-2.9127599776517243,1.863210251327363
2013-01,1.1,0.0038924195928707,136.517071825044,145.880060245777,,102.51903725984631,11181.074999999995,1.1231014599508284,31.6345341498448,1.6674103473380164,1.6674103473380164,San Luis (empalme),7.225806451612903,4.953548387096775,5.0,7.211666666666667,,,,,1057.6666666666667,287546.0,464678.3761,754372.3761,42531.0,15.139880952380953,4.986666666666666,,23.628523288688385,23.006037496028032,23.006037496028032,-1.254479550100629,,,-8.25635933441422,36.27624557382707,-9.923769681752235,1.6160140502736953,37.530725123927695,16.23591626506029,-6.770121230967742,-6.770121230967742,-7.392607023628095,44.23333333333335,0.4719234959178869,0.0,92935.67522,0.4576391132825946,11.0,,,-5.979693704150635,353117.3761,,226764.0,145.880060245777,45.051518437828456,139.07298699966478,148.74700755447816,124.30703676937104,183.48864491553772,127.79542521595022,160.36178940118734,149.72142551820428,166.2064241899149,172.086138489746,140.3080311676578,64.01654372353445,147.5799551839631,92.30055344172963,137.01683529045414,132.56736828989318,139.9214736384503,154.08280364550038,0.8603644608835913,44.23333333333335,CCL,Primer control de cambios,1,0,9.320306414137365,9.212204002090198,10.810241204716498,105.59250038208927,110.08752806678619,0.9591686018967567,-0.04168840944016448,-2.689015983864397,0,138.4478860045843,-1.679605846741694,3.6268152711370405,1.0094101371226571
2013-02,0.5,0.003911881690835,132.795321964955,148.735470528472,,103.48037641404356,11208.841,1.130963170170484,32.42738877442223,2.5062946108890927,2.5062946108890927,San Luis (empalme),7.964285714285714,5.014285714285714,5.0,7.738928571428572,,,,,1114.4736842105262,291151.0,465628.3041,760216.3041,41609.0,14.764705882352942,5.04764705882353,,24.89023978385678,23.628523288688385,23.628523288688385,2.774927756789447,,,0.2044269862464087,35.755400021323666,-2.301867624642684,1.59926740454266,32.98047226453422,15.805992024877868,-7.822531263810516,-7.822531263810516,-9.084247758978911,54.77857142857143,0.584430179275639,0.0,93125.66082,0.4468048831398348,10.8,,,-7.273785185055859,354497.3041,,225059.0,148.735470528472,114.13595389502184,140.1694906263752,149.4253024763208,119.40567923338509,174.9909729469084,127.45825593113813,151.93064142791485,146.9060085550144,158.2583592130854,163.74742027170316,125.70012488031564,72.8336011389129,144.64684355448182,85.5767207844107,139.44034346106542,127.3038019182255,179.62606342138878,150.96086874104563,0.8432900723206564,54.77857142857143,CCL,Primer control de cambios,1,0,9.299452621880064,9.20835536273847,9.109725914159483,101.13563615238535,107.96507676976564,0.9367439840575114,-0.065345263471998,-4.476729032744557,0,218.56953276340153,-3.3697075825684486,21.56352142118818,1.1070214501762266
2013-03,0.7,0.0039392648626709,149.403945667365,148.758901246511,,102.67538236426584,11229.137,1.1601420199608827,33.23047378125227,2.476563908418972,2.476563908418972,San Luis (empalme),8.03225806451613,5.091290322580645,5.0,8.32258064516129,,,,,1206.75,302215.0,472685.9976,768340.9976,40446.0,14.851973684210526,5.121052631578947,,23.788654181184675,24.89023978385678,24.89023978385678,2.328467384968147,,,1.5157354992930694,37.21466905374315,-0.9608284091259024,1.5640719276012112,34.886201668775,15.905864486119793,-8.984375297736989,-8.984375297736989,-7.882789695064883,66.45161290322581,0.7089693474907116,0.0,94537.19952,0.4278315859297627,11.8,,,-6.367941995335979,355373.9976,,233013.0,148.758901246511,108.06570809950573,140.734216390071,152.1494316142502,141.6337098820099,180.3979979041728,131.92656970129116,165.27341208763386,145.01583206598065,157.80481947655773,179.0386167922344,129.33447614480426,139.9196484899806,172.80932356954642,93.24479791951109,137.28870883838783,135.9605987887704,206.7763075152406,157.75514743812596,0.8618457210221699,66.45161290322581,CCL,Primer control de cambios,1,0,9.27745868836584,9.20450672338674,7.295196497909906,108.21374625919202,112.84243219617166,0.9589809804087449,-0.04188403702869135,-4.675725871876782,0,244.92887466210888,-3.207715870078598,-14.554785696558081,1.468010001798259
2013-04,0.7,0.0039668397167096,155.941595841577,148.521297276468,,102.19310801075126,11271.366000000002,1.1850850733900418,33.77341478223018,1.6338647608576062,1.6338647608576062,San Luis (empalme),8.466666666666667,5.158333333333333,5.015,8.756666666666666,,,,,1222.9545454545455,287319.0,473177.8519,778621.8519,39532.0,15.13125,5.199,,23.34338555149316,23.788654181184675,23.788654181184675,4.645976030814336,,,0.104055187269636,34.46307033637768,-1.5298095735879702,1.6468728204539207,29.81709430556334,16.226009381253736,-7.56264479993094,-7.56264479993094,-7.117376170239421,74.60950481887669,0.7960055390239646,0.2999999999999891,94352.51284147556,0.4189819519318883,11.8,,,-5.770375232053338,357637.8519,,227291.0,148.521297276468,163.98784554516652,140.90724681043125,151.7883237070887,144.7143468868256,180.2320354991812,132.78466114596625,170.09971864705972,147.44708614991734,153.84353386334246,184.47056395961047,127.779186253132,201.959611747088,171.38481727898224,90.70288716991494,137.34569577759024,135.9306063276985,264.5182545119207,158.19984244346148,0.8592335126773486,74.60950481887669,CCL,Primer control de cambios,1,0,9.267602218416211,9.200658084035014,6.694413438119717,108.09609076620475,113.13077494739912,0.9554967763322113,-0.04552388910947726,-2.274841582802236,0,337.3661893321861,0.9994110472025142,24.05120057100083,3.2742526300046926
2013-05,0.7,0.0039946075947265,167.97347912253,148.39638996491,,101.31354578316255,11349.579,1.228814712598134,34.418659605734206,1.910511056298403,1.910511056298403,San Luis (empalme),9.32258064516129,5.241290322580645,5.0,8.949677419354838,,,,,1174.1818181818182,304337.0,478397.7187,793924.7187,38551.0,15.798295454545457,5.278636363636363,,23.346252553291748,23.34338555149316,23.34338555149316,5.789701861383123,,,1.1031511257427074,30.2364077246964,-0.8073599305556955,1.5719341345284998,24.44670586331328,16.993951455433965,-6.349434096059191,-6.349434096059191,-6.352301097857783,78.99354838709675,0.8427787078326475,-0.2991026919242245,95679.54374,0.402917891255404,11.1,,,-5.1499749415680585,364339.7187,,230233.0,148.39638996491,135.5964786369354,141.96891808576058,152.10601568481567,148.70216804770692,179.79658036269316,137.01036251149438,172.89122537998568,149.9335680448724,150.9362110573971,195.90061149522492,133.385452512408,298.0846647676212,170.58286805692825,94.56617208384336,138.13925917129856,139.68282294186514,287.13697076388064,158.8498370038421,0.8793387867214911,78.99354838709675,CCL,Primer control de cambios,1,0,9.267243156787089,9.196809444683286,7.043371210380123,111.18803401869789,113.58420031146518,0.978904052797866,-0.021321646568183434,-1.2715572328022502,0,349.57611359497616,1.151254361042664,11.189957069582146,2.422811593844898
2013-06,0.8,0.0040265644554843,156.271864430241,149.135346482153,,99.06137456208522,11358.663,1.2543740586201753,35.22612906210108,2.3460223774442124,2.3460223774442124,San Luis (empalme),8.066666666666666,5.335666666666667,5.0,8.100333333333333,,,,,1203.85,307550.0,511572.5243,816983.5243,37005.0,16.572916666666668,5.367222222222222,,24.57618358486662,23.346252553291748,23.346252553291748,5.9342668477632365,,,6.9345660113407925,29.189016898794364,4.58854363389658,1.6633800172329702,23.254750051031127,17.89157644874848,-5.454676104543268,-5.454676104543268,-6.684607136118139,62.00666666666668,0.6615464107810498,0.0,102314.50486,0.3616789237326129,11.3,,,-5.365878889333853,380384.5243,,242625.0,149.135346482153,222.651241618469,145.01768631031183,149.1347332217158,142.2259984040483,188.29472533855133,135.5099933514055,177.5339721145484,156.75519323717856,150.98087607135483,187.2046969494454,134.2231660324287,198.2773133488261,164.40773174552814,91.44981353127488,140.14339630389975,136.86767367941084,300.2482889434221,160.6070767999087,0.8521895573127612,62.00666666666668,CCL,Primer control de cambios,1,0,9.287149815989274,9.19296080533156,9.41890106577148,108.90120226046717,114.78239662457344,0.9487622271615195,-0.052597062701567,-2.2018551762730327,0,404.5566040600459,0.1872337298722826,46.05621145543122,2.3890889061452647
2013-07,0.9,0.0040628035355837,150.731001298259,148.12423501583,,97.28322889151572,11402.674,1.2833500993743012,36.02336813621535,2.263203750570475,2.263203750570475,San Luis (empalme),8.516129032258064,5.440322580645161,5.0,8.18290322580645,,,,,1137.9545454545455,318128.0,520121.2246,838415.2246,37049.0,17.28409090909091,5.4790909090909095,,24.30844491514737,24.57618358486662,24.57618358486662,2.318438160289382,25.14384196726487,0.8353970521175036,1.6710632205467757,28.1833367732228,-0.5921405300236993,1.634943244857416,25.864898612933416,18.721233658415915,-5.854949926450704,-5.854949926450704,-5.58721125673145,63.65806451612901,0.6791651021059076,0.0,104024.24492,0.3561573557058029,11.3,,,-4.494635308602946,394940.2246,,250075.0,148.12423501583,227.79103587923785,144.62762498097797,152.848024762418,144.3313499952253,182.5615030433128,135.72395294553024,163.62394513771645,169.2002129265097,164.8282637548072,184.8173008240068,142.6783178402671,107.06872936164058,168.33612799916625,94.43408685562544,139.4802482651639,140.43409673959772,266.7125926037218,162.94250682540658,0.8618628709945729,63.65806451612901,CCL,Primer control de cambios,1,0,9.302321859538086,9.18911216597983,11.32096935582556,111.79814265829229,116.35938065075017,0.9608004273746668,-0.03998856340519372,-1.7543997152204167,0,368.3801732707745,0.09911329839047411,28.670294378323735,1.8535130136108968
2013-08,0.8,0.0040953059638684,148.421449530501,150.159442226009,,96.8606686770547,11473.129,1.3077337512624128,36.70734226396141,1.8986956609935657,1.8986956609935657,San Luis (empalme),8.903225806451612,5.583870967741936,5.387096774193548,8.526129032258064,,,,,1067.5454545454545,321192.0,525520.7499,853015.7499,36678.0,17.723214285714285,5.619047619047619,,25.388148370026407,24.30844491514737,24.30844491514737,3.5244226111684096,24.84978946998521,-0.5383589000411888,1.0381282371532796,29.16104603378693,-0.8605674238402861,1.6361576561682734,25.63662342261852,19.23618490110055,-5.072260014046815,-5.072260014046815,-6.151963468925857,58.26946107784432,0.6216743280431242,7.741935483870965,97551.7559694611,0.3759850310791142,10.0,,,-4.906335685547503,399053.7499,,251759.0,150.159442226009,182.3356005109328,144.91081106777148,153.29247940482028,149.40407658193809,187.5463607186693,135.16889820338682,164.00319347443067,155.5855504906249,159.6365756936006,183.2852818757845,141.8813558391637,69.62321492464443,168.52064641405985,94.07014721249102,140.40574846829858,141.28286052892992,226.6178016283073,160.11367637829446,0.8823909595025868,58.26946107784432,CCL,Primer control de cambios,1,0,9.293874601588865,9.185263526628104,10.861107496076094,112.45493443203027,114.47994376923452,0.9823112305043912,-0.017847085500546336,-1.15927448006627,0,300.3146140945403,0.7801289943993872,1.703008256400551,1.9394034744657063
2013-09,0.8,0.0041280684115793,147.004844188133,150.204971214327,,98.92359790749803,11519.838,1.3384654944170795,37.40520048190744,1.9011406844106515,1.9011406844106515,San Luis (empalme),9.0,5.739333333333334,6.0,9.026666666666667,,,,,1063.6,327433.0,544492.4945,875940.4945,34741.0,18.110119047619047,5.794761904761905,,25.79376781676985,25.388148370026407,25.388148370026407,2.717105230576222,26.081657150991425,0.2878893342215711,3.6100847785002,34.41044914945244,1.7089440940895484,1.6629127012243727,31.693343918876216,19.69159628177255,-5.696552088253856,-5.696552088253856,-6.1021715349973,50.44444444444445,0.5381895683163039,11.377245508982048,90748.74908333334,0.3828262135943914,10.0,,,-4.8509331113173015,411974.4945,,255428.0,150.204971214327,188.40370084045625,145.60210181112748,154.21254049892846,150.76869508141803,185.36681138348692,134.80577533657544,161.29530698378875,151.5387699788111,160.52191928026423,179.19398561794662,132.1138884896492,66.90422477980525,168.5606755110567,91.394398690019,140.41736050868388,139.20714408073567,227.557835441268,159.2051146400783,0.8743886425724897,50.44444444444445,CCL,Primer control de cambios,1,0,9.306906974789708,9.181414887276375,12.549208751333296,110.67950633763705,113.87760247012318,0.9719163728150566,-0.028485514421525436,-0.6362453393603816,0,305.0143972489467,2.232160754524326,2.305135360797461,2.8684060938846123
2013-10,0.9,0.0041652210272835,148.693959395976,148.867107539822,,100.52661867948017,11567.853,1.356133238943385,38.65696082467347,3.346487457997971,3.346487457997971,San Luis (empalme),9.870967741935484,5.849354838709678,6.0,9.111935483870967,,,,,927.5,326803.0,540224.5698,889540.5698,33232.0,18.806818181818183,5.889545454545455,,28.089588377723995,25.79376781676985,25.79376781676985,1.2087319429741727,26.04433648286584,-2.0452518948581577,-0.7838353591851033,30.23151662967536,-4.130322817183075,1.6530587840380904,29.022784686701183,20.515677950313417,-5.278089866456433,-5.278089866456433,-7.573910427410578,51.86559139784948,0.5533517229160919,0.0,90037.42830000001,0.3690909505908222,,,,-5.912978973026162,411507.5698,,256960.0,148.867107539822,192.98718626648363,144.81343079256897,148.1197665453274,154.9208829044909,185.2001222591473,136.90409006338533,156.02657640893952,150.3911431971676,159.44170913987145,180.3279537334789,129.8678968015282,70.46848002818211,173.03279633105902,94.36121119971544,140.5921616344872,139.44373093574666,231.85787942824464,158.61176038597677,0.8791512722411925,51.86559139784948,CCL,Primer control de cambios,1,0,9.27285583678164,9.177566247924648,9.528958885699268,111.04570619793829,113.49869620096428,0.978387505009902,-0.021849465530969656,0.1708339225556108,0,311.996670615555,0.6915524636621484,18.183982266761145,0.5207185411065574
2013-11,0.9,0.0042027080165291,145.69589762827,148.050577271285,,98.56686491900916,11591.606000000002,1.388544823354132,39.761111366366094,2.856278709287152,2.856278709287152,San Luis (empalme),10.0,6.010666666666666,6.0,9.102333333333332,,,,,820.578947368421,336846.0,550563.5995,904675.5995,30799.0,19.095394736842103,6.061052631578948,,29.29379336564965,28.089588377723995,28.089588377723995,0.7479561132726964,26.13056697107732,-3.1632263945723373,1.913839221312652,27.80145089808319,-0.9424394879745002,1.6344667874933947,27.053494784810493,20.85853777178055,-7.231050605943444,-7.231050605943444,-8.435255593869105,51.705555555555534,0.5516443075242112,0.0,91760.59991666667,0.3356451464786676,,,,-6.524099397419459,416239.5995,,259978.0,148.050577271285,136.24480726015972,145.42685810069574,146.14261691717743,148.0741601275429,179.1255153159524,137.07334171518275,156.00124583512817,152.29451779892872,159.60894948304446,179.69937251074106,127.94281413679462,84.42742837559491,164.60201369892863,90.58055698820964,141.29173986561676,136.4351187739272,202.17909055807056,157.6605689800356,0.8653724875951947,51.705555555555534,CCL,Primer control de cambios,1,0,9.256127000510345,9.17371760857292,8.240939193742314,108.54806096203671,112.7893130931955,0.9623966844478047,-0.038328559415087,-1.2725737824593537,0,252.25914046994916,-0.9101702284350033,12.35599734066506,0.36240355402430424
2013-12,1.4,0.0042615459287605,142.576879127126,147.193511584572,,101.029397091057,11607.867,1.405068506752046,41.05525472132152,3.254796736014121,3.254796736014121,San Luis (empalme),9.580645161290322,6.340967741935484,6.0,8.515161290322581,,,,,803.6666666666666,377196.0,637006.3218,943935.3218,30600.0,20.24013157894737,6.367894736842105,,31.9438247105516,29.29379336564965,29.29379336564965,-1.3929600493924332,25.88176419571273,-6.0620605148388655,15.700769607453855,25.76715873765772,12.445972871439736,1.6887939474437694,27.160118787050145,22.227434559846948,-7.066358805802707,-7.066358805802707,-9.716390150704648,41.91935483870968,0.4472357607107668,0.0,106167.7203,0.2882231992316783,,,,-7.364035544687086,492120.3218,,289208.0,147.193511584572,77.53448440084631,146.94423570577044,141.14148429724457,141.72136873597873,189.0900516809512,140.2423689915374,151.0756656849699,147.7999120908291,156.1662682817733,175.56940113449625,150.66439395736649,85.37363102902982,151.1921556194695,92.75465184041484,143.00480518884032,139.67639112458056,169.3576787579047,153.6180098056984,0.9092448945357924,41.91935483870968,CCL,Primer control de cambios,1,0,9.391559686545744,9.169868969221191,22.16907173245524,111.30146963640382,109.95936696205064,1.012205441986733,0.012131556178105267,1.2092058772865555,0,186.59999979311843,1.2225246800380951,6.881583849249839,0.013318802751438596
2014-01,3.6,0.0044149615821959,137.969697395376,145.479849573181,,108.18112142933694,11607.229000000005,1.4293761919188566,42.77322819817087,4.184539807415044,4.184539807415044,San Luis (empalme),11.419354838709678,7.08,7.096774193548387,9.843225806451612,,,,,931.5714285714286,363858.0,616369.0735,944776.0735,27748.0,21.92897727272728,7.20090909090909,,35.21055184680417,31.9438247105516,31.9438247105516,-0.2743422726325439,27.270441976047067,-7.940109870757105,-3.239724252921849,32.64423420627514,-7.424264060336894,1.6939824698096513,32.91857647890768,24.27295200803412,-7.670872702517474,-7.670872702517474,-10.937599838770051,38.69999999999998,0.4128886049439836,18.279569892473123,86852.00581136365,0.3194860008215202,,,,-8.08930936925879,475076.0735,,274206.0,145.479849573181,48.977577871730624,141.9955361921587,150.31106016566758,124.4212336626914,192.57366748781752,128.0395424919344,163.5666123008387,152.72895195075063,165.5993277131196,175.08586920770733,150.39359921013954,65.0446392916646,144.5742486235413,93.14054800320154,141.90487954957877,135.15739605683456,145.5892008715571,155.8760809779665,0.8670823336643896,38.69999999999998,CCL,Primer control de cambios,1,0,9.315317827443614,9.166020329869465,14.929749757414967,107.6748296287249,111.38646159512287,0.9666778896353729,-0.03388994177544933,0.7798467664715147,0,145.40055901394814,1.9528499024463741,4.899842927135989,1.1730031359748594
2014-02,3.4,0.0045650702759905,132.486306872431,146.619225459539,,114.79852774296717,11613.148,1.4596789671875363,45.840881390775536,7.17190009225408,7.17190009225408,San Luis (empalme),12.035714285714286,7.859285714285714,8.0,11.06142857142857,,,,,970.842105263158,344819.0,572381.6923,935010.6923,27546.0,25.621875,7.948,,41.36470164052641,35.21055184680417,35.21055184680417,-1.422824738049222,29.06511950937368,-12.29958213115274,-7.13653281632406,22.926739474384107,-14.30843290857814,1.6599482403811854,24.34956421243333,28.85553890516459,-6.355012941639583,-6.355012941639583,-12.509162735361825,38.26785714285712,0.4082780917289391,12.72727272727272,71547.7115375,0.3850018317575738,,,,-8.848858725122998,433051.6923,,270174.0,146.619225459539,81.66239794549071,143.45822838040996,149.4195773457228,119.71693463733202,178.7424815440046,128.5773270068904,154.3780521311487,145.31900424676374,155.42401684491017,169.3849742695385,126.21041872417052,68.93624485226428,140.88046618185768,86.83486326032832,141.87968550381086,127.96751094933283,161.44753995934073,150.99485041847018,0.8474958622408717,38.26785714285712,CCL,Primer control de cambios,1,0,9.153436081845292,9.162171690517736,-0.8735608672443718,101.69998414240578,108.0342542915265,0.9413679467622564,-0.06042119907334662,0.49240643986513744,0,181.252457980869,0.5564599013144544,-18.721333674546425,0.06405346144928714
2014-03,2.6,0.0046837621031663,144.53782808347,145.490588376714,,112.1581574611236,11546.392999999998,1.5021556251326935,47.67285055558256,3.9963654912962943,3.9963654912962943,San Luis (empalme),11.0,7.932903225806451,8.0,10.242903225806453,,,,,879.952380952381,349029.0,578049.1428,947324.1428,27007.0,26.23611111111111,8.003333333333334,,43.46124244090155,41.36470164052641,41.36470164052641,-2.197053650175207,29.48032217498189,-13.980920265919664,0.9901523015571234,22.290303866619144,-3.006213189739171,1.6561636505849084,24.48735751679435,29.632609752460294,-11.73209188806612,-11.73209188806612,-13.828632688441257,28.03629032258064,0.2991179534649827,0.0,72256.14285,0.3737675294412702,,,,-9.639281281240764,441381.1428,,266195.0,145.490588376714,162.95871517857924,143.46859829338595,150.87082932725983,135.33331828037657,176.77346741999375,129.11693967756443,167.54335747517428,147.0264375172689,149.65064628539503,177.5450962401662,131.20138381891118,131.15245128337966,156.7203561494256,95.7775592088082,142.23492963123584,134.57825455795358,234.4456941690001,155.6601846121077,0.8645644028581326,28.03629032258064,CCL,Primer control de cambios,1,0,9.133301985438369,9.15832305116601,-2.502106572764262,107.2499471316939,111.3650599571882,0.9630484388274361,-0.03765156852436224,0.42324685043291094,0,302.90011096119406,-0.8946338388787112,21.24352234668363,-1.317880689311668
2014-04,1.8,0.0047680698210233,152.341435461471,144.97985757086,,111.61090168901076,11618.509,1.5765123285767622,48.65642873501226,2.063183065344365,2.063183065344365,San Luis (empalme),10.5,8.01,8.0,9.743,,,,,787.6666666666666,352163.0,572281.9891,952066.9891,28220.0,26.282894736842103,8.07736842105263,,44.06724652732703,43.46124244090155,43.46124244090155,-2.384465911993572,33.02946463303329,-11.037781894293737,-0.9976926307795564,20.944373622319155,-3.0608756961239214,1.6250485970985027,23.328839534312728,29.69197146461573,-13.76927097628582,-13.76927097628582,-14.3752750627113,21.78749999999998,0.2324498832097426,0.0,71535.2486375,0.3944908354621499,,,,-9.978170201222358,428843.9891,,267782.0,144.97985757086,136.30192508226077,144.81472325781658,146.55652534218152,135.74717413307272,176.13509609333943,130.9784958769456,172.87313982989247,147.38251943000444,147.87647860611008,185.2911197347168,128.63806699219427,213.79142624821569,152.7232686907613,89.81293107494474,141.78195882884094,132.47896235901482,251.96171324746987,155.82501315199428,0.8501777710732016,21.78749999999998,CCL,Primer control de cambios,1,0,9.084064527546587,9.15447441181428,-7.040988426769346,105.41954328780199,111.45636830516924,0.9458368767153947,-0.055685159560580746,-1.0161270451103488,0,310.4497123052778,-2.507252175948249,-8.31470245341972,-1.4911251308379114
2014-05,1.4,0.0048348227985176,164.203243902561,145.332653889794,,109.7969388631929,11645.377,1.6260148156940726,49.89795869552569,2.551625741533381,2.551625741533381,San Luis (empalme),11.225806451612904,8.04483870967742,8.0,10.336774193548386,,,,,798.0,348928.0,596493.2576,971696.2576,28542.0,24.684375,8.1095,,44.973567440181775,44.06724652732703,44.06724652732703,-2.064562403331005,32.32384012200846,-12.649727318173312,4.230653587067423,24.685640061351744,1.6790278455340424,1.7095024119589142,26.75020246468275,27.67773543725813,-16.389511090068897,-16.389511090068897,-17.295832002923643,29.20967741935483,0.3116367690062326,0.0,74561.6572,0.382797285787795,,,,-11.930334824698408,449937.2576,,266719.0,145.332653889794,178.23074297328347,146.3508847692977,148.22066328956524,140.41674493148898,175.95751463393233,134.0458599108031,175.43879705013325,146.52891132950347,145.30106827611766,196.4469027327474,139.17577096760365,323.8011752339501,155.54352985281784,98.17706399264668,142.67838718487832,138.28851484332026,321.14869479093056,156.6682685315033,0.882683622788062,29.20967741935483,CCL,Primer control de cambios,1,0,9.106883330454597,9.150625772462552,-4.374244200795552,110.30262389394761,112.08965310466378,0.9840571438913498,-0.016071310555743682,0.5250336012439751,0,409.21791174253576,-0.7995053601259627,15.752648921635881,-1.3245389613699032
2014-06,1.3,0.0048976754948983,153.803524029901,144.608014023757,,108.45302496158084,11669.52,1.6747952601648948,50.79604010898713,1.799835979145925,1.799835979145925,San Luis (empalme),12.0,8.128000000000002,8.0,10.464,,,,,763.0,370611.0,649998.4264,1004339.4264,29278.0,23.08125,8.191999999999998,,44.19989212961046,44.973567440181775,44.973567440181775,-3.0357206156608862,33.51641391621152,-10.683478213398942,8.969953661384022,27.058900844882604,7.1701176822380965,1.7538562708608216,30.09462146054349,25.686533574761896,-19.28703386541988,-19.28703386541988,-18.51335855484857,30.800000000000004,0.3286038509631706,0.0,81249.8033,0.3603454877533223,,,,-12.838677117877662,479274.4264,,286194.0,144.608014023757,225.12553897578505,148.75725083659367,148.25887170097093,136.40998351202848,179.49676979334984,138.38450289471567,180.3309294645174,146.28942850500155,143.39129909729834,189.8984151071081,142.7748544115638,214.7674972461373,151.95325212323513,92.8379409943478,144.041990629197,138.0294876330237,306.53682734029985,157.20221120094163,0.8780378251587654,30.800000000000004,CCL,Primer control de cambios,1,0,9.152210226644216,9.146777133110826,0.5433093533390831,109.88339439882184,112.47632432343293,0.9769468824643046,-0.023322996417035797,2.92740662845312,0,413.69633275806876,0.8978682702265317,2.2340546352235258,-2.0295383582266346
2014-07,1.4,0.0049662429518269,145.422813734086,144.013698509501,,107.08538215082297,11684.263,1.732240737588551,51.79569460338522,1.9679772128954327,1.9679772128954327,San Luis (empalme),12.290322580645162,8.164193548387097,8.0,10.026774193548386,,,,,651.3636363636364,371689.0,651513.0205,1019605.0205,29003.0,22.014204545454547,8.22090909090909,,43.78359737915085,44.19989212961046,44.19989212961046,-2.775060074328628,34.978034320728746,-8.805563058422102,0.2330150410345677,25.26176392840862,-1.7349621718608654,1.752844503065735,28.036824002737248,24.377005604763923,-19.82288652484654,-19.82288652484654,-19.406591774386925,25.334677419354826,0.2702945637308336,0.0,81439.1275625,0.3561310253200074,,,,-13.497083205682092,483783.0205,,295394.0,144.013698509501,178.25213281625395,148.30510189691336,147.02293081147056,137.35661927840937,176.4473438077133,135.40926967918145,166.20767576289407,157.32304751192686,160.55894838471878,185.10098641538403,147.39283622849214,110.42702279603483,154.3389201291545,95.0945315254412,144.0888823774733,138.7004617931888,237.4799715582685,159.59943151065588,0.869053608025717,25.334677419354826,CCL,Primer control de cambios,1,0,9.142084750381718,9.142928493759095,-0.0843743377378913,110.5470649005966,114.1004132304866,0.9688577084930261,-0.03163752153440449,0.8351041870789229,0,312.28342766144806,-1.1253590529682,-16.52042870138848,-1.9604632400471722
2014-08,1.3,0.0050308041102007,140.105303966059,143.631896590204,,105.69477818846092,11688.231999999998,1.7717358264055696,53.09787611582484,2.5140728827189207,2.5140728827189207,San Luis (empalme),13.35483870967742,8.323870967741934,8.0,11.462580645161289,,,,,760.7619047619048,389193.0,663265.8088,1047624.8088,28620.0,21.19375,8.3765,,44.651922043278326,43.78359737915085,43.78359737915085,-4.347076373645686,35.48138714744,-9.170534895838324,1.803922244098888,26.211155111612825,-0.7101506386200329,1.7042079605748304,30.55823148525851,23.37862408173148,-20.404973297419367,-20.404973297419367,-21.273297961546845,43.282258064516114,0.4617765155318747,0.0,82908.2261,0.3452009691472581,,,,-14.706543584800825,496743.8088,,299947.0,143.631896590204,174.45471597466428,149.0032815351834,147.20545100872226,136.83446126254012,176.68497515835082,133.89880187782487,166.72753643835384,151.49398734018672,158.32586917452102,180.856489898392,137.10758957434385,68.65546506699638,151.75616002864547,94.06236445582704,144.7039740965368,136.0301430628323,218.3711722368192,158.10614229978793,0.8603722858843971,43.282258064516114,CCL,Primer control de cambios,1,0,9.143692767294995,9.13907985440737,0.4612912887626663,108.37621608063401,113.09079670280975,0.9583115447089373,-0.042582350633153195,-2.473526513260686,0,288.6621801819728,-3.6943902481680446,-3.957356110990329,-1.220863734907418
2014-09,1.4,0.0051012353677435,141.718733199557,143.525945332377,,102.48409365650215,11722.667999999998,1.8013238147065425,54.74058320895854,3.093734087499822,3.093734087499822,San Luis (empalme),14.733333333333333,8.422333333333333,8.0,13.573333333333332,,,,,718.7142857142857,382315.0,678306.5449,1060010.5449,27866.0,20.30397727272728,8.491818181818182,,46.3448464483863,44.651922043278326,44.651922043278326,-4.446607744040454,34.58126654890301,-11.76357989948329,2.267678493364844,24.57592193678988,-0.8260555941349779,1.7742085581261524,29.02252968083033,22.30419920217106,-22.347722841107267,-22.347722841107267,-24.04064724621524,69.66666666666666,0.7432706152738381,0.0,84788.3181125,0.3286537652867043,,,,-16.427395859610282,506721.5449,,304918.0,143.525945332377,195.6859703965329,149.67228264459783,149.5263026902926,139.49073399596097,178.34358402489576,135.38853348520624,163.6050743367761,148.44810578176416,158.22141043418466,179.62754099497192,129.72984563513117,67.11585816459777,158.82883782811237,93.37173765888168,144.90596178518757,135.80685632959123,230.34030290240207,158.44589096903908,0.8571181966222676,69.66666666666666,CCL,Primer control de cambios,1,0,9.133111552871462,9.135231215055642,-0.2119662184179915,108.11170674349357,113.39837920318764,0.9533796470739552,-0.047742084169553466,-1.925656974802803,0,312.32024467923327,-2.3473680360569738,2.367010706097883,-0.4217110612541042
2014-10,1.2,0.0051624501921564,143.349397417613,143.849815001782,,98.9684525661701,11739.73,1.8294244662159649,55.42748030306248,1.2548223892352215,1.2548223892352215,San Luis (empalme),15.0,8.482903225806453,8.225806451612904,13.648709677419356,,,,,759.3181818181819,407437.0,697081.0148,1086112.0148,28111.0,20.008522727272727,8.544545454545455,,43.382922818094194,46.3448464483863,46.3448464483863,-3.3703163989384888,34.90005359955184,-8.482869218542355,2.767844426853916,29.03541485683829,1.5130220376186942,1.710892763298375,32.405731255776786,21.94933105147545,-24.39551539691085,-24.39551539691085,-21.433591766618743,65.92549019607841,0.7033561673722765,2.822580645161299,84743.18219137254,0.3317199009180221,,,,-14.948496895833909,523441.0148,,303558.0,143.849815001782,215.3507192371492,150.7503340864833,142.4347976867099,144.75621316607635,178.64061540394476,135.77662484365004,159.75150447322326,148.69214999854194,164.5197609285067,182.37152522452,138.68256980884925,69.33396734077101,161.6106082417014,96.08091359919564,145.13483709900476,137.8949647536032,243.5247875615385,159.50497564082,0.8645182647099416,65.92549019607841,CCL,Primer control de cambios,1,0,9.153104123134694,9.131382575703917,2.1721547430779253,109.99152977115264,114.1637052109517,0.9634544496248636,-0.03723006819246834,-1.5380602661498681,0,336.2724975538014,-0.9538523361162454,7.492931925250623,0.5842079300336422
2014-11,1.1,0.0052192371442701,140.877596898263,144.811134950935,,95.99836242908584,11753.553,1.8594270274619065,56.24079569214514,1.4673504634085344,1.4673504634085344,San Luis (empalme),13.333333333333334,8.517666666666667,9.0,12.385666666666667,,,,,674.2777777777778,409124.0,734879.4879,1127709.4879,28911.0,19.80208333333333,8.576666666666666,,41.446739689774326,43.382922818094194,43.382922818094194,-2.188064633084197,33.911919600141104,-7.534820089633222,5.422393136161463,33.477674253689905,3.9550426727529286,1.796226786744361,35.6657388867741,21.701938717790604,-21.68098410030359,-21.68098410030359,-19.74480097198372,37.61851851851852,0.4013503263868355,9.41176470588234,81653.27643333333,0.3540702989867735,,,,-13.95917715409254,562584.4879,,311977.0,144.811134950935,143.7916396321845,150.82819579626218,143.01018070430143,139.4289330514719,169.83905718030462,135.23790426585657,159.61457064918244,148.75350585659223,163.98949702406105,180.47836662750623,133.88900101473905,83.92547950639224,154.51078433169934,92.73521485287748,145.86877933402303,135.108085270676,204.39249483012003,158.26382046005332,0.8536890167186254,37.61851851851852,CCL,Primer control de cambios,1,0,9.210654206937138,9.127533936352188,8.312027058495097,107.64500418047328,113.26629482714259,0.9503710203000103,-0.05090282294722538,-1.2574263532138383,0,259.22385638525117,-0.8354218329925445,2.7235104430985757,0.42200452022136403
2014-12,1.0,0.0052714295157128,140.435937749128,144.909139992942,,93.04111730127228,11730.569,1.878207240439272,57.07018739619619,1.474715451379871,1.474715451379871,San Luis (empalme),13.096774193548388,8.556774193548387,9.0,11.569032258064516,,,,,745.3181818181819,462564.0,821059.049,1205124.049,31407.0,20.00986842105263,8.602631578947367,,39.00824092697079,41.446739689774326,41.446739689774326,-1.5519512830682758,33.67371280571454,-5.334528121256255,11.727033142028189,28.893390991775235,10.252317690648317,1.7750171846490432,30.44534227484351,21.95094521185652,-19.495794477917805,-19.495794477917805,-17.05729571511427,28.544802867383503,0.3045432515326874,0.0,91228.78322222222,0.3442663476448696,,,,-12.270708269789177,632504.049,,358752.0,144.909139992942,76.39106625357044,150.8545533552837,139.96445200159403,133.8623263347227,176.14249373829176,139.3297549336797,153.6182368574931,147.50163795481433,162.91976514550842,179.91374352790407,142.45561803342665,88.52394623881575,147.5968485241539,94.77313741412657,147.22098653016923,136.27045524416786,167.9007226554373,155.80801279233071,0.8746049243680197,28.544802867383503,CCL,Primer control de cambios,1,0,9.313160032981076,9.123685297000458,18.947473598061748,108.6750407947796,111.54470839330115,0.9742733865204682,-0.026063330411478326,-3.8194886589583597,0,185.21906752777682,-2.3880310216600975,-0.7428013978640458,1.4314576372982835
2015-01,1.1,0.0053294152403857,133.99818907035,144.244787514862,,91.27074383173468,11748.991999999998,1.9150201023518816,57.92880876382613,1.504500697832234,1.504500697832234,San Luis (empalme),14.0,8.606129032258066,9.0,12.15548387096774,,,,,731.7,447995.0,752516.7975,1206882.7975,31452.0,20.232142857142858,8.664285714285715,,35.43239826425668,39.00824092697079,39.00824092697079,-0.8489574755146667,33.9759339198924,-1.456464344364285,-8.34802948502672,22.08866892475583,-9.852530182858953,1.6797437415596157,22.937626400270496,22.21783245821709,-16.790408468753704,-16.790408468753704,-13.214565806039596,35.06093189964157,0.3740635467720679,0.0,83612.9775,0.3761617028887651,,,,-9.757315070397876,563357.7975,,341072.0,144.244787514862,49.07539001468238,146.5469966767402,146.68971163831233,118.27273777332528,176.13005139985216,128.3776366616169,167.4512825270009,150.7920476453166,171.67831186906454,178.84368584975817,149.1242300147209,61.32173727655375,133.04972550076468,95.14667013328176,146.20580113727934,133.27616241511186,141.26306769738568,156.60914498138965,0.8510113661047666,35.06093189964157,CCL,Primer control de cambios,1,0,9.182455403278473,9.119836657648731,6.261874562974157,106.30223241802625,111.92388885409993,0.9497725061769264,-0.05153279024657711,-1.7642848471127779,0,141.6893016854428,-1.2829562427951302,-2.5855765658159946,0.4813286043177101
2015-02,0.9,0.0053773799775491,132.627886955774,148.087257284507,,88.68122894005758,11774.636,1.932638287293519,59.08849566631865,2.001917400408715,2.001917400408715,San Luis (empalme),13.071428571428571,8.691428571428572,9.0,12.11892857142857,,,,,684.2631578947369,446408.0,750259.4197,1222699.4197,31470.0,20.663194444444443,8.746111111111112,,28.899126442644945,35.43239826425668,35.43239826425668,1.0012546583620496,32.40159862118628,3.502472178541339,-0.2999770646315736,31.076767442584384,-2.3018944650402884,1.6806585448737477,30.075512784222333,22.73692713318456,-12.695471131072123,-12.695471131072123,-6.162199309460384,34.65476190476189,0.3697301368869006,0.0,83362.15774444444,0.3775094221586086,,,,-4.780636982983988,559769.4197,,341149.0,148.087257284507,82.34020061506313,146.30850315312762,147.7829890394921,116.83816966740386,172.3630902742235,129.1915204681836,158.4893362808494,148.71964015687348,160.53795586117994,173.50927876560803,137.0995265821499,70.34749867889387,142.45276811240632,88.28846995329278,146.36716701082526,129.59945090107234,161.9248597623956,154.64309678903103,0.8380551967209761,34.65476190476189,CCL,Primer control de cambios,1,0,9.15624398069585,9.115988018297005,4.025596239884699,103.09146496289256,110.63993166307613,0.9317744815391754,-0.07066446617408952,-1.0243267100742894,0,182.24527445536856,1.3589456401778222,0.546258672171529,2.3832723502520636
2015-03,1.3,0.0054472859172573,149.409012983328,147.605591420534,,84.55035611186415,11796.722000000002,1.9937096571719943,60.30371892961107,2.0566156738106134,2.0566156738106134,San Luis (empalme),13.0,8.785483870967743,9.0,11.890645161290324,,,,,593.1363636363636,440354.0,774533.6311,1236177.6311,31490.0,20.903125,8.841,,26.494888027100405,28.899126442644945,28.899126442644945,1.453704371820752,32.72324277292369,6.228354745823285,3.235442403336486,33.990966122404906,1.1788267295258723,1.758888601216294,32.53726175058415,23.026738728011576,-5.872387714633366,-5.872387714633366,-3.4681492990888287,32.11827956989248,0.342668517953844,0.0,86059.29234444445,0.3659105152057741,,,,-2.741730794959718,582544.6311,,350338.0,147.605591420534,141.82099740785813,147.2694277455143,151.9201564544136,134.92721628822846,176.96224079526087,133.17429117174467,172.15742503231323,141.3115758096983,150.91734267893716,182.99954733043992,151.53932559178585,144.4282120789188,170.02513399061348,97.37515756281856,147.8761888300874,139.98405222355723,228.52797509893952,159.7271170686829,0.8763950341842324,32.11827956989248,CCL,Primer control de cambios,1,0,9.175767305778384,9.112139378945276,6.3627926833106585,111.5968659317404,114.40689822927236,0.9754382616693215,-0.024868409830746414,1.2783158693615824,0,285.57366415968,3.973090164052717,-5.890307047502574,2.6947742946911823
2015-04,1.1,0.0055072060623471,157.484599537314,149.566133780415,,84.90425845964263,11849.296000000002,2.0214222214066853,61.40348502176685,1.8237118898744464,1.8237118898744464,San Luis (empalme),12.733333333333333,8.865333333333332,9.0,12.003333333333334,,,,,604.3636363636364,469092.0,778699.9052,1248431.9052,33909.0,20.815625,8.927,,26.198092663512806,26.494888027100405,26.494888027100405,3.163388546794099,28.221148973289488,2.023056309776681,0.5379074494264557,36.06926655592,-1.2858044404479907,1.6600153172512002,32.9058780091259,22.920975079479188,-3.573912947621217,-3.573912947621217,-3.2771175840336184,33.37037037037038,0.3560270198626945,0.0,86522.2116888889,0.3919109248146342,,,,-2.59680436912112,580882.9052,,352080.0,149.566133780415,146.55911348194078,150.0892270836068,151.98458871074286,137.38139403071713,176.30672319507744,135.51871068313451,177.44219703148113,150.77404327709482,147.63870476624524,190.61183143952744,132.04750244590613,240.9170855912434,153.79013442908695,93.84315771147224,146.9824504141404,136.4440589411313,269.6982188086846,159.18313641266278,0.8571514672723672,33.37037037037038,CCL,Primer control de cambios,1,0,9.154837882564332,9.108290739593548,4.6547142970784,108.60044739254708,113.8916183131045,0.9535420516546598,-0.047571752497093577,0.811340706348717,0,335.1582062215193,2.9727488021124238,7.6580746616122575,2.1614080957637505
2015-05,1.0,0.0055622781229706,168.886100589834,149.832901756199,,84.84281977887586,11875.379,2.080043465827479,62.60555493644877,1.9576574753954024,1.9576574753954024,San Luis (empalme),13.0,8.954193548387096,9.0,11.87225806451613,,,,,596.2,462104.0,808039.6757,1279957.6757,33283.0,20.25986842105263,9.008947368421053,,25.46716653974577,26.198092663512806,26.198092663512806,3.0965153019345104,27.922786788360355,2.4556202486145864,3.767789144967781,35.46501413128462,1.810131669572379,1.748610000562644,32.36849882935011,22.25116036395791,-3.946932299554895,-3.946932299554895,-3.2160061757878573,31.91397849462368,0.3404888387301671,0.0,89782.1861888889,0.3707082820413542,,,,-2.56322531581924,603899.6757,,360765.0,149.832901756199,182.7503177317828,152.0676315183799,153.40956486221052,139.3610616058484,172.79118003419435,136.51662803784336,180.63345314070568,144.1084255808941,144.46635239707345,198.279968820396,143.7823138965038,365.6589729801224,156.7704265206905,100.67852244562148,147.44945630433716,141.09876651029646,339.3785050040831,159.07920763007766,0.8869717709331765,31.91397849462368,CCL,Primer control de cambios,1,0,9.174309352113278,9.10444210024182,6.986725187145737,112.53411237507271,113.89561125783526,0.9880460812517139,-0.012025941378893946,0.40453691768497363,0,432.8245935144489,2.002868211443154,5.608474441310829,1.598331293758104
2015-06,1.0,0.0056179009042003,162.937390009122,150.659508057403,,84.01860375605544,11922.446,2.161581169687916,63.30049018803692,1.1100217102038012,1.1100217102038012,San Luis (empalme),13.033333333333331,9.047666666666666,9.0,12.078333333333337,,,,,593.2272727272727,482719.0,866599.5397,1351691.5397,33851.0,20.477272727272727,9.104090909090909,,24.61697811920072,25.46716653974577,25.46716653974577,4.184757030583275,29.0653980878292,4.448419968628482,7.247152059615125,33.32332887321587,6.137130349411324,1.7952463849568796,29.1385718426326,22.512783203964016,-2.9543833357817526,-2.9543833357817526,-2.1041949152367003,34.20370370370372,0.3649178166961137,0.0,96288.83774444443,0.3515568449360902,,,,-1.6885298833229312,635717.5397,,387519.0,150.659508057403,171.30788525655015,154.23239413316276,155.64653921733512,143.4716382331051,184.8796053174565,139.23139872557698,186.1344849984596,151.50737795754716,145.33010835647062,195.40465358487776,145.09811994614012,244.3185401936556,171.1046007490484,94.46007970003382,149.41820928366286,142.08634783594556,288.8460050672,164.76610270622808,0.8623518157086006,34.20370370370372,CCL,Primer control de cambios,1,0,9.214616550696237,9.100593460890092,11.402308980614428,113.0471225647245,117.94151438038055,0.9585015349228869,-0.04238411511755636,-1.9061118700520563,0,367.1674869578257,2.8384993012091186,-11.931409724924702,4.744611171261148
2015-07,1.3,0.0056909336159549,151.844796343063,150.539130557285,,82.3392624624866,11972.39,2.2376688268609306,64.7590504006236,2.304184704184697,2.304184704184697,San Luis (empalme),14.161290322580646,9.14483870967742,9.0,13.315806451612904,,,,,603.0909090909091,520170.0,881226.4034,1385408.4034,33943.0,20.744318181818183,9.206818181818182,,25.02786360237579,24.61697811920072,24.61697811920072,4.531118994456973,29.177704825022488,4.1498412226467,1.6878457730387764,35.25844851476763,-0.6163389311459211,1.694112315973624,30.72732952031065,22.8348462174647,-1.782131901736015,-1.782131901736015,-2.193017384911087,47.95340501792116,0.5116127777819974,0.0,97914.04482222222,0.3466611971921766,,,,-1.7540229207510971,656284.4034,,405341.0,150.539130557285,195.73491725916367,153.67298898609857,158.10424022504318,141.88340229037442,182.8242396784072,141.34130116451334,171.17108115808287,170.5901956465304,163.4317047617112,193.05419290767605,150.96215043833996,115.60813567499136,162.76093146236545,98.48088509589572,149.864134089106,144.68526862737184,253.33144516589755,166.64853379927337,0.8682060701574724,47.95340501792116,CCL,Primer control de cambios,1,0,9.223676050403336,9.096744821538364,12.693122886497044,115.21195044760063,119.10360501640652,0.9673254678708523,-0.03322026531685643,-0.1582743782451941,0,336.92037737372004,4.133212242683104,7.59354360799902,4.291486620928353
2015-08,1.2,0.0057592248193463,146.465067204862,150.345224486571,,79.25537915478466,11996.702,2.296743283890059,65.99911887795807,1.9148960178738683,1.9148960178738683,San Luis (empalme),15.32258064516129,9.245806451612903,9.0,13.496774193548386,,,,,589.952380952381,509258.0,890538.8322,1402622.8322,33606.0,20.978125,9.3115,,24.297097559968584,25.02786360237579,25.02786360237579,4.673981236577829,29.63237801369094,5.335280453722355,1.056757805266639,34.265752943181106,-0.858138212607229,1.748698758193293,29.591771706603275,23.117459670562248,-1.9104039318135408,-1.9104039318135408,-1.1796378894063366,49.96415770609319,0.5330654101413441,0.0,98948.75913333333,0.3396303328545632,,,,-0.9490470112041072,665304.8322,,408598.0,150.345224486571,213.41731686944408,155.16610099807772,156.4471757088346,143.6516420601646,182.6105362392296,135.64398545636806,171.84141610289424,152.014026563942,159.29243595630305,189.46947568498985,146.6168108201399,68.81774814861737,164.54508093663677,96.67541856773538,150.7937076625642,142.25174102056923,245.0065075378556,163.68171611349803,0.8690753273990046,49.96415770609319,CCL,Primer control de cambios,1,0,9.2183592172898,9.092896182186635,12.546303510316292,113.2742481969921,117.17420065519747,0.9667166284352854,-0.0338498684230574,0.8732482210095794,0,335.63643480128354,4.420319747747392,15.077145717541285,3.5470715267377884
2015-09,1.2,0.0058283355171785,145.882323718601,149.005372863167,,76.19734652426345,11996.374,2.3385440116568583,67.61040408274447,2.4413738125290685,2.4413738125290685,San Luis (empalme),15.833333333333334,9.369333333333334,9.0,13.914666666666667,,,,,561.4285714285714,530135.0,906598.7291,1432063.7291,33257.0,21.18465909090909,9.43590909090909,,23.510565871500845,24.297097559968584,24.297097559968584,3.817726138713629,29.82363262864183,6.313066757140984,1.8033909717699137,33.65619658493139,-0.6379828407591548,1.7101280411593274,29.83847044621777,23.367602951629586,-0.9294946083389988,-0.9294946083389988,-0.1429629198712589,54.607407407407415,0.5826040378308066,0.0,100733.19212222222,0.33014937082157,,,,-0.1157495464962909,679469.7291,,413997.0,149.005372863167,209.0455478316136,155.7524032485334,157.3100113404117,140.46466311267113,181.7940877782173,137.68988142603467,169.07423875772105,143.96082817374264,159.69378848302688,188.92930757809452,139.84062844810563,64.55008886087165,163.30995403816655,94.3015866539502,150.36437397734107,140.35445702357282,240.48325608009657,161.67521242928612,0.8681260096377568,54.607407407407415,CCL,Primer control de cambios,1,0,9.215306085039142,9.089047542834908,12.62585422042335,111.64056121544897,115.81475430458595,0.9639580197341774,-0.036707533313424766,1.10345508561287,0,328.5120727118101,3.2119421384851243,5.054450162544022,2.10848705287221
2015-10,1.1,0.0058924472078675,147.045876153416,149.300472519267,,76.09302118445731,12011.548,2.367074248599072,68.54575331726899,1.383439793348673,1.383439793348673,San Luis (empalme),16.0,9.491290322580646,9.516129032258064,13.880967741935484,,,,,555.047619047619,543201.0,931547.5931,1466234.5931,26970.0,21.601190476190474,9.562857142857142,,23.66745329659461,23.510565871500845,23.510565871500845,3.789130710677302,29.38901235398901,5.721559057394401,2.7519191456144343,33.63548473160913,1.3684793522657612,1.714922456144227,29.84635402093183,23.87350175794917,0.3629358864483336,0.3629358864483336,0.2060484613545696,45.867796610169485,0.4893615130291284,5.734767025089593,97891.44198677968,0.2755092728498404,,,,0.1666149466670097,695691.5931,,424286.0,149.300472519267,211.3057547431964,156.10138054728577,150.13552654726055,145.63068413566188,185.03426213632,137.88814820295343,164.4516270871746,148.00782059269957,166.5567156621752,188.30949271004584,141.22231798828426,69.96091539722863,165.73757212943204,96.17985156615552,151.13445097269397,140.68151829340084,244.47846076546955,163.23996996814654,0.8618080383183874,45.867796610169485,CCL,Primer control de cambios,1,0,9.225160273810666,9.085198903483182,13.99613703274838,112.07887348771465,116.91025265014623,0.9586744613674775,-0.0422037180696128,-0.4973649877144465,0,333.9550461878931,1.8799490264923335,-0.6915444234527612,2.3773140142067994
2015-11,2.0,0.0060102961520248,146.175581385648,148.58070770809,,75.43439533902286,12007.959,2.418913174643392,70.51364041771787,2.870910312036945,2.870910312036945,San Luis (empalme),15.1,9.631333333333334,10.0,14.311666666666667,,,,,486.05263157894734,536761.0,996298.557,1535499.557,25615.0,23.42763157894737,9.700526315789476,,25.37809885141105,23.66745329659461,23.66745329659461,2.603095927970034,30.089169347246543,4.7110704958355,6.950902388628588,35.57305291606849,4.079992076591643,1.856130674546027,32.96995698809846,26.11433876800515,2.4468854714105426,2.4468854714105426,0.7362399165941049,43.11666666666667,0.4600098281611051,5.084745762711873,99629.8557,0.2571016470919168,,,,0.587215728535373,760582.557,,432569.0,148.58070770809,168.75426504702273,156.63412783452375,147.6178508325756,141.44752232550132,183.6218993359552,138.0781014955367,164.56945414306088,146.29185875601542,166.9606018536268,185.17533638974763,133.47495532195197,86.56550086788613,166.60493276222985,92.5642196247663,151.95932252697258,137.0146025925537,224.60612054000197,163.4193084549915,0.8384235858536256,43.11666666666667,CCL,Primer control de cambios,1,0,9.286033768797154,9.081350264131451,20.46835046657005,109.05989926298336,117.06413167632168,0.9316252356830379,-0.07082465279972573,-1.992182985250035,0,291.9979085547825,1.3058451064094534,11.90546409928297,3.298028091659422
2015-12,3.9,0.0062446977019538,141.942118734626,146.931855314642,,85.10477049531175,11962.986,2.4576157854376866,75.08662128463544,6.485242911623268,6.485242911623268,San Luis (empalme),14.516129032258064,11.37451612903226,11.548387096774194,14.489032258064515,,,,,478.1363636363636,623890.0,1052636.6188,1604414.6188,25563.0,27.34375,11.6285,,31.568906131960706,25.37809885141105,25.37809885141105,1.3958507529604702,30.84902094525541,-0.7198851867052944,5.654736866190202,28.20473997358015,-0.8305060454330659,1.6872150840693072,26.80888922061968,31.04475165674465,5.666652805333605,5.666652805333605,-0.5241544752160543,25.463687150838,0.2716709629054146,15.48387096774193,91150.09827597764,0.2804495056341267,,,,-0.3983878034908517,799117.6188,,478777.0,146.931855314642,90.78421806401072,156.69899602384564,138.77760756949655,132.88155982543205,187.5934372666952,140.55859434912793,158.2070616561802,146.61441887270195,165.21035011005807,183.5959254946376,149.73801504426677,89.8906306448192,145.74957774804892,93.20289383006876,152.82938128655536,137.2232165383038,180.59486983368916,158.4648808612886,0.8659534894575248,25.463687150838,CCL,Unificación y metas de inflación,0,0,9.272621023867917,9.077501624779726,19.51193990881883,109.40116419894052,113.50501566568785,0.9638443161063946,-0.03682549522871107,-1.0762164817232744,0,204.79159852499737,0.6659379345395067,10.045359617081928,1.7421544162627534
2016-01,4.1,0.0065007303077339,134.746450413497,147.902891729628,,96.0022244484465,11941.189000000002,2.492268168012358,78.23465605208204,4.192537516787653,4.192537516787653,San Luis (empalme),14.0,13.639032258064516,13.870967741935484,13.99709677419355,,,,,485.89473684210526,588333.0,1016749.699,1597905.699,30074.0,26.3125,13.8945,,35.05310694553063,31.568906131960706,31.568906131960706,2.53603910254927,30.143185700846907,-4.909921244683723,-3.409241058031109,35.113223037390085,-7.601778574818763,1.7281874363668197,32.57718393484082,29.729549170341187,-1.839356961619519,-1.839356961619519,-5.3235577751894425,0.909302325581396,0.0097013066842796,20.11173184357542,73300.55969534884,0.4102833610683642,,,,-3.941825475615701,763645.699,,456741.0,147.902891729628,60.06860735222447,151.7806330328617,141.6615424696912,113.98246730208685,179.47111653293,129.42127847335826,172.13267487168926,144.6972553262334,169.91864619067428,189.17877245755128,154.0091285776928,64.61710337803528,130.55948710029548,90.90367843706014,152.2478346787344,131.653163223817,152.4800422613111,157.6164665984329,0.8352754383159477,0.909302325581396,CCL,Unificación y metas de inflación,0,0,9.186146494420342,9.073652985427998,11.2493508992344,104.9439752399189,112.76165217161649,0.9306707840729439,-0.07184967963062414,-2.0316889384047028,0,157.93962047258165,-1.2859647622470938,10.857616698524275,0.7457241761575695
2016-02,2.7,0.0066762500260427,134.232361038625,146.878692508972,,102.49374672974656,11945.252,2.5251661078301213,80.35672962790959,2.7124469933309747,2.7124469933309747,San Luis (empalme),14.827586206896552,14.85896551724138,15.03448275862069,14.980689655172414,,,,,470.95,559138.0,986052.2523,1578380.2523,28399.0,26.223684210526315,15.02736842105263,,35.99386601699213,35.05310694553063,35.05310694553063,-0.8161166583111834,30.659012834025056,-5.334853182967073,-3.0191744074467564,31.42817356352348,-5.731621400777732,1.7635221578572733,32.24429022183466,29.616845984759376,-5.4362609607712535,-5.4362609607712535,-6.377020032232753,-0.3577981651376127,-0.0038173329523303,8.388131515637532,65586.0443043578,0.4330037022542775,,,,-4.689196813800378,742451.2523,,455511.0,146.878692508972,105.73886619225637,152.3278662078243,138.96200230337485,114.21741446409996,172.67560219675144,130.5020903599818,163.53608180865575,148.17950321488743,163.66937153467853,184.0885723681753,146.781967623455,70.07331456865238,140.3212029905714,86.88640095301375,152.31801371334052,129.13377642894352,178.4138868675797,157.6075856553819,0.819337317375713,-0.3577981651376127,CCL,Unificación y metas de inflación,0,0,9.131236651433891,9.069804346076271,6.143230535762001,102.81947779711209,112.81564291977152,0.9113938026327769,-0.09278020000784501,-2.2115733833755495,0,210.60977220066607,-0.2641795723140383,14.465355869760721,1.9473938110615485
2016-03,3.0,0.006876537526824,150.087894236695,145.965671071194,,102.97384452346502,11956.011,2.6047088402267704,82.74844685025239,2.976374515759428,2.976374515759428,San Luis (empalme),15.580645161290322,14.927096774193547,15.258064516129032,15.033548387096776,,,,,450.09090909090907,573019.0,959829.3113,1567004.3113,29572.0,29.735119047619047,15.183809523809524,,37.21947554650769,35.99386601699213,35.99386601699213,-1.1110150594958237,30.646347167794552,-6.573128378713136,-2.6593865526734706,23.923516392289024,-5.635761068432899,1.6750392418052455,25.034531451784847,34.141747009534605,-1.8521190074575244,-1.8521190074575244,-3.077728536973084,-1.47145877378434,-0.0156989292077623,1.4871263687481484,62906.36078287527,0.4700955456963942,,,,-2.2429239907202136,722420.3113,,453440.0,145.965671071194,128.1504813746354,153.9087804479075,140.6386999057175,130.5127723596349,177.2811455224187,134.34020062691218,177.17081806113774,153.01789800152775,156.36326133262085,193.8894820876634,140.48972619090256,136.66838555107066,171.95452933692735,92.73850359026105,151.76832463056138,133.7893401580038,220.48331496816883,165.6360285722508,0.8077309104259559,-1.47145877378434,CCL,Unificación y metas de inflación,0,0,9.074557152207362,9.065955706724544,0.8601445482819159,106.65530470122867,118.57167879537786,0.899500671532925,-0.10591547902937656,-8.104706919863016,0,268.2853707923539,-4.5290783477762275,-6.244878350217498,3.575628572086753
2016-04,3.4,0.007110339802736,153.250674366629,144.715137957191,,97.2908412859784,11956.992,2.712022844444113,85.56189404316098,3.4,3.4,oficial,15.0,14.421,14.966666666666669,14.531,,,,,434.2380952380952,572568.0,946005.8673,1557195.8673,34380.0,30.696428571428573,14.658095238095235,,39.34370990967408,37.21947554650769,37.21947554650769,-3.2433784979332136,34.164095740317244,-5.179614169356839,-1.4401981516148243,21.48529375472692,-4.840198151614825,1.6522157495703569,24.72867225266013,35.405508034872234,-1.8139675116354537,-1.8139675116354537,-3.938201874801848,-2.9109131403118,-0.0310564047962906,-1.909795630725864,63207.518973273945,0.5439226307005802,,,,-2.8262501962626696,702774.8673,,450850.0,144.715137957191,90.44861990189602,153.89804337880838,126.02675511387856,129.69255854445325,172.46924643273286,134.7139549863598,182.03205085090949,146.4935016674773,152.19811491830492,193.53070517114008,138.49726417802725,222.24407033005363,152.6198995573876,90.40262106257144,152.19751641603872,129.7828886237592,229.49617340541909,161.306356742146,0.8045739253241073,-2.9109131403118,CCL,Unificación y metas de inflación,0,0,9.013551852855732,9.062107067372814,-4.855521451708178,103.60962559207485,115.47702223869241,0.8972315321563495,-0.10844133188416381,-6.086957938707024,0,262.52389949729167,-4.70452904982368,-24.426055413307957,1.3824288888833358
2016-05,4.2,0.0074089740744509,163.513608086905,144.57674809589,,91.33159250700476,11965.014,2.802062002879657,89.15549359297373,4.2,4.2,oficial,15.0,14.139032258064516,14.35483870967742,14.118064516129031,,,,,546.9047619047619,576156.0,968387.0321,1591838.0321,30171.0,30.964285714285715,14.394285714285717,,42.40827939865075,39.34370990967408,39.34370990967408,-3.508010322633648,34.71170429435932,-7.696575104291426,2.365858983927671,19.84399544008677,-1.834141016072329,1.6807722771263338,23.35200576272042,35.75957858861729,-3.5841313210567947,-3.5841313210567947,-6.648700810033461,-1.6494382022471887,-0.0175977839345517,-4.087937351821247,67460.66965191011,0.447238370974957,,,,-4.668760017401386,727099.0321,,451831.0,144.57674809589,117.25828169937154,155.13057788682173,134.22490612820536,132.09436471917738,169.10639445061472,136.4282100607803,185.60959475657512,149.6957036092051,147.6217225051203,204.46937784791973,150.85736379032596,329.7453391547637,153.96296235816064,92.8201076613488,152.5895932765113,135.34638426367286,288.0259604867488,162.31109379433138,0.8338702001181373,-1.6494382022471887,CCL,Unificación y metas de inflación,0,0,9.006436003141406,9.058258428021087,-5.182242487968125,108.0005842596482,116.18374314925052,0.9295670920234498,-0.07303629365798163,-6.101035227908769,0,342.3242803703919,-4.11197598728581,-23.457407408579467,1.9890592406230034
2016-06,3.1,0.0076386522707589,153.662095240998,144.379053934602,,89.17341565386299,11985.273,2.855861593334947,91.91931389435592,3.1,3.1,oficial,14.3,14.177,14.233333333333333,14.192,,,,,521.4545454545455,631231.0,1035945.8239,1675858.8239,30507.0,28.946875,14.41,21.5,45.21106174897778,42.40827939865075,21.5,-4.168641066057422,32.11910028561498,-13.0919614633628,6.976424669121717,19.5414694379626,3.876424669121717,1.641151692328165,23.710110504020022,33.11357961498735,11.613579614987351,-9.294699783663397,-12.097482133990423,-0.2903981264636979,-0.0030982448918331,-0.8464419475655571,72783.07896252928,0.4191496215171913,,9.558501740730318,11.613579614987351,-8.330964589256284,744787.8239,,467120.0,144.379053934602,213.88094880389392,157.1823878943485,128.5682030080045,125.65678605027952,170.47757907817606,138.69535977604733,190.66642933942867,153.827680512275,148.01295810576914,197.77917231031324,148.4033222853869,222.36057357274763,155.93745090811026,88.15854137675132,153.54514558078463,131.83831608092166,302.69868718497884,164.85466078150208,0.7997245298127167,-0.2903981264636979,CCL,Unificación y metas de inflación,0,0,8.999943487312184,9.05440978866936,-5.446630135717534,105.11526692227399,117.97034900831602,0.8910312447652771,-0.1153757850495336,-7.299166993197723,0,403.9809070723864,-7.274721738376844,9.554950543957474,0.024445254820903983
2016-07,2.0,0.0077914253161741,143.731100981801,144.58278827114,,92.67069708045268,11989.884,2.983518606557019,93.75770017224303,2.0,2.0,oficial,15.096774193548388,14.919354838709678,15.0,15.050645161290324,,,,,511.9,661130.0,1033922.0132,1686857.0132,32511.0,26.01875,15.1465,21.7,44.77930048730328,45.21106174897778,21.7,-3.956673765880703,33.33155338908613,-11.447747098217144,-0.1953587391646527,17.327625365157107,-2.1953587391646527,1.563870968190825,21.28429913103781,29.35713620967581,7.657136209675816,-15.853925539301962,-15.42216427762746,0.3376344086021499,0.0036022067170239,5.386416861826704,68928.13421333334,0.4716651679469242,,6.291812826356447,7.657136209675812,-10.652188693907894,745303.0132,,483279.0,144.58278827114,238.8235846487048,157.7503381471416,128.6669828604047,127.0569761707612,169.5102239842916,135.95334276379947,175.62129849941783,167.85267695245903,164.99727135197662,194.914871178428,154.08669800918656,113.21856087267965,148.7284156103838,91.87078342103176,153.49022891452444,133.4400924502236,275.0271878501438,165.9979433001143,0.8038659383205246,0.3376344086021499,CCL,Unificación y metas de inflación,0,0,8.98083234714914,9.050561149317632,-6.972880216849298,106.54946434478396,118.65651859658027,0.8979655361964645,-0.10762358981678075,-7.4403324499924315,0,383.15654061663156,-7.816414814007366,12.859699439735017,-0.3760823640149624
2016-08,0.2,0.0078070081668064,143.674102648605,145.650897754866,,92.64089094894705,11997.843,3.0655653682373374,93.94521557258751,0.2,0.2,oficial,15.129032258064516,14.868387096774194,15.0,14.93032258064516,,,,,489.0869565217391,679730.0,1050873.1509,1708166.1509,31150.0,24.84375,15.092272727272729,21.9,42.34313604444602,44.77930048730328,21.9,-3.12236504201322,33.47444573975644,-8.86869030468958,1.639498674328066,18.00419172108507,1.439498674328066,1.546015551616083,21.126556763098293,27.877263187627378,5.977263187627379,-16.902037299675897,-14.465872856818642,-0.4645161290322663,-0.0049559022348866,0.0,70058.21006,0.4446302578002233,,4.9034152482587245,5.977263187627379,-10.162676795530013,773860.1509,,485991.0,145.650897754866,254.3109789265982,157.70042576005622,144.70890735532527,132.71595468858487,177.64275435669353,138.1099495499475,175.7105166164717,148.4553665203119,163.42639979099428,195.01443201659657,145.65136337429948,70.70498949513352,157.41711202761422,91.21455342113724,152.88756511164817,136.67489803284593,270.005471828838,163.90052267177205,0.833889336073392,-0.4645161290322663,CCL,Unificación y metas de inflación,0,0,9.016434653344009,9.046712509965904,-3.0277856621895083,108.81338650298296,117.3443601389049,0.9272996705949608,-0.07547849640630046,-4.162862798324306,0,383.26537770134723,-4.017748899457274,13.26991065581371,0.14511389886706638
2016-09,1.1,0.0078928852566413,142.00773744282,145.018798486401,,93.13464255554752,12012.026,3.105724274561247,94.97861294388596,1.1,1.1,oficial,15.466666666666669,15.132,15.1,15.128666666666668,,,,,446.95238095238096,682655.0,1057410.2335,1718853.2335,29902.0,23.05397727272728,15.327272727272726,21.1,40.47928603953783,42.34313604444602,21.1,-2.675456797404807,32.80589371336404,-7.67339232617379,0.6220620057141524,16.6348682784625,-0.4779379942858477,1.5489672433366783,19.310325075867304,25.6529064299514,4.552906429951392,-16.690229614494626,-14.82637960958644,0.1898454746136924,0.0020254530534412,0.6666666666666599,70027.16778145696,0.4270057028911854,,3.759625458258786,4.552906429951396,-10.554139352198554,769894.2335,,492770.0,145.018798486401,199.6752956273997,158.1015508262044,136.9084159903118,135.53528819168034,171.42517948300028,136.2974489412333,172.67102340839523,142.73430447429877,160.81729678955628,192.08877330870004,140.53137177890028,61.92436376412122,157.25631533850802,89.94995080015794,152.85529474584231,133.9927811218627,232.31474921298323,162.01396423350056,0.82704464245284,0.1898454746136924,CCL,Unificación y metas de inflación,0,0,9.000356685955122,9.042863870614177,-4.250718465905479,106.76162317321707,116.06825741050466,0.9198175759254115,-0.08357991563812105,-4.687238232469628,0,315.39532950635936,-4.468590729975475,-4.074672201528973,0.21864750249420695
2016-10,2.4,0.0080823145028007,141.136863298081,145.153543697921,,91.90353214115564,12030.009,3.179329939868349,97.25809965453924,2.4,2.4,oficial,16.0,15.209677419354838,15.096774193548388,15.25290322580645,,,,,448.15,674209.0,1091260.7021,1759475.7021,37210.0,22.090625,15.4065,19.4,41.88785584480057,40.47928603953783,19.4,-2.7775724693777093,34.31475340285595,-7.57310244194462,3.2012616794861115,17.144922082671844,0.8012616794861116,1.6185792567289967,19.92249455204956,24.47037490127515,5.070374901275152,-16.008911138262683,-17.41748094352542,1.0341880341880216,0.0110337068394225,-0.0213629566331863,72284.36274594018,0.5147724706487765,,4.246545143446534,5.070374901275152,-12.275526217393097,794923.7021,,504330.0,145.153543697921,224.68439524434552,159.19538699910422,127.61691509194746,134.50620999950286,173.77476774158694,136.52206270868507,168.26511373934235,147.42716354133972,169.97085307699237,192.3339678689574,135.1726567966539,70.83907185983664,154.72633794428555,89.97368143545032,153.09146514833384,130.81198492701105,251.0160389772302,163.22103096708875,0.801440746648558,1.0341880341880216,CCL,Unificación y metas de inflación,0,0,9.008633150863057,9.039015231262448,-3.03820803993915,104.36661026062097,116.87963933489102,0.8929408993262127,-0.11323488246126948,-7.103116439165667,0,348.38846953794365,-7.1293051808346775,4.231175729326164,-0.02618874166904206
2016-11,1.6,0.0082116315348455,144.93832064073,145.788249142096,,88.92508556250768,12046.741,3.2241584920204924,98.81422924901186,1.6,1.6,oficial,15.6,15.386666666666668,15.566666666666666,15.405333333333331,,,,,477.55,716689.0,1156963.8619,1849722.8619,37378.0,21.098214285714285,15.56095238095238,20.0,40.13491384594994,41.88785584480057,20.0,-1.8794220387482683,33.28955027481768,-6.8453635711322605,6.020849066915179,16.12622077701151,4.42084906691518,1.6143178727453609,18.005642815759778,23.262848893903644,3.2628488939036444,-18.625006950896925,-16.872064952046294,-1.0364025695931425,-0.0110573336206633,3.1125356125356163,74323.16029336189,0.5029118763581207,,2.7190407449197096,3.2628488939036444,-12.039872497865678,846660.8619,,522966.0,145.788249142096,127.59210875802214,159.62997447447236,133.98802039489777,138.35935223235452,174.41734668342573,138.50989488670697,168.04041894448414,145.42770816207323,169.92110748068967,194.06793741197112,133.68774596120102,86.52813101060659,164.0502266811485,85.95467537478623,153.57791890744792,132.32227328994838,200.51894358852036,164.6771136658673,0.8035255801145055,-1.0364025695931425,CCL,Unificación y metas de inflación,0,0,9.055813879156668,9.03516659191072,2.064728724594822,105.3078796234336,117.97100020002836,0.8926590386186137,-0.1135505866724428,-4.272593387271708,0,244.81805376046185,-3.5009019240800576,-17.623134281866992,0.7716914631917149
2016-12,1.2,0.0083101711132636,142.590145160319,146.95888147081,,89.83126350149445,12050.667000000003,3.268007047511971,100.0,1.2,1.2,oficial,16.548387096774192,15.873225806451613,16.0,15.954516129032257,,,,,494.0952380952381,821664.0,1372320.5171,2031068.5171,39308.0,20.028125,16.071,19.6,33.17951758799198,40.13491384594994,19.6,0.0183936669894579,32.97469306944407,-0.2048245185479089,18.613948308319262,30.36982493203,17.413948308319263,1.6701723783687736,30.351431265040542,21.972845922993777,2.3728459229937755,-18.16206792295616,-11.206671664998204,-0.284274193548395,-0.0030329089197874,2.783725910064238,85770.03231875,0.4582952686075526,,1.9839848854463105,2.3728459229937755,-8.41471111170975,1021949.5171,,594615.0,146.95888147081,99.73232676348016,159.2214978868482,130.57980745147267,130.23504419549147,186.22654420828616,141.80901337392066,161.12805148181374,141.0547489078192,171.11609001711702,193.27492496015665,149.41174885515971,93.78779071688967,146.69084737088093,87.79589607802507,153.873344491065,134.06989663202012,189.5335063850236,159.72333737719967,0.8393882749607413,-0.284274193548395,CCL,Unificación y metas de inflación,0,0,9.23205246635371,9.031317952558991,20.073451379471763,106.82268053429262,114.4453508076446,0.9333946707353462,-0.0689271550013132,-3.210165977260213,0,218.077076460121,-2.3851263070238993,6.285569254780654,0.8250396702362828
2017-01,1.3,0.0084182033377361,136.632659483162,147.086273269505,27477.307666370554,90.56543026920166,12072.722,3.318334356043656,101.29999999999998,1.3,1.3,oficial,17.0,15.925806451612903,16.0,15.959354838709675,,,,,467.3,827889.0,1299315.0,2006696.0573,46887.0,19.767045454545453,16.151363636363637,19.7,29.48225902925037,33.17951758799198,19.7,-0.5521315037002927,33.14515663417173,3.6628976049213584,-5.319859040967778,27.79103856907068,-6.6198590409677776,1.5694314092831283,28.34317007277097,21.659995806910093,1.9599958069100936,-11.519521781081888,-7.8222632223402755,-0.2540322580645182,-0.0027102590347035,0.0,81207.1875,0.5773750014430681,,1.6374233975857022,1.9599958069100936,-6.0411853183479085,967468.0573,1090371.5096,601273.0,147.086273269505,75.25024940267178,152.72984991614905,141.26251529425193,112.79767423117862,184.3479373142579,132.1858944622914,176.6881541595167,151.26339696710514,171.3494279462936,195.70876392175643,155.35605856307802,67.3224115195837,131.4436540973278,87.08259222651634,153.21983961448282,131.42644246119593,165.30803562803536,160.26262714761484,0.8200691876849214,-0.2540322580645182,CCL,Unificación y metas de inflación,0,0,9.164351276375813,9.027469313207265,13.68819631685465,104.61758590813061,114.58997735700643,0.9129732662586474,-0.09104868002217226,-1.919900039154812,0,178.36190543896808,-0.31149757991419946,12.160185172747884,1.6084024592406543
2017-02,2.5,0.0086286584211795,132.158516339823,146.813950087052,25223.428860347456,88.71165471542706,12082.853,3.3621363695434323,103.83249999999995,2.5,2.5,oficial,16.071428571428573,15.606428571428571,16.0,15.663214285714286,,,,,454.3684210526316,814742.0,1259273.0,2046651.3021,50608.0,20.0625,15.869444444444444,19.5,29.21444225118985,29.48225902925037,19.5,-0.0440788386756874,33.1451566341717,3.930714382981844,-3.081777705945054,27.70854658692816,-5.581777705945054,1.545609530378942,27.75262542560385,22.014092182450163,2.514092182450163,-7.468166846800205,-7.200350068739692,-2.1049107142857126,-0.0224572002158416,0.0,78704.5625,0.6430122777189696,,2.1038428305022228,2.514092182450163,-5.572403473864307,909532.3021,1095367.5544,597878.0,146.813950087052,161.93415211079707,152.8102185502668,137.55703756731316,106.79708555073152,174.22234873977982,132.00783818354506,167.46305903956633,149.81753604251767,164.04806807423054,185.70368883383952,141.39020621041064,75.17856162529114,137.68927272273226,80.65908288322362,153.253713367915,125.23158252149987,214.16167262982003,158.4099901277465,0.7905535655958909,-2.1049107142857126,CCL,Unificación y metas de inflación,0,0,9.077906768792268,9.023620673855538,5.428609493672987,99.49959644472219,113.36141119032203,0.8777201642071366,-0.13042745573074993,-3.764725572290492,0,277.6270942421887,-3.2821219483541775,27.627182527098793,0.4826036239363063
2017-03,2.4,0.0088357462232878,152.620958559057,147.644809300227,26334.26363967878,86.53752808153097,12098.784,3.4593021106232373,106.32448,2.4,2.4,oficial,16.0,15.550322580645162,16.0,15.588387096774191,,,,,452.1739130434783,754752.0,1268118.0,2019101.8909,50522.0,19.5,15.804545454545456,18.4,28.491209257875827,29.21444225118985,18.4,1.1503651623771205,32.809550810372514,4.318341552496687,0.7023893945157234,32.11911587513947,-1.6976106054842766,1.680178389722717,30.96875071276235,21.34075789595536,2.940757895955354,-7.873684355234502,-7.150451361920474,-2.572580645161293,-0.0274467502244584,0.0,79257.375,0.6374422569508515,,2.483748222935267,2.940757895955357,-5.56493428867173,928541.8909,1092439.2433,587046.0,147.644809300227,149.18476720670753,154.85959660426286,150.99707431759532,130.7408598665095,186.5040507273038,137.8892140229462,181.5074606944995,153.01153967940493,158.18216890402925,199.75039795788223,145.6279531904334,142.2213133473714,170.9625296227307,88.77403954434685,153.69388788037543,137.01618448976222,238.6995836757601,166.9979511040348,0.820466260717206,-2.572580645161293,CCL,Unificación y metas de inflación,0,0,9.074875225042284,9.01977203450381,5.510319053847468,108.90281023573377,119.54075709034463,0.9110098755140803,-0.09320154148007784,1.2713937549298726,0,297.29014872029006,2.0853652233884468,10.26573632482366,0.8139714684586075
2017-04,2.6,0.0090654756250933,151.946344804487,147.673290371056,27045.88446262117,83.65709388943391,12099.890000000005,3.580723614706113,109.08891647999998,2.6,2.6,oficial,16.0,15.371333333333332,15.866666666666667,15.497666666666667,,,,,432.0,795910.0,1286361.0,2047985.213,48217.0,19.24652777777778,15.649444444444445,17.5,27.497079979284965,28.491209257875827,17.5,2.044120923092429,32.03146950040012,4.534389521115156,1.4385885225191908,35.97812069299413,-1.1614114774808093,1.6162141448153686,33.9339997699017,21.03845653367493,3.538456533674932,-7.452752724200895,-6.4586234456100335,-2.325630252100841,-0.0248120472972982,-0.8333333333333304,81073.17226890755,0.5947343449208012,,3.011452369085044,3.5384565336749283,-5.065703031519931,936525.213,1102816.5383,588131.0,147.673290371056,104.49852810770236,155.69272558033109,135.14306311513792,122.7044995649865,173.9802403021551,136.14948161710697,185.46076228332404,155.1108872734713,157.52445830757077,198.16219685097985,134.23128847186408,232.0252475172157,145.3953627345255,81.57832898017476,153.55992906940995,127.86279220813636,243.03273004691584,163.4507937763005,0.782270855063145,-2.325630252100841,CCL,Unificación y metas de inflación,0,0,9.05776842587706,9.015923395152084,4.184503072497847,101.61273368310091,116.90691931730112,0.869176386449037,-0.1402091979626367,-3.176786607847289,0,283.9409811086963,-1.946137781219992,7.842427997630708,1.230648826627334
2017-05,1.3,0.0091833268082195,168.389209469368,148.674482047258,25631.863991881684,84.16110138488445,12140.062,3.6380151925414106,110.50707239423998,1.3,1.3,oficial,16.0,15.747741935483871,16.0,15.740967741935483,,,,,411.8636363636364,757087.0,1288583.0,2050806.6065,46146.0,19.633928571428573,15.99190476190476,17.0,23.94869675529329,27.497079979284965,17.0,2.8342966661901947,29.83350078630136,5.884804031008059,0.1727353363480288,33.06487564229745,-1.1272646636519712,1.7020276401523209,30.230578976107257,21.50076590524719,4.500765905247189,-5.996314074037777,-2.447930850046109,-1.61895161290323,-0.0172725238481505,0.8403361344537785,80536.4375,0.5729828811958563,,3.8468084660232327,4.500765905247189,-1.9749548919251287,940469.6065,1121663.4588,585557.0,148.674482047258,166.2402976857134,157.3192206185635,145.79800030171162,133.95855966649935,176.4228056644468,139.87955104985738,189.0028851984238,147.46026218968325,152.29355509337245,211.9665031673345,143.55714481084107,330.0188116515395,162.9359583771692,88.95842498606198,153.8688560098239,136.69356827192905,320.6331615029641,165.4706812326328,0.8260893546437605,-1.61895161290323,CCL,Unificación y metas de inflación,0,0,9.049055088402485,9.012074755800354,3.698033260212874,108.71411562443856,118.47930426814825,0.9175789501463595,-0.08601665354959086,-1.2980359891609228,0,400.853455828473,0.6585007325620396,15.78374376691869,1.9565367217230012
2017-06,1.2,0.0092935267299181,161.035685469452,150.271993030465,26365.38706384802,85.02888284039788,12169.353,3.70204425993014,111.83315726297084,1.2,1.2,oficial,16.5,16.128,16.133333333333333,16.105666666666668,,,,,410.04545454545456,833104.0,1402451.0,2166167.6127,47995.0,19.80952380952381,16.386190476190478,17.0,21.66448216911434,23.94869675529329,17.0,4.081574809689692,29.62968053388957,7.96519836477523,8.836683395636902,35.37879758231246,7.636683395636902,1.6834044729109452,31.297222772622767,21.71084721961356,4.710847219613562,-2.237849535679736,0.0463650504992223,-0.1714876033057755,-0.0018295937285299,0.8333333333333304,86928.78099173553,0.5521186361115885,21.5,4.026365144968858,4.710847219613559,0.0381089449217997,991250.6127,1228790.8651,626960.0,150.271993030465,236.05978466105603,158.96484949306773,145.92873879187948,141.51558563667277,181.23451475403056,143.20219674216236,194.77256856953736,144.64522730085062,153.56337089361242,204.47714349174043,150.02209839595136,228.10946345569369,168.77888070349218,83.01667791952399,154.70498531762195,139.2143775612252,322.2499523176345,167.69092299990663,0.8301843359840217,-0.1714876033057755,CCL,Unificación y metas de inflación,0,0,9.08971457669673,9.008226116448624,8.148846024810474,110.49363948382002,120.09433823595485,0.9200570243930076,-0.0833196278240422,3.205615722549139,0,434.7729809024059,4.990042981911547,7.3456394754828125,1.784427259362431
2017-07,1.7,0.0094515166843267,150.30605012392,150.46351778389,27819.35294462765,91.0252579222612,12201.566,3.849755825901352,113.73432093644134,1.7,1.7,oficial,17.612903225806452,17.205483870967743,17.35483870967742,17.17290322580645,,,,,435.7,832274.0,1402443.0,2178230.8693,47014.0,20.160714285714285,17.459523809523812,17.1,21.30664545685217,21.66448216911434,17.1,4.067378685298095,29.03408135081052,7.727435893958344,-0.0005704299116282,35.64301582664087,-1.7005704299116282,1.6850736656437664,31.57563714134277,22.132009099011253,5.032009099011251,0.4675269298969127,0.8253636421590826,-1.0483271375464789,-0.0111845563138626,7.571314316182365,80809.9126394052,0.5817850615652645,21.7,4.297189666106949,5.032009099011251,0.6803944161926978,1007185.8693,1236042.1216,646418.0,150.46351778389,249.0958391491055,160.5619075873047,146.41156507679182,134.67139265887818,181.0519271653847,141.32857652113285,178.79407435009838,170.4240661294518,172.9701819756983,201.6399413835101,151.38972137356166,111.66310475997298,158.93794185442422,87.34096470820498,154.184351847702,138.540946466195,285.0114073160339,170.68401795171943,0.811680836488062,-1.0483271375464789,CCL,Unificación y metas de inflación,0,0,9.088805521518452,9.004377477096899,8.44280444215535,110.12080450344313,121.99357282287191,0.9026770997463334,-0.10239037562025168,0.523321419652907,0,397.21813461617893,3.296865467976584,3.604195934908816,2.7735440483237284
2017-08,1.4,0.0095838379179073,149.255342773841,150.390577542228,27394.07395180577,92.50985551762044,12222.204000000002,3.940225087810034,115.32660142955152,1.4,1.4,oficial,18.0,17.453548387096774,17.903225806451612,17.50483870967742,,,,,420.1739130434783,838398.0,1423476.0,2194130.4325,48877.0,20.806818181818183,17.69909090909091,17.2,22.75941965394024,21.30664545685217,17.2,3.254137022443193,28.53175889299713,5.77233923905689,1.4997400963889351,35.4565009850039,0.0997400963889352,1.6978523326630073,32.2023639625607,22.91033465477492,5.710334654774922,1.6036891979227512,0.1509150008346829,-2.2252252252252247,-0.0237408304632921,3.159851301115224,79509.47027027028,0.6147318028136305,21.9,4.872299193493968,5.710334654774922,0.1229355769684525,1029808.4325,1240582.6848,651196.0,150.390577542228,256.5759879967451,160.3867491467808,159.34963237810908,142.00931325781906,187.47163510756943,142.61599986589326,178.59931863211025,150.98685544664556,168.53489551755075,198.10327414668444,145.70446536182834,73.0872875117296,164.59469737848852,89.09401333001149,153.62050479063024,142.33465851272464,275.4125283849993,167.52508540146684,0.8496319113739033,-2.2252252252252247,CCL,Unificación y metas de inflación,0,0,9.097115239465715,9.00052883774517,9.658640172054511,112.97392690502015,119.92572345088296,0.9420324818910932,-0.0597155231625803,1.5762973243720155,0,389.06341823799517,3.7522692170475658,1.5014717807815714,2.175971892675488
2017-09,1.9,0.0097659308383475,146.386559657754,151.21749422436,26404.252526903005,90.69768708871972,12265.503,3.995782261548156,117.51780685671298,1.9,1.9,oficial,18.0,17.259666666666664,17.7,17.298,,,,,378.45,868105.0,1442077.0,2217093.0564,50237.0,21.32738095238096,17.522380952380953,16.9,23.730809720440284,22.75941965394024,16.9,4.274408423360554,28.658628657969,4.927818937528713,1.3067308475871675,36.37819592749383,-0.5932691524128324,1.6611780832963754,32.10378750413327,23.540732308169044,6.640732308169046,0.781312654228806,-0.1900774122712398,-2.2711864406779747,-0.024231188657861,-1.1351351351351346,81473.2768361582,0.6166070882484084,21.1,5.680694874396108,6.640732308169046,-0.1536217314836108,1041798.0564,1268669.3087,662975.0,151.21749422436,279.35233955870115,160.917175433162,151.2544109842616,138.0437427436166,183.87087680504555,141.22365657404418,175.650984069227,151.67425943446744,165.94839894567954,195.03246292266329,136.6844348858204,64.75275615799247,158.96446308704225,86.8905966125153,153.71529188925055,137.23214701521917,283.96776541885936,165.81334318623192,0.8276303003015143,-2.2711864406779747,CCL,Unificación y metas de inflación,0,0,9.089868808855565,8.996680198393443,9.318861046211955,108.9598283845661,118.70695532492171,0.917889167372914,-0.08567862835967076,-0.20987127215497114,0,410.2760027510375,2.0380739002244574,26.300324439824063,2.2479451723794064
2017-10,1.5,0.0099124198009227,149.385949666014,151.712759278698,27766.66317796161,89.1521384261168,12295.817,4.056518151923688,119.28057395956368,1.5,1.5,oficial,18.0,17.48161290322581,18.0,17.52,,,,,353.6666666666667,870104.0,1453672.0,2250714.7193,51810.0,21.64583333333333,17.74857142857143,17.3,22.64333190063173,23.730809720440284,17.3,4.518811882696694,27.590348552867148,4.947016652235423,0.8040486048941808,33.21033161027267,-0.6959513951058192,1.6706876419370558,28.69151972757597,23.927835483918656,6.627835483918656,0.197025763478372,1.2845035832869307,-2.6666666666666727,-0.0284505498669412,1.6949152542372836,80759.55555555556,0.6415339911616925,19.4,5.65032863079169,6.627835483918656,1.0473488964957811,1052024.7193,1287957.9717,679168.0,151.712759278698,233.1466278355113,160.90970377115778,149.59534537475156,143.00063056651837,188.41988456273165,143.30765938327383,171.22299813333032,152.73807495030823,174.88839714724344,196.6667410796656,135.19938591714217,78.23306205197268,167.3964989449352,90.9843870924106,154.34281277018422,138.94199877199418,263.4475074261986,168.21974595870566,0.8259553477515146,-2.6666666666666727,CCL,Unificación y metas de inflación,0,0,9.084748687124716,8.992831559041715,9.191712808300244,110.46910327547872,120.43397271308054,0.9172586504196625,-0.08636578497119647,2.6869097490073006,0,364.51393032063413,5.682607428964204,4.524661937355123,2.9956976799568658
2017-11,1.4,0.0100511936781357,151.926042852027,152.632214812244,28425.301720641164,87.48727029102108,12317.693,4.119799835093698,120.95050199499757,1.4,1.4,oficial,18.0,17.563,18.0,17.525,,,,,370.4285714285714,880313.0,1490868.0,2304076.9721,54563.0,22.59375,17.767,17.5,22.401908018937554,22.64333190063173,17.5,4.694456316213369,27.779073060143865,5.377165041206311,2.558761536302545,28.860377501476407,1.1587615363025452,1.6935658112512255,24.16592118526304,25.08669075677125,7.586690756771258,2.4433588561395325,2.684782737833704,-2.6388888888889017,-0.028154189972494,0.0,82826.0,0.658766570883539,20.0,6.456758090869141,7.5866907567712545,2.193415757390249,1072935.9721,1325417.3245,693108.0,152.632214812244,125.65673661138096,161.5475782502302,153.73250944974225,145.22419444334022,188.17634137579927,144.16712838885078,171.3808239652409,148.4072606047819,177.3070685047291,196.7828235149012,130.47087794107392,89.01564215206706,178.95232504387556,87.46634440210916,154.97326476365754,138.8335962751202,204.34567321957044,170.18659430740828,0.8157728100742465,-2.6388888888889017,CCL,Unificación y metas de inflación,0,0,9.09052796049632,8.988982919689988,10.154504080633052,110.17842766622748,121.90834268279677,0.9037808671791207,-0.10116835153737255,1.2382235135070252,0,246.46339648258746,4.521287477890912,0.6698192544984494,3.283063964383892
2017-12,3.1,0.0103627806821579,146.783384909224,152.245342942072,34084.519433704845,86.9438846176935,12336.739999999998,4.164705653296219,124.69996755684248,3.1,3.1,oficial,18.12903225806452,17.843548387096774,18.161290322580644,17.789032258064516,,,,,356.2,1001113.0,1723907.0,2530076.3694,55055.0,23.27302631578948,18.027368421052632,17.4,24.69996755684245,22.401908018937554,17.4,3.597238505324385,27.438698654794223,2.7387310979517707,15.631095442386588,25.61985181442712,12.531095442386588,1.7219904246573563,22.02261330910273,25.92322592480749,8.523225924807491,3.521317905869936,1.2232583679650375,-2.0497335701598507,-0.021868517681916,0.8960573476702427,94922.05506216695,0.580002191945202,19.6,7.25998801090928,8.523225924807491,0.9809612559902536,1221952.3694,1494412.0218,786713.0,152.245342942072,89.34670334606393,161.57786217558566,143.22140612013115,132.85984722356457,193.7979634025081,146.47261089997355,164.18546355701702,145.03062576633127,176.7328001552801,192.9677050150863,150.41656245527804,96.78814314978364,148.5941933649424,88.67300171808765,155.322935569003,138.67487319079606,186.30932327816805,162.81452125121908,0.851735288259847,-2.0497335701598507,CCL,Unificación y metas de inflación,0,0,9.19004984786,8.98513428033826,20.491556752174134,110.28302913500622,116.62087647180495,0.9456542642403223,-0.055878247935869194,1.304890706544401,0,208.7704895917177,3.1879784918381837,-4.361304939755684,1.8830877852938244
2018-01,1.8,0.0105493107344367,142.740912606172,150.97750196781,26736.746546069706,93.38977240675486,12347.89,4.210933886047807,126.94456697286564,1.8,1.8,oficial,19.225806451612904,19.051290322580645,19.225806451612904,19.05290322580645,,,,,364.54545454545456,966089.0,1642608.0,2577038.4292,62024.0,22.96590909090909,19.34454545454545,18.6,25.315465915958235,24.69996755684245,18.6,2.645541702708832,26.899023251784943,1.5835573358267112,-4.715973657511685,26.42107572066821,-6.515973657511685,1.7002657105090733,23.775534017959373,25.544375080962524,6.944375080962523,0.8444075241200721,0.2289091650042891,-0.8993288590604109,-0.009594900206804,5.861456483126126,85437.6644295302,0.7259561741784034,19.7,5.85529096202575,6.944375080962523,0.1826663319895338,1167554.4292,1420727.0,765254.0,150.97750196781,126.0062966273015,156.22569019364468,157.05481344408858,116.91612257988122,195.27434666443148,138.25988543343638,180.51068233912048,158.692105787694,177.3312091113054,197.70617941747707,154.80273576054867,68.41058551503858,142.24539214580764,87.85987801953311,155.000125542695,136.9917310708667,198.69532266895,166.00468786551946,0.8252280874251203,-0.8993288590604109,CCL,Unificación y metas de inflación,0,0,9.126671377093665,8.981285640986531,14.53857361071318,108.7745641916853,118.66075888282096,0.9166852227795171,-0.08699113416231666,0.4057545859855599,0,239.00797615895223,3.8965859270894576,29.26822616154201,3.490831341103906
2018-02,2.4,0.0108024941920632,138.818040351657,152.191474671749,25650.68873210639,96.0255206641146,12330.8,4.246305730690609,129.9912365802144,2.4,2.4,oficial,20.0,19.862142857142857,20.0,19.917142857142856,,,,,399.2631578947368,1002919.0,1621055.8,2730018.818,61509.0,22.78125,20.14055555555556,17.6,25.19320692482068,25.315465915958235,17.6,3.662815816554521,26.29784351273188,1.104636587911198,-1.3120720220527349,28.729497098722835,-3.712072022052735,1.6163377102238563,25.066681282168314,25.31708828064645,7.717088280646447,0.0016223646882131,0.1238813558257696,-0.4142857142857226,-0.0044199961400427,4.026845637583887,81052.79000000001,0.7588757894700477,19.5,6.562149898508896,7.717088280646447,0.09895213875315,1148270.818,1425339.8,763173.0,152.191474671749,161.9311399130128,156.51498904423008,151.26991374844823,112.84132048842773,188.1936982753797,137.5828432857369,170.62867572761832,150.65694149739718,169.5066830724903,186.5032760308132,144.2539889821906,74.74917578581827,150.99237342824637,81.76605513880965,154.60910367633377,131.42481713413238,217.5685916319785,163.23971057696323,0.8051032231655976,-0.4142857142857226,CCL,Unificación y metas de inflación,0,0,9.08630069495988,8.977437001634804,10.886369332507684,104.21009622105797,116.84464646040567,0.8918688136590914,-0.1144362271068752,1.5991228623874725,0,279.9079723687022,4.625542901757296,0.8182053426711633,3.0264200393697926
2018-03,2.3,0.0110509515584806,155.85731953577,151.528755810547,28846.727300021103,95.4623482301504,12341.685,4.327410170146799,132.98103502155934,2.3,2.3,oficial,20.870967741935484,20.256451612903223,20.774193548387096,20.29612903225806,,,,,411.0,995473.0,1665415.0,2733150.5986,61726.0,22.8125,20.5435,17.8,25.070947933683165,25.19320692482068,17.8,2.6306014608493467,25.094890002745696,0.0239420690625316,2.736438807350128,31.329655442159176,0.4364388073501279,1.6729886194803878,28.69905398130983,25.35552566604551,7.555525666045508,0.1623187412248299,0.2845777323623437,-2.3012422360248586,-0.0245518526219761,3.870967741935472,80167.49223602485,0.7699629647671853,18.4,6.41385879969909,7.555525666045508,0.2275330418965326,1174031.5986,1422234.0,755128.0,151.528755810547,153.50795774048012,158.79495698801952,158.42384085245033,133.2775281473699,192.16430365422207,142.45800579244317,185.4404352917337,146.38801312082722,166.3910058670995,199.241474502233,145.02590988524318,144.65148039618302,176.13427723398638,89.91284621148944,154.34971843780926,140.22435993637316,243.3892169628719,169.5523242464968,0.8270270582225322,-2.3012422360248586,CCL,Unificación y metas de inflación,0,0,9.08574767010874,8.973588362283076,11.215930782566376,111.34085773473893,121.42039994686574,0.9169864189498826,-0.08666261714081736,0.6538924339260482,0,304.1849655173076,2.214045120855257,2.2927361950184633,1.5601526869291504
2018-04,2.7,0.0113493272505596,151.524543983943,146.79265782594,26429.52752809941,92.05714691681428,12342.867,4.443817503723748,136.57152296714142,2.7,2.7,oficial,21.0,20.130666666666663,20.5,20.301,,,,,408.6666666666667,999359.0,1639969.0,2757897.1644,56623.0,22.81578947368421,20.53210526315789,18.2,25.192849442390465,25.070947933683165,18.2,-0.596338405478225,24.10389580119753,-1.0889536411929264,-1.527907458501332,27.489017468657707,-4.227907458501332,1.641020894393306,28.08535587413593,25.359572335217084,7.159572335217085,0.2886244015339194,0.1667228928266197,-0.9707317073170852,-0.0103566940674171,-1.3198757763975166,79998.48780487805,0.7078008791629598,17.5,6.057167796291951,7.159572335217085,0.1331728557734779,1164926.1644,1411523.0,743195.0,146.79265782594,111.09893467139224,159.64526151580114,147.52747475546238,126.92521259893212,192.4148323449706,143.77579997393636,188.89673452825423,148.29723230022162,159.05711431700018,195.48271102645484,138.2944731428386,163.28540390718268,154.99199956277877,86.70221506442336,153.6606354162257,134.8669174212543,224.60598674019195,165.56711202133172,0.8145755263513808,-0.9707317073170852,CCL,Unificación y metas de inflación,0,0,9.051319809598183,8.96973972293135,8.158008666683436,107.116767188149,118.5080434620596,0.9038776108259898,-0.1010613140099428,3.9147883952693903,0,263.4757152489139,5.275066276101548,-7.480520207653907,1.3602778808320615
2018-05,2.1,0.0115876631228214,159.566692377917,144.563087407417,26430.503243249208,101.36252895620817,12334.835,4.51136352978035,139.43952494945137,2.1,2.1,oficial,24.29032258064516,23.49483870967742,24.032258064516128,23.646774193548385,,,,,470.5217391304348,1020466.0,1723925.0,2785938.2877,50098.0,28.285714285714285,24.22190476190476,22.2,26.18153927016849,25.192849442390465,22.2,-2.765366714735995,24.00617619820449,-2.175363071964,5.119365061168835,33.78455248905192,3.0193650611688345,1.689350747599626,36.54991920378792,32.25675311497498,10.056753114974978,7.063903672584512,6.075213844806491,-1.604026845637585,-0.0171132921598966,17.23052714398112,71733.79194630873,0.6983877283038002,17.0,8.229748866591645,10.056753114974978,4.814661383864394,1253320.2877,1396064.0,731047.0,144.563087407417,130.95942520223937,160.68353459504024,153.4172292068147,132.8971186424711,195.4612915024855,145.63616655253645,192.9833508550298,152.65380327938416,153.29865529767667,200.86209049100145,141.7818477160453,223.6842466380001,162.75819199624294,91.38780578884744,153.79909193069713,139.4363347909013,261.2966571639341,167.76399470263266,0.831145771403792,-1.604026845637585,CCL,Unificación y metas de inflación,0,0,9.10367582353342,8.96589108357962,13.778473995379947,110.81372907540299,120.07319756603914,0.92288480128512,-0.08025086127711474,0.5765792272476117,0,314.5005531832256,1.9129031013150666,-24.261007863469874,1.3363238740673467
2018-06,3.7,0.0120164066583658,151.125763233455,143.259082889478,27465.909808897977,109.3560194880983,12311.288000000002,4.549258983430504,144.59878737258106,3.7,3.7,oficial,27.366666666666667,26.674666666666667,27.366666666666667,26.709,,,,,530.952380952381,1043632.0,1875657.0,2914557.4753,61881.0,30.565625,27.246500000000005,24.2,29.298672157277327,26.18153927016849,24.2,-4.6668111599247,22.88505117754458,-6.413620979732748,8.80154299055933,33.74135709554202,5.10154299055933,1.7972398316648013,38.40816825546672,35.232911376954014,11.032911376954017,9.051372106785529,5.934239219676687,-2.403166869671136,-0.0256392820740598,13.87472035794184,68538.01461632155,0.9028712072623089,17.0,8.883181462925926,11.032911376954017,4.5895592898729465,1321240.4753,1514944.0,755453.0,143.259082889478,197.3383866657408,162.14250251109902,148.5930734595921,130.764322442843,190.45934695399885,145.56857157127055,198.75764158251457,153.8869679577416,149.72378013333596,192.5748648665537,156.6547621607609,149.95151842926992,155.6626005563789,87.07736275254575,154.6243215201875,140.07041583400712,268.99520636679995,167.5591053357724,0.8359463101293088,-2.403166869671136,CCL,Unificación y metas de inflación,0,0,9.120118683677584,8.962042444227894,15.807623944968974,111.27225271153027,119.90122335554298,0.9280326722069779,-0.07468833969610428,0.8631288127937925,0,355.28587537010407,0.7021967348749492,-20.19012637354578,-0.16093207791882946
2018-07,3.1,0.0123889152647751,145.963524430004,143.579209000728,27033.43803708506,109.4398928559402,12241.938,4.668904494694727,149.08134978113102,3.1,3.1,oficial,28.93548387096774,27.60903225806452,28.32258064516129,27.756129032258062,,,,,574.6363636363636,1066809.0,1723733.0,2990701.8754,57996.0,34.520833333333336,28.26714285714285,23.7,31.07859488117301,29.298672157277327,23.7,-4.575400658284423,21.277938285906384,-9.800656595266634,-8.099775172113022,22.90930897013284,-11.19977517211302,1.61578408131165,27.484709628417257,40.54199930296667,16.841999302966673,11.243327145689346,9.463404421793657,-2.0000000000000018,-0.0213379124002059,3.492986523122865,60860.73234624146,0.9529297095877228,17.1,13.615197496335218,16.841999302966673,7.219641338368432,1200148.8754,1477171.0,763079.0,143.579209000728,265.74333385122964,162.59416206110498,147.46881549498477,126.69519913772083,194.2468273301748,142.63268314885582,181.29587678585008,172.1810691968345,167.9522531138199,194.02594039331333,155.95630794997496,105.72292884082468,149.18166775534525,88.86153684061388,153.93322748209354,138.51841271045072,293.72495699887634,169.2020822574331,0.8186566670007134,-2.0000000000000018,CCL,Unificación y metas de inflación,0,0,8.993464041253818,8.958193804876165,3.5270236377652253,110.14033952573591,120.90991714272593,0.91092891409166,-0.09329041540156795,0.9099960218683728,0,414.59014365364294,0.017738055824700893,4.280483931084245,-0.892257966043708
2018-08,3.9,0.0128720829601013,146.76596003414,146.537230877005,26267.256514020613,113.29670034724434,12246.907,4.800567601445118,154.89552242259515,3.9,3.9,oficial,30.41935483870968,29.938064516129035,30.41935483870968,29.69741935483871,,,,,670.0,1208276.0,1891817.0,3108431.1159,52658.0,35.16761363636363,30.880454545454544,31.5,34.31031566226703,31.07859488117301,31.5,-2.562226123602074,21.83485700592956,-12.475458656337477,9.751162157944403,32.90122207891106,5.851162157944403,1.5657159456945269,35.463448202513135,41.428129516060494,9.928129516060494,10.349534634887476,7.117813853793464,-2.373276776246014,-0.0253203859764902,7.403189066059213,62191.22693531284,0.8467110651277444,17.2,7.549908377232328,9.928129516060494,5.299528795458808,1356426.1159,1501797.0,760857.0,146.537230877005,292.7377887775218,162.6618166177855,159.8704649132975,135.05007757273418,200.0207816062915,142.9192124562309,180.83177194110107,153.66321999519002,165.44204368160015,191.3489857641916,149.15309211867503,74.54874503545636,155.40730042480422,87.8709948307419,153.18917310710128,141.43507012456956,298.46566053616425,166.5638240292565,0.8491343840648548,-2.373276776246014,CCL,Unificación y metas de inflación,0,0,9.077613102122267,8.954345165524437,12.326793659783064,112.21345785385643,119.20215531444704,0.9413710478459478,-0.0604179048475402,-0.07023816849598963,0,432.0688637377152,-0.6754125617759676,10.484262312033366,-0.605174393279917
2018-09,6.5,0.0137087683525079,137.746569718648,143.132241433321,24310.777978264978,136.6965551150548,12220.727,4.94026411864717,164.96373138006382,6.5,6.5,oficial,39.13333333333333,38.47733333333333,39.333333333333336,38.759,,,,,672.7,1249657.0,1827316.0,3134567.8006,49003.0,41.85625,39.3915,31.9,40.37339173730559,34.31031566226703,31.9,-5.346770777092081,23.63697006685936,-16.736421670446227,-3.4094735378739083,26.71417684353888,-9.909473537873907,1.4622540425092645,32.060947620630955,50.89712863446599,18.997128634465987,16.586812972198956,10.523736897160395,-1.4601694915254315,-0.0155784843498114,29.303640862495595,46457.18644067797,1.0547991334467235,16.9,14.402675234621665,18.997128634465994,7.4969599059446335,1253926.8006,1515845.0,753321.0,143.132241433321,291.2042355390393,163.11509661954386,147.83184768067883,122.10301610478808,187.79691861903825,138.2164937484184,177.7779866543974,145.5472798806957,160.66081490880808,185.24914357522312,132.4027770258923,65.38672107481271,139.5457466259357,86.34973471047248,153.50451965707128,131.41027110366346,289.5556396593131,161.15567633059277,0.8154244026384156,-1.4601694915254315,CCL,Acuerdo con el Fondo y agregados,0,0,8.93606498582291,8.95049652617271,-1.4431540349800542,104.38312929903296,115.39752055013044,0.9045526177807897,-0.10031480250458365,-1.463617414491289,0,423.19642688890497,-4.291120173062879,3.1006326771688464,-2.827502758571576
2018-10,5.4,0.0144490418435433,142.843275984568,143.595585095494,25010.47670444924,126.65920399143984,12173.794000000002,5.120583758977792,173.8717728745873,5.4,5.4,oficial,37.935483870967744,37.03032258064516,38.2258064516129,37.30032258064516,36.51,,,,658.6086956521739,1155082.0,1724110.0,3218797.8636,53955.0,50.49147727272727,38.075909090909086,30.6,45.76704915381291,40.37339173730559,30.6,-5.350356965225767,26.23100815041344,-19.536041003399475,-5.647955799653703,18.60378407233543,-11.047955799653703,1.4926299604703388,23.9541410375612,63.981132379722624,33.38113237972262,23.607740642417035,18.21408322590971,-2.421097046413512,-0.0258305783443843,-2.815746309458722,45103.29957805907,1.196253943830019,17.3,25.55982571188562,33.38113237972262,12.495336450620108,1194808.8636,1461255.0,739090.0,143.595585095494,304.67513257225954,163.41777832588284,143.65506637393452,132.12457232201723,183.94057385992028,141.77821454475088,172.81474439941405,146.22909918513145,170.70566747118352,188.98012715480544,133.40592402333138,78.62835587865521,150.08189792730315,88.61135102378434,153.94433175777752,134.16030397013816,302.5355493654567,163.97439901521793,0.818178354522813,-2.421097046413512,CCL,Acuerdo con el Fondo y agregados,0,0,8.835178693736419,8.946647886820982,-11.146919308456305,106.68709915270844,117.42676360041611,0.9085415954726218,-0.09591460741401124,-0.9548822442814769,0,444.4499433294623,-3.483563015531921,19.827266684721323,-2.5286807712504356
2018-11,3.2,0.0149114111825367,140.592407325336,141.666150377382,24891.71263312131,118.71311385702204,12145.845,5.270104804739942,179.43566960657407,3.2,3.2,oficial,36.5,36.37833333333333,37.36666666666667,36.324333333333335,36.51866666666667,,,,651.9333333333333,1238891.0,1776575.4,3354432.3591,51193.0,51.36513157894737,37.485263157894735,28.6,48.3546299080226,45.76704915381291,28.6,-7.184632974337424,27.92138005947764,-20.43324984854496,3.0430424972884618,19.16382939334669,-0.1569575027115384,1.434004605732062,26.34846236768412,65.36120995314161,36.76120995314161,19.59416079932869,17.006580045119016,-2.7894736842105194,-0.0297607725581818,-2.247538677918426,47544.39072256913,1.076741109139903,17.5,28.58569980804169,36.76120995314161,11.463464305537885,1243232.3591,1492339.4,734451.0,141.666150377382,121.77853423868332,163.77554341932498,138.5751864867747,125.61743186954745,175.22018005477423,140.65962200128024,172.97873742258884,140.53453580950367,171.76121811084047,185.8036651365629,131.1624718352493,90.21847247019386,150.9421643448017,84.96184432409,154.6098803647041,130.25970725572267,196.53091924298417,163.51944141522696,0.7966007352297184,-2.7894736842105194,CCL,Acuerdo con el Fondo y agregados,0,0,8.843408530034258,8.942799247469255,-9.93907174349964,103.54250283753747,117.15583074509239,0.8838015332145542,-0.12352275148890964,-2.2354399951537083,0,238.63264801765897,-6.2118937506532745,-3.228815759090242,-3.9764537554995982
2018-12,2.6,0.0152991078732827,136.251615969056,141.973648759504,31136.131957050453,119.13022559883647,12128.628,5.400803403897492,184.10099701634505,2.6,2.6,oficial,38.483870967741936,37.82677419354838,38.87096774193548,38.11354838709677,38.03322580645161,,,,770.8387096774194,1408977.0,2121891.0,3483329.9238,65786.0,48.63541666666666,38.83888888888889,28.7,47.63516031584012,48.3546299080226,28.7,-6.746803537022672,29.6803148530544,-17.954845462785716,19.43714857247265,23.086164160827693,16.83714857247265,1.5059798705017895,29.832967697850364,61.084160528331545,32.38416052833155,12.72953062030895,13.449000212491429,-1.94854771784232,-0.0207889702554702,4.025783430692642,54588.067219917015,1.2051351760627511,17.4,25.1625178930315,32.38416052833155,9.109618727489831,1494382.9238,1721432.0,859536.0,141.973648759504,84.64320188538568,163.41870060031732,126.29685526366366,112.98595128363004,186.17235171400893,143.02343154722195,165.6490743485842,136.75055476028646,173.11375650668802,183.89362310391343,139.27955737153832,101.88140020348726,130.73588031805235,87.9743361569746,154.65162837650627,127.6778942137147,181.264807442436,158.06739815739684,0.8077433784706094,-1.94854771784232,CCL,Acuerdo con el Fondo y agregados,0,0,9.001739415749881,8.938950608117526,6.278880763235506,101.78783202895366,113.26050317869425,0.8987054548783009,-0.10679993459293326,-5.0921686657064065,0,202.93368208223572,-8.015948468207412,-2.835627622982262,-2.923779802500981
2019-01,2.9,0.0157427820016079,134.536239856696,141.397729240628,23888.726073338843,116.39754260971664,12140.861,5.567148148737535,189.439925929819,2.9,2.9,oficial,39.03225806451613,37.35516129032258,38.41935483870968,37.52967741935484,37.51548387096774,,,,701.4516129032259,1352805.0,1835011.0,3493896.9058,66811.0,45.8125,38.43,28.5,49.230432185657655,47.63516031584012,28.5,-6.345165738153835,32.2069711705355,-17.02346101512215,-13.52001587263436,11.713263298364552,-16.42001587263436,1.356449007802307,18.058429036518387,56.76794184137768,28.26794184137768,9.13278152553756,7.537509655720022,-2.3157010915197285,-0.0247061135179545,-1.1618257261410636,47762.67086481948,1.3988120595075628,18.6,21.99839832013828,28.26794184137768,5.050919939937315,1255748.9058,1624869.0,807110.0,141.397729240628,151.20329737368874,157.1276051854721,143.04784668962108,104.68365673103013,180.72897301067087,135.46439208386772,180.22748793691525,155.77626281329506,174.1136177647323,186.7256341908661,145.7274142989191,73.18576531731493,126.0838692956592,87.57969840470805,154.0069130544174,128.91285814113087,208.9348570966316,162.02021466065472,0.7956590997681001,-2.3157010915197285,CCL,Acuerdo con el Fondo y agregados,0,0,8.79917072956003,8.9351019687658,-13.593123920576922,102.56616094798851,115.80226952608727,0.8857007843432895,-0.12137610060383336,-3.43849664415167,0,265.73155328144634,-5.876945907309139,10.598967658362568,-2.438449263157505
2019-02,3.8,0.016341007717669,132.267888612737,143.658901683707,22542.04994183623,116.39163919698258,12154.515,5.715234289493953,196.6386431151521,3.8,3.8,oficial,38.42857142857143,38.35035714285714,39.32142857142857,38.40821428571429,38.50678571428572,,,,679.75,1403081.0,1839564.8,3480746.7821,68015.0,37.584375,39.428,29.0,51.27069200069598,49.230432185657655,29.0,-5.6064723772769165,34.5930946089565,-16.677597391739482,0.2481620001188123,13.47942495255252,-3.5518379998811875,1.3110895236982043,19.08589732982944,44.78476262382096,15.78476262382096,-4.445669561836695,-6.485929376875021,-2.3224341507720125,-0.0247779482322098,2.347966894566378,46782.75603996367,1.4538476515128549,17.6,12.236250095985234,15.78476262382096,-4.287631193519747,1269488.7821,1635918.8,806109.0,143.658901683707,165.78242593462429,157.80720309720408,147.53475064171428,103.94713143270178,170.32450860453662,136.9970184054754,171.50270268431387,145.96069581707212,164.17641236864702,179.081587415651,138.26367176213247,77.2759838058889,134.55896335878924,81.67892569728649,154.22836356193034,127.35659141788942,214.54596755597723,158.95305919566667,0.8012213924182302,-2.3224341507720125,CCL,Acuerdo con el Fondo y agregados,0,0,8.772757098172981,8.931253329414071,-15.84962312410898,101.02525010786715,113.79496926266044,0.887783095882575,-0.11902782722013654,-0.4591600113261332,0,281.2454590517129,-3.1038530677766296,0.47669287607661204,-2.6446930564504534
2019-03,4.7,0.0171090350803994,144.963254955749,142.259940041268,24647.680742226563,119.63390135741726,12130.713000000002,5.940986043928965,205.88065934156424,4.7,4.7,oficial,41.29032258064516,41.314193548387095,42.193548387096776,41.281612903225806,41.50709677419355,,,,748.516129032258,1351521.0,1902839.0,3484125.222,66187.0,41.67434210526316,42.5421052631579,30.7,54.81956454030173,51.27069200069598,30.7,-6.116869184135321,37.287333770984496,-17.53223076931723,3.4396287643686074,14.256146365920808,-1.2603712356313928,1.40792410920733,20.373015550056127,50.63210013018895,19.93210013018896,-0.6385918705070281,-4.187464410112774,-2.161314984709484,-0.0230589749064916,7.304210248747478,45097.86620795107,1.4676304128183069,17.8,15.250267888438373,19.93210013018896,-2.704738527424755,1294024.222,1673475.0,804995.0,142.259940041268,154.7377802692036,160.27433418660866,148.0732417982313,114.97590965519208,171.23679876592522,138.1319397260399,185.6960413557643,143.29843266751175,160.53687602041313,191.4807469991102,134.77682586115088,160.53001434688164,148.50865435297695,88.53937343408204,154.18885931159429,130.79354876768082,243.05942274596836,163.39592399743637,0.8004700825323704,-2.161314984709484,CCL,Acuerdo con el Fondo y agregados,0,0,8.745970795237294,8.927404690062342,-18.1433894825048,103.97259495154401,116.99777818554749,0.8886715334598341,-0.11802759041514761,-3.136497327433026,0,307.9169661134106,-6.8468932133444405,1.2194200502830377,-3.7103958859113995
2019-04,3.4,0.017690742273133,149.916221403523,142.605787253334,23073.755385152883,120.03633284525918,12140.006,6.073470032708581,212.88060175917747,3.4,3.4,oficial,44.266666666666666,43.21566666666667,44.266666666666666,43.505,43.43933333333334,,,,842.4333333333333,1402919.0,1943918.0,3511910.3454,71663.0,48.70723684210526,44.35421052631579,31.4,55.87480986822981,54.81956454030173,31.4,-2.8522343246694337,36.67235496550538,-19.202454902724423,2.158826889715848,18.533825944270887,-1.241173110284152,1.385623831454275,21.38606026894032,61.19538037502541,29.79538037502541,6.3758158347236815,5.3205705067955975,-1.7206325301204697,-0.0183573531003275,4.91335372069317,43913.81024096386,1.631901208452894,18.2,22.67532753046073,29.79538037502541,3.413361345103416,1311740.3454,1708958.0,817956.0,142.605787253334,153.1433062279687,160.43088847596317,140.97351550338396,115.9205402175479,172.3519318126518,140.6795801631668,188.2282362717904,143.32743378616414,156.29459486217505,193.79682917463413,129.25098674568923,230.9943282073848,138.44365918428167,87.08293773601315,154.4040044728268,128.6820971656012,269.6900660955846,161.43882280694615,0.7970951158352008,-1.7206325301204697,CCL,Acuerdo con el Fondo y agregados,0,0,8.726133868011958,8.923556050710616,-19.742218269865752,102.3231135635112,115.57826409749352,0.8853145040939425,-0.12181232524626805,-2.075101123632525,0,338.0997976408541,-4.5783935104185325,24.937990970403412,-2.5032923867859935
2019-05,3.1,0.0182391552836001,164.13569907592,144.838249971983,22852.143404939907,119.3254441352763,12141.302,6.244741887630963,219.479900413712,3.1,3.1,oficial,46.0,44.824838709677415,45.96774193548387,45.16290322580645,44.85645161290322,,,,922.5806451612904,1356452.0,1944916.0,3571326.105,64779.0,52.58806818181818,46.08863636363637,31.0,57.40149752609689,55.87480986822981,31.0,0.1903408190159439,38.42249347471692,-18.97900405137997,0.0513396141195166,12.819061154052536,-3.0486603858804835,1.4338258928439782,12.628720335036592,67.3109219579707,36.31092195797071,11.436112089740895,9.909424431873816,-1.7508771929824585,-0.018680032083689,3.842790516906347,42310.45333333333,1.5310400833962543,22.2,27.71826103661885,36.31092195797071,6.295635421277268,1318984.105,1743851.0,824343.0,144.838249971983,92.2058205550377,161.79533456795377,149.71585574088587,124.19559094419756,165.46068072311968,142.78539303214035,192.6399473203551,147.19862690334057,153.3893833313326,205.1779543023548,138.4585933868259,341.8236001347074,147.06336216115645,92.88890660205008,155.090990775452,135.77104738345884,277.1893980700543,164.3538313603902,0.8260899442358853,-1.7508771929824585,CCL,Acuerdo con el Fondo y agregados,0,0,8.701111722377526,8.919707411358887,-21.85956889813614,108.02700636997129,117.65860003446392,0.9181394843923742,-0.0854059561213912,-0.5155094844276453,0,318.5852200504628,-2.5469420414015786,1.2904171031896006,-2.031432556973911
2019-06,2.7,0.0187316124762573,150.858971741131,144.033781295784,23803.413179689967,114.6493040431563,12133.329999999998,6.369636725383582,225.4058577248821,2.7,2.7,oficial,45.06666666666667,43.736,45.1,43.899,43.775,,,,884.0333333333333,1375803.0,2044934.0,3713633.9982,64278.0,50.895833333333336,44.955000000000005,30.0,55.88364316229652,57.40149752609689,30.0,0.5407673919730849,40.01481886573905,-15.86882429655747,5.142535718766261,9.024944326174776,2.442535718766261,1.486356694962869,8.484176934201692,64.61855999145693,34.618559991456934,7.217062465360044,8.734916829160412,-2.6629711751662954,-0.0284111228299858,-1.887719298245616,45342.21729490022,1.4176192483473795,24.2,26.629661531889948,34.618559991456934,5.603485171350631,1352001.9982,1876271.0,872460.0,144.033781295784,180.8263723190593,162.68992123466077,138.21166413869122,121.49948339487436,161.6561452050448,142.38268186145936,198.3554024051849,151.1298507073872,152.47085602995517,196.71574344275092,137.80275579191326,222.8186856323924,143.7474809463243,88.5519287218875,155.8430040229532,131.70248189902335,281.0490912551722,165.5837936929965,0.7953826818535673,-2.6629711751662954,CCL,Acuerdo con el Fondo y agregados,0,0,8.699194424142858,8.91585877200716,-21.666434786430244,104.82206202540381,118.48647704267285,0.8846753202701114,-0.12253457103866522,-4.784623134256094,0,364.7575928113944,-5.971566017620855,2.6310255525167747,-1.186942883364761
2019-07,2.2,0.019143707950735,146.77702964007,145.83568077856,23580.072634934764,109.72629762001024,12136.944,6.670283578821687,230.36478659482955,2.2,2.2,oficial,43.774193548387096,42.46096774193549,43.774193548387096,42.68903225806452,42.49806451612904,,,,788.6451612903226,1339297.0,2085152.0,3819268.0076,67899.0,48.625,43.75142857142857,30.2,54.52287421131623,55.88364316229652,30.2,1.5715867175591924,42.86613886407669,-11.65673534723954,1.966713840153278,20.967226362783563,-0.2332861598467221,1.5569003738528495,19.39563964522437,61.06803524793647,30.868035247936472,5.184392085639949,6.545161036620243,-2.4789977892409776,-0.026448318833564,-2.9397038838423595,47634.275607958734,1.4254231671081703,23.7,23.708168393192363,30.868035247936472,4.235723073381004,1423795.0076,1869387.0,897800.0,145.83568077856,252.48144388084785,163.99845521375468,146.97197824912735,124.97872152432208,167.80249033011398,143.1073580446707,181.5904488097204,169.72023419228395,174.45205835601115,196.2465005543376,151.3804777034971,126.84834872112268,144.9240334898253,91.64798142133564,155.34152482572213,137.78078527115915,288.15296930448824,169.54596413839758,0.8126456207397008,-2.4789977892409776,CCL,Acuerdo con el Fondo y agregados,0,0,8.729172324073225,8.912010132655432,-18.283780858220663,109.64712052608706,121.16187933163197,0.9049638477954945,-0.09986028326741991,-0.6569867865851966,0,404.7737848597344,-0.44881525766991004,-2.3962071418842434,0.20817152891527968
2019-08,4.0,0.0199094562687644,141.27693468084,144.790593285846,24329.91041230039,127.63072802436524,12153.72,6.833038498144936,239.57937805862275,4.0,4.0,oficial,54.38709677419355,52.22677419354839,54.096774193548384,52.71,52.69064516129033,,,,1527.6774193548388,1296173.0,2185665.0,3853439.69,54100.0,55.44345238095238,54.6504761904762,48.3,54.671596900643785,54.52287421131623,48.3,-1.19194117474829,42.33813718377766,-12.333459716866123,4.820415969675107,15.532580582582778,0.820415969675107,1.6862448145425033,16.72452175733107,71.94554169716368,23.64554169716368,17.422667485847448,17.273944796519892,-2.5635062611806703,-0.0273499360192262,23.58142962417096,40402.87119856887,1.33901374815947,31.5,15.944397638006524,23.64554169716368,11.168142789406987,1536467.69,1912172.0,904438.0,144.790593285846,290.3904620920158,163.5652188697805,155.85520443342637,125.63402242055092,169.2789543126373,141.6065982495351,181.1995995931543,146.84812451965638,167.04200402634552,190.16926665678744,142.85760162932212,78.02068368993574,142.462164880621,91.40403717979648,155.2894968233633,137.69320898814505,290.6951806671558,163.8778634723548,0.8402184777773422,-2.5635062611806703,CCL,Acuerdo con el Fondo y agregados,0,0,8.766111837686012,8.908161493303705,-14.204965561769356,109.42460376971931,117.32191266210441,0.9326868381771961,-0.06968578487757214,-0.9267880030031941,0,425.58065659487755,-2.5167169068405215,-1.513049507597941,-1.58992890383729
2019-09,5.9,0.0210841141886215,134.877066479936,140.55731399665,22144.650616311803,130.5960387182682,12147.544,7.015480626045406,253.71456136408148,5.9,5.9,oficial,61.333333333333336,56.56933333333333,58.833333333333336,65.69033333333333,63.212,,,,2179.766666666667,1310029.0,2206198.0,3848884.6958,48703.0,59.95238095238095,58.79,48.0,53.80020762233033,54.671596900643785,48.0,-1.7989849183424833,42.00618544998982,-11.794022172340512,0.939439484092941,20.73434479860079,-4.960560515907059,1.6840833294530122,22.533329716943275,79.50420479791833,31.504204797918334,24.83260789727455,25.703997175588,11.65495750708214,0.1243462311571203,8.755714569668061,37499.11614730878,1.2987772780744673,31.9,21.286624863458336,31.504204797918334,16.712589386554267,1550178.6958,2005944.0,924758.0,140.55731399665,163.407036580642,164.33650544951135,142.63127951074412,115.98558605583622,159.65746778591722,139.90912286926095,178.1549587134101,141.19439257439052,162.67783644601127,187.02830354279044,132.25951012263232,70.80070875709316,132.47229447436968,88.26736212549979,155.83681588677308,129.71078238195452,210.2105676917905,160.11661450654208,0.8101019546391593,11.65495750708214,CCL,Segundo control de cambios,1,0,8.717670908909486,8.904312853951977,-18.664194504249032,103.1684755819812,114.69220271114506,0.8995247553298228,-0.10588870475866353,-0.5573902254079888,0,275.12105741537044,-1.170472842241388,-43.06252278430236,-0.613082616833438
2019-10,3.3,0.021779889956846,141.639336617014,143.797274073401,24652.71442386198,129.67606477274478,12134.043,7.242782198329277,262.08714188909613,3.3,3.3,oficial,65.61290322580645,58.52258064516129,61.2258064516129,71.74451612903225,69.00483870967743,,,,2089.7419354838707,1387243.0,2189626.0,3786311.3918,43260.0,55.12215909090909,61.40318181818181,48.2,50.7358771099309,53.80020762233033,48.2,0.1404562527273389,41.444462960510855,-9.29141414942005,-0.751156514510487,27.000365405919567,-4.051156514510486,1.5784011885444726,26.859909153192227,71.41823236087991,23.21823236087991,17.61802473854958,20.68235525094901,17.18018967334034,0.1832946911343289,4.066526546650828,35763.12223393045,1.2096259302258807,30.6,15.666823455384549,23.21823236087991,13.72092407427694,1566498.3918,1983156.0,918027.0,143.797274073401,220.8036295499586,163.90944722322106,135.88939084128418,129.67809693120154,167.62331986301825,141.7621148402499,173.06342224309213,137.03168240951408,172.5386185437027,188.7555316815184,136.86507478183964,80.63703911920022,147.21554778337918,90.8762992398933,156.8598855827881,133.14509254288137,250.03044367999817,162.78637740022205,0.8179129892149056,17.18018967334034,CCL,Segundo control de cambios,1,0,8.695676311662762,8.90046421460025,-20.478790293748794,106.08823515094991,116.6695215304971,0.90930547892252,-0.09507418083949937,0.08404265745118739,0,346.7193136450424,-0.5629088400210591,-24.832187695999153,-0.6469514974722479
2019-11,4.3,0.0227164252249904,137.771829669331,140.883689537146,24270.7041203352,126.85721613471752,12119.84,7.414436136429681,273.35688899032726,4.3,4.3,oficial,66.9,59.72666666666667,63.0,76.71466666666667,72.58999999999999,,,,2339.6071428571427,1671621.0,2328738.0,3991324.1399,43772.0,45.98684210526316,63.01263157894737,45.6,52.34255797059877,50.7358771099309,45.6,-0.5523273118889782,40.68858990737952,-11.653968063219253,6.353231099740331,31.08016693240265,2.053231099740331,1.393101665987685,31.63249424429163,57.0314065208976,11.431406520897596,6.295529410966694,4.688848550298829,21.769312169312173,0.2322558380407595,2.8977871443624847,36964.09523809524,1.184176150344092,28.6,7.851240742374732,11.431406520897596,3.07783236198762,1686228.1399,2101341.0,956135.0,140.883689537146,94.71695210953402,164.1209014419811,133.81928769622144,119.7182794912256,161.07202668398338,140.14956643922426,172.96872013390708,135.56057171728656,173.1473031061288,185.71227651077385,136.73288762821088,90.99893886515034,142.8963094329232,86.66774777628373,156.9382819546939,129.32038746657568,177.49738940889182,161.8788179555836,0.798871582457803,21.769312169312173,CCL,Segundo control de cambios,1,0,8.727226495574095,8.896615575248521,-16.938907967442596,102.94592623667845,116.02168893791232,0.8872989798637458,-0.11957328484989556,0.39494666390140765,0,205.6625337975467,-0.5778321462925895,-14.868869184666789,-0.9727788101939971
2019-12,3.7,0.023556932958315,135.765154527635,140.126686656662,29147.85103469526,123.5102512524562,12109.723,7.608694363204139,283.4710938829693,3.7,3.7,oficial,72.70967741935483,59.880967741935486,63.0,74.49258064516128,72.4574193548387,81.89333333333333,,,2037.6774193548388,1895381.0,2735901.0,4385928.2226,44848.0,41.953947368421055,63.01157894736842,42.2,53.975860249036025,52.34255797059877,42.2,-1.3009189514954556,40.8807874345754,-13.095072814460629,17.484276891603944,28.93692465824116,13.784276891603945,1.4434570147110264,30.23784360973661,51.03964399721721,8.839643997217209,-1.302913973381557,-2.936216251818813,18.242191500256013,0.1946251421101215,0.0,43427.0,1.032721578741336,28.7,6.216345989604211,8.839643997217209,-1.906932844583476,1939064.2226,2438672.0,1153405.0,140.126686656662,95.73886123849536,163.81817557370792,122.014612714283,114.1278913779461,168.62707171630743,143.7164096157423,166.54536045059993,131.9573019554323,175.4177313640603,184.6041273348994,145.08514342662795,100.71375294287093,131.05067674082116,89.10509181738581,157.56950175404486,128.57315772716143,183.3059132911853,158.38326765909093,0.8117849797360305,18.242191500256013,CCL,Segundo control de cambios,1,0,8.830605898824947,8.892766935896793,-6.216103707184573,102.6121987050346,113.54469157930112,0.9037163893599454,-0.10123969639719944,0.5560238195733813,0,212.2580648979669,0.8066252660155371,4.492358521598927,0.25060144644211135
2020-01,2.3,0.0240987424163563,133.891086089572,140.930177145382,23483.345683378702,120.74144686809576,12096.091,8.064455155560067,289.9909290422776,2.3,2.3,oficial,77.41935483870968,59.98741935483872,63.0,80.11322580645162,78.98935483870967,81.8741935483871,81.87366666666667,,1918.3870967741937,1708871.0,2823436.0,4691903.672,44917.0,36.15056818181818,62.98363636363636,40.0,53.078041821927926,53.975860249036025,40.0,-0.3306645005948572,44.857922586249984,-8.220119235677942,3.199494426150662,53.86479972054663,0.8994944261506621,1.652223017419103,54.195464221141485,42.78464996176321,2.784649961763208,-11.191210287272815,-10.293391860164718,27.16385048643115,0.2898099310658789,0.0,44816.444444444445,1.002243720063072,28.5,1.989035686973728,2.784649961763208,-6.724277197208184,1904985.672,2552739.0,1130395.0,140.930177145382,101.70895859153546,157.6666757549171,129.90480642887766,101.71476634222648,161.53150882848374,137.1021796997787,181.05883564984788,154.05092671113587,176.6000662906318,182.9354230156884,151.921596144624,84.77989963450074,129.37966640973158,88.023249167922,155.78383481788862,127.20994552631896,178.6335398526618,163.2482165971274,0.779242482264014,27.16385048643115,CCL,Segundo control de cambios,1,0,8.790135401928055,8.888918296545066,-9.87828946170115,101.43349508420188,116.71069557769594,0.8691019668945096,-0.1402948224018179,-1.891872179798454,0,210.51015483143811,-1.1104700128333533,-23.29527075699085,0.7814021669650728
2020-02,2.0,0.0245807172646834,128.973638746598,139.549761275606,23702.013147622165,118.82458634184036,12092.519,8.37493667904913,295.79074762312314,2.0,2.0,oficial,78.3103448275862,61.35068965517242,63.62068965517241,82.95724137931033,81.49137931034483,82.69103448275862,82.69103448275862,,2023.2413793103449,1716134.0,2893044.0,4856216.4099,44791.0,33.58680555555556,63.58055555555556,39.9,50.42350930478463,53.078041821927926,39.9,-2.8603451369467403,46.537066633372895,-3.886442671411736,2.4653648958219643,57.26784943917169,0.4653648958219643,1.6857914358668962,60.12819457611843,39.27130134572068,-0.6286986542793187,-13.806740476207246,-11.15220795906395,30.39349593495933,0.3242668768980878,0.985221674876846,45473.32032520325,0.9849951505558946,29.0,-0.4493914612432648,-0.6286986542793187,-7.413873011343997,1952251.4099,2612334.0,1148044.0,139.549761275606,183.5505186657181,158.40506748327485,125.26751896676898,102.30740993208126,154.45575297379654,136.28604443632173,172.60279319246155,144.7366550142034,170.13846147407187,177.45650222288617,140.22429928699697,68.52543131319491,129.57229476687843,85.9284724559555,156.3120267180042,123.43687032660782,217.42717213934029,159.41248757885373,0.7743237195614898,30.39349593495933,CCL,Segundo control de cambios,1,0,8.794841563094067,8.885069657193338,-9.022809409927037,98.41559294296455,114.1168234454487,0.8624109046464142,-0.14802343437300647,-2.8995607152869933,0,294.7187779321928,-2.617123029268864,4.679379872553202,0.28243768601816654
2020-03,3.3,0.025391880934418,128.211060740257,125.960247713308,26996.659534813563,114.3909423680423,12023.728,8.629534754092223,305.5518422946862,3.3,3.3,oficial,82.51612903225806,63.24870967741936,65.35483870967742,86.28225806451613,85.86354838709677,84.94645161290323,84.94645161290323,,3352.6129032258063,2292083.0,3247106.0,5234889.9551,43561.0,29.56578947368421,65.2,39.5,48.412115675112254,50.42350930478463,39.5,-11.457682551554328,45.25425056183492,-3.157865113277332,12.23838973759126,70.64533573255541,8.938389737591258,1.4166616130393184,82.10301828410974,33.92026545299609,-5.579734547003909,-16.50324385178854,-14.491850222116163,32.02122408687067,0.3416330372565044,2.725762741498383,49684.24777887463,0.8767567578737061,30.7,-3.999809711113911,-5.579734547003909,-9.764600522129983,2169842.9551,2914428.0,1233323.0,125.960247713308,80.91923839600508,158.2821477576832,97.6967900473566,98.9645496204614,171.1875554480888,129.57605381099933,169.0153111017986,116.34931897640024,102.43044729016616,163.95508843464734,146.29744581011494,138.79893196776624,126.9819659690104,85.81213291012352,154.3598750992564,116.68276396181253,184.2365402382874,142.66654787442158,0.8178705218585608,32.02122408687067,CCL,Segundo control de cambios,1,0,8.868045891215644,8.88122101784161,-1.3175126625966982,93.53631165707317,102.61751930639946,0.9115043151431944,-0.09265895076250845,2.536863965263916,1,209.44222660477377,-10.577763346405877,-38.53822227517378,-13.114627311669835
2020-04,1.5,0.0257727591484342,113.295034445801,105.992279092236,23142.654714237968,111.48331206182314,11862.581,8.64420496317418,310.13511992910645,1.5,1.5,oficial,98.56666666666666,65.67733333333334,67.8,101.994,100.62766666666668,88.08566666666665,88.08566666666665,,3789.733333333333,1867128.0,3547911.0,5625781.8551,43568.0,19.984375,67.872,49.0,45.68500716657535,48.412115675112254,49.0,-25.67462994755987,42.32728434685518,-3.3577228197201734,9.26378750801482,82.51340848739504,7.76378750801482,1.900196987030348,108.1880384349549,21.920369168894617,-27.079630831105383,-26.49174650621764,-23.764637997680737,50.43362831858407,0.5380741715432448,3.741362290227035,52329.07079646018,0.832577367357862,31.4,-18.174248879936496,-27.079630831105383,-16.312342951329505,2355795.8551,3279778.0,1374204.0,105.992279092236,128.8359662652545,145.01253267982364,43.886062875566815,78.01561127096952,165.46846193071937,116.11099860685586,125.1048533687748,38.30241263437895,24.080340462162425,143.87525244207296,119.98719484892008,210.48256815936853,106.49371718865986,69.76603413419802,135.0684708060528,89.48473333109192,232.91358005246428,100.1154872413823,0.8938150909193577,50.43362831858407,CCL,Segundo control de cambios,1,0,8.93538109780631,8.877372378489882,5.8008719316427815,72.24462493736051,73.0169788251553,0.9894222699949795,-0.01063407185585224,11.11782533904158,1,292.0159770535329,-34.807765758003484,-14.653259448686384,-45.92559109704499
2020-05,1.5,0.0261593505356608,131.029569197349,117.209621767521,24012.676328922764,111.6653502247506,11782.291,8.638154019699959,314.787146728043,1.5,1.5,oficial,125.4516129032258,67.70903225806451,69.96774193548387,116.61129032258064,113.14741935483872,91.04290322580646,91.04290322580646,,3001.0967741935483,2131292.0,3828255.0,6114728.9051,42589.0,23.4375,70.04789473684211,51.0,43.42413411646358,45.68500716657535,51.0,-19.07550540675988,38.32683840479712,-5.097295711666462,7.901663824148919,96.83395066933484,6.401663824148919,1.7962132828350128,115.9094560760947,26.126546482578107,-24.873453517421893,-19.558460683997247,-17.29758763388547,66.66436145689256,0.7112391524914174,3.197259491864113,54714.571230982016,0.7783849720800529,31.0,-16.472485773127087,-24.873453517421893,-12.060444178689933,2591770.9051,3461846.0,1467909.0,117.209621767521,153.34524986703735,149.29120799861775,75.02261008713305,93.1049961359768,155.63397140243734,122.7022619251305,154.7929664966048,43.59908421963392,42.75424462238294,162.27753680441458,132.75669428093985,294.48952168492127,118.08849573854756,74.91088341776079,136.45071011210442,104.2953333093456,281.58809875215786,112.23069635763818,0.9292941832686712,66.66436145689256,CCL,Segundo control de cambios,1,0,9.01595526142206,8.873523739138156,14.243152228390343,83.68602756034937,81.50820229230523,1.026719093377057,0.02636837199125466,11.177432811264586,1,358.8101244463636,-25.530922604847905,11.890334120703816,-36.70835541611241
2020-06,2.2,0.0267348562474453,132.521965266488,124.344972935887,23449.543028817643,116.54818264147,11790.2,8.689982943818158,321.71246395605993,2.2,2.2,oficial,126.16666666666669,69.55066666666667,72.5,110.31966666666668,106.772,94.32166666666669,94.32166666666669,,2542.5333333333333,2164501.0,4088335.0,6595841.8051,43242.0,29.535714285714285,72.52095238095238,52.5,42.72586666701641,43.42413411646358,52.5,-13.669576805363858,36.42823474041754,-6.297631926598868,6.793695822248003,99.92503425538428,4.593695822248002,1.888811786180741,113.59461106074814,33.880962452946164,-18.61903754705384,-9.543171663517413,-8.844904214070247,52.16505747126439,0.5565467133367724,3.6191793453204335,56390.8275862069,0.7668268378202863,30.0,-12.209204948887752,-18.61903754705384,-6.197127697045746,2741333.8051,3776462.0,1575181.0,124.344972935887,88.79621965044502,149.84682365560792,95.34061072585963,113.41104164907487,166.86491275810448,128.61072901282378,163.00889103089742,57.94750822380546,58.57498991443357,158.9851723933633,143.29376978229706,200.8947649284838,133.52314446343613,75.1754802208495,137.29754918115577,116.42598164400822,210.04652385043957,121.61786062559452,0.9573098971246524,52.16505747126439,CCL,Segundo control de cambios,1,0,9.05029697257338,8.869675099786427,18.06218727869524,92.99424237076768,88.05842994255897,1.0560515606674836,0.05453701048176289,17.707158152042812,1,244.63382317956547,-11.972668399623121,-39.94705104170748,-29.679826551665922
2020-07,1.9,0.0272428185161467,127.463689469794,126.158194908386,23791.36751520022,117.8980986356416,11817.073,8.845533638512503,327.825000771225,1.9,1.9,oficial,130.7741935483871,71.38290322580644,75.2258064516129,114.00290322580646,112.09,97.77129032258064,97.77129032258064,,2334.064516129032,2428900.0,4199414.0,6882191.4051,43386.0,29.53273809523809,75.32428571428571,51.9,42.30690619734805,42.72586666701641,51.9,-13.492915975791089,32.61105819544596,-9.695848001902084,2.716974024878094,101.3960612943325,0.8169740248780939,1.7289365556424718,114.8889772701236,33.87707366855936,-18.02292633144064,-8.84879299845705,-8.429832528788687,51.54759862778733,0.5499590719803495,3.759733036707447,55824.11406518011,0.7771910172966221,30.2,-11.864994293245978,-18.02292633144064,-5.923698823933665,2812088.4051,3892508.0,1656283.0,126.158194908386,86.84341037948651,153.45982568224687,114.835268830606,114.60883217305792,166.5292250407314,130.2477744093699,164.44574819718954,62.26577690325748,58.855169162131695,150.6253597718475,158.85989528326877,117.04970703814668,136.16197085662932,78.69808657418463,141.06344466814718,124.92545031551904,174.86831765489194,124.40981392414274,1.004144660096435,51.54759862778733,CCL,Segundo control de cambios,1,0,9.056958038161987,8.865826460434699,19.11315777272886,99.58890761250255,90.07390025677584,1.1056355651148895,0.10042034167134585,20.028062493876575,1,203.5887303498011,-9.621642489093851,-68.72264239262931,-29.649704982970437
2020-08,2.7,0.0279783746160827,125.183893759846,128.844157875002,22953.005491091488,118.88800263543963,11849.028,9.022444311282753,336.6762757920481,2.7,2.7,oficial,134.19354838709677,73.25096774193547,77.38709677419355,127.57516129032258,124.42870967741936,100.66548387096776,100.66548387096776,,2128.6774193548385,2287225.0,4155272.0,7002215.2051,42842.0,29.653125,77.4885,51.2,40.52806986988118,42.30690619734805,51.2,-11.013447109345364,32.04146755110784,-8.486602318773343,-1.0511466599863684,90.11477056181988,-3.751146659986369,1.8167307545169364,101.12821767116525,34.03445763926551,-17.16554236073449,-8.272448558082537,-6.493612230615668,64.85327219674863,0.691916720500465,2.873070325900517,53694.63609837432,0.7978823046962991,48.3,-11.3528719317027,-17.16554236073449,-4.62086488245963,2883056.2051,3803912.0,1667169.0,128.844157875002,264.27940882804273,153.09200799719278,117.71327997140502,114.39875196317637,171.17913126392372,134.64433869188022,162.48295854314082,66.92927722435165,71.33531502758338,149.949973374243,144.5810036683974,75.82374782048988,134.4421209146634,80.99570861746433,140.02553378434692,124.03952405773776,264.450172568594,126.22909915629914,0.9826539592439756,64.85327219674863,CCL,Segundo control de cambios,1,0,9.055239609066112,8.861977821082972,19.326178798313972,98.85845942310928,91.28252989095871,1.0829942984840624,0.07972970344734324,14.941548832491538,1,388.63888463693155,-10.154663771137873,-9.080389192794502,-25.096212603629375
2020-09,2.8,0.028761769105333,127.175076093353,130.796547932016,21628.03177677916,119.58809089053032,11872.524999999998,9.24800541906482,346.1032115142255,2.8,2.8,oficial,137.7,75.188,79.5,133.83,126.99266666666666,117.21833333333332,117.21833333333332,,1511.8,2393695.0,4237168.0,7235036.9551,41379.0,29.744318181818183,79.4309090909091,50.5,36.4144058793559,40.52806986988118,50.5,-6.944331665918602,31.822834557208047,-4.59157132214785,1.9708938428098173,92.05746719016156,-0.8291061571901821,1.7701369639824622,99.00179885608014,34.15378900477231,-16.346210995227693,-6.374280865108872,-2.26061687458359,68.33962264150945,0.7291124406938275,2.7303042934555988,53297.7106918239,0.7763748097786068,48.0,-10.861269764270888,-16.346210995227693,-1.6571687279002378,2972287.9551,3807279.0,1677555.0,130.796547932016,237.46872488535465,155.10667349005632,116.4657875135662,119.2529194675179,167.2652912617691,135.81789891183703,166.23306556152522,69.00350989700553,63.822216166369074,152.13612349274302,133.95363039404674,73.78709736582393,141.84240321184325,77.02575241331968,140.58376310649004,122.18209763464066,247.5558415851381,127.88042752168182,0.9554401717489172,68.33962264150945,CCL,Segundo control de cambios,1,0,9.058105539710668,8.858129181731243,19.997635797942337,97.23091844950544,92.49344998027095,1.0512195022484836,0.04995092094339489,15.583962570205841,1,356.78289378675964,-5.9274585284947,25.991624654749756,-21.511421098700456
2020-10,3.8,0.0298547163313357,131.345501894528,133.39866145683,24095.3382187538,118.10908536259886,11886.8,9.627173641246475,359.25513355176605,3.8,3.8,oficial,170.93548387096774,77.55774193548388,83.16129032258064,158.68,147.92129032258063,137.1558064516129,137.1558064516129,,1401.8387096774193,2225061.0,4348844.0,7281652.2551,39856.0,30.696428571428573,83.1347619047619,52.1,37.07468857964318,36.4144058793559,52.1,-7.231439318705757,32.920932559137526,-4.153756020505654,2.6356283253342827,98.61126968715206,-1.1643716746657171,1.954483045633356,105.8427090058578,35.405508034872234,-16.694491965127767,-1.0088978444836627,-1.6691805447709456,90.80993017843292,0.968847167608107,4.605396632176917,52294.08999224205,0.762151134208717,48.2,-10.97599734722403,-16.694491965127767,-1.2177160948289243,3036485.2551,3931161.0,1685004.0,133.39866145683,162.6490878916505,156.5410600049721,133.11965328772865,127.43488896230404,172.65111619952066,137.68022997357104,169.6862008245166,103.5507220390247,75.2410910895403,151.68674913955294,132.3463575442918,73.32710116645963,145.26536712896768,79.67516748562818,143.15187090659853,128.0550777256571,204.5979596972096,137.49217288046475,0.9313626735464264,90.80993017843292,CCL,Segundo control de cambios,1,0,9.042178423928137,8.854280542379517,18.789788154861853,101.71409737964714,99.05787217521332,1.0268148825136836,0.026461663982349757,12.153584482184913,1,271.9063121934363,-4.210524418750605,-24.30579917231208,-16.36410890093556
2020-11,3.2,0.0308100672539384,132.068655252997,134.871321016984,24010.693725993668,119.55610485137191,11893.389,9.943907654043484,370.7512978254226,3.2,3.2,oficial,161.0,79.90533333333333,85.6,147.99133333333333,143.806,140.99200000000002,140.99200000000002,,1378.2,2227275.0,4405288.0,7343067.6051,38652.0,32.94078947368421,85.48473684210526,52.5,35.62903031082627,37.07468857964318,52.5,-4.267611488536971,34.11549403177994,-1.5135362790463347,1.2979081337477272,89.17061515722249,-1.902091866252273,1.9778823899159288,93.43822664575946,38.398599324775205,-14.101400675224795,1.3239107451320251,2.7695690139489315,72.88707165109034,0.7776289749992475,2.9325058184639152,51463.64485981309,0.7510544600035229,45.6,-9.2468201149015,-14.101400675224795,2.042017853848699,3073620.6051,3995331.0,1705170.0,134.871321016984,86.64343350225866,156.78657990555885,137.3494532948153,124.64921285715296,169.18794928903904,139.68284300157543,169.72032850319374,104.87222750178984,77.98433096161834,153.16144155949812,139.37381320808277,86.96627386181261,144.48519660443674,76.55309298106032,143.30859619870597,129.55238053297677,164.6584143732552,138.0754037799852,0.938272690039789,72.88707165109034,CCL,Segundo control de cambios,1,0,9.022835293319169,8.850431903027788,17.240339029137886,102.72797472823599,99.45447446953337,1.0329145599146012,0.032384476082326814,15.195776093222237,1,190.78753701735113,-0.2119389859413623,-7.507620278254734,-15.407715079163609
2020-12,4.0,0.032042469944096,133.854365594606,136.95759393152,29931.10446415699,123.17567601244556,11878.736,10.11892042875465,385.5813497384395,4.0,4.0,oficial,153.38709677419354,82.6383870967742,88.16129032258064,142.5074193548387,140.5932258064516,145.5048387096774,145.5048387096774,,1388.9032258064517,2470260.0,4902460.0,7955011.3121,39387.0,34.21527777777778,88.18166666666667,49.8,36.02139973313334,35.62903031082627,49.8,-2.261591136388541,32.99154816482097,-3.029851568312374,11.28580015653915,79.18996337952287,7.28580015653915,1.9845927149368887,81.45155451591141,40.12514142446062,-9.674858575539377,4.496111113634349,4.103741691327279,61.64398097328942,0.6576769330040039,2.9921615917998245,55607.85217709477,0.7082992501592025,42.2,-6.4585170731237485,-9.674858575539377,3.016982400841784,3363057.3121,4372027.0,1897825.0,136.95759393152,103.05339148360548,157.8722199974234,136.6075218806263,118.550579057643,175.95488074238187,142.27006778944133,163.65352255971575,111.12735288265058,90.32413753218373,150.69677385468728,149.9753134869929,112.25612588204818,144.66511551722812,80.78370021522805,144.27703531781472,131.59227660181423,184.8638643203472,140.36148496969943,0.9375241123319672,61.64398097328942,CCL,Segundo control de cambios,1,0,9.073608837827996,8.846583263676061,22.702557415193603,104.51228980959203,101.03376482684604,1.0344293315082098,0.033849904133239475,13.508960053043891,1,221.5697697775562,1.834784889355845,4.293470596288529,-11.674175163688005
2021-01,4.0,0.0333241687418598,131.521537397319,139.849767776997,24420.020915074365,122.78666270910176,11910.296,10.449809126774928,401.004603727977,4.0,4.0,oficial,158.61290322580646,85.82548387096774,91.41935483870968,146.52161290322582,145.18451612903226,150.74193548387098,150.74193548387098,,1418.6774193548388,2481310.0,4778563.0,8058584.4453,39515.0,34.121875,91.474,49.4,38.281774899764144,36.02139973313334,49.4,-0.7666274110125215,29.578612878394782,-8.703162021369362,-2.5272414257332065,69.246372150812,-6.527241425733207,1.9258226501323896,70.01299956182451,39.99794191791708,-9.402058082082917,3.9765421847837374,1.7161670181529374,60.27417078334509,0.6430624880850332,3.695572630808641,52270.80204657727,0.755966973010843,40.0,-6.293211567659252,-9.402058082082917,1.2410652230902652,3291764.4453,4264663.0,1831071.0,139.849767776997,126.53624092832725,152.80922756101515,145.53881472982238,106.25917619020568,165.46859869159613,138.78795654102544,178.0610338935695,130.35241318963185,111.78200904472185,158.01002188152344,151.01554674302818,86.9746061117479,134.9090941120267,79.52679249531325,146.72805779362906,129.96298305672312,188.4756810005109,147.28396975881847,0.8823973394357923,60.27417078334509,CCL,Segundo control de cambios,1,0,9.01296137668437,8.842734624324333,17.022675236003693,103.06421590425006,105.64629219962463,0.9755592341045384,-0.02474439897411129,11.55504234277066,1,236.53246111124358,1.5948886457588074,11.655156135916389,-9.960153697011886
2021-02,3.6,0.0345238388165668,126.239266968364,138.242679569702,22322.62103430943,122.33700552394454,11948.179,10.90228586196428,415.4407694621843,3.6,3.6,oficial,149.03571428571428,88.71892857142858,94.0,148.14035714285714,145.555,155.18535714285713,155.18535714285713,,1472.0,2408886.0,4756858.0,8222910.4468,39518.0,34.10069444444444,93.99777777777778,45.0,40.45090078054477,38.281774899764144,45.0,-0.9366420221404326,30.17753184018221,-10.273368940362548,-0.4542160477951196,64.42397695990798,-4.054216047795119,1.974712792552242,65.36061898204841,39.9691121464292,-5.030887853570803,1.6873372466650522,-0.481788634115567,57.59612462006079,0.6144905308670991,2.8228652081863093,50604.87234042553,0.7809129471596588,39.9,-3.469577830048831,-5.030887853570803,-0.3430299353283317,3273824.4468,4250427.0,1819502.0,138.242679569702,161.33687698543534,154.16099455437632,141.8982575359745,103.45540009199156,159.70484494432293,137.69950989623572,170.47970998747434,124.8330507804089,112.214333046197,153.56411709588244,128.49517383267263,71.7878866833819,135.85281710502957,75.8302054370675,147.44829242053862,123.11085112423692,200.6199135592708,145.59063176824307,0.8455959674672587,57.59612462006079,CCL,Segundo control de cambios,1,0,8.97212936337606,8.838885984972604,13.324337840345637,97.5078016510257,104.53094115796533,0.9328128166728511,-0.06955072347938966,7.847271089361681,1,267.8447988306303,-0.926686463528803,-9.561390259827718,-8.773957552890543
2021-03,4.8,0.036180983079762,145.956900103647,140.891393298284,24627.553412049245,119.0222848666552,12000.33,11.449580612234888,435.38192639636907,4.8,4.8,oficial,143.3548387096774,91.09451612903226,96.70967741935485,148.01,143.57290322580647,159.5048387096774,159.5048387096774,,1568.1935483870968,2432295.0,4878938.0,8545032.9133,39593.0,34.06818181818182,96.63590909090908,43.1,42.490362069710486,40.45090078054477,43.1,11.853855367893562,32.67900226956462,-9.811359800145866,2.566399921965301,50.25496549850852,-2.2336000780346987,2.0058989555132087,38.40111013061495,39.92486839117571,-3.1751316088242945,-0.5260323893690568,-2.5654936785347786,53.04569713142095,0.5659422192990563,2.8826355525051417,50449.32555036691,0.7848073203767942,39.5,-2.2188201319526923,-3.1751316088242945,-1.800468215021911,3397075.9133,4356592.0,1827988.0,140.891393298284,136.1191335443744,159.41394065016746,152.5061885240319,129.5237310980323,179.5120457872638,142.5766902351481,185.34016486799152,123.11019008577796,91.89926918050448,167.71302949326997,144.92576527520643,147.80017406073992,155.54687632819665,84.12847762083021,148.92595141662704,137.02694945848415,223.0672161721235,149.53473784598194,0.9163552993259628,53.04569713142095,CCL,Segundo control de cambios,1,0,8.96220195645708,8.835037345620878,12.716461083620167,108.68774389520732,107.47215011980359,1.0113107793418914,0.01124729076554455,10.3906241528053,1,278.5428682503906,15.012931524506712,28.512403968224387,4.622307371701417
2021-04,4.1,0.0376644033860322,147.280844018759,139.3115864823,23407.47506933876,116.76346229484012,12061.515,11.817112149887627,453.2325853786202,4.1,4.1,oficial,145.2,92.734,98.5,151.25966666666667,145.49033333333333,162.3766666666667,162.3766666666667,,1587.1,2370115.0,5014380.0,8861417.313,40263.0,34.096875,98.526,43.3,46.14036149218581,42.490362069710486,43.3,31.43559858833589,36.70559872458583,-9.434762767599976,2.77605495294262,41.33330853000541,-1.3239450470573804,2.115669492830517,9.897709941669522,39.96391391438656,-3.336086085613438,-2.5264481553239264,-6.176447577799252,53.563113367174296,0.5714625104555309,1.8512341561040648,50907.41116751269,0.7909064530410539,49.0,-2.3280433256199884,-3.336086085613438,-4.22638038850719,3522444.313,4369385.0,1795749.0,139.3115864823,133.06229548029438,156.14508984078356,137.9850697543318,123.3167253252968,170.8303095979835,143.93229852058508,188.17575352677105,103.4699806309372,98.85791341160235,170.3216622662127,134.58537143165125,207.7091413546694,151.53322169229145,82.53756031136325,146.3039253078881,130.55320536832514,242.55916830070092,145.986214981717,0.8942844732612276,53.563113367174296,CCL,Segundo control de cambios,1,0,8.95826028645946,8.831188706269149,12.707158019031084,103.68217727121873,105.01006633131105,0.9873546498304003,-0.012725983085542106,-0.20919112296898662,1,300.74435052800385,36.127230340435275,2.9452053358387964,36.33642146340419
2021-05,3.3,0.0389073286977713,151.169322338748,138.859164396742,23368.393763666063,117.24355940054636,12087.630999999998,12.152718134944436,468.1892606961147,3.3,3.3,oficial,153.29032258064515,94.0983870967742,99.70967741935485,160.31354838709677,155.76967741935482,164.32096774193548,164.32096774193548,,1545.5806451612902,2517197.0,5216324.0,9150851.0324,41872.0,34.11513157894737,99.61315789473684,43.3,48.73201322308178,46.14036149218581,43.3,18.470789601353463,40.68651829116787,-8.045494931913908,4.027297492411819,36.2585303225621,0.727297492411819,2.0722748358590923,17.787740721208635,39.98876256488835,-3.31123743511165,-6.151598927297464,-8.743250658193432,60.78032999029441,0.6484626784942543,1.2280989028983005,52315.12261404077,0.8003804236284452,51.0,-2.310703025200045,-3.31123743511165,-5.878526397057183,3672072.0324,4567401.0,1861372.0,138.859164396742,158.33622266686783,157.02468159172642,124.4601404457727,122.08775205075086,156.55073098171624,142.1138995197184,193.13552085329653,106.0886176441237,91.449755271961,175.36822873832867,146.80618291896502,282.04636495372336,148.73672379941652,90.39575217016636,147.3501703295633,131.07392397680118,283.45426221006664,146.00110357497758,0.8977598166543264,60.78032999029441,CCL,Segundo control de cambios,1,0,8.967394029831242,8.827340066917422,14.005396291381976,104.62167525498035,105.0108616058684,0.9962938467036985,-0.0037130380984482674,-3.0081410089702927,1,361.2111478438959,22.327872177712038,0.6669337114702856,25.336013186682305
2021-06,3.2,0.0401523632161,148.979617108412,141.524107268231,23677.99416274856,116.95636213369802,12111.65,12.42980010842117,483.1713170383903,3.2,3.2,oficial,162.4,95.25133333333332,100.56666666666666,165.02533333333335,160.6843333333333,166.01233333333332,166.01233333333332,,1513.5333333333333,2735557.0,5550010.0,9647723.6027,42437.0,34.11904761904762,100.61904761904762,42.9,50.18731667927632,48.73201322308178,42.9,13.815704750043787,43.03595517714365,-7.151361502132666,6.39695693749085,35.752329493546874,3.196956937490849,2.028840927094555,21.936624743503085,39.994093132463135,-2.905906867536864,-8.737920090618644,-10.19322354681318,64.09545906529668,0.6838316453931412,0.8594845249649596,55187.37156115346,0.7689621520201465,52.5,-2.033524749850857,-2.905906867536864,-6.787006900576509,3747733.6027,5023429.0,2016618.0,141.524107268231,186.58714391871217,157.9008985271138,135.99230747765915,133.05255246432318,163.700496286299,144.73544760929815,199.64763383679988,113.51034724263836,92.64315511431444,174.10666839008493,157.880613718325,192.8670970471906,155.80001791336812,87.02193241682453,148.2125705600526,137.9960657101187,267.6616304085476,150.19106718626014,0.9188034168435746,64.09545906529668,CCL,Segundo control de cambios,1,0,8.956290558201603,8.823491427565694,13.279913063590952,109.82632681078965,107.94330912162395,1.0174445058659822,0.017294097157817705,-3.7242913323945186,1,354.69721280474806,16.63626896801178,37.15020106039759,20.360560300406316
2021-07,3.0,0.041356934112583,142.425913060358,141.379165811089,24779.46708113056,113.7425558346896,12141.780000000002,13.040103293744648,497.666456549542,3.0,3.0,oficial,177.6451612903226,96.20806451612904,101.58064516129032,167.00870967741935,166.38548387096773,167.61516129032256,167.61516129032256,,1594.9032258064517,2783078.0,5667359.0,9917202.4804,42582.0,34.13095238095238,101.61904761904762,43.2,51.80857328719788,50.18731667927632,43.2,12.064987862069689,47.420199013990974,-4.388374273206907,2.114392586680025,34.9559486156878,-0.885607413319975,2.036363695160538,22.89096075361812,40.01029920049961,-3.189700799500393,-10.177017478776705,-11.798274086698273,64.40997141949825,0.6871871639245091,1.0082649929966658,55791.72086376628,0.7632315214649477,51.9,-2.227444692388536,-3.189700799500393,-7.771810136426083,3866448.4804,5161417.0,2114201.0,141.379165811089,286.60974142620495,158.77894636450526,141.52888477229388,129.64688192270165,162.43005619027073,143.81996020064312,182.2428966766558,122.38586751534088,104.50098575083588,168.78618850343528,163.91217308132772,115.64226963500748,151.57414965685584,88.70168297513791,150.71523029694472,139.74610262683558,295.4799550031663,150.27636482611564,0.9299273560984485,64.40997141949825,CCL,Segundo control de cambios,1,0,8.95791685166718,8.819642788213967,13.827406345321336,111.20973128681605,107.97853277848579,1.0299244528072904,0.02948545276249868,-7.093488890884717,0,433.4744584501289,11.036710052351228,75.57309438800202,18.130198943235953
2021-08,2.5,0.0423908574653975,140.974940727777,143.315902384153,23990.069055768367,111.90832904100186,12204.358,13.45477857848573,510.1081179632805,2.5,2.5,oficial,180.83870967741936,97.19451612903228,102.61290322580643,169.18129032258065,169.6258064516129,169.2258064516129,169.2258064516129,,1568.1612903225807,2866832.0,5800361.0,10223592.9998,46180.0,34.157738095238095,102.5690476190476,43.7,51.51293828566481,51.80857328719788,43.7,11.231975704471386,49.125648375133245,-2.387289910531564,2.3468073930026367,39.59040467146316,-0.1531926069973632,2.0232650535504,28.358428966991767,40.0467691414907,-3.653230858509304,-11.76180414570718,-11.46616914417411,64.87331027978624,0.6921305059307272,1.016195617656401,56526.62401760453,0.8169601635083992,51.2,-2.542262253659921,-3.653230858509304,-7.567782180130134,3939825.9998,5313001.0,2142466.0,143.315902384153,274.71223063327227,161.676705118458,150.72616312406842,130.63503370176736,169.16181603608905,145.07236485142744,182.28224992384528,118.54023155820062,113.76549373944486,170.1474958865503,158.17023301610752,78.58741462395535,152.69337804071247,90.4971781138322,150.99928466454628,141.36078653875202,276.4286329675218,151.80321850916076,0.9312107340479177,64.87331027978624,CCL,Segundo control de cambios,1,0,8.95202441855479,8.815794148862238,13.623026969255214,112.39170814405156,109.09247706638843,1.0302425168662674,0.029794227794994733,-4.993547565234851,0,404.6903909119575,12.830103944048776,4.047171253213122,17.8236515092836
2021-09,3.5,0.0438745374766864,141.296089090284,144.177346450918,22962.046342330883,110.09025234764393,12269.406,13.99296972162516,527.9619020919952,3.5,3.5,oficial,184.2333333333333,98.263,103.76666666666668,172.18766666666667,172.06466666666665,171.20066666666668,171.20066666666668,,1540.5333333333333,2940337.0,6052571.0,10591573.0231,42911.0,34.15909090909091,103.78181818181817,45.6,52.54464117282402,51.51293828566481,45.6,10.23023828263183,51.30797493672061,-1.2366662361034102,4.34817763928832,42.84472553365832,0.8481776392883198,2.0584616661287463,32.61448725102649,40.04861128868833,-5.551388711311674,-11.464326996976482,-12.496029884135694,65.93735946032766,0.703482800032679,1.1243843655035055,58328.66366848699,0.7356760347517334,50.5,-3.8127669720547153,-5.551388711311674,-8.191720002788195,4108811.0231,5490860.0,2182415.0,144.177346450918,218.11969626326385,163.43179660450963,149.735617165174,131.99133095649626,165.7050198701382,146.38168912656215,179.40269792427523,115.3646885697758,120.34505004062272,170.88541607466286,139.62006354084525,74.20091013327364,154.0208454790058,90.1226404956808,152.60833140576128,137.94987893672155,240.87600793535967,152.58157972477136,0.9041057196127956,65.93735946032766,CCL,Segundo control de cambios,1,0,8.959620129862733,8.81194550951051,14.767462035222325,109.63522771182363,109.69360096049962,0.9994678518330617,-0.0005322898080256312,-5.048321075142052,0,337.59568130922605,12.00699916671999,-5.527848582428518,17.05532024186196
2021-10,3.5,0.0454101462883705,139.514758699679,143.355861783136,25386.745245625458,105.6623398716956,12312.309,14.556886401406654,546.4405686652151,3.5,3.5,oficial,189.1290322580645,99.21741935483873,104.83870967741936,177.76483870967743,177.66645161290322,172.82580645161292,172.82580645161292,,1638.516129032258,3009289.0,6411444.0,11046351.6531,42817.0,34.141447368421055,104.76684210526317,48.6,52.10376070700657,52.54464117282402,48.6,7.464243057287567,51.20623086135492,-0.8975298456516541,5.929265431169672,47.42869599369395,2.4292654311696724,2.130551103599555,39.96445293640638,40.0245875551807,-8.5754124448193,-12.52005361764332,-12.07917315182587,69.5603076923077,0.7421358760349146,1.033128503777081,61155.312,0.7001354191439658,52.1,-5.770802452772072,-8.5754124448193,-7.941403352342924,4409207.6531,5807209.0,2222021.0,143.355861783136,119.02744826803615,164.3654231281929,140.8169877298408,133.67928908098193,168.8934057337336,146.36246608107868,174.0566303199121,121.32184162877893,113.9562192359232,170.94184434219082,129.2095573149981,75.61664717062612,151.75360615594863,91.93067438894028,159.815986597185,134.73082824337294,183.97034907716412,152.6643864091275,0.8825295238295187,69.5603076923077,CCL,Segundo control de cambios,1,0,8.995780008089994,8.808096870158783,18.76831379312112,107.257968453126,109.81347084195376,0.9767286984990603,-0.023546353834487672,-5.000801781683744,0,225.5290005316663,5.307094222906095,-18.700881036175332,10.307896004589878
2021-11,2.5,0.0465453999455797,143.751877618888,145.713566991104,25026.615284791493,103.81965767478395,12356.554000000002,15.130427725622075,560.1015828818454,2.5,2.5,oficial,200.7,100.32833333333332,105.76666666666668,197.741,192.11066666666665,174.63666666666668,174.63666666666668,,1766.7,3136142.0,6770724.0,11453632.709,41530.0,34.17559523809524,105.83190476190477,52.3,51.07204915182344,52.10376070700657,52.3,8.038955867240771,52.15776586048244,1.0857167086589996,5.603729830596671,53.69537701053824,3.103729830596671,2.158934129895904,45.65642114329746,40.07108727307602,-12.228912726923973,-12.032673433930547,-11.000961878747418,86.95965962811218,0.9277687997481888,0.885128205128205,64015.66971320517,0.6487474111581961,52.5,-8.029489643416932,-12.22891272692398,-7.281930668519454,4704195.709,6022251.0,2326807.0,145.713566991104,91.17462234247851,164.78528955548063,144.83112654406276,137.74105366831273,172.13811827700133,149.29578022978382,174.105944817933,121.3025923239177,119.1845613470315,174.6717829770369,139.50962944151962,92.51854885498985,158.63355400445923,90.27128561259732,160.5072168454401,138.8297885601106,175.76461082197133,154.9106926277532,0.8961924203238532,86.95965962811218,CCL,Segundo control de cambios,1,0,9.035847207217705,8.804248230807055,23.159897641065008,110.39309219448197,111.42809882732058,0.9907114395405546,-0.00933196814284224,-4.171644422516906,0,202.38413687966914,7.196308866084866,5.900712197616631,11.36795328860174
2021-12,3.8,0.0483141251435118,147.229878318134,149.720403789366,31596.63098218947,101.82141879023304,12415.14,15.519279718170566,581.3854430313554,3.8,3.8,oficial,200.5483870967742,101.8758064516129,107.5483870967742,208.41290322580645,198.3487096774193,177.24967741935484,177.24967741935484,,1733.548387096774,3654036.0,7809297.0,12576273.2841,39662.0,34.2,107.4385,54.8,50.7815259803776,51.07204915182344,54.8,9.31880408488157,53.36892732222567,2.5874013418480715,15.339171999922009,59.29343635644146,11.539171999922008,2.137170241344092,49.97463227155989,40.10432831284445,-14.695671687155546,-10.967720838978993,-10.677197667533145,93.78524295140971,1.0,1.684576517592995,72611.93971205759,0.5462187094475032,49.8,-9.493327963278784,-14.695671687155546,-7.081237305505628,5349814.2841,6843431.0,2691400.0,149.720403789366,106.38180891486648,166.44216016789224,141.64760319910076,131.04457073314543,174.98367284851696,151.17330714784907,167.41608258725594,126.10371815571484,126.55591867643898,176.31510823696098,154.85842301784933,129.4416123720216,155.10929639360745,92.47969143414902,161.23161935057934,140.6233122771451,199.8018547977639,155.46006870567524,0.9045622676481648,93.78524295140971,CCL,Segundo control de cambios,1,0,9.127158454991775,8.800399591455328,32.67588635364476,111.96360927991353,111.78976416274928,1.0015551076475226,0.0015538997197679263,-3.2296004413471553,0,236.98235217320413,6.8869231031195355,6.724814736235807,10.116523544466638
2022-01,3.9,0.0501983760241087,139.637961612281,148.524545672033,25464.131520078303,101.56146602066994,12455.395,16.10280463557378,604.0594753095784,3.9,3.9,oficial,211.7741935483871,103.93,109.48387096774194,216.6374193548388,207.33129032258063,180.5790322580645,180.5790322580645,,1829.935483870968,3631047.0,7489231.0,12603152.2076,37589.0,36.92559523809524,109.48095238095236,53.9,50.63654374385793,50.7815259803776,53.9,6.202926206405102,54.09663889759013,3.4600951537322047,-4.098525129726783,56.72558884334056,-7.998525129726783,2.062554133835228,50.52266263693546,43.86261926593398,-10.03738073406602,-6.918906714443615,-6.7739244779239485,97.87153800824986,1.0,1.7996400719856087,68404.87949322333,0.5495075830624602,49.4,-6.522014771972728,-10.03738073406602,-4.496866636453312,5176960.2076,6700018.0,2665796.0,148.524545672033,111.84315261577564,160.1427902093397,146.2994211822731,105.56566239630448,170.72576978744613,144.6735364516133,183.27304966326136,136.8403258358335,167.38155944577315,171.12480280476845,164.04625809745033,102.95741321574852,139.25789939527843,93.53114018676888,161.34227260662476,136.64705321652713,190.59495664023984,162.4381265142385,0.8412252477225496,97.87153800824986,CCL,Segundo control de cambios,1,0,9.056055947329774,8.7965509521036,25.9504995226175,108.83914038750524,116.39313249430482,0.9350993315076453,-0.06710251842961801,-4.2358119455506715,0,229.8575614879377,5.45187665942386,-2.8625635597011367,9.687688604974554
2022-02,4.7,0.0525576996972418,137.849513525076,150.709226388273,23803.20202289494,102.63989859178469,12498.135,16.60682242066724,632.4502706491285,4.7,4.7,oficial,213.42857142857144,106.38321428571427,112.0,211.36892857142857,204.2267857142857,184.8532142857143,184.8532142857143,,1765.321428571429,3672002.0,7518148.0,12903866.1816,37018.0,38.31578947368421,111.94631578947369,52.9,52.23596650561704,50.63654374385793,52.9,9.017871222819696,52.32422476285321,0.0882582572361769,0.386114408809135,58.04861107899373,-4.313885591190865,2.0474248107708,49.03073985617404,45.81492338043984,-7.085076619560155,-4.821620363418084,-6.421043125177192,88.72225765306123,0.9465738808747582,2.29817324690631,67126.32142857143,0.5514677284884522,45.0,-4.633797658312721,-7.085076619560155,-4.217822681830108,5151949.1816,6725566.0,2708918.0,150.709226388273,160.2263747211023,161.51263104819196,150.83267152978038,114.31190346263938,161.67681322391178,145.84302882644852,174.50096444910358,137.2207896474432,164.6250207273775,172.23432848344285,136.4414492308093,78.75098139087793,145.31905867760278,84.6240056131197,161.65787461328793,132.46618249192005,207.96681084687955,161.91774301999345,0.8181078862713844,88.72225765306123,CCL,Segundo control de cambios,1,0,9.005284088866754,8.792702312751873,21.25817761148809,105.06639000051048,116.0931723186305,0.9050178223413881,-0.09980064228121542,-3.0249918801825757,0,273.00444312730474,7.466004433206042,1.9080366322478781,10.490996313388656
2022-03,6.7,0.0560790655769571,153.930850794253,150.346723785422,24612.90136936376,101.52932153035933,12548.496999999996,17.83406659755455,674.8244387826201,6.7,6.7,oficial,202.0,109.37290322580644,114.7741935483871,196.4906451612904,194.6883870967742,189.45129032258063,189.45129032258063,,1814.4827586206893,3513786.0,7430984.0,13204074.7813,43137.0,40.54166666666666,114.9209523809524,55.4,54.99596971516547,52.23596650561704,55.4,6.711077423388057,55.76174535595892,0.76577564079345,-1.15938127315397,52.30740788261707,-7.85938127315397,2.11480835770875,45.596330459229016,48.99143942466144,-6.408560575338555,-3.244527080955592,-6.004530290504029,71.19758291174819,0.759603893638639,2.4769585253456183,64744.379988757726,0.6662663231540769,43.1,-4.123912854143208,-6.408560575338555,-3.8739912408938704,5073887.7813,6736815.0,2645803.0,150.346723785422,128.9958129190849,165.2561364482656,156.33788441486553,134.5108294690881,180.2436235926856,148.87342561749497,188.49430212124145,138.935172705515,130.7044860442786,184.85307102209487,146.0160006277402,150.42269427040077,161.9896862351318,95.19459061851371,161.47135027024876,142.7098820762765,224.5378422461502,163.111761787576,0.8749208549542288,71.19758291174819,CCL,Segundo control de cambios,1,0,8.9251653361291,8.788853673400144,13.631166272895534,113.48773356500544,117.05912090212603,0.9694907384439813,-0.030984357265141205,-4.223164803068576,0,274.44042325264974,4.3215720647682865,-1.4837772954534145,8.5447368678369
2022-04,6.0,0.0594438095115745,157.661692173447,152.09770494153,24147.43609700489,100.21262177796152,12608.292,18.718636300793257,715.3139051095773,6.0,6.0,oficial,199.06666666666663,113.186,118.63333333333334,196.42066666666668,196.50833333333333,195.65966666666665,195.65966666666665,,1727.8333333333333,3509534.0,7777368.0,13857928.3848,42007.0,43.27302631578947,118.69526315789474,56.1,57.82490672245475,54.99596971516547,56.1,9.178072536597329,58.4027981063991,0.5778913839443547,4.661347676162397,55.10128869371687,-1.338652323837603,2.216068572066833,45.92321615711954,52.97595903434864,-3.1240409656513606,-2.0200106808168314,-4.848947688106108,65.5695420061815,0.6995585717247604,3.362375866591716,65558.03315538072,0.6407605289261527,43.3,-2.001307473191128,-3.1240409656513606,-3.072358976034939,5238358.3848,7036837.0,2677179.0,152.09770494153,211.137543336168,164.97304871090472,151.26623273351933,129.12816730822004,175.5886651869182,151.53833254441835,191.1269045910323,121.05810875052248,111.49017355259376,189.2227540318639,138.64010864800056,202.9111974407848,161.6426749659548,95.47597844732374,160.71627483012182,139.63799150943095,292.7092097945134,157.3106277826001,0.8876577093215064,65.5695420061815,CCL,Segundo control de cambios,1,0,8.898797247394967,8.785005034048417,11.379221334654943,111.10061655024663,113.11109504663874,0.9822256296293203,-0.01793423161305987,-0.5208248527517763,0,391.65457579196817,6.910601383858239,26.411969704870852,7.431426236610061
2022-05,5.1,0.0624754437966648,164.689363114084,152.126681744061,23234.77377354882,96.65944349778653,12669.764,19.8829354787026,751.7949142701657,5.1,5.1,oficial,204.2258064516129,117.79225806451612,123.19354838709675,210.37225806451613,208.8970967741936,203.3019354838709,203.3019354838709,,1883.0967741935483,3767808.0,8163439.0,14621451.6213,41561.0,45.521875,123.2025,60.1,60.5750019025169,57.82490672245475,60.1,9.5546573428972,63.60895774855808,3.033955846041181,4.964031533547075,56.49792842622505,-0.1359684664529243,2.166628182752412,46.94327108332785,56.3296517586221,-3.770348241377903,-1.4952549638326502,-4.245350143894804,70.7656454569259,0.7549955718519561,3.843957617670779,66265.15030112595,0.6271924203165026,43.3,-2.3549957784996245,-3.770348241377903,-2.643842499514404,5595765.6213,7313433.0,2803704.0,152.126681744061,170.11888119145723,165.95250746104833,145.6422928711779,135.36644813388816,159.3703161981868,153.24728647414742,194.5651098269116,119.47278686317928,137.14581788212192,195.6405715235095,155.968328440601,272.01309262796923,166.16401851988093,104.09606564983316,160.92652128426153,145.384136951485,292.5617137197014,162.61598710412218,0.8940334805974292,70.7656454569259,CCL,Segundo control de cambios,1,0,8.91505716426503,8.781156394696689,13.39007695683403,116.07965671755441,116.83086922484331,0.9935700854382656,-0.00645067550427737,-0.27376374058291025,0,373.9190861848712,10.392590070510277,3.457674248708731,10.666353811093199
2022-06,5.3,0.065786642317888,161.454834281213,154.302974508127,24144.358858783595,95.78978657410592,12736.734,20.84526955587181,791.6400447264845,5.3,5.3,oficial,217.16666666666663,122.65066666666668,127.9,231.05866666666668,226.24366666666668,211.11633333333333,211.11633333333333,,2146.266666666667,3981921.0,9205225.0,16182775.247,42787.0,48.20625,127.9925,68.8,63.84251647611461,60.5750019025169,68.8,9.0294632388503,67.70398054711413,3.861464070999517,12.761606964907802,65.85961106376385,7.461606964907802,2.311754803774359,56.83014782491355,60.4210230191979,-8.3789769808021,-0.1539788833190059,-3.421493456916714,80.65572061506386,0.8605123505298561,3.820371825085101,71972.04847537138,0.5944946810099699,42.9,-4.963848922276126,-8.3789769808021,-2.088281802858849,5976996.247,8389856.0,3071287.0,154.302974508127,200.87452766985865,167.12104572473902,149.8587874188523,141.3961244351732,167.6201466860951,153.12018379087115,201.13025198122332,122.13159218460224,163.7471665765255,191.15997031192208,166.6415230807075,190.6076480075927,171.4227126519167,96.64952605254052,162.51767908449173,148.211451890513,280.6077261825304,169.7522429909773,0.8731045273928472,80.65572061506386,CCL,Segundo control de cambios,1,0,8.929321900377925,8.77730775534496,15.201414503296462,118.02115945662031,121.82245335151747,0.96879644277128,-0.03170075853851751,-4.899485569633521,0,373.40622681972,7.196365489407608,5.140240311811706,12.095851059041074
2022-07,7.4,0.0706548538494117,152.445387435861,152.558197358768,26090.25557801412,91.8625989896518,12813.438000000002,22.0000974892671,850.2214080362443,7.4,7.4,oficial,289.80645161290323,128.40354838709678,135.16129032258064,299.161935483871,289.56225806451613,230.8441935483871,222.91129032258064,,2659.870967741936,4316999.0,9380335.0,16849187.384,38232.0,51.07142857142857,135.21238095238095,83.7,70.84161426732724,63.84251647611461,83.7,7.907127958737892,68.71106764791175,-2.1305466194154974,1.9022891890203564,65.51510147848407,-5.497710810979644,2.172883292305604,57.60797351974618,64.89607531216257,-18.80392468783744,1.053558836047955,-5.945538955164679,121.33699284009548,1.0,5.677318469570469,69401.04653937947,0.5508850645113318,43.2,-10.236213765834211,-18.80392468783744,-3.4801467901499072,6173657.384,8604036.0,3234472.0,152.558197358768,275.9045611265525,167.95204738705226,151.07353004648067,137.47421249955016,166.62720872337997,152.5590962776281,184.2310306914195,135.8683336481809,133.6277426751095,185.74071112078084,159.6238001716511,108.37983720826932,162.09686936092248,99.1392266450299,162.10500877324594,146.57402114719383,291.88680028495713,162.8777959690904,0.899901796160168,121.33699284009548,CCL,Segundo control de cambios,1,0,8.890305193537214,8.773459115993234,11.68460775439808,116.77888418438769,116.94812421674034,0.9985528623611013,-0.0014481857538714458,-3.0933638516370126,0,421.41988039090694,4.88643783981253,-2.820319784325509,7.979801691449584
2022-08,7.0,0.0756006936188705,151.465738916062,151.723014990957,23930.70583602192,91.70033282804522,12843.047,23.43450384556732,909.7369065987812,7.0,7.0,oficial,293.06451612903226,135.291935483871,142.3548387096774,289.9903225806452,282.4690322580645,248.97096774193548,234.74161290322576,,2422.8064516129034,4191384.0,9413906.0,17343364.5836,36734.0,60.48863636363637,142.29272727272726,90.5,78.34197782052705,70.84161426732724,90.5,5.866140788946828,74.17234857390538,-4.169629246621668,0.3578870051016203,62.298622447809706,-6.64211299489838,2.246013727208006,56.43248165886288,80.42315148063304,-10.076848519366962,9.581537213305792,2.081173660105989,103.7094946748244,1.0,5.322195704057275,66129.86313165647,0.5554827767731365,43.7,-5.289684262134886,-10.076848519366962,1.166956700570165,6230928.5836,8553350.0,3170761.0,151.723014990957,292.3847296260323,168.4840021395523,161.95289125120345,141.53560993284836,168.9548486083037,154.6132030531828,183.56049047038616,129.01316047754707,142.75121791098172,182.30327386186028,150.54356609646285,76.49887241371191,166.18252276704274,102.0583834684795,161.52740724699927,148.9417915740398,289.1534674244567,163.71732812711932,0.9097497087076392,103.7094946748244,CCL,Segundo control de cambios,1,0,8.831880485912036,8.769610476641505,6.227000927053084,118.55946200484308,117.58567527233089,1.0082815081875993,0.00824740465508784,-2.154682313990689,0,425.8664353018949,5.342446001357182,5.10034570840423,7.497128315347812
2022-09,6.2,0.0802879366232405,149.174349705282,150.787751125179,23136.67558390528,89.2653208401899,12906.507,25.011645954374,966.140594807906,6.2,6.2,oficial,281.3333333333333,143.121,149.9,295.476,286.175,262.393,247.3993333333333,,2425.9310344827586,4099049.0,10323756.0,19005551.9811,37625.0,66.48809523809524,150.42380952380952,94.1,82.9943772419321,78.34197782052705,94.1,4.584912149504272,78.74437272397037,-4.250004517961727,9.66495735139059,70.56811064256824,3.4649573513905905,2.51857345447688,65.98319849306397,91.00220885183364,-3.0977911481663654,12.66023103130658,8.00783160990153,97.11541027351566,1.0,5.300249263539558,68870.95396931288,0.5463115846596917,45.6,-1.5959768924092457,-3.097791148166351,4.37599872225285,6824686.9811,9103962.0,3195014.0,150.787751125179,212.27799063837284,169.35766230982802,159.98980002095558,137.27774266095517,162.68936341749156,152.55141882901947,180.82351305750944,123.6985962971364,133.01173417631952,180.45654049955465,133.9181755232668,72.54274766996889,165.58132242868083,98.94218983386318,162.29060799878835,143.20365505966043,238.59511069876783,160.9968877791708,0.8894808901901494,97.11541027351566,CCL,Segundo control de cambios,1,0,8.862747667506913,8.765761837289778,9.698583021713423,113.90227013961248,115.74307540408857,0.9840957633270987,-0.01603206621084323,-1.5499776402817598,0,331.20567918155996,3.8182057645555822,-1.9109400658077647,5.368183404837357
2022-10,6.3,0.0853460766305047,146.554396161703,149.085759213899,24989.575744483296,88.36194598935148,12954.204,26.29724455642882,1027.0074522808038,6.3,6.3,oficial,287.258064516129,152.06193548387097,158.90322580645162,307.05129032258066,294.8545161290323,278.10806451612905,262.21516129032256,,2707.535714285714,4298889.0,10547344.0,19721081.2692,38676.0,69.0625,159.47263157894736,98.8,87.9449497663515,82.9943772419321,98.8,3.996974633259853,80.6515750091151,-7.293374757236393,2.1657621509070912,64.50808897340443,-4.134237849092909,2.453504614796986,60.51111434014457,95.71367928972332,-3.0863207102766808,12.719302047791215,7.768729523371817,93.23162809581812,0.99468415661857,6.006154640728223,66375.89606171336,0.5826813993447376,48.6,-1.5524752063766023,-3.0863207102766808,4.133513314951909,6960959.2692,9448476.0,3251817.0,149.085759213899,85.89095927760494,168.69910755685464,146.38832476800195,138.3119723681216,163.7771336217326,151.90729430501457,176.02362478124112,131.62928030847593,150.02974740172868,181.46600470888183,137.18813907725774,64.51382046655428,158.97714648987304,102.76662360118192,161.92808286819286,141.8675053016837,161.81796296773362,162.7540142386071,0.8716682409669937,93.23162809581812,CCL,Segundo control de cambios,1,0,8.82142338258661,8.76191319793805,5.951018464856084,113.19793741674766,116.86679298326993,0.9686065179606025,-0.03189681977630371,-0.8350465941816037,0,183.53098006670913,5.390109192355741,-20.60652741896183,6.225155786537417
2022-11,4.9,0.0895280343853994,148.030494929525,148.327566132046,25637.81721913514,90.10823754948638,13012.747,28.06178966616519,1077.330817442563,4.9,4.9,oficial,302.0,162.109,169.1,317.0193333333333,304.2006666666667,295.939,279.028,,2444.5,4507746.0,11118879.0,20810338.5449,38009.0,69.17857142857143,169.15285714285716,100.7,92.34561200478316,87.9449497663515,100.7,1.7939298274824322,85.46593774507092,-6.879674259712232,5.41875755640473,64.2199416192419,0.5187575564047293,2.466616131432428,62.42601179175946,95.92859255684812,-4.771407443151887,7.983642790496617,3.582980552064967,87.47447269860045,0.9332613178484688,6.416971173365815,65753.27616794796,0.5780548470758609,52.3,-2.3773828814907305,-4.771407443151887,1.8627825790878287,7202619.5449,10074481.0,3428839.0,148.327566132046,76.56739268125872,169.29677822073538,149.69449811353206,139.74501413046593,163.57141221299435,154.20609224211262,175.31422931082145,127.21615230616472,149.86294155693355,179.81132080266005,145.59281787212953,75.33229454023947,162.78683132133284,97.03481061842196,162.631971890375,143.9170155036963,159.95524046296404,162.75908977473588,0.8842333518999297,87.47447269860045,CCL,Segundo control de cambios,1,0,8.807713547822827,8.758064558586323,4.964898923650374,114.57332424250532,116.93181049161895,0.9798302426072273,-0.020375944151513222,-1.1043976008670984,0,177.40443872318602,3.7167443248637966,-13.173546869139408,4.821141925730998
2022-12,5.1,0.0940939641390548,146.18080633796,148.485243711314,30974.17760841442,93.21739898921824,13038.500000000002,29.54064598157209,1132.274689132134,5.1,5.1,oficial,326.2258064516129,172.45516129032256,179.61290322580646,334.48387096774195,324.8809677419355,314.1145161290322,296.1654838709677,,2221.322580645161,5203752.0,13081865.0,22877903.0056,44598.0,69.3,179.9835,98.4,94.75456475628816,92.34561200478316,98.4,-0.8249777897938793,90.34804783487968,-4.406516921408468,17.654531540454755,67.5165511056885,12.554531540454756,2.51392937249892,68.34152889548238,96.1536564169968,-2.2463435830032097,3.808044412213647,1.399091660708649,86.22485632183907,0.9199292154578702,6.216974113427831,72833.65930316091,0.6123267789466195,54.8,-1.132229628529846,-2.2463435830032097,0.7183870952957694,8500538.0056,11575661.0,4094595.0,148.485243711314,119.21712957671696,170.39460957652813,139.64468629026385,129.31124178982475,170.0735972769051,154.53934163682857,168.84630610085242,128.84333691778846,153.27962841112736,177.7183534564488,161.24217921321213,92.00101016529914,153.1130299365649,102.3561988818582,163.11139142936764,143.80239494795305,192.3462660791708,160.9417760581518,0.8935057041746208,86.22485632183907,CCL,Segundo control de cambios,1,0,8.923656126663673,8.754215919234595,16.944020742907817,114.85643254812248,115.61932141806828,0.9934017181506605,-0.006620146744587898,-0.8174046464355824,0,234.34128723757894,2.550903446756081,-1.120712969950599,3.3683080931917075
2023-01,6.0,0.099739601987398,143.034623494875,149.957729660816,25668.396255302632,95.14506379723184,13086.306,30.932010407304137,1200.2111704800618,6.0,6.0,oficial,368.64516129032256,182.1209677419355,189.5483870967742,352.9532258064516,341.38516129032257,331.5370967741935,312.59096774193546,,1961.6129032258063,5316722.0,12771212.0,23496968.1491,41417.0,69.46875,189.6077272727273,98.5,98.69089378408616,94.75456475628816,98.5,0.9649475662748096,92.09082583645194,-6.600067947634216,-2.374684343554989,70.5276816805357,-8.37468434355499,2.402083840381348,69.56273411426088,96.46682251469625,-2.033177485303767,1.7122577584080858,-2.224071269389924,86.20745405037438,0.9197435513858312,5.531609195402298,67377.05445881552,0.6147048180225257,53.9,-1.0242707734527623,-2.033177485303753,-1.1193624564429072,8170768.1491,11749322.0,4063357.0,149.957729660816,183.61501774124355,164.43782749676507,154.63571367778556,113.63935094784206,166.81777036555005,149.2466986723942,184.83828659197167,144.81780754304816,180.9163871864305,177.3713434302166,166.2058356760076,81.0629765193465,146.9178246165651,105.0154078792852,164.2827033609964,143.86406506333475,225.16696141017545,168.80558021503649,0.8522470932540887,86.20745405037438,CCL,Segundo control de cambios,1,0,8.825820687419903,8.750367279882866,7.545340753703655,114.81779379411444,120.89599760159466,0.9497236969952424,-0.051584181959404195,1.5518336470213814,0,302.45153729345265,5.347545414367882,27.446123814144308,3.7957117673465213
2023-02,6.6,0.1063224157185663,137.266462764765,150.15642424124,24038.38136361809,94.77435753987034,13117.612,32.78793103174239,1279.425107731746,6.6,6.6,oficial,377.8571428571428,191.93178571428567,199.28571428571428,367.9342857142857,355.6914285714286,348.5964285714286,328.6771428571429,367.4468181818182,1977.75,5219956.0,13548125.0,24482819.2254,38709.0,69.77430555555556,199.08944444444444,103.5,102.29655470280396,98.69089378408616,103.5,-0.3668004675498992,97.4365125440115,-4.860042158792439,6.083314567168729,80.20561712804803,-0.5166854328312702,2.5954481225512245,80.57241759559793,97.03503876283656,-6.46496123716345,-1.6558550212496073,-5.261515939967396,84.62652329749103,0.902876670427923,5.137119517650479,67983.4229390681,0.569388805778343,52.9,-3.176885128827245,-6.464961237163436,-2.6008925103530145,8601909.2254,12408170.0,4072337.0,150.15642424124,133.55786085880212,165.47497421922156,151.5611255517175,112.32182639174056,155.3071669981746,148.09704709043262,175.38434064243796,143.26676658385148,173.7554647117166,172.2029361496277,144.24530595478134,69.23363692806389,146.74024934183828,94.21403558891387,164.5627727433976,136.14259847772092,187.15079012469093,165.96211714250956,0.8203233413852934,84.62652329749103,CCL,Segundo control de cambios,1,0,8.813328618100273,8.74651864053114,6.6809977569134205,108.31323506894527,118.95107804270437,0.9105695959313624,-0.09368494568856092,0.6115696592654498,0,237.20463237573813,3.043491794143094,-14.056487390256223,2.4319221348775955
2023-03,7.7,0.1145092417288959,155.065013668986,150.755963017803,25555.02436871544,93.59683832078586,13142.732999999998,36.102790859051545,1377.9408410270903,7.7,7.7,oficial,382.258064516129,202.9187096774193,210.2258064516129,390.2335483870968,378.6803225806452,367.71774193548384,346.7041935483871,384.1051612903226,2294.0,5369482.0,13435273.0,25658871.2776,39060.0,70.98011363636364,210.34,113.3,104.19249242260535,102.29655470280396,113.3,0.272196973819705,102.4372324818056,-1.7552599407997604,-0.8329713521243676,80.80072571815522,-8.532971352124367,2.5021543977612737,80.52852874433552,99.29211334698248,-14.007886653017508,-3.004441355821456,-4.90037907562288,85.62590148841494,0.9135389925742282,5.4896519828882,63908.7713671935,0.6111837102230822,55.4,-6.567222997195266,-14.007886653017522,-2.39988210021006,8147847.2776,12353139.0,4091246.0,150.755963017803,120.36823216143422,169.77001047017473,162.78755298876786,139.01778213551626,176.18128107885175,153.0125985792604,190.6156732316704,142.13725471841846,138.63422951878675,182.86696506738355,165.0405805532426,123.41988760390514,169.40588855953135,103.86414349021187,164.2815268843597,151.47541080651655,207.74200522684689,167.86715127078648,0.9023529002536748,85.62590148841494,CCL,Segundo control de cambios,1,0,8.68491879299655,8.74267000117941,-5.775120818286084,120.66555853704003,120.46707565257613,1.001647611045497,0.001646255223459037,3.263061248860024,0,251.52925120082094,6.132798295692332,-8.717491032443103,2.869737046832288
2023-04,8.4,0.1241280180341232,150.05952685125,147.357487354051,24972.50982923188,93.81909115336762,13179.375999999998,38.14981910075976,1493.687871673366,8.4,8.4,oficial,420.9666666666666,215.7903333333333,223.0,425.60566666666665,412.2566666666667,390.0626666666667,367.7726666666667,421.4103333333333,2493.133333333333,5366598.0,14566351.0,27692825.4798,35001.0,74.23611111111111,223.6233333333333,146.5,108.81571866613608,104.19249242260535,146.5,-3.116560890449505,103.8066154378086,-5.00910322832749,8.418719887567594,87.29152330197054,0.0187198875675935,2.714261623471704,90.40808419242003,105.50573697727636,-40.99426302272363,1.3132445546710017,-3.3099816888597218,90.85455904334827,0.9693233110131492,6.076415528617463,65319.959641255606,0.5358392777985372,56.1,-16.630532666419317,-40.99426302272364,-1.5851209430032709,8487177.4798,13474524.0,4234096.0,147.357487354051,68.671005900949,169.32158635350913,151.91960901590292,130.73051151922354,168.32374060277,153.98886639333676,193.87124742862545,122.93085028702365,110.46472444301791,182.993732290988,132.95555362961514,121.75128830961674,163.65871560919015,102.05521615069266,163.77062106648464,140.8295245198772,174.87635051487592,159.60654886595964,0.8823542988712091,90.85455904334827,CCL,Segundo control de cambios,1,0,8.645063628062982,8.738821361827684,-9.375773376470242,112.23845357244052,114.78794870484113,0.9777895226705704,-0.02246084410202568,-0.45266124889658116,0,190.40445787091454,1.0189411697005823,-72.12297318445158,1.4716024185972287
2023-05,7.8,0.1338100034407848,153.810854192605,145.552726052802,23290.79746793924,93.05538696150744,13247.996,41.00724055140667,1610.195525663889,7.8,7.8,oficial,481.3870967741936,231.1509677419355,241.6129032258065,456.8441935483871,448.1051612903226,422.55387096774194,398.408064516129,470.9177419354839,2584.2258064516127,5576415.0,15518729.0,29665986.7116,33001.0,90.046875,241.491,171.1,114.1801567289198,108.81571866613608,171.1,-4.321369279794752,106.2433919545288,-7.936764774391008,6.538205759287274,90.10038538904988,-1.2617942407127254,2.7829221820829333,94.42175466884464,138.28183732997408,-32.81816267002591,29.46611866383799,24.101680601054284,89.08104138851802,0.950401728833656,8.346593374801103,64229.71949265687,0.5137964210442002,60.1,-12.10555613058868,-32.81816267002591,11.252994193836052,9190812.7116,14119315.0,4330051.0,145.552726052802,140.9285402888681,170.39567407111338,146.9522689680797,134.75208504224818,153.9150891366395,155.38142475373627,197.5318350845976,122.6137429417052,139.3927853927501,189.0202673630392,144.0905904208616,138.55748750504233,169.74011117380232,110.99519191799392,164.40029620994562,144.9824408293825,221.80963564826268,166.04301526578,0.873161936967439,89.08104138851802,CCL,Segundo control de cambios,1,0,8.649604029647007,8.734972722475955,-8.536869282894877,115.94234616368256,119.30157643589712,0.9718425324076121,-0.028561491341586493,-2.2110815837309126,0,279.0248452082283,-0.11835995569100533,-29.27385981267303,2.0927216280399286
2023-06,6.0,0.1418386036472319,152.595476048091,146.063267496761,23922.6367963404,93.97033217972631,13289.575,43.49227932882191,1706.807257203722,6.0,6.0,oficial,490.23333333333335,248.3733333333333,260.53333333333336,488.4386666666667,477.158,455.86066666666665,429.80966666666666,497.68,2329.7,5885739.0,17075301.0,32177101.0116,27926.0,92.446875,260.953,161.4,115.60395644126775,114.1801567289198,161.4,-5.339953450432033,108.6434009032556,-6.960555538012159,10.030280185961104,85.49574833857945,4.030280185961104,2.901131191852034,90.83570178901148,143.65619455487368,-17.743805445126327,29.47603782595388,28.05223811360591,87.47645854657111,0.9332825047734876,7.830885625278161,65539.7940122825,0.4260922760112203,68.8,-6.7879898412878,-17.743805445126327,13.01100340486916,9935524.0116,15448855.0,4683197.0,146.063267496761,216.62068285016628,171.67069825181727,150.80489937627252,134.0229857410745,160.42637029848086,155.69511131775252,204.1901674023295,124.21372994790278,166.5743217571198,184.7580568649008,154.23736292940998,106.7964115914566,173.49492435577824,105.45923778154052,165.9096737323692,146.62634703688852,254.7039572000793,172.83533501957734,0.8483586242378036,87.47645854657111,CCL,Segundo control de cambios,1,0,8.669247373332684,8.731124083124229,-6.187670979154447,117.0126092038445,124.04959530414997,0.9432728008257352,-0.058399747807834634,-2.669898926931712,0,351.7637639144212,-0.8582225855289671,-5.970708192249585,1.8116763414027126
2023-07,6.3,0.1507744356770075,150.203125481903,148.724663808793,25448.16747573469,95.85510842737273,13334.702,48.28512851085809,1814.3361144075568,6.3,6.3,oficial,518.5806451612904,266.0516129032258,279.258064516129,514.5751612903226,495.2264516129033,488.62870967741935,468.0861290322581,524.9767741935484,2028.344827586207,6392700.0,18154402.0,34539682.9404,24092.0,92.60119047619048,279.5938095238095,154.9,113.39572225052854,115.60395644126775,154.9,-2.512833539163928,119.47688429296424,6.081162042435693,6.319660192227361,93.53681931402237,0.0196601922273611,2.8398645329829337,96.04965285318627,144.0055284302065,-10.894471569793495,28.40157198893874,30.60980617967797,84.26510338454432,0.8990206972068494,7.18707696371379,65009.40995726002,0.3705925036981433,83.7,-4.274017877518055,-10.894471569793495,14.344151727531717,10656354.9404,16562518.0,5072843.0,148.724663808793,332.4780948279046,171.72047850561106,150.32968528704683,133.66534940624396,164.84529836837913,152.6762889248631,187.0402530935069,138.7965081803794,144.12733569973275,184.3298323155136,158.68550125754138,93.18774567503196,160.7549265947997,107.05993274341894,165.79310538856492,146.9968858008969,318.5748141720661,166.53792828413734,0.8826631105323909,84.26510338454432,CCL,Segundo control de cambios,1,0,8.678192077578808,8.7272754437725,-4.90833661936918,117.40274879576707,119.54302502041283,0.9820961848315258,-0.01806602753064206,-1.6617841776770614,0,478.7672309483249,0.5328053095394303,12.758485411948595,2.1945894872164473
2023-08,12.4,0.1694704657009565,151.922179358049,150.056945840458,25164.69551067577,104.832892328892,13365.033,51.95962679053439,2039.3137925940937,12.4,12.4,oficial,670.9032258064516,321.6258064516129,336.7741935483871,683.55,602.7929032258065,589.2735483870968,589.2735483870968,679.6664516129032,2041.6774193548388,6621931.0,19805469.0,37256769.5254,27818.0,104.01704545454544,337.29227272727275,197.5,124.16522599027483,113.39572225052854,197.5,-1.0980991582577593,121.7227517721168,-2.442474218158054,9.094582129447184,110.38524285243554,-3.3054178705528177,2.9908902705268297,111.48334201069328,171.15915206701976,-26.34084793298024,57.763429816491225,46.99392607674491,102.96982758620688,1.0,20.596049439759724,58809.34281609196,0.473020079258362,90.5,-8.854066532094185,-26.34084793298024,20.96396792550854,11584766.5254,17533066.0,5163653.0,150.056945840458,239.08436455907324,172.321096064978,165.19688062735275,137.53861958604352,167.94419105300847,156.72851244190468,186.81850767765195,130.15914464793104,153.91557305748498,183.0469951844301,152.34219584346815,74.21947270045149,167.96613419364007,109.17266105569152,165.3657265584249,150.97966479260106,256.9235895984857,167.85639571030762,0.8994573257319727,102.96982758620688,CCL,Segundo control de cambios,1,0,8.644832908392958,8.723426804420772,-7.859389602781341,120.36691594601925,120.54400382739568,0.9985309274973975,-0.0014701526476153164,-0.9717557302703156,0,363.8864014149906,1.51300868214852,-15.728403004907587,2.484764412418805
2023-09,12.7,0.190993214844978,148.412379639874,149.698247005709,24005.18686689924,100.67359694057902,13371.920000000002,58.028511199668806,2298.306644253544,12.7,12.7,oficial,738.9333333333333,339.575,366.7623333333333,743.0976666666667,679.9363333333333,642.2006666666667,640.247,754.7396666666666,2242.9666666666667,6828209.0,21864602.0,40459992.8766,26925.0,113.73511904761904,366.8752380952381,185.9,137.88531985973614,124.16522599027483,185.9,-0.7225415269742519,132.00596756216626,-5.879352297569881,10.396789896770445,111.78921702527649,-2.3032101032295564,3.20209911559532,112.51175855225073,196.42768618159496,10.52768618159496,72.26246019132012,58.54236632185882,102.61013717330115,1.0,8.904524265644941,59615.17858522368,0.451646722176786,94.1,3.682296670722263,10.52768618159496,24.609490975053472,12337567.8766,19638492.0,5423176.0,149.698247005709,232.69904608581743,172.99517470798855,159.9226843603715,133.0817362197774,161.3063220536929,154.37048183183592,183.7582641808824,126.11369643325855,145.20636876597803,181.23674129777905,144.1353499917185,71.25488081838502,163.08333279432657,106.8222614009488,166.45237801669873,146.28011413734842,249.9775328043808,164.70073671936652,0.8881570116264569,102.61013717330115,CCL,Segundo control de cambios,1,0,8.588231575228804,8.719578165069045,-13.134658984024128,116.6330307659318,118.36737346986622,0.985347797681969,-0.014760606039727838,0.1271460171115391,0,353.8607830778715,2.3691715282891046,6.616399799056261,2.2420255111776477
2023-10,8.3,0.2068456516771112,147.513813054149,148.013211371601,26779.197295332848,89.63639402916952,13374.199,62.86228618260121,2489.066095726588,8.3,8.3,oficial,974.0645161290324,350.0048387096774,367.87612903225806,893.3261290322581,841.0064516129032,708.3722580645161,639.63,955.8964516129032,2546.1935483870966,7237385.0,24689883.0,42208125.3048,22559.0,122.08125,367.421,195.6,142.3610549464668,137.88531985973614,195.6,-0.7194166954331171,139.0451442458576,-3.31591070060918,12.921712455593749,134.08625906199703,4.621712455593748,3.4114370038349486,134.80567575743015,219.8326524353328,24.23265243533274,81.94733257559659,77.47159748886594,142.8334046523374,1.0,0.3036832296277492,67114.6645610023,0.3361262422684915,98.8,8.1977849916552,24.232652435332767,31.96536568384638,14316418.3048,21775252.0,5821505.0,148.013211371601,103.90563119313865,172.39133310526347,150.3067592229,136.52023750744823,169.96696850721008,156.33586080785676,179.43726286968567,131.55122735651562,159.5778880125637,179.86446990044743,137.2771544489655,65.22322788233157,159.75763595122527,109.13832423735516,166.3792682291421,144.54464236957483,173.74193327080957,166.3600209780752,0.86886645913939,142.8334046523374,CCL,Segundo control de cambios,1,0,8.657254712683836,8.715729525717316,-5.84748130334809,115.45556739387993,119.4615068270396,0.9664666925810704,-0.034108442819898485,-0.22116230435947765,0,205.21860839997584,1.9747813155173155,11.16923114493824,2.1959436198766724
2023-11,12.8,0.2333218950917814,146.366352327211,146.388298540618,25210.95984115056,83.20334916090965,13365.159,68.55760931074488,2807.666555979591,12.8,12.8,oficial,955.6666666666666,353.4533333333333,369.4666666666666,885.7566666666667,892.0013333333334,895.0886666666667,645.6663333333333,924.733,2327.0,8973530.0,23798533.0,41262398.9859,21513.0,129.35,371.6585,226.7,160.61322209686813,142.3610549464668,226.7,-1.307422242539602,144.30946894811393,-16.303753148754197,-3.6101831669271167,114.03716148003768,-16.41018316692712,2.652081510843559,115.34458372257728,241.5836904018524,14.88369040185242,99.2226354553856,80.97046830498428,139.739263803681,1.0,0.4323568475597117,64413.20732587514,0.3339843006289505,100.7,4.555766881497525,14.88369040185242,31.069209633150585,14433583.9859,20564049.0,6143411.0,146.388298540618,57.04452369480413,172.74498440249738,149.6504532407119,132.74506100473502,159.32385182025058,155.99411650774883,178.92689394381736,127.80814518362442,160.2752013097985,179.9736941753382,142.68876243297763,78.83278478820388,158.43066098832125,105.46173361293891,166.76405172069576,143.86050999312377,148.83053287882615,165.6211715744804,0.8686118364307622,139.739263803681,CCL,Segundo control de cambios,1,0,8.544959260158356,8.71188088636559,-16.692162620723394,114.80685796645962,118.96676833800292,0.9650330051857476,-0.035592975963011794,-1.5217031811498571,0,155.96795137312796,0.2036216053145523,-12.87815443219582,1.7253247864642773
2023-12,25.5,0.2928189783401856,139.342627237772,142.867470302908,28928.3521157072,124.87938715301703,13363.701,74.6249577347458,3523.621527754387,25.5,25.5,oficial,989.3548387096774,367.983870967742,655.778064516129,963.7425806451612,968.9554838709676,1192.3267741935483,682.3023076923077,972.8064516129032,1892.225806451613,9607992.0,35390205.0,52684419.6281,23073.0,121.17105263157896,687.3573684210526,213.0,211.1984716760888,160.61322209686813,213.0,-3.783388347550632,152.61789393941484,-58.58057773667397,48.707506466890216,170.52874341693632,23.207506466890216,3.683413245972728,174.31213176448696,217.2003385655142,4.200338565514187,56.58711646864606,6.001866889425372,46.961698292892166,0.5010323021693156,77.4931607315398,53966.74105913095,0.4275411030419475,98.4,1.3419612030396657,4.200338565514187,1.9286299373836304,19098860.6281,31207374.0,7435216.0,142.867470302908,132.73828561874103,173.90159048908862,131.35921352917163,113.4762678232666,151.33250596798584,154.44469951770486,172.14566696754724,130.6820574123588,166.37261020543664,177.00026446500107,141.51866324817738,100.80350322606785,137.65701678506338,110.44849703625609,167.4595746034447,136.25071670706976,198.9276546751064,162.41260705852474,0.8389171208733344,46.961698292892166,CCL,Cambio de régimen,0,1,8.597894655450645,8.708032247013861,-11.013759156321612,109.2307030558901,116.61313352189522,0.9366929757991711,-0.06539971767509728,-5.877957093050938,0,250.4572712959683,-5.022074851478653,6.650978704790145,0.8558822415722922
2024-01,20.6,0.3531396878782639,137.373351200584,143.553673105494,22108.256834826778,132.78579484356328,13326.946999999998,86.89330078633802,4249.487562471791,20.6,20.6,oficial,1150.0,685.5651612903226,837.4032258064516,1194.38,1158.8812903225803,1339.8451612903225,,1177.0967741935483,1942.064516129032,10923532.0,36923296.0,58024180.0473,27642.0,109.16761363636364,863.9618181818182,183.2,254.0616573975124,211.1984716760888,183.2,-4.270574494430601,180.91708117950023,-73.1445762180121,4.331964169181846,189.113484295774,-16.268035830818157,3.380160922309744,193.38405879020456,184.2942559494204,1.0942559494204147,-26.90421572666841,-69.76740144809193,42.62901827847223,0.4548071288664079,27.696132444493426,44092.61256957954,0.6269077378070997,98.5,0.3863898126484466,1.0942559494204147,-19.70487342823532,21507064.0473,32208983.0,7492506.0,143.553673105494,160.04133415759222,167.16123409687577,130.47335233962954,100.69247142747804,147.90273052783093,147.87211594255564,188.09598603012185,143.57192052512477,178.0608175210592,177.57446285397867,156.76960401071955,89.31759798312302,135.85256803113012,112.66126808418974,165.35108049904875,135.32462107057205,209.94414147761836,167.38349120944187,0.8084705372840173,42.62901827847223,CCL,Cambio de régimen,0,1,8.529338318360457,8.704183607662134,-17.48452893016772,108.66871843559315,119.8822278329737,0.9064622871956983,-0.09820585230493652,-4.6621670345532324,0,276.04905635489837,-5.504249625156898,-9.134246700247317,-0.84208259060361
2024-02,13.2,0.3997541266781947,133.464505810053,143.808819647812,21301.04127202511,115.75297225787128,13332.205000000002,98.46748845107824,4810.419920718067,13.2,13.2,oficial,1118.448275862069,839.57,853.0172413793103,1173.7724137931034,1130.2758620689656,1364.8275862068965,,1158.551724137931,1844.655172413793,10541474.0,37060554.0,61611003.603,26690.0,108.89473684210526,880.5984210526316,146.9,275.9829232401351,254.0616573975124,146.9,-4.22732801843363,200.31626074774488,-75.66666249239023,0.3717382110199452,173.5474761267703,-12.828261788980054,3.515689931028621,177.77480414520394,183.58398693306128,36.68398693306128,-70.47767046445105,-92.39893630707382,37.60242546740778,0.4011786303294089,1.8645755224816485,43446.43015664477,0.614319747416992,103.5,14.857831888643693,36.68398693306128,-24.57530132241136,21988431.603,31314404.0,7581589.0,143.808819647812,173.23591755834963,168.49857387212643,125.06857371428958,102.7149443040614,137.0916244002663,147.4623804232155,177.96576532351486,140.84038871624892,170.7654588856228,172.02948223066053,156.22470303165534,70.70108086209932,139.55205234111753,104.88424730841224,165.3968895043454,132.8969560904472,206.5916890554636,164.9109300621537,0.8058711210976696,37.60242546740778,CCL,Cambio de régimen,0,1,8.427487375901132,8.700334968310406,-27.28475924092741,106.55168457025516,118.22604549372613,0.9012538998939071,-0.10396826318689573,-1.0283317498334803,0,280.11497524435674,-1.63971854515772,16.62769484166704,-0.6113867953242647
2024-03,11.0,0.4437270806127962,142.395723856372,142.114530417108,23171.993346845,105.88039900845791,13291.138,108.58009951500398,5339.566111997056,11.0,11.0,oficial,1017.9032258064516,858.8929032258064,869.5483870967741,1066.0129032258064,1025.088064516129,1391.277419354839,,1070.6129032258063,1557.2903225806451,12463695.0,37609336.0,67088704.0794,27127.0,85.41447368421052,895.1273684210528,120.0,287.5032913616992,275.9829232401351,120.0,-5.732066863368135,200.75264801247693,-86.75064334922229,1.4807711724978525,179.9298235324284,-9.519228827502149,3.0175109387705654,185.6618903957965,128.2145218506803,8.214521850680313,-147.7684013894548,-159.2887695110189,22.5938566552901,0.2410528670466944,1.937961498964924,43251.57352722957,0.6271910542843455,113.3,3.733873568491042,8.214521850680313,-41.10643007734798,21887015.0794,31923149.0,8421336.0,142.114530417108,122.33165379916866,171.2699871446924,119.40403276208195,111.1151899408215,149.15588580655458,147.98958839430395,192.0541006578821,138.74878488465552,136.83591659902413,181.50668793635933,152.198085383576,137.4024381695313,143.43273418537763,110.60269501459676,163.55744760426478,133.998155520152,207.3330334013017,162.69842276236625,0.8235983683496845,22.5938566552901,CCL,Cambio de régimen,0,1,8.318504423973963,8.696486328958677,-37.798190498471484,107.70287770896729,116.73293637084566,0.9226434377253132,-0.08051242710534859,-8.215868232880762,0,255.25369437683673,-11.36464362406997,1.4698640764389204,-3.148775391189229
2024-04,8.8,0.4827750637067223,147.256900087678,141.056115880009,20588.467376342225,97.03123217510874,13269.466,119.60097961577688,5809.447929852797,8.8,8.8,oficial,1017.8333333333334,873.813,887.0666666666667,1055.97,1016.3133333333332,1419.3066666666666,,1060.9,1275.9,14969070.0,39535344.0,72380958.0039,27578.0,62.66875,911.8465,88.0,288.9331928058384,287.5032913616992,88.0,-4.276247910567232,213.50339905909283,-75.42979374674553,5.121090146340257,171.41556591626826,-3.678909853659744,2.6411356216518462,175.6918138268355,84.2036508540564,-3.7963491459435934,-203.2996405076428,-204.72954195178195,19.040658349616702,0.2031439499531849,2.014641143592044,44568.62768675785,0.6187760635985192,146.5,-2.0193346520976485,-3.7963491459435934,-52.638742524088514,23591847.0039,33340134.0,8938115.0,141.056115880009,186.50311303596132,170.42425713892567,114.69801350983298,109.8170080844722,152.44110848041728,151.6872757393284,195.3063418077928,119.50260852059164,106.32256425802858,185.0956546045736,135.2132682727557,199.87959837777456,139.25886163483324,110.95347131748429,162.43497694361378,130.2120772305617,270.4357464321222,154.18083917090902,0.844541240862115,19.040658349616702,CCL,Cambio de régimen,0,1,8.309170919720469,8.69263768960695,-38.3466769886482,104.71699538457658,110.87511080583191,0.9444589919550148,-0.05714301071209112,-3.468216661006544,0,357.5983443238066,-6.936422854104762,63.02598780509001,-3.468206193098222
2024-05,4.2,0.5030516163824047,156.769098896166,142.836197278762,21018.59796067804,93.43445567439773,13264.221,129.5517811198095,6053.444742906614,4.2,4.2,oficial,1125.483870967742,885.8064516129032,904.7903225806452,1144.2806451612903,1112.0225806451613,1447.664516129032,,1145.1290322580646,1299.7096774193549,17151691.0,45501598.0,79034175.3748,28664.0,35.58522727272727,927.365,68.9,275.9447002817101,288.9331928058384,68.9,-1.8663537590182464,215.9241621181592,-60.02053816355093,15.090937364804514,193.2044112633193,10.890937364804516,2.6528928255528856,195.0707650223376,42.00300472080747,-26.89699527919253,-246.9301880850309,-233.94169556090264,26.46915164803825,0.2823982195868026,1.998007205093022,50289.66033834252,0.5699779995957859,171.1,-15.924804783417724,-26.89699527919253,-62.22768811093784,27485084.3748,37594348.0,10247983.0,142.836197278762,135.47494894428672,171.08497478471344,114.979821946725,114.79932938840268,140.31111945681783,154.19126461633758,197.44967813653,116.69763016798792,135.43970795526332,194.3492593638815,160.89583517138,271.4280061368293,147.50108575718397,119.3456611842752,162.64780384213023,138.71563211841422,267.0598241698868,160.19818315244763,0.8659001580961114,26.46915164803825,CCL,Cambio de régimen,0,1,8.420771261138194,8.688789050255222,-26.80177891170281,111.79874086319982,115.11561695768911,0.9711865671908929,-0.029236689918669623,-0.06751985770831297,0,330.6569275430692,-3.639275346945059,16.978053640614732,-3.5717554892368497
2024-06,4.6,0.5261919907359953,147.357121519743,143.718751840871,22165.78026685792,89.90391354593461,13251.638,137.57103637112573,6331.903201080319,4.6,4.6,oficial,1292.8333333333333,908.3386666666668,922.3833333333332,1299.2233333333331,1280.3966666666668,1475.8133333333333,,1334.0333333333333,1446.8,20182490.0,51227974.0,85909331.7126,29022.0,33.4264705882353,942.2035294117646,63.3,270.9793929194989,275.9447002817101,63.3,-1.6051370724963432,216.31139708964105,-54.66799582985783,12.58499976198637,200.0121286295333,7.984999761986371,2.538238542419692,201.61726570202973,39.05423575952605,-24.24576424047396,-236.89046452218403,-231.92515715997283,40.85503134994486,0.4358805400263942,1.944429589223429,55538.70299766908,0.5225545148437843,161.4,-14.84737552999017,-24.245764240473942,-62.51699193715046,29491123.7126,43864088.0,12400639.0,143.718751840871,294.1394772633441,172.07201437159503,115.71808431630691,107.48906171550335,144.08797833956808,153.30084775325415,203.44747054947723,119.29602706807256,163.18419610953836,186.3312883105076,148.45274397575912,188.1931365208853,140.9170949578168,109.3500814190996,163.43066761025526,132.60027820496725,327.5663772351067,165.08538540646555,0.8032223923303994,40.85503134994486,CCL,Cambio de régimen,0,1,8.446243751309202,8.684940410903495,-23.869665959429295,106.55782628667805,118.4576719209096,0.8995434787695583,-0.10586789016210592,-4.746814235427128,0,474.18467078360095,-9.359389234125004,29.863702158005356,-4.612574998697738
2024-07,4.0,0.5472396703654351,149.651700478372,147.282943313062,22315.666868658016,87.88267009907541,13249.091,147.8475927880488,6585.179329123531,4.0,4.0,oficial,1436.774193548387,934.0174193548388,941.7258064516128,1358.7396774193548,1355.461290322581,1506.7612903225806,,1396.429677419355,1530.9354838709678,21822977.0,52767940.0,88850953.1907,26402.0,36.90625,961.7095454545456,53.7,262.9525575129624,270.9793929194989,53.7,-0.969388976118002,206.1969541093831,-56.75560340357925,3.0061036573493904,190.6619562572207,-0.9938963426506096,2.4179991574934987,191.63134523333872,43.83562184021204,-9.864378159787968,-227.14377107928684,-219.11693567275032,44.28187781526709,0.4724414148693946,2.097010258021381,56033.23136999674,0.4711846765656473,154.9,-6.417942849569258,-9.86437815978796,-60.370682376284094,31367042.1907,45305491.0,13975970.0,147.282943313062,313.7290186795418,172.4261199416412,130.68303161618246,126.19668795713169,161.08916936067712,152.77713654126984,186.23470519387908,133.56266969047385,155.465297410888,186.6772042579848,165.4365766157473,116.84068128153342,152.8623267592701,113.30323329644688,163.24528919420786,143.8811964334163,316.2290128278253,165.49680187258195,0.8693895882301836,44.28187781526709,CCL,Cambio de régimen,0,1,8.468691441110147,8.681091771551767,-21.240033044161954,115.46577072434464,118.76564949224071,0.9722152088419164,-0.02817809075531594,-1.0112063224673882,0,467.64113616998964,-1.6636192378829406,-2.3513332665918263,-0.6524129154154679
2024-08,4.2,0.5702237365207834,147.281247623442,147.774598454863,22625.955413183267,87.15821587765426,13272.27,156.20098178057358,6861.75686094672,4.2,4.2,oficial,1355.1612903225807,943.7951612903228,961.2096774193548,1298.716129032258,1298.8935483870966,1537.9354838709678,,1316.2293548387097,1529.548387096774,21953008.0,54468705.0,92817461.1207,26719.0,38.84375,981.8163636363636,44.7,236.47381221397384,262.9525575129624,44.7,-1.520987497654147,200.61990708722547,-35.85390512674837,3.22310289164216,175.01850625198526,-0.9768971083578402,2.4811499635949663,176.5394937496394,46.56270005249079,1.862700052490787,-216.3898574604716,-189.91111216148303,35.112677238023295,0.374615615520822,2.068953705448129,56666.82959979864,0.4715104089764525,197.5,1.2872840722120138,1.862700052490787,-56.44157294497345,32494729.1207,46392313.0,14370079.0,147.774598454863,291.8382581527917,172.6731346774989,137.84950252171353,128.7014303345424,162.558924687501,155.33915490987144,185.14164112724904,125.72634175995525,168.19033636717813,179.7848948941941,155.2397767202749,78.70945089954832,156.86314917571497,116.315523087894,162.45812064347464,145.04064506454793,287.47145368446377,166.54576024077886,0.8708756371513721,35.112677238023295,CCL,Cambio de régimen,0,1,8.462869663135494,8.67724313220004,-21.43734690645456,116.34115868276038,119.54632345793408,0.9731889305964183,-0.027177042370483392,-2.5706889722868076,0,424.7503205068306,-3.4017812727034524,15.465978022570859,-0.8310923004166249
2024-09,3.5,0.5901815672990107,144.796701895489,147.826652668076,20934.54082186317,86.04507311663875,13280.564,163.55804802243858,7101.918351079856,3.5,3.5,oficial,1263.0,939.5,981.2666666666668,1246.8033333333333,1229.41,1570.0266666666669,,1248.754,1381.6333333333334,22396060.0,57012577.0,98414214.2947,27172.0,39.38095238095238,996.4938095238094,40.9,209.0065622373229,236.47381221397384,40.9,-1.2502446588847582,181.858080865897,-27.148481371425905,4.670336847553114,160.752868952291,1.1703368475531135,2.5456520923769625,162.00311361117576,47.32717303572296,6.427173035722959,-189.1466391782509,-161.67938920159995,27.060601943066786,0.2887083768790001,2.0866403781077736,58101.00244581833,0.4676683509090751,185.9,4.561513864955957,6.427173035722959,-52.322315756332415,35113468.2947,47478489.0,14803722.0,147.826652668076,188.5883649907674,173.01343574154208,135.5314914094263,124.8013663306414,161.31297541543387,153.5984739407996,181.92207707683943,119.9766435128852,155.20940988116195,180.8965372220632,137.183473880437,74.40885546103442,153.40556489753158,115.83738667656328,162.95831977885078,139.61451857087388,225.16658529343036,162.5117323659046,0.8591042415111525,27.060601943066786,CCL,Cambio de régimen,0,1,8.505975110109627,8.673394492848312,-16.741938273868406,112.02484030518671,116.76863831211627,0.9593743827495047,-0.041473891594920466,-2.671328555519263,0,304.80496453139256,-4.031188138326236,-14.923145612947408,-1.3598595828070437
2024-10,2.7,0.606116469616084,148.103951402129,149.04702210828,22010.07437087158,84.04742802754734,13273.835,171.06536242666851,7293.67014655901,2.7,2.7,oficial,1206.774193548387,953.7096774193548,1000.9193548387096,1188.7387096774194,1158.5516129032258,1601.4709677419355,,1196.1632258064517,1102.6129032258063,22715300.0,58743216.0,104196112.8577,28618.0,40.50852272727273,1013.2004545454546,35.0,193.02838358054527,209.0065622373229,35.0,0.6984584194200893,172.12717324623063,-20.90121033431473,3.0355389829159973,137.92423803709397,0.3355389829159971,2.586063842432193,137.22577961767388,48.94367863310072,13.943678633100715,-160.06288360422218,-144.08470494744466,18.76468408076446,0.2001995925664449,2.0027877069138222,58689.25974507308,0.4876190315622861,195.6,10.328650839333854,13.943678633100715,-49.1709039195651,37260470.8577,49062445.0,15532073.0,149.04702210828,71.47978710726058,173.23000109539657,128.1229734795172,134.33710123003507,170.73354015672498,157.24933700520137,177.24701251916088,126.92668590230456,184.57189923507408,182.7390487904561,135.751957748545,67.85257321129818,159.65921981927957,118.51599940217214,162.49226810995884,141.19958061239586,156.62232181813218,168.48268323561214,0.8380658350207859,18.76468408076446,CCL,Cambio de régimen,0,1,8.53868141236659,8.669545853496583,-13.086444112999374,113.46232575079753,120.90764410759984,0.9384214421531821,-0.06355613220956728,-2.9447689389668796,0,169.92469890734827,-1.7414907949248715,-18.872040207929874,1.2032781440420415
2024-11,2.4,0.6206632648868701,148.178733517471,150.802058920112,23282.69425171925,81.75185637260766,13261.422,177.6342723438526,7468.718230076426,2.4,2.4,oficial,1140.0,1001.3333333333334,1020.9166666666666,1138.1966666666667,1107.6133333333337,1633.4666666666667,,1143.2646666666667,809.8,23823912.0,61742077.0,110831780.856,30214.0,36.17105263157895,1030.782105263158,29.4,166.01158225751638,193.02838358054527,29.4,3.0151046384826463,159.10219759663113,-6.909384660885252,5.1050337455136985,159.43648291262323,2.7050337455136986,2.591601119077337,156.42137827414058,42.813045838333984,13.413045838333986,-150.2153377422114,-123.1985364191824,11.487715288547884,0.1225619312527702,1.9978944089036328,60477.097706309694,0.4995940801710746,226.7,10.36556865404481,13.413045838333986,-46.31322267010098,39802845.856,50533041.0,16320194.0,150.802058920112,146.17009794885973,173.45947874992322,127.9840549987662,130.81905949069474,171.43513921600078,157.99806078342928,176.43464299809807,122.0499915337995,187.6382570139711,182.14016225478045,136.1158544023994,81.03871439323747,159.38757023176794,113.8015394826107,162.78026461527526,139.70161291890886,205.5155385134223,168.0126582636459,0.8314945692942298,11.487715288547884,CCL,Cambio de régimen,0,1,8.580970297226724,8.665697214144856,-8.472691691813239,112.103690947614,120.6087559719552,0.9294821926003543,-0.07312763004573289,-3.7534654082721093,0,261.1880191803269,-2.382696545726226,51.55899817467979,1.3707688625459902
2024-12,2.7,0.6374211730388155,148.677601528375,151.485274747597,27986.8636297545,79.79513394167029,12867.107000000002,183.140934786512,7670.37362228849,2.7,2.7,oficial,1138.225806451613,1021.983870967742,1041.548387096774,1129.9258064516127,1110.725806451613,1575.016129032258,,1149.7493548387097,694.0967741935484,29728575.0,71432723.0,117212382.2081,29640.0,32.875,1049.332105263158,25.9,117.68437846889984,166.01158225751638,25.9,6.032027043257293,145.41512698403918,27.730748515139325,15.695367682561123,101.84320209504295,12.995367682561124,2.4028303744797723,95.81117505178568,38.310006269352506,12.410006269352508,-127.70157598816388,-79.37437219954734,8.4851957383548,0.0905281816818075,2.020901519559959,68583.2015919227,0.4321757997878421,213.0,9.85703436803218,12.410006269352508,-36.4630538754472,46751585.2081,58352037.0,19988275.0,151.485274747597,114.4840706569845,174.40113326016336,122.1428910701598,122.40586211001634,176.4567362991631,160.98059064393374,169.65090579798863,126.3338044414022,195.25779227004568,182.451129782909,145.811944459274,110.4933409903601,150.43204438310033,118.6774315974072,162.88552460173003,140.20572231068138,199.34529904840224,167.28072268349396,0.8381463211153132,8.4851957383548,CCL,Cambio de régimen,0,1,8.715238115981075,8.661848574793128,5.338954118794703,112.76493118059663,120.03363469326429,0.9394444437907574,-0.06246659568149873,0.29331219935985475,0,239.01564690595208,3.1843209630200597,-4.675931429248692,2.8910087636602633
2025-01,2.2,0.6514444388456695,146.496636450522,151.930933398711,23032.474621009715,79.70424689514543,12871.33,188.5069641757568,7839.121841978837,2.2,2.2,oficial,1226.2903225806451,1042.854838709677,1062.483870967742,1185.5290322580645,1165.851612903226,1381.2290322580643,,1211.0335483870967,610.7391304347826,30246597.0,67420660.0,120462875.7249,28310.0,31.49715909090909,1070.7154545454546,21.9,84.47216815523686,117.68437846889984,21.9,5.835629358686467,116.94073360071413,32.46856544547727,-5.616561754197724,82.59653742721127,-7.816561754197724,2.229032905751348,76.76090806852481,36.46648931250469,14.566489312504691,-81.21788915639516,-48.005678842732166,11.580896863709512,0.1235560813968263,2.010034687809714,63455.70209794456,0.4461379996442748,183.2,11.94954004307196,14.566489312504691,-26.02326373826456,42864544.7249,57777022.0,20118507.0,151.930933398711,156.42193089701684,167.79089064712173,133.80836340738318,106.91362417711214,186.03519536690263,153.53201843731992,186.9210688248743,141.0061412405926,195.33013412741715,182.5970381941887,166.44389700391375,91.89780236797522,148.1174266677723,122.43324526042862,163.00530999749213,142.4957649606634,219.2857535627508,171.3177698313916,0.8317628994406454,11.580896863709512,CCL,Cambio de régimen,0,1,8.60667348178094,8.657999935441401,-5.132645366046162,114.63585493791611,122.67556993699559,0.9344636018140485,-0.06778260221473043,3.042325009020609,0,280.27678499483466,5.345665183084591,1.5199042406438323,2.3033401740638837
2025-02,2.4,0.6670791053779656,141.404599640534,153.542654381892,21578.82766840556,81.04438505740457,12876.721,195.7267809036883,8027.260766186329,2.4,2.4,oficial,1221.9642857142858,1058.0625,1077.758928571429,1205.9607142857144,1195.0357142857142,1401.0885714285716,,1220.1710714285714,698.3,30282166.0,65405151.0,122547260.5879,28117.0,28.478125,1087.2885,22.2,66.87234999201632,84.47216815523686,22.2,6.7685937190209655,98.77300008614678,31.90065009413045,-2.989453084558946,76.48184913803502,-5.389453084558946,2.159857092124784,69.71325541901405,32.505583358570235,10.305583358570235,-51.96658479666662,-34.36676663344609,11.895219080598809,0.1269095713615374,1.4376743046248477,60686.2529885924,0.4633174502516302,146.9,8.433374270515737,10.305583358570235,-20.59464413073244,40885263.5879,57276360.0,20701648.0,153.542654381892,221.9985491733999,168.38119266482943,130.77047864720444,107.90734540885772,177.6445189627459,153.9624735920752,176.1443626402935,138.32119478968073,185.77483176635613,177.05279416401737,156.33439889564903,75.11912598157055,149.1024390076126,110.36478759199866,163.0217299635528,137.75358544549664,247.99043957005696,167.76475821670104,0.8211115785566889,11.895219080598809,CCL,Cambio de régimen,0,1,8.535681628877303,8.654151296089672,-11.846966721236996,110.4658732504237,120.24531756629055,0.918670892856385,-0.08482733517562635,1.9140928011269376,0,345.4323368414353,3.6076465336299712,20.959663800073614,1.6935537325030836
2025-03,3.7,0.6917610322769503,150.61015153617,149.34718181687,23866.846907148592,80.50509444461592,12865.725,201.53986629652783,8324.269414535223,3.7,3.7,oficial,1256.6129032258063,1068.798387096774,1088.3790322580646,1264.109677419355,1261.777419354839,1414.8945161290324,,1276.8848387096775,753.95,30534180.0,69670839.0,126630499.9031,24986.0,29.506944444444443,1098.7716666666663,24.5,55.897862109658526,66.87234999201632,24.5,5.089311683002484,85.61400035250321,29.71613824284469,6.52194503763166,85.24878769462987,2.82194503763166,2.2817327663621554,80.15947601162739,33.84337520757992,9.343375207579918,-33.02897478443641,-22.054486902078608,16.146088812157778,0.1722619143398834,0.9853876785519188,64013.39692795589,0.3903245445343353,120.0,7.504719042232866,9.343375207579918,-14.146753909021204,44524508.9031,61080780.0,21185767.0,149.34718181687,132.3985086741594,171.96304526390455,132.34831570211912,115.94489567750328,192.51948040594985,154.69546732540888,190.7117184604235,138.33566998687422,149.83162523967243,185.0551687820065,146.21817499571625,147.9911057875826,153.95339851753263,116.99841386620304,161.3353815011886,139.29312586366223,228.62300076274232,166.0324136498986,0.8389513999198995,16.146088812157778,CCL,Cambio de régimen,0,1,8.584619804406335,8.650302656737946,-6.568285233161042,111.87098827417682,119.09167841244847,0.9393686424229883,-0.06254728637751998,1.7965140727828608,0,279.3392174217271,3.797001347020057,9.016894584513313,2.0004872742371838
2025-04,2.8,0.711130341180705,158.939298772999,152.384098030815,22420.82698897628,82.33537597955628,12881.043,208.3519137773505,8557.348958142209,2.8,2.8,oficial,1274.3333333333333,1120.0666666666666,1140.9,1257.8566666666666,1250.1366666666663,1483.1706666666666,,1271.696333333333,799.1818181818181,32698982.0,74625973.0,131110385.1922,38928.0,33.1546052631579,1151.4347368421052,26.3,47.30055353743465,55.897862109658526,26.3,8.03083374310567,74.20585888735165,26.905305349917,7.11220658617302,88.75761647603217,4.31220658617302,2.282210895739812,80.7267827329265,38.68688613179234,12.38688613179234,-17.210975977866184,-8.61366740564231,10.251263622286476,0.109370282581883,4.825613704902976,65409.74055570163,0.5951407186342482,88.0,9.80751079318476,12.38688613179234,-5.847681626975865,45913804.1922,65434866.0,21692977.0,152.384098030815,151.95250115370155,171.38376769282078,133.19035284130663,118.8762451656828,194.9051106778909,160.78693529539842,194.56992065496573,122.3146274825809,124.73051428365672,189.5040537511271,129.68897315499115,213.98245091066835,159.25693846510725,116.10330270732648,160.75040083398565,137.95604701531505,266.84951372669593,160.86245328908274,0.8576025305755903,10.251263622286476,CCL,Flexibilización cambiaria,0,1,8.587730654727316,8.646454017386217,-5.872336265890077,110.68358425340583,115.60998016877414,0.9573877972457354,-0.04354674782697856,1.3596262885112564,0,332.24953767486704,5.541410903136423,-7.352410722703695,4.1817846146251725
2025-05,1.5,0.7217972962984155,165.0746434472,152.270518826338,22290.8495941882,83.90405557894319,12892.299,214.5816359992933,8685.709192514341,1.5,1.5,oficial,1173.3870967741937,1150.0645161290322,1166.2903225806451,1174.0870967741937,1161.1903225806452,1516.1774193548388,,1183.3512903225806,683.8095238095239,34940118.0,75042482.0,136280941.1926,36919.0,32.753125,1170.5195,20.9,43.48374456861439,47.30055353743465,20.9,6.604993501166789,65.63387561676839,22.150131048154,0.558128736224317,64.92273963652882,-0.941871263775683,2.147745522782722,58.31774613536203,38.14602497205015,17.24602497205015,-9.154528565384505,-5.337719596564241,0.6685105794495882,0.007132310091453,2.2254643334775226,64342.88319734477,0.5737852916346082,68.9,14.264702210132452,17.24602497205015,-3.720086629054853,46839224.1926,65467178.0,21565359.0,152.270518826338,145.54659188073086,171.95272429565065,122.0371868246787,121.16045245726588,176.4706021192234,159.22137768412878,196.891125407,118.2137484996598,160.03111296439582,196.11605316886792,146.89977441052014,284.59974164748013,160.85179024280774,125.01539867078142,160.78838935605253,141.00293013232823,287.13114422553576,166.38989940049277,0.847424817494124,0.6685105794495882,CCL,Flexibilización cambiaria,0,1,8.59279720112115,8.642605378034489,-4.980817691333783,113.63873429083382,119.46820884448091,0.9512048049432492,-0.05002588216410862,-2.0789192245439,0,354.4047108657463,1.6324120786427976,6.935814596488754,3.711331303186771
2025-06,1.6,0.7333460530391901,156.788904169427,151.548301951458,22333.23126368058,86.12891890148563,12888.649,220.97616875207223,8824.680539594572,1.6,1.6,oficial,1192.0,1180.1166666666666,1196.1666666666667,1192.2866666666666,1189.7933333333335,1555.0166666666669,,1204.3686666666665,688.1666666666666,37175626.0,81014845.0,143920384.9081,39973.0,32.161184210526315,1198.4636842105265,20.8,39.36853200928508,43.48374456861439,20.8,5.4478277958161625,60.62695650263494,21.258424493349864,7.958642679222683,58.14571351191831,6.358642679222683,2.1792462889528745,52.69788571610215,37.35210787714609,16.55210787714609,-6.131636691468302,-2.016424132138986,-0.3243695137244096,-0.0034606841345744,2.5616558336790662,67728.72648739027,0.5901927006916654,63.3,13.70207605724014,16.55210787714609,-1.4468288523012296,49582410.9081,71250947.0,23074222.0,151.548301951458,93.55909013431904,173.0316839378383,126.26600331393408,116.40672332781403,184.3666218483169,160.57825238878817,203.46908315947928,118.22574397418316,190.26871804243763,189.15512905308623,161.83425327248702,197.8631572729853,155.5319754937918,121.610241089536,161.8719834655142,143.45485007073745,223.8055672935934,171.6150683034003,0.8359105729406111,-0.3243695137244096,CCL,Flexibilización cambiaria,0,1,8.633839028347825,8.638756738682762,-0.4917710334936487,115.42260769481868,123.06909322664877,0.9378683523917086,-0.06414568908836252,4.17222010737434,0,256.49654744136933,7.991243449815144,-61.44816423770045,3.8190233424407083
2025-07,1.9,0.7472796280469346,153.770221533856,151.293300948977,22538.33856601795,91.77660008750954,12885.079,226.45637773712363,8992.34946984687,1.9,1.9,oficial,1293.225806451613,1268.016129032258,1284.032258064516,1277.8419354838709,1276.5290322580645,1669.241935483871,,1290.353870967742,728.1904761904761,40113368.0,80948295.0,144353773.7,38866.0,32.49715909090909,1287.5977272727273,21.1,36.554359728328365,39.36853200928508,21.1,2.722893463223808,53.16879596529296,16.614436236964593,-0.0821454389007381,53.4043114057513,-1.982145438900738,2.0179879934290232,50.681417942527496,37.80220607148548,16.702206071485477,-1.566325937799597,1.2478463431571143,-0.4821002386634854,-0.0051435063303599,7.345597720316244,63042.25964074865,0.616507089394971,53.7,13.792077680830284,16.702206071485477,0.9138092299943112,50271344.7,70343403.0,23800232.0,151.293300948977,77.64448473961806,173.53385597387268,131.7864746326178,124.8529081077739,195.83576954336,158.52667374064268,185.7684584098904,133.16785987672566,166.11533390589827,188.3996250962732,161.73952293795764,118.8756811722598,154.37770436297632,128.55061989546488,161.35362867589183,147.36333853907877,187.0951172381744,167.12699837303606,0.8817446610879484,-0.4821002386634854,CCL,Flexibilización cambiaria,0,1,8.628816348955912,8.634908099331033,-0.6091750375121663,118.70134193058402,119.89190759303114,0.9900696745397659,-0.009979960006943556,1.8198130748372385,0,204.86522195980575,2.763647810554648,-82.53488896519868,0.9438347357173527
2025-08,1.9,0.7614779409798262,150.375794487285,152.175943810366,22701.49152426365,95.05214581822446,12878.48,233.6123992736168,9163.204109773957,1.9,1.9,oficial,1333.0645161290322,1328.0645161290322,1340.645161290323,1333.016129032258,1337.4870967741936,1742.8387096774193,,1345.751935483871,758.0952380952381,44259863.0,78015406.0,145843358.5101,39986.0,48.03125,1343.779,20.9,33.540203995361395,36.554359728328365,20.9,2.978418078291956,49.55885463113696,16.018650635775565,-3.6231634032563576,43.22977937514763,-5.5231634032563575,1.7626671370401663,40.25136129685568,60.15133642202335,39.25133642202335,23.596976693694984,26.61113242666196,-0.5690567853705586,-0.0060712419184898,4.408993844994358,58192.43469682387,0.6871339927315746,44.7,32.46595237553627,39.25133642202335,19.9274313131844,49190877.5101,66854385.0,23640833.0,152.175943810366,293.14931622035465,173.46620086995514,136.87812241344602,122.72490215930046,203.1851787495102,159.0606166813686,185.2566818002439,125.99029351525164,181.92991444769035,184.736007465422,152.5245211251662,78.32148458168004,152.13429691003626,127.29105682101638,160.6977160292281,145.98156426459792,299.1670835347303,167.7042083178401,0.8704704892552695,-0.5690567853705586,CCL,Flexibilización cambiaria,0,1,8.58826755766131,8.631059459979307,-4.2791902317997454,117.45707677580478,120.29857661089501,0.9763796055186833,-0.02390382810601308,0.3273214264470314,0,433.6956251212196,0.9546064922729691,2.0841448322430622,0.6272850658259443
2025-09,2.1,0.7774689777404025,151.705547666222,153.277721823983,20762.02280873389,99.10494368015928,12877.593,238.79859453749103,9355.63139607921,2.1,2.1,oficial,1425.6666666666667,1401.3833333333334,1420.5,1453.1833333333334,1450.3333333333333,1846.65,,1451.6313333333335,1089.909090909091,42295612.0,79198461.0,150497358.0951,40374.0,48.42897727272727,1423.6127272727272,21.9,31.73386307175264,33.540203995361395,21.9,3.687473846916234,46.00235049560519,14.26848742385256,1.5164376636071175,38.914017165019565,-0.5835623363928826,1.872498286583488,35.22654331810333,60.76486257613824,38.86486257613824,27.224658580776847,29.03099950438561,2.300833040009387,0.0245474869276098,5.956448508180934,55753.93241816262,0.7241462305687986,40.9,31.88257799519136,38.86486257613824,22.037613433208936,49575035.0951,68449684.0,23619271.0,153.277721823983,288.47377316990344,174.3118868562889,138.8259177199085,123.86535162331408,223.96706048178623,161.02441014029628,182.45635974282067,122.99123691868247,166.63317127151117,185.9188785976128,138.92235169361075,75.47728828663327,154.26856984843306,125.16006283992336,161.1296997469598,143.92076280310786,300.6529874067771,164.94961565015407,0.8725134777419133,2.300833040009387,CCL,Flexibilización cambiaria,0,1,8.575264210958581,8.627210820627578,-5.194660966899711,115.67126000078679,118.43630400390634,0.9766537462784354,-0.023623094793087045,1.7850796801833422,0,430.7649192970226,3.203156716977862,34.589039892434755,1.4180770367945073
2025-10,2.3,0.7953507642284317,152.838348644922,153.090734729268,22611.072096922508,98.90036492598404,12855.384,244.76855940092827,9570.81091818903,2.3,2.3,oficial,1474.354838709677,1438.774193548387,1463.3870967741937,1519.9709677419355,1508.7387096774194,1902.403225806452,,1520.483870967742,988.9565217391304,41327194.0,77527954.0,148846452.7835,39382.0,46.16761363636363,1465.2813636363635,20.8,31.22078083973023,31.73386307175264,20.8,2.713044892671745,43.08481619466038,11.864035354930143,-2.109266996993797,31.977714669213885,-4.4092669969937965,1.8759549462758105,29.26466977654214,57.30501586468395,36.50501586468396,25.57115279293132,26.08423502495372,3.866637275432594,0.0412529837332757,3.01915499994323,52978.43213931445,0.7433591068991875,35.0,30.21938399394366,36.50501586468396,19.87812818825727,48257904.7835,66687698.0,23419519.0,153.090734729268,118.44066364840708,173.6277516535362,132.89503429662142,130.39940098937294,210.7988185400717,163.27805607437455,177.42492730749396,128.8472963948685,186.79590312165908,187.5674744198488,138.56912599010457,71.70486887513898,159.9102778399418,128.19368696345484,160.3506394020737,145.13809776037175,196.579741632784,168.93383297669808,0.8591416840721976,3.866637275432594,CCL,Flexibilización cambiaria,0,1,8.525596985740387,8.623362181275851,-9.776519553546414,116.81913008401314,121.18873286761625,0.9639438198567819,-0.036722264226694445,2.6833867982872834,0,232.81736621660474,2.9155991839800777,31.489891890925836,0.23221238569286484
2025-11,2.5,0.8152345333341424,147.971686349983,153.012787837257,22630.11697255106,96.00808293083416,12847.529,249.1254397582648,9810.081191143754,2.5,2.5,oficial,1433.6666666666667,1428.9833333333331,1453.6666666666667,1494.6233333333332,1470.8366666666666,1889.7666666666669,,1515.9399999999998,630.35,40926609.0,84573865.0,156198704.8415,40335.0,32.025735294117645,1455.4529411764706,21.0,31.348926133518983,31.22078083973023,21.0,1.4659805926894975,40.24626918617618,8.897343052657195,9.088219972888757,36.97930019425812,6.588219972888755,2.0664762379898125,35.513319601568625,37.17103140395188,16.17103140395188,5.950250564221648,5.822105270432896,2.8174730566383754,0.0300594966362449,-0.664241889856354,58179.68241229076,0.6932832619154866,29.4,13.364488763596594,16.17103140395188,4.43254881620776,52779605.8415,71276445.0,23679169.0,153.012787837257,120.43156076267306,173.64548872485398,124.54509082765442,120.13921727152892,196.2764528966126,158.7708225767162,176.50431437850955,123.25284659781596,192.70714135379492,185.5196018262652,138.38026356150982,90.34238812270414,149.76239119956492,122.00005527215065,160.64646857886805,138.8996954174568,200.7790083317332,166.93523106715216,0.832057406513442,2.8174730566383754,CCL,Flexibilización cambiaria,0,1,8.590469592169216,8.619513541924123,-2.904394975490732,111.80828445936595,119.76547809262006,0.9335602064970638,-0.06874982263600524,0.4377807409727652,0,240.64165589066684,-0.2638596342163346,-8.1931606042426,-0.7016403751891609
2025-12,2.8,0.8380611002674984,153.846165907201,155.947822026171,28133.90562079309,94.67986195318032,12851.810999999998,253.13635933837287,10084.763464495782,2.8,2.8,oficial,1477.5806451612902,1447.1290322580646,1471.1290322580646,1523.4774193548387,1490.741935483871,1912.467741935484,,1525.27,600.8260869565217,42956965.0,94630422.0,161702851.513,41095.0,26.46052631578948,1471.5947368421052,20.1,31.476821874642248,31.348926133518983,20.1,2.945862088582163,38.21943173624989,6.74260986160764,11.890856590271714,32.47489109437982,9.090856590271711,2.202912193633791,29.529029005797657,29.91758745331952,9.817587453319517,-1.4313386801994668,-1.5592344213227314,3.558381756386364,0.0379642191021314,1.201263397711383,64325.031948251286,0.6388648206667108,25.9,8.174510785445044,9.817587453319518,-1.185938630924166,61930336.513,78046626.0,27109342.0,155.947822026171,136.12064507484186,174.54233881230664,121.94485919456754,117.31991366603664,201.5447104401588,163.24455865790114,169.714383320505,128.82112625586268,199.1789416375233,185.809987244129,159.91055723946968,145.86989364700167,148.5788719598116,130.30262662011546,160.744962864348,144.67831360903375,232.37588421697197,167.64444208665847,0.8630069199326447,3.558381756386364,CCL,Flexibilización cambiaria,0,1,8.722739710739958,8.615664902572394,10.707480816756387,116.7436669585998,120.23460825883463,0.9709655867741531,-0.029464252334150058,3.3002343347348675,0,284.28382698237687,3.4675253674339324,17.34441118714294,0.1672910326989907
2026-01,2.9,0.8623648721752557,149.429834187148,156.300870710309,22759.48130906786,93.53735284060534,12850.762,259.5660228655676,10377.221604966158,2.9,2.9,oficial,1502.258064516129,1449.548387096774,1472.741935483871,1519.5419354838712,1481.7516129032258,1914.564516129032,,1526.8716129032257,550.1363636363636,42812343.0,82056876.0,158530283.174,44503.0,31.20238095238096,1469.937619047619,21.0,32.37734805186574,31.476821874642248,21.0,2.876265691154556,37.69572068624374,5.318372634378001,-13.2870019326343,21.70879964687382,-16.1870019326343,1.916663986364867,18.832533955719263,36.075020246856425,15.075020246856424,4.598198372214178,3.697672194990688,3.1777461395247064,0.0339032343776353,0.1096371011950481,55717.07712189246,0.7987317766623081,21.9,12.458694418889603,15.075020246856424,2.7932816674510974,51459501.174,72460642.0,25784885.0,156.300870710309,229.42994270288995,167.21599835785622,133.34873778084153,104.36843160622372,199.06907196302387,153.66543438841248,187.41892999069844,141.4144348281523,199.59875440933456,187.03893284908185,162.25044824604095,113.7054623571078,145.95711885907497,135.23587932841704,160.69765518297075,143.5757693586121,274.7435574446344,171.24552466238865,0.8384205639339912,3.1777461395247064,CCL,Flexibilización cambiaria,0,1,8.50893721852487,8.611816263220668,-10.2879044695797,115.94232596485074,122.57269143961798,0.9459066665103498,-0.05561137599172791,1.2171226223002511,0,376.344847157238,1.1332251847937513,29.472823701669437,-0.08389743750649714
2026-02,2.9,0.887373453468338,139.311631572628,152.462325180149,20913.077756425057,90.09101526030496,12856.383,265.87347722120086,10678.161031510175,2.9,2.9,oficial,1437.857142857143,1407.017857142857,1426.9642857142858,1471.2714285714285,1431.8535714285715,1855.053571428572,,1479.7607142857144,520.85,40986704.0,84075291.0,161174427.2862,45566.0,30.791666666666668,1431.8777777777775,22.3,33.02372182165028,32.37734805186574,22.3,-0.7036020095471218,35.83908956844786,2.815367746797584,2.4597755829749213,28.545366403939653,-0.4402244170250786,2.05128206942427,29.24896841348677,35.53130269051303,13.23130269051303,3.153954638647292,2.507580868862753,3.1049931172568934,0.0331270355696348,-3.1083279878592496,58918.98756100613,0.7733669889154133,22.2,10.81872664800738,13.23130269051303,1.8850629305235955,52450365.2862,73668704.0,25525056.0,152.462325180149,252.64735393032268,168.9143772030912,130.3905047828715,98.81329787056713,188.41296472649165,153.60023119109562,177.07925830368745,139.2380373579877,192.2412571510428,175.78217774871342,147.22968420629263,80.86757854160027,143.6883771575081,121.52569367183897,160.72354013191625,136.00049512528764,270.4351673649291,167.80080718165004,0.8104877289300672,3.1049931172568934,CCL,Flexibilización cambiaria,0,1,8.49942194762026,8.607967623868939,-10.85456762486796,109.45631182160321,120.20376217586666,0.9105897339674014,-0.09366283006615583,-0.8835494890529483,0,384.6295954713167,-0.9181143049234564,10.74839987385987,-0.034564815870474774
2026-03,3.4,0.9175441508862616,159.976850057738,156.731112313453,22652.74141797431,86.23402903685968,12832.386,274.9131754467217,11041.218506581525,3.4,3.4,oficial,1420.483870967742,1395.967741935484,1416.2903225806451,1470.083870967742,1427.3129032258064,1841.1774193548388,,1470.351612903226,587.2727272727273,41277771.0,84633524.0,163960910.0115,42052.0,27.56875,1418.62,23.8,32.63888945379592,33.02372182165028,23.8,4.944137818172689,36.40635001823358,3.767460564437663,0.6639679665218168,21.4762520658033,-2.736032033478183,2.0503414295311635,16.532114247630613,31.333324272407424,7.533324272407423,-1.690397549242853,-1.305565181388495,3.798200660517015,0.040522836486258,-0.7480189406630866,59757.18583304863,0.7037145309601109,24.5,6.085076148955926,7.533324272407423,-0.984300446697628,54181839.0115,73906989.0,25686624.0,156.731112313453,168.99870659045294,172.28903849312113,143.2582810769081,122.03899784048464,210.4588130693357,159.06939447846293,191.8697305858755,139.74814751848749,153.91127589067665,194.3348131046951,154.5875393579915,177.5741068792964,160.20550316618102,136.1794355577162,159.23541557569823,149.34172581397542,268.08072936249295,167.9359563542449,0.8892778476751773,3.798200660517015,CCL,Flexibilización cambiaria,0,1,8.498465650958103,8.604118984517212,-10.565333355910944,120.34508336941119,120.42073240760202,0.9993717939039369,-0.0006284035001906122,6.191888287732937,0,338.8692209926888,7.30169936766174,19.318737781834283,1.1098110799288463
2026-04,2.6,0.9414002988093044,161.607211010158,154.336402014869,21591.03834559441,84.6695645688686,12797.583999999995,285.16743689088446,11328.290187752642,2.6,2.6,oficial,1407.5,1382.9166666666667,1406.1666666666667,1478.4666666666667,1427.6633333333334,1828.0166666666669,,1470.5800000000002,561.5454545454545,42132457.0,84704309.0,169772664.576,44516.0,22.446875,1407.2875,24.2,32.380837139683514,32.63888945379592,24.2,1.2811730418611056,36.8681629656739,4.487325825990389,0.0836370703410693,13.505131785685398,-2.5163629296589307,2.010428895708598,12.223958743824292,24.90648397812792,0.7064839781279133,-7.732405475668006,-7.474353161555602,5.141638022993944,0.0548559108641062,-0.7148008958736574,60237.74493303306,0.7390050880803872,26.3,0.5688276796520952,0.7064839781279169,-5.64609902992903,52797958.576,74360856.0,25242172.0,154.336402014869,119.57783114107112,171.43568795303867,132.50026885638826,115.86487988160192,203.6630893060156,160.78995633488006,195.3430033890692,120.01927291151203,128.95074200252418,193.27235408658044,138.82007488839227,236.14995767689007,154.65165609308954,136.19903119511753,158.5895053516859,142.9730473373598,259.3182935278191,160.05872719962653,0.8932536815630344,5.141638022993944,CCL,Flexibilización cambiaria,0,1,8.446924652133621,8.600270345165484,-15.334569303186283,115.40726150819094,115.00454691784019,1.0035017275502893,0.0034956107777259497,4.704235860470451,0,307.2196574173703,4.179173845067652,-7.8323317879474885,-0.5250620154028773
2026-05,2.1,0.9611697050842996,165.471414076407,153.62027214485,22140.23403795204,84.32430568511882,12785.603999999998,291.4981539898621,11566.184281695449,2.1,2.1,oficial,1416.9354838709678,1398.032258064516,1420.1612903225807,1485.8935483870966,1435.6516129032257,1846.2096774193549,,1482.767741935484,521.0952380952381,41975464.0,87969157.0,167253222.3629,48193.0,21.345394736842103,1419.192105263158,23.3,33.1633839602137,32.380837139683514,23.3,0.8864180203203897,35.844874437821005,2.681490477607305,3.8544060373599134,17.225809508805966,1.7544060373599142,2.095728042458328,16.339391488485575,23.56259982737581,0.262599827375805,-8.818237312307708,-9.600784132837894,4.62850653038045,0.0493813334445194,0.9952322144777036,61943.074775695626,0.7780207904517731,20.9,0.2129763401263584,0.2625998273758085,-7.2097778287959375,51264337.3629,68773153.0,25719300.0,153.62027214485,113.75983697752474,172.04697791007305,126.01367085192312,114.38020638419756,179.08724504584376,159.84236479167612,197.7489725703713,116.57309437466624,164.99594877125213,197.4888001503049,160.12492791455685,296.26984238436205,154.5106659364952,145.4782485245455,158.5894022516019,147.1961402264929,273.8638909207539,165.5147372722964,0.8893234684252516,4.62850653038045,CCL,Flexibilización cambiaria,0,1,8.396664918636919,8.596421705813757,-19.97567871768382,119.24162985872672,118.79833736847358,1.0037314704908553,0.003724525825358131,5.375040798946675,0,323.94625378495766,4.81275184013894,-8.986189250075238,-0.5622889588077662
2026-06,1.9,0.9794319294809012,,,,84.97640016253324,,,11785.94178304766,1.9,1.9,oficial,1472.8333333333333,1450.3666666666666,1469.6296666666667,1517.7066666666665,1473.6866666666667,1910.5183333333327,,1521.529,454.54545454545456,45711975.0,94881304.0,,44870.0,20.69047619047619,1471.462380952381,22.3,33.55658292860013,33.1633839602137,22.3,1.3672011937525097,31.913841947777243,-1.642740980822886,7.857466452702289,17.115948317866938,5.957466452702288,2.075633441784128,15.748747124114429,22.76984913163087,0.4698491316308697,-10.39353482858283,-10.786733796969258,3.271368365136862,0.0349020858020475,3.483292826045803,64561.36954230419,0.6949976482546375,20.8,0.3841775401724145,0.4698491316308697,-8.07652723695087,,,27890209.0,,325.21367608240894,172.8420381725931,129.80357157932565,118.6081519642159,193.72989337767632,162.66570085386377,205.58934961193395,118.68264330203472,193.64966448128425,192.0841221941872,161.17199486732176,206.99903999683897,156.84526951573466,140.54927584550464,159.40706428762292,148.75917319436394,366.4003330807221,172.3707860486393,0.8630184766482838,3.271368365136862,CCL,Flexibilización cambiaria,0,1,,,,120.23177688986607,123.56418377157543,0.973030964313496,-0.027339373753162536,3.6806315335199984,0,527.3528002598938,4.082111184575776,72.07545705153882,0.40147965105576944
2026-07,2.1,1.0,,,,85.47006602748095,,,12033.446560491662,2.1,2.1,oficial,1532.258064516129,1486.6129032258063,1508.7096774193549,1574.7935483870967,1524.8967741935485,1961.3225806451608,,1570.639677419355,419.39130434782606,46193622.0,95273925.0,,47599.0,21.31845238095238,1509.0409523809524,21.8,33.818715574191074,33.55658292860013,21.8,1.5380530276471127,28.72154756808865,-5.097168006102429,0.4138022807949504,17.697259713746917,-1.6861977192050497,2.0624908997177145,16.159206686099804,23.529894939713337,1.7298949397133363,-10.026687988886792,-10.288820634477736,4.380158221081887,0.0467317162102434,2.659174051741031,63149.27677998717,0.7537536837648272,21.1,1.42027499155446,1.7298949397133363,-7.688626056774151,,,28793896.0,,,,,,,,,,,,,,,,,,,,,4.380158221081887,CCL,Flexibilización cambiaria,0,1,,,,,,,,,0,,,,
