fecha,valor
2026-09-18,248137.443
2026-09-17,243771.8988
2026-09-16,243519.9283
2026-09-15,244603.0598
2026-09-14,247883.0522
2026-09-11,250516.013
2026-09-10,244546.8723
2026-09-09,247539.8322
2026-09-08,247239.4316
2026-09-07,246090.77
2026-09-04,251175.2645
2026-09-03,254597.9712
2026-09-02,258892.1251
2026-09-01,258687.2712
2026-08-31,261109.9479
2026-08-28,249961.0771
2026-08-27,253850.9285
2026-08-26,241304.6699
2026-08-25,236509.7961
2026-08-24,234512.733
2026-08-21,230848.0799
2026-08-20,225982.1838
2026-08-19,221111.5692
2026-08-18,220076.6106
2026-08-14,216124.979
2026-08-13,218967.8699
2026-08-12,214043.7209
2026-08-11,214403.9023
2026-08-10,217628.2327
2026-08-07,227433.3583
2026-08-06,226536.6324
2026-08-05,228878.4028
2026-08-04,232893.9944
2026-08-03,231285.8021
2026-07-31,233321.9031
2026-07-30,232921.985
2026-07-29,234480.3971
2026-07-28,231943.9236
2026-07-27,235919.8304
2026-07-24,236767.7041
2026-07-23,235141.742
2026-07-22,226867.6935
2026-07-21,225517.2881
2026-07-20,222899.09
2026-07-17,220737.4916
2026-07-16,220363.0438
2026-07-15,215414.4329
2026-07-14,213833.8101
2026-07-13,211233.8605
2026-07-08,213640.0521
2026-07-07,218228.512
2026-07-06,209223.5199
2026-07-03,210072.5819
2026-07-02,216144.9531
2026-07-01,215472.3822
2026-06-30,213260.8929
2026-06-29,216149.1548
2026-06-26,223027.2025
2026-06-25,230857.2054
2026-06-24,232320.5568
2026-06-23,235042.2417
2026-06-22,233374.3761
2026-06-19,234597.1822
2026-06-18,233875.5675
2026-06-17,230208.8043
2026-06-16,230714.7571
2026-06-12,230463.5727
2026-06-11,231153.8228
2026-06-10,232114.1426
2026-06-09,234156.8697
2026-06-08,236347.1207
2026-06-05,236511.9571
2026-06-04,236828.4151
2026-06-03,238770.2656
2026-06-02,238854.7237
2026-06-01,239751.4838
2026-05-29,240813.3151
2026-05-28,240897.4345
2026-05-27,241390.6318
2026-05-26,243578.4393
2026-05-22,240160.9947
2026-05-21,241308.7593
2026-05-20,245020.021
2026-05-19,245912.5367
2026-05-18,243683.759
2026-05-15,243325.8256
2026-05-14,244555.2086
2026-05-13,237199.7573
2026-05-12,231250.4688
2026-05-11,231752.012
2026-05-08,231132.0799
2026-05-07,232772.8979
2026-05-06,234129.7116
2026-05-05,237577.4483
2026-05-04,239649.9942
2026-04-30,236363.0257
2026-04-29,228829.1246
2026-04-28,227012.7167
2026-04-27,226768.3877
2026-04-24,225456.8511
2026-04-23,224161.5242
2026-04-22,222458.5591
2026-04-21,221100.5311
2026-04-20,223977.1664
2026-04-17,222846.4866
2026-04-16,221021.2123
2026-04-15,221674.0478
2026-04-14,220826.9047
2026-04-13,221518.1288
2026-04-10,222958.488
2026-04-09,224969.8594
2026-04-08,226401.8334
2026-04-07,226536.0598
2026-04-06,224181.7816
2026-04-01,227702.4596
2026-03-31,227134.1773
2026-03-30,231325.317
2026-03-27,228979.6369
2026-03-26,226955.1675
2026-03-25,230498.5445
2026-03-20,236586.8718
2026-03-19,230225.4478
2026-03-18,223869.8129
2026-03-17,219793.8768
2026-03-16,227870.0013
2026-03-13,228522.8065
2026-03-12,219226.8484
2026-03-11,216703.9041
2026-03-10,217881.7605
2026-03-09,224670.1103
2026-03-06,219206.6711
2026-03-05,220506.6366
2026-03-04,222290.1956
2026-03-03,226490.3145
2026-03-02,230906.6604
2026-02-27,221963.2966
2026-02-26,224741.451
2026-02-25,214230.4504
2026-02-24,210401.3369
2026-02-23,204357.2227
2026-02-20,209548.7487
2026-02-19,210294.3755
2026-02-18,213087.6654
2026-02-13,212750.0306
2026-02-12,208813.9659
2026-02-11,209612.2567
2026-02-10,210918.7515
2026-02-09,216529.3714
2026-02-06,219582.8967
2026-02-05,219890.708
2026-02-04,218555.0748
2026-02-03,220869.8011
2026-02-02,223252.8273
2026-01-30,223395.7508
2026-01-29,220420.3293
2026-01-28,222817.3198
2026-01-27,219761.031
2026-01-26,222527.1962
2026-01-23,230599.6453
2026-01-22,229884.8691
2026-01-21,229581.0882
2026-01-20,230764.5555
2026-01-19,230416.0153
2026-01-16,232998.6022
2026-01-15,235835.9514
2026-01-14,237277.9774
2026-01-13,232971.0548
2026-01-12,238730.9721
2026-01-09,238455.4336
2026-01-08,235611.2346
2026-01-07,234671.1711
2026-01-06,235838.8959
2026-01-05,237480.2022
2026-01-02,246642.9674
2025-12-30,250923.9536
2025-12-29,250579.6383
2025-12-26,249877.7693
2025-12-23,252013.2047
2025-12-22,252395.5515
2025-12-19,252515.7937
2025-12-18,253302.0251
2025-12-17,253485.0972
2025-12-16,253631.4532
2025-12-15,254732.0016
2025-12-12,257045.6785
2025-12-11,255807.063
2025-12-10,264043.2269
2025-12-09,261635.3535
2025-12-05,263663.6393
2025-12-04,266198.2878
2025-12-03,269758.2918
2025-12-02,270580.6212
2025-12-01,269807.399
2025-11-28,270478.0549
2025-11-27,271116.7419
2025-11-26,269316.2865
2025-11-25,272221.3008
2025-11-20,267705.0725
2025-11-19,267026.0156
2025-11-18,266396.2042
2025-11-17,266065.4049
2025-11-14,275009.7193
2025-11-13,271557.1987
2025-11-12,266923.526
2025-11-11,267002.2907
2025-11-10,265656.9459
2025-11-07,268636.8214
2025-11-05,270132.877
2025-11-04,277477.069
2025-11-03,273501.9645
2025-10-31,273878.5558
2025-10-30,278610.2332
2025-10-29,284249.4193
2025-10-28,290974.106
2025-10-27,270274.3472
2025-10-24,292287.6368
2025-10-23,293186.2166
2025-10-22,292483.8188
2025-10-21,286508.4273
2025-10-20,284359.2392
2025-10-17,278338.1241
2025-10-16,266249.7746
2025-10-15,272239.5011
2025-10-14,280555.5901
2025-10-13,277763.8518
2025-10-09,301303.281
2025-10-08,307136.7704
2025-10-07,305521.0499
2025-10-06,305641.402
2025-10-03,304751.469
2025-10-02,309516.6935
2025-10-01,302529.4688
2025-09-30,283603.9957
2025-09-29,255585.032
2025-09-26,230369.3534
2025-09-25,222925.8885
2025-09-24,234430.7469
2025-09-23,234478.8865
2025-09-22,194519.8593
2025-09-19,199342.3955
2025-09-18,199529.3175
2025-09-17,196228.7109
2025-09-16,194256.2779
2025-09-15,193328.0422
2025-09-12,191820.9446
2025-09-11,187541.5439
2025-09-10,185879.0475
2025-09-09,185781.7119
2025-09-08,186008.3968
2025-09-05,178012.842
2025-09-04,177998.1967
2025-09-03,178781.5774
2025-09-02,180114.3749
2025-09-01,180390.1919
2025-08-29,174061.82
2025-08-28,176919.029
2025-08-27,178298.9111
2025-08-26,177581.0915
2025-08-25,176560.2425
2025-08-22,173592.6083
2025-08-21,171996.0219
2025-08-20,170649.8491
2025-08-19,171086.7148
2025-08-18,171769.5947
2025-08-14,172923.7127
2025-08-13,173073.0738
2025-08-12,171817.0823
2025-08-11,174233.0743
2025-08-08,174469.8028
2025-08-07,175306.7081
2025-08-06,178057.7984
2025-08-05,179743.2118
2025-08-04,182031.9239
2025-08-01,183354.8743
2025-07-31,183488.8
2025-07-30,174996.2363
2025-07-29,175870.1605
2025-07-28,175198.7166
2025-07-25,174063.5816
2025-07-24,173161.3572
2025-07-23,171239.7424
2025-07-22,173147.5644
2025-07-21,175478.2172
2025-07-18,175177.6082
2025-07-17,174040.8582
2025-07-16,174083.8848
2025-07-15,176251.1199
2025-07-14,174361.8144
2025-07-11,174848.2695
2025-07-10,175416.3914
2025-07-08,175304.7745
2025-07-07,175081.5559
2025-07-04,172444.0693
2025-07-03,172028.7069
2025-07-02,172819.9276
2025-07-01,167043.2724
2025-06-30,165131.9803
2025-06-27,163391.063
2025-06-26,164015.9585
2025-06-25,158854.6721
2025-06-24,159558.5369
2025-06-23,158576.7493
2025-06-19,156764.4058
2025-06-18,156233.5057
2025-06-17,163272.0181
2025-06-13,168842.3893
2025-06-12,168843.7125
2025-06-11,173667.5285
2025-06-10,173690.0517
2025-06-09,177100.6575
2025-06-06,177007.959
2025-06-05,175271.6343
2025-06-04,173864.2333
2025-06-03,172026.7972
2025-06-02,174148.4933
2025-05-30,176098.2708
2025-05-29,172868.2046
2025-05-28,170405.083
2025-05-27,168265.8063
2025-05-26,167347.7856
2025-05-23,169357.1972
2025-05-22,170745.1896
2025-05-21,170960.1389
2025-05-20,172476.582
2025-05-19,173834.4608
2025-05-16,176088.6813
2025-05-15,175036.537
2025-05-14,175739.4845
2025-05-13,177596.0604
2025-05-12,178156.6692
2025-05-09,176219.8546
2025-05-08,176840.0469
2025-05-07,187899.0503
2025-05-06,195101.9018
2025-05-05,192611.8704
2025-04-30,195828.5272
2025-04-29,194589.5335
2025-04-28,197726.7678
2025-04-25,201298.3124
2025-04-24,203545.2103
2025-04-23,199311.5468
2025-04-22,209639.9385
2025-04-21,212603.5531
2025-04-16,238293.6252
2025-04-15,260439.1446
2025-04-14,279463.48
2025-04-11,258959.7291
2025-04-10,238267.0491
2025-04-09,225437.8183
2025-04-08,221538.3555
2025-04-07,217443.1792
2025-04-04,218794.406
2025-04-03,218111.7469
2025-04-01,211690.0371
2025-03-31,210132.458
2025-03-28,206716.1841
2025-03-27,208093.1671
2025-03-26,207509.3066
2025-03-25,206208.631
2025-03-21,205015.6787
2025-03-20,200535.8561
2025-03-19,187371.5765
2025-03-18,182175.0683
2025-03-17,164518.9671
2025-03-14,165450.6118
2025-03-13,162329.0531
2025-03-12,164412.6517
2025-03-11,164518.8265
2025-03-10,165591.7491
2025-03-07,167050.9656
2025-03-06,162596.9334
2025-03-05,163439.6827
2025-02-28,165075.7133
2025-02-27,167008.9971
2025-02-26,166842.1217
2025-02-25,168683.5263
2025-02-24,171487.3629
2025-02-21,171798.0816
2025-02-20,169319.4414
2025-02-19,169598.9721
2025-02-18,171310.8337
2025-02-17,170877.9348
2025-02-14,171231.4555
2025-02-13,169570.13
2025-02-12,172502.8691
2025-02-11,171417.5111
2025-02-10,172084.4985
2025-02-07,174217.5188
2025-02-06,173953.8676
2025-02-05,171629.6378
2025-02-04,170915.9599
2025-02-03,169395.5295
2025-01-31,170315.5366
2025-01-30,169321.7879
2025-01-29,166913.2081
2025-01-28,166379.3801
2025-01-27,168256.6048
2025-01-24,160419.6246
2025-01-23,158576.7762
2025-01-22,159490.6036
2025-01-21,154949.8408
2025-01-20,154663.8875
2025-01-17,153484.5163
2025-01-16,154751.6843
2025-01-15,158492.9753
2025-01-14,158767.3489
2025-01-13,158839.611
2025-01-10,152113.7219
2025-01-09,151823.1322
2025-01-08,152598.0019
2025-01-07,152252.9639
2025-01-06,152159.0143
2025-01-03,152135.4174
2025-01-02,151409.5958
2024-12-30,151508.3479
2024-12-27,151140.2116
2024-12-26,160836.7913
2024-12-23,161251.9359
2024-12-20,160389.621
2024-12-19,158982.4487
2024-12-18,154564.947
2024-12-17,151038.3756
2024-12-16,151750.3347
2024-12-13,144851.9
2024-12-12,144533.1473
2024-12-11,144832.5615
2024-12-10,145619.7007
2024-12-09,154493.7207
2024-12-06,154792.3964
2024-12-05,156087.9287
2024-12-04,156737.0607
2024-12-03,156176.7633
2024-12-02,156745.2027
2024-11-29,160686.4497
2024-11-28,159064.1916
2024-11-27,159527.0297
2024-11-26,159765.6799
2024-11-25,158536.9387
2024-11-22,157707.3724
2024-11-21,156906.2824
2024-11-20,158609.4343
2024-11-19,161245.6126
2024-11-15,161553.0565
2024-11-14,165210.0782
2024-11-13,165459.5352
2024-11-12,164770.4831
2024-11-11,163127.1602
2024-11-08,162475.2589
2024-11-07,164127.4184
2024-11-05,162865.8566
2024-11-04,160479.7771
2024-11-01,162944.8167
2024-10-31,165013.0069
2024-10-30,163842.5079
2024-10-29,163658.7659
2024-10-28,163704.8572
2024-10-25,165811.383
2024-10-24,166123.1653
2024-10-23,164222.9281
2024-10-22,162881.1954
2024-10-21,166345.8411
2024-10-18,164929.5547
2024-10-17,164090.6748
2024-10-16,164764.5237
2024-10-15,165663.5954
2024-10-14,165786.2925
2024-10-10,165927.3876
2024-10-09,167470.6335
2024-10-08,168235.157
2024-10-07,170415.3461
2024-10-04,170376.8497
2024-10-03,168877.9748
2024-10-02,166171.6424
2024-10-01,168000.0049
2024-09-30,165447.7437
2024-09-27,164143.9422
2024-09-26,163868.8927
2024-09-25,164441.7609
2024-09-24,164459.1944
2024-09-23,163322.0725
2024-09-20,163905.6964
2024-09-19,163653.1761
2024-09-18,163458.7575
2024-09-17,161208.7874
2024-09-16,161510.8721
2024-09-13,164312.0522
2024-09-12,164812.2291
2024-09-11,164339.9332
2024-09-10,164533.3608
2024-09-09,168530.4203
2024-09-06,168811.5043
2024-09-05,168393.6405
2024-09-04,167594.4412
2024-09-03,167069.7077
2024-09-02,169129.9753
2024-08-30,168982.2359
2024-08-29,170950.7341
2024-08-28,171506.5642
2024-08-27,170009.5742
2024-08-26,170279.2051
2024-08-23,170168.7008
2024-08-22,169762.356
2024-08-21,170405.6568
2024-08-20,171468.2141
2024-08-19,171878.5298
2024-08-16,174532.9079
2024-08-15,176520.7696
2024-08-14,172720.2453
2024-08-13,171621.3646
2024-08-12,171092.9174
2024-08-09,171358.1513
2024-08-08,171073.9907
2024-08-07,171236.3266
2024-08-06,172535.7291
2024-08-05,172205.0862
2024-08-02,172221.2194
2024-08-01,172855.8217
2024-07-31,172605.2345
2024-07-30,171360.3451
2024-07-29,171469.1083
2024-07-26,170414.521
2024-07-25,168462.9922
2024-07-24,170200.2574
2024-07-23,170514.3397
2024-07-22,170890.3401
2024-07-19,170817.2894
2024-07-18,168738.5166
2024-07-17,169775.326
2024-07-16,169883.3586
2024-07-15,168449.2268
2024-07-12,168453.5742
2024-07-11,167728.6829
2024-07-10,163481.6707
2024-07-08,161750.2694
2024-07-05,160549.8832
2024-07-04,159769.2732
2024-07-03,159497.6475
2024-07-02,160223.1148
2024-07-01,159562.4291
2024-06-28,157739.3137
2024-06-27,154402.0267
2024-06-26,155757.3329
2024-06-25,160468.5953
2024-06-24,157723.9853
2024-06-19,158113.4611
2024-06-18,159006.599
2024-06-14,155490.1252
2024-06-13,153980.9447
2024-06-12,155243.5566
2024-06-11,152413.2891
2024-06-10,151163.2874
2024-06-07,150926.1403
2024-06-06,141142.8789
2024-06-05,142534.6531
2024-06-04,142450.6602
2024-06-03,142443.6328
2024-05-31,140649.9522
2024-05-30,136887.4493
2024-05-29,138579.6698
2024-05-28,139944.5548
2024-05-27,137549.5965
2024-05-24,137879.2139
2024-05-23,137275.5867
2024-05-22,134292.8067
2024-05-21,134280.3977
2024-05-20,130653.4
2024-05-17,131262.0094
2024-05-16,134897.7494
2024-05-15,135258.0047
2024-05-14,135502.4086
2024-05-13,135403.3058
2024-05-10,134393.4687
2024-05-09,135868.5574
2024-05-08,136222.2188
2024-05-07,136345.4241
2024-05-06,135587.8669
2024-05-03,130683.1841
2024-05-02,130201.67
2024-04-30,129302.1528
2024-04-29,129875.9883
2024-04-26,130488.4397
2024-04-25,131858.8716
2024-04-24,132051.012
2024-04-23,132882.5263
2024-04-22,133644.274
2024-04-19,134903.1999
2024-04-18,135391.7168
2024-04-17,135632.7935
2024-04-16,135890.7429
2024-04-15,138832.4491
2024-04-12,138389.1846
2024-04-11,139213.587
2024-04-10,138827.8224
2024-04-09,138555.5035
2024-04-08,138758.9293
2024-04-05,136007.8657
2024-04-04,139315.2774
2024-04-03,139409.2051
2024-03-27,140527.5619
2024-03-26,139876.1955
2024-03-25,139023.3504
2024-03-22,139022.4968
2024-03-21,139391.6629
2024-03-20,138759.4707
2024-03-19,138689.2552
2024-03-18,138673.4556
2024-03-15,138564.7696
2024-03-14,139591.4891
2024-03-13,139018.9054
2024-03-12,139318.1239
2024-03-11,140069.5987
2024-03-08,140083.0202
2024-03-07,141672.5057
2024-03-06,142046.0189
2024-03-05,142271.6128
2024-03-04,143171.5216
2024-03-01,146781.1514
2024-02-29,151736.7346
2024-02-28,153149.314
2024-02-27,155116.7163
2024-02-26,160797.5506
2024-02-23,159445.1883
2024-02-22,162110.8131
2024-02-21,160223.0768
2024-02-20,161870.6355
2024-02-19,161801.5861
2024-02-16,160580.9242
2024-02-15,159630.9352
2024-02-14,154254.202
2024-02-09,153489.6891
2024-02-08,155772.7398
2024-02-07,154900.6189
2024-02-06,156989.6722
2024-02-05,156485.3032
2024-02-02,159764.6118
2024-02-01,161221.9755
2024-01-31,158651.1445
2024-01-30,158426.6873
2024-01-29,159632.7644
2024-01-26,158190.7675
2024-01-25,158480.4462
2024-01-24,158009.4131
2024-01-23,159692.1481
2024-01-22,158901.0826
2024-01-19,159704.0541
2024-01-18,163266.7071
2024-01-17,161393.0522
2024-01-16,163971.6946
2024-01-15,162280.0552
2024-01-12,159169.7846
2024-01-11,157920.8364
2024-01-10,155980.6917
2024-01-09,154898.1462
2024-01-08,153520.279
2024-01-05,154932.381
2024-01-04,154321.0944
2024-01-03,153835.1978
2024-01-02,156304.6067
2023-12-29,158236.5237
2023-12-28,160926.4039
2023-12-27,168769.0369
2023-12-26,173797.7424
2023-12-22,180262.7079
2023-12-21,183580.1544
2023-12-20,199911.4315
2023-12-19,200729.9193
2023-12-18,216656.0561
2023-12-15,225586.179
2023-12-14,244878.9716
2023-12-13,259846.4243
2023-12-12,123581.9411
2023-12-11,123233.6475
2023-12-07,122112.1478
2023-12-06,121722.5782
2023-12-05,119636.6233
2023-12-04,118371.3309
2023-12-01,116904.0006
2023-11-30,115065.7932
2023-11-29,115850.8265
2023-11-28,115177.3506
2023-11-27,112086.6202
2023-11-24,112827.1585
2023-11-23,115540.9117
2023-11-22,115602.9546
2023-11-21,116780.8668
2023-11-17,116976.8944
2023-11-16,116782.6131
2023-11-15,116762.5284
2023-11-14,115535.2058
2023-11-13,111418.4739
2023-11-10,107360.0966
2023-11-09,106695.3965
2023-11-08,107658.9198
2023-11-07,108387.9053
2023-11-03,108496.0777
2023-11-02,107956.4001
2023-11-01,106986.7148
2023-10-31,105928.6956
2023-10-30,107024.6237
2023-10-27,107941.1558
2023-10-26,107522.1108
2023-10-25,107098.3563
2023-10-24,108642.7126
2023-10-23,110324.8272
2023-10-20,113863.0702
2023-10-19,111305.4879
2023-10-18,106069.1976
2023-10-17,105619.0012
2023-10-12,104431.5395
2023-10-11,105251.9624
2023-10-10,104762.396
2023-10-09,105133.872
2023-10-06,104621.4907
2023-10-05,102660.3605
2023-10-04,99265.2461
2023-10-03,96201.2644
2023-10-02,92479.3814
2023-09-29,87879.2278
2023-09-28,83230.7198
2023-09-27,82962.7683
2023-09-26,82596.9135
2023-09-25,81081.6396
2023-09-22,81085.5083
2023-09-21,80417.9381
2023-09-20,80189.682
2023-09-19,79877.8099
2023-09-18,79571.6868
2023-09-15,79720.7657
2023-09-14,79292.3193
2023-09-13,79353.0526
2023-09-12,79238.8953
2023-09-11,82509.8866
2023-09-08,82830.7751
2023-09-07,82519.5895
2023-09-06,81505.9427
2023-09-05,82633.7239
2023-09-04,82860.9667
2023-09-01,82831.9289
2023-08-31,82774.3948
2023-08-30,83182.9466
2023-08-29,84459.0079
2023-08-28,84364.4843
2023-08-25,84555.5366
2023-08-24,84693.7344
2023-08-23,84900.7978
2023-08-22,85839.2104
2023-08-18,86045.8528
2023-08-17,88166.3866
2023-08-16,88821.4016
2023-08-15,91631.4505
2023-08-14,97239.7089
2023-08-11,80756.6393
2023-08-10,79721.3579
2023-08-09,77871.2107
2023-08-08,77391.3458
2023-08-07,77263.311
2023-08-04,74448.8031
2023-08-03,72930.202
2023-08-02,71599.1956
2023-08-01,70463.1764
2023-07-31,70487.4622
2023-07-28,69121.5839
2023-07-27,68731.9212
2023-07-26,68248.8808
2023-07-25,67698.7288
2023-07-24,67484.6255
2023-07-21,67097.0267
2023-07-20,66521.0441
2023-07-19,67287.8988
2023-07-18,67135.9741
2023-07-17,66856.7301
2023-07-14,66235.6693
2023-07-13,67939.8923
2023-07-12,66438.6168
2023-07-11,67162.5023
2023-07-10,66046.6634
2023-07-07,65860.5318
2023-07-06,65256.1145
2023-07-05,65680.5825
2023-07-04,66041.1425
2023-07-03,66374.025
2023-06-30,65046.5218
2023-06-29,65869.4853
2023-06-28,67107.6438
2023-06-27,67253.5127
2023-06-26,67019.7302
2023-06-23,67273.7847
2023-06-22,67834.0209
2023-06-21,67443.7735
2023-06-16,66871.2518
2023-06-15,66400.2491
2023-06-14,66506.4109
2023-06-13,65883.9503
2023-06-12,65797.4429
2023-06-09,65573.3229
2023-06-08,65274.9344
2023-06-07,64299.4152
2023-06-06,63963.123
2023-06-05,63651.3244
2023-06-02,62892.1335
2023-06-01,62756.4156
2023-05-31,62132.5073
2023-05-30,62450.769
2023-05-29,62513.4217
2023-05-24,61958.2079
2023-05-23,62147.3058
2023-05-22,61825.7695
2023-05-19,61931.9133
2023-05-18,62699.1106
2023-05-17,61318.9619
2023-05-16,61327.9835
2023-05-15,61850.5345
2023-05-12,62088.8388
2023-05-11,61266.3703
2023-05-10,61171.5682
2023-05-09,60274.1596
2023-05-08,60619.8218
2023-05-05,61632.604
2023-05-04,61814.9058
2023-05-03,61855.3284
2023-05-02,62420.4781
2023-04-28,60940.6684
2023-04-27,60590.2715
2023-04-26,59785.9757
2023-04-25,59396.678
2023-04-24,58992.0044
2023-04-21,57007.4747
2023-04-20,55973.8768
2023-04-19,55067.2504
2023-04-18,54695.055
2023-04-17,54609.9094
2023-04-14,54533.7363
2023-04-13,54316.1081
2023-04-12,53868.0893
2023-04-11,54316.5372
2023-04-10,53677.3831
2023-04-05,53155.4213
2023-04-04,52828.6936
2023-04-03,53203.7374
2023-03-31,52948.631
2023-03-30,53031.9214
2023-03-29,53825.7912
2023-03-28,54637.2891
2023-03-27,54572.3033
2023-03-23,53817.1877
2023-03-22,54170.4454
2023-03-21,53991.2857
2023-03-20,53991.8535
2023-03-17,53818.0346
2023-03-16,53504.0115
2023-03-15,53683.8874
2023-03-14,53475.0725
2023-03-13,53798.966
2023-03-10,53886.9898
2023-03-09,54646.7411
2023-03-08,55119.7481
2023-03-07,54709.5538
2023-03-06,53530.9924
2023-03-03,52706.0389
2023-03-02,52588.0781
2023-03-01,52334.0654
2023-02-28,52095.9114
2023-02-27,52088.5626
2023-02-24,52704.2611
2023-02-23,52702.4171
2023-02-22,51970.8429
2023-02-17,51223.3639
2023-02-16,51075.9013
2023-02-15,51868.8374
2023-02-14,52040.3159
2023-02-13,52174.2585
2023-02-10,51384.8747
2023-02-09,51660.7805
2023-02-08,51265.2655
2023-02-07,51578.3108
2023-02-06,51609.596
2023-02-03,50901.3208
2023-02-02,51200.7846
2023-02-01,51557.5216
2023-01-31,51580.4844
2023-01-30,51356.7723
2023-01-27,51002.7924
2023-01-26,50129.735
2023-01-25,51009.0439
2023-01-24,50970.7585
2023-01-23,51288.007
2023-01-20,52477.293
2023-01-19,53231.5026
2023-01-18,53833.8672
2023-01-17,54213.7012
2023-01-16,54496.0388
2023-01-13,53950.935
2023-01-12,53263.0998
2023-01-11,53845.7055
2023-01-10,53753.2502
2023-01-09,54096.8284
2023-01-06,53612.827
2023-01-05,53769.852
2023-01-04,53759.5641
2023-01-03,54659.3991
2023-01-02,55002.6034
2022-12-30,54403.3596
2022-12-29,55638.2774
2022-12-28,56903.5554
2022-12-27,56544.6811
2022-12-26,56335.345
2022-12-23,55929.872
2022-12-22,56157.0284
2022-12-21,55801.0045
2022-12-20,54464.7344
2022-12-19,54056.4593
2022-12-16,53811.1573
2022-12-15,53790.1601
2022-12-14,53152.7081
2022-12-13,53121.0177
2022-12-12,52805.338
2022-12-07,51815.191
2022-12-06,50591.7761
2022-12-05,50055.1197
2022-12-02,49706.2207
2022-12-01,50004.4714
2022-11-30,49122.4577
2022-11-29,48726.6923
2022-11-28,48636.9176
2022-11-25,47824.5687
2022-11-24,47724.5058
2022-11-23,48114.5617
2022-11-22,48290.6849
2022-11-18,47657.0894
2022-11-17,47758.1204
2022-11-16,48176.2241
2022-11-15,47820.771
2022-11-14,48738.6939
2022-11-11,48357.1461
2022-11-10,48170.4512
2022-11-09,48120.2167
2022-11-08,48227.1371
2022-11-07,48293.2719
2022-11-04,47676.554
2022-11-03,47450.2206
2022-11-02,46831.9329
2022-11-01,47317.9034
2022-10-31,47152.3543
2022-10-28,46973.5132
2022-10-27,46912.2704
2022-10-26,46875.3664
2022-10-25,46510.2172
2022-10-24,46721.0613
2022-10-21,46827.1466
2022-10-20,46615.9821
2022-10-19,46711.8567
2022-10-18,46980.1782
2022-10-17,47027.5312
2022-10-14,46725.9051
2022-10-13,46902.2549
2022-10-12,46055.3529
2022-10-11,44847.5074
2022-10-06,43990.5337
2022-10-05,42677.3989
2022-10-04,42858.4384
2022-10-03,42510.4441
2022-09-30,42109.2551
2022-09-29,42705.2025
2022-09-28,42179.5658
2022-09-27,42652.3029
2022-09-26,43807.4945
2022-09-23,43923.5625
2022-09-22,44946.0402
2022-09-21,44891.6124
2022-09-20,44920.9937
2022-09-19,44658.6334
2022-09-16,44521.407
2022-09-15,44870.9428
2022-09-14,44912.6698
2022-09-13,44875.6558
2022-09-12,44167.9115
2022-09-09,43939.8577
2022-09-08,43676.8095
2022-09-07,43266.9295
2022-09-06,43175.7326
2022-09-05,42502.1022
2022-09-01,42242.9842
2022-08-31,42027.1616
2022-08-30,42478.9497
2022-08-29,43183.6249
2022-08-26,44217.5567
2022-08-25,44187.927
2022-08-24,44505.1576
2022-08-23,44240.7484
2022-08-22,44410.7099
2022-08-19,44508.1897
2022-08-18,44559.3647
2022-08-17,44309.5748
2022-08-16,44862.7326
2022-08-12,44543.4657
2022-08-11,44508.4989
2022-08-10,44328.3948
2022-08-09,44001.7241
2022-08-08,44084.0854
2022-08-05,43730.4457
2022-08-04,43460.717
2022-08-03,43297.043
2022-08-02,44758.6483
2022-08-01,45797.0143
2022-07-29,45350.9956
2022-07-28,45251.8784
2022-07-27,45354.2003
2022-07-26,44841.278
2022-07-25,45034.3714
2022-07-22,44645.6194
2022-07-21,44655.1375
2022-07-20,45002.7799
2022-07-19,45053.3216
2022-07-18,44459.9124
2022-07-15,44406.1683
2022-07-14,46283.274
2022-07-13,46167.6731
2022-07-12,46721.2651
2022-07-11,46578.2901
2022-07-08,45820.2876
2022-07-07,45359.2711
2022-07-06,45122.0248
2022-07-05,44908.1531
2022-07-04,44598.9731
2022-07-01,43085.8204
2022-06-30,42677.1835
2022-06-29,43594.5331
2022-06-28,43785.5479
2022-06-27,43666.9573
2022-06-24,43398.1629
2022-06-23,44943.1696
2022-06-22,45217.9861
2022-06-21,45693.8523
2022-06-16,45308.1799
2022-06-15,45418.8196
2022-06-14,45698.7876
2022-06-13,45802.7692
2022-06-10,45570.7078
2022-06-09,45620.0736
2022-06-08,45868.9844
2022-06-07,45828.3475
2022-06-06,45755.244
2022-06-03,45667.4976
2022-06-02,46080.0614
2022-06-01,46742.167
2022-05-31,46797.0929
2022-05-30,48380.0839
2022-05-27,48588.0332
2022-05-26,48330.3738
2022-05-24,49789.604
2022-05-23,50259.224
2022-05-20,49828.2585
2022-05-19,49398.6468
2022-05-17,49374.7922
2022-05-16,49877.151
2022-05-13,49522.0901
2022-05-12,49054.2791
2022-05-11,48617.4831
2022-05-10,48425.4257
2022-05-09,48535.2238
2022-05-06,48336.386
2022-05-05,48176.0938
2022-05-04,47974.915
2022-05-03,48802.2943
2022-05-02,49006.5968
2022-04-29,49150.4514
2022-04-28,49077.9435
2022-04-27,48842.2129
2022-04-26,49498.0023
2022-04-25,50162.1608
2022-04-22,49966.5077
2022-04-21,49746.3404
2022-04-20,49010.6452
2022-04-19,48541.1766
2022-04-18,48323.0412
2022-04-13,47721.6563
2022-04-12,47519.3224
2022-04-11,47602.5747
2022-04-08,47745.3054
2022-04-07,47238.0407
2022-04-06,47130.5835
2022-04-05,46388.4728
2022-04-04,45806.6356
2022-04-01,45185.0949
2022-03-31,45930.4253
2022-03-30,45831.8142
2022-03-29,46673.4374
2022-03-28,47898.9319
2022-03-25,47996.9015
2022-03-23,47903.9402
2022-03-22,47925.4104
2022-03-21,47322.5336
2022-03-18,47197.4524
2022-03-17,47121.7659
2022-03-16,48591.324
2022-03-15,48450.1529
2022-03-14,49852.4119
2022-03-11,50569.9157
2022-03-10,48040.0079
2022-03-09,49394.3057
2022-03-08,47212.1875
2022-03-07,48616.3132
2022-03-04,48618.3226
2022-03-03,45246.236
2022-03-02,42178.6419
2022-02-25,43898.8341
2022-02-24,42929.9052
2022-02-23,40920.1935
2022-02-22,39577.1371
2022-02-21,39462.861
2022-02-18,38809.6876
2022-02-17,38829.1797
2022-02-16,38015.818
2022-02-15,37861.4162
2022-02-14,37761.0782
2022-02-11,36820.9845
2022-02-10,36612.0992
2022-02-09,35721.8835
2022-02-08,35314.7326
2022-02-07,33908.0395
2022-02-04,32542.7611
2022-02-03,31101.5944
2022-02-02,31301.3662
2022-02-01,29584.9187
2022-01-31,30030.2508
2022-01-28,29176.8095
2022-01-27,28920.3234
2022-01-26,28641.7058
2022-01-25,28402.8166
2022-01-24,28675.4596
2022-01-21,28596.0603
2022-01-20,28633.9703
2022-01-19,27815.4
2022-01-18,27847.8591
2022-01-17,27870.0984
2022-01-14,27879.1495
2022-01-13,28419.6773
2022-01-12,28096.1552
2022-01-11,28197.2484
2022-01-10,27406.7241
2022-01-07,25328.4891
2022-01-06,25184.7071
2022-01-05,23625.2684
2022-01-04,22532.6014
2022-01-03,22302.2086
2021-12-30,22178.0
2021-12-29,21202.963
2021-12-28,20891.2519
2021-12-27,19527.8584
2021-12-23,19301.6596
2021-12-22,18366.9469
2021-12-21,18355.3843
2021-12-20,18048.8894
2021-12-17,17706.2867
2021-12-16,17315.7816
2021-12-15,17984.9645
2021-12-14,17862.0529
2021-12-13,17889.8533
2021-12-10,17791.9024
2021-12-09,17887.3502
2021-12-07,17787.6077
2021-12-06,17845.9399
2021-12-03,17406.0742
2021-12-02,16861.0798
2021-12-01,16251.8757
2021-11-30,15803.8603
2021-11-29,15930.7886
2021-11-26,15976.1726
2021-11-25,15889.496
2021-11-24,15838.8056
2021-11-23,15840.094
2021-11-19,15885.176
2021-11-18,16019.754
2021-11-17,16154.5129
2021-11-16,16490.6333
2021-11-15,16470.4248
2021-11-12,16796.7956
2021-11-11,16298.798
2021-11-10,15497.4791
2021-11-09,15033.0593
2021-11-08,14647.6332
2021-11-05,14094.6412
2021-11-04,13729.269
2021-11-03,13849.3131
2021-11-02,13287.3697
2021-11-01,12763.6128
2021-10-29,12688.6022
2021-10-28,12535.8406
2021-10-27,12413.7755
2021-10-26,12327.6129
2021-10-25,12559.8813
2021-10-22,12490.0974
2021-10-21,12077.4437
2021-10-20,12314.6155
2021-10-19,12315.8022
2021-10-18,12306.6971
2021-10-15,12234.441
2021-10-14,12512.2332
2021-10-13,12615.527
2021-10-12,12445.1337
2021-10-07,12430.3366
2021-10-06,12241.0625
2021-10-05,12341.2606
2021-10-04,12323.8514
2021-10-01,12327.5339
2021-09-30,12381.265
2021-09-29,12408.1627
2021-09-28,12367.358
2021-09-27,12308.3418
2021-09-24,12430.4011
2021-09-23,12362.4737
2021-09-22,12365.7246
2021-09-21,12568.6562
2021-09-20,12318.6042
2021-09-17,12243.0044
2021-09-16,12385.5441
2021-09-15,12441.9634
2021-09-14,12592.5228
2021-09-13,12505.3671
2021-09-10,12466.4748
2021-09-09,12391.9978
2021-09-08,12338.739
2021-09-07,12333.1995
2021-09-06,12078.579
2021-09-03,12011.2919
2021-09-02,12025.9835
2021-09-01,12019.6579
2021-08-31,11887.161
2021-08-30,10936.4023
2021-08-27,10745.8975
2021-08-26,10698.6407
2021-08-25,10742.4531
2021-08-24,10641.7555
2021-08-23,10838.3224
2021-08-20,10590.2412
2021-08-19,10508.6356
2021-08-18,10429.4171
2021-08-17,10656.58
2021-08-13,10545.7276
2021-08-12,10341.2405
2021-08-11,10367.03
2021-08-10,10306.6684
2021-08-09,10298.4969
2021-08-06,10280.0735
2021-08-05,10352.575
2021-08-04,10371.8977
2021-08-03,10340.155
2021-08-02,10248.8769
2021-07-30,10316.5401
2021-07-29,10270.0276
2021-07-28,10326.3859
2021-07-27,10199.6378
2021-07-26,10141.5302
2021-07-23,10083.7581
2021-07-22,9941.9495
2021-07-21,10025.8923
2021-07-20,10095.4896
2021-07-19,9797.8704
2021-07-16,9802.4328
2021-07-15,9805.1503
2021-07-14,9763.9918
2021-07-13,10095.2577
2021-07-12,10156.1775
2021-07-08,10303.9435
2021-07-07,10540.3229
2021-07-06,10168.5546
2021-07-05,9964.4308
2021-07-02,10305.9781
2021-07-01,10459.7269
2021-06-30,10814.5812
2021-06-29,11240.1598
2021-06-28,11436.3398
2021-06-25,11340.8473
2021-06-24,11402.4967
2021-06-23,11574.8289
2021-06-22,11681.0079
2021-06-18,11925.968
2021-06-17,11235.5438
2021-06-16,11260.2724
2021-06-15,11426.1124
2021-06-14,11790.1231
2021-06-11,11976.0616
2021-06-10,12233.7621
2021-06-09,12264.0626
2021-06-08,12306.8083
2021-06-07,12300.2892
2021-06-04,11711.686
2021-06-03,11919.2811
2021-06-02,12175.6264
2021-06-01,12268.2222
2021-05-31,12208.6759
2021-05-28,12433.318
2021-05-27,12474.5334
2021-05-26,12557.9329
2021-05-21,12711.7529
2021-05-20,12827.9228
2021-05-19,13109.0324
2021-05-18,13486.9811
2021-05-17,13716.2376
2021-05-14,13836.2376
2021-05-13,13966.6868
2021-05-12,14523.9595
2021-05-11,13917.2784
2021-05-10,14275.3027
2021-05-07,13818.9147
2021-05-06,12806.7224
2021-05-05,12347.6466
2021-05-04,12183.6172
2021-05-03,12387.5645
2021-04-30,12144.2813
2021-04-29,12113.1452
2021-04-28,12417.133
2021-04-27,12334.1651
2021-04-26,11708.5742
2021-04-23,11719.1773
2021-04-22,11860.9232
2021-04-21,11527.4049
2021-04-20,11228.7988
2021-04-19,10939.306
2021-04-16,10562.4599
2021-04-15,10428.9729
2021-04-14,10179.1716
2021-04-13,10117.1527
2021-04-12,9929.6565
2021-04-09,9908.7808
2021-04-08,10054.0716
2021-04-07,9678.5729
2021-04-06,9665.7716
2021-04-05,9872.4265
2021-03-31,8056.4448
2021-03-30,7708.1911
2021-03-29,7621.6764
2021-03-26,7589.5297
2021-03-25,7459.0291
2021-03-23,7475.2738
2021-03-22,7463.577
2021-03-19,7451.2568
2021-03-18,7418.5231
2021-03-17,7122.6786
2021-03-16,6936.6206
2021-03-15,6669.8132
2021-03-12,6427.3739
2021-03-11,6055.3038
2021-03-10,5931.0298
2021-03-09,5696.2083
2021-03-08,5443.2097
2021-03-05,4941.5298
2021-03-04,4370.6762
2021-03-03,4178.0485
2021-03-02,3731.3528
2021-03-01,3240.2888
2021-02-26,2828.026
2021-02-25,2478.25
2021-02-24,2158.8357
2021-02-23,1955.7767
2021-02-22,1886.4287
2021-02-19,1706.5305
2021-02-18,1556.8568
2021-02-17,1594.4803
2021-02-12,1531.6695
2021-02-11,1386.9248
2021-02-10,525.4197
2021-02-09,385.7643
2021-02-08,132.2475
2021-02-05,0.0
2021-02-04,0.0
2021-02-03,0.0
2021-02-02,0.0
2021-02-01,0.0
2021-01-29,0.0
2021-01-28,0.0
2021-01-27,0.0
2021-01-26,0.0
2021-01-25,0.0
2021-01-22,0.0
2021-01-21,0.0
2021-01-20,0.0
2021-01-19,0.0
2021-01-18,0.0
2021-01-15,0.0
2021-01-14,0.0
2021-01-13,0.0
2021-01-12,0.0
2021-01-11,0.0
2021-01-08,0.0
2021-01-07,0.0
2021-01-06,0.0
2021-01-05,0.0
2021-01-04,0.0
2020-12-30,0.0
2020-12-29,0.0
2020-12-28,0.0
2020-12-23,0.0
2020-12-22,0.0
2020-12-21,0.0
2020-12-18,0.0
2020-12-17,0.0
2020-12-16,0.0
2020-12-15,0.0
2020-12-14,0.0
2020-12-11,0.0
2020-12-10,0.0
2020-12-09,0.0
2020-12-04,0.0
2020-12-03,0.0
2020-12-02,0.0
2020-12-01,0.0
2020-11-30,0.0
2020-11-27,0.0
2020-11-26,0.0
2020-11-25,0.0
2020-11-24,0.0
2020-11-20,0.0
2020-11-19,0.0
2020-11-18,0.0
2020-11-17,0.0
2020-11-16,0.0
2020-11-13,0.0
2020-11-12,0.0
2020-11-11,0.0
2020-11-10,0.0
2020-11-09,0.0
2020-11-05,0.0
2020-11-04,0.0
2020-11-03,0.0
2020-11-02,0.0
2020-10-30,0.0
2020-10-29,0.0
2020-10-28,0.0
2020-10-27,0.0
2020-10-26,0.0
2020-10-23,0.0
2020-10-22,0.0
2020-10-21,0.0
2020-10-20,0.0
2020-10-19,0.0
2020-10-16,0.0
2020-10-15,0.0
2020-10-14,0.0
2020-10-13,0.0
2020-10-09,0.0
2020-10-08,0.0
2020-10-07,0.0
2020-10-06,0.0
2020-10-05,0.0
2020-10-02,0.0
2020-10-01,0.0
2020-09-30,0.0
2020-09-29,0.0
2020-09-28,0.0
2020-09-25,0.0
2020-09-24,0.0
2020-09-23,0.0
2020-09-22,0.0
2020-09-21,0.0
2020-09-18,0.0
2020-09-17,0.0
2020-09-16,0.0
2020-09-15,0.0
2020-09-14,0.0
2020-09-11,0.0
2020-09-10,0.0
2020-09-09,0.0
2020-09-08,0.0
2020-09-07,0.0
2020-09-04,0.0
2020-09-03,0.0
2020-09-02,0.0
2020-09-01,0.0
2020-08-31,0.0
2020-08-28,0.0
2020-08-27,0.0
2020-08-26,0.0
2020-08-25,0.0
2020-08-24,0.0
2020-08-21,0.0
2020-08-20,0.0
2020-08-19,0.0
2020-08-18,0.0
2020-08-14,0.0
2020-08-13,0.0
2020-08-12,0.0
2020-08-11,0.0
2020-08-10,0.0
2020-08-07,0.0
2020-08-06,0.0
2020-08-05,0.0
2020-08-04,0.0
2020-08-03,0.0
2020-07-31,0.0
2020-07-30,0.0
2020-07-29,0.0
2020-07-28,0.0
2020-07-27,0.0
2020-07-24,0.0
2020-07-23,0.0
2020-07-22,0.0
2020-07-21,0.0
2020-07-20,0.0
2020-07-17,0.0
2020-07-16,0.0
2020-07-15,0.0
2020-07-14,0.0
2020-07-13,0.0
2020-07-08,0.0
2020-07-07,0.0
2020-07-06,0.0
2020-07-03,0.0
2020-07-02,0.0
2020-07-01,0.0
2020-06-30,0.0
2020-06-29,0.0
2020-06-26,0.0
2020-06-25,0.0
2020-06-24,0.0
2020-06-23,0.0
2020-06-22,0.0
2020-06-19,0.0
2020-06-18,0.0
2020-06-17,0.0
2020-06-16,0.0
2020-06-12,0.0
2020-06-11,0.0
2020-06-10,0.0
2020-06-09,0.0
2020-06-08,0.0
2020-06-05,0.0
2020-06-04,0.0
2020-06-03,0.0
2020-06-02,0.0
2020-06-01,0.0
2020-05-29,0.0
2020-05-28,0.0
2020-05-27,0.0
2020-05-26,0.0
2020-05-22,0.0
2020-05-21,0.0
2020-05-20,0.0
2020-05-19,0.0
2020-05-18,0.0
2020-05-15,0.0
2020-05-14,0.0
2020-05-13,0.0
2020-05-12,0.0
2020-05-11,0.0
2020-05-08,0.0
2020-05-07,0.0
2020-05-06,0.0
2020-05-05,0.0
2020-05-04,0.0
2020-04-30,0.0
2020-04-29,0.0
2020-04-28,0.0
2020-04-27,0.0
2020-04-24,0.0
2020-04-23,0.0
2020-04-22,0.0
2020-04-21,0.0
2020-04-20,0.0
2020-04-17,0.0
2020-04-16,0.0
2020-04-15,0.0
2020-04-14,0.0
2020-04-13,0.0
2020-04-08,0.0
2020-04-07,0.0
2020-04-06,0.0
2020-04-03,0.0
2020-04-02,0.0
2020-04-01,0.0
2020-03-30,0.0
2020-03-27,0.0
2020-03-26,0.0
2020-03-25,0.0
2020-03-20,0.0
2020-03-19,0.0
2020-03-18,0.0
2020-03-17,0.0
2020-03-16,0.0
2020-03-13,0.0
2020-03-12,0.0
2020-03-11,0.0
2020-03-10,0.0
2020-03-09,0.0
2020-03-06,0.0
2020-03-05,0.0
2020-03-04,0.0
2020-03-03,0.0
2020-03-02,0.0
2020-02-28,0.0
2020-02-27,0.0
2020-02-26,0.0
2020-02-21,0.0
2020-02-20,0.0
2020-02-19,0.0
2020-02-18,0.0
2020-02-17,0.0
2020-02-14,0.0
2020-02-13,0.0
2020-02-12,0.0
2020-02-11,0.0
2020-02-10,0.0
2020-02-07,0.0
2020-02-06,0.0
2020-02-05,0.0
2020-02-04,0.0
2020-02-03,0.0
2020-01-31,0.0
2020-01-30,0.0
2020-01-29,0.0
2020-01-28,0.0
2020-01-27,0.0
2020-01-24,0.0
2020-01-23,0.0
2020-01-22,0.0
2020-01-21,0.0
2020-01-20,0.0
2020-01-17,0.0
2020-01-16,0.0
2020-01-15,0.0
2020-01-14,0.0
2020-01-13,0.0
2020-01-10,0.0
2020-01-09,0.0
2020-01-08,0.0
2020-01-07,0.0
2020-01-06,0.0
2020-01-03,0.0
2020-01-02,0.0
2019-12-30,0.0
2019-12-27,0.0
2019-12-26,0.0
2019-12-23,0.0
2019-12-20,0.0
2019-12-19,0.0
2019-12-18,0.0
2019-12-17,0.0
2019-12-16,0.0
2019-12-13,0.0
2019-12-12,0.0
2019-12-11,0.0
2019-12-10,0.0
2019-12-09,0.0
2019-12-06,0.0
2019-12-05,0.0
2019-12-04,0.0
2019-12-03,0.0
2019-12-02,0.0
2019-11-29,0.0
2019-11-28,0.0
2019-11-27,0.0
2019-11-26,0.0
2019-11-25,0.0
2019-11-22,0.0
2019-11-21,0.0
2019-11-20,0.0
2019-11-19,0.0
2019-11-15,0.0
2019-11-14,0.0
2019-11-13,0.0
2019-11-12,0.0
2019-11-11,0.0
2019-11-08,0.0
2019-11-07,0.0
2019-11-05,0.0
2019-11-04,0.0
2019-11-01,0.0
2019-10-31,0.0
2019-10-30,0.0
2019-10-29,0.0
2019-10-28,0.0
2019-10-25,0.0
2019-10-24,0.0
2019-10-23,0.0
2019-10-22,0.0
2019-10-21,0.0
2019-10-18,0.0
2019-10-17,0.0
2019-10-16,0.0
2019-10-15,0.0
2019-10-11,0.0
2019-10-10,0.0
2019-10-09,0.0
2019-10-08,0.0
2019-10-07,0.0
2019-10-04,0.0
2019-10-03,0.0
2019-10-02,0.0
2019-10-01,0.0
2019-09-30,0.0
2019-09-27,0.0
2019-09-26,0.0
2019-09-25,0.0
2019-09-24,0.0
2019-09-23,0.0
2019-09-20,0.0
2019-09-19,0.0
2019-09-18,0.0
2019-09-17,0.0
2019-09-16,0.0
2019-09-13,0.0
2019-09-12,0.0
2019-09-11,0.0
2019-09-10,0.0
2019-09-09,0.0
2019-09-06,0.0
2019-09-05,0.0
2019-09-04,0.0
2019-09-03,0.0
2019-09-02,0.0
2019-08-30,0.0
2019-08-29,0.0
2019-08-28,0.0
2019-08-27,0.0
2019-08-26,0.0
2019-08-23,0.0
2019-08-22,0.0
2019-08-21,0.0
2019-08-20,0.0
2019-08-16,0.0
2019-08-15,0.0
2019-08-14,0.0
2019-08-13,0.0
2019-08-12,0.0
2019-08-09,0.0
2019-08-08,0.0
2019-08-07,0.0
2019-08-06,0.0
2019-08-05,0.0
2019-08-02,0.0
2019-08-01,0.0
2019-07-31,0.0
2019-07-30,0.0
2019-07-29,0.0
2019-07-26,0.0
2019-07-25,0.0
2019-07-24,0.0
2019-07-23,0.0
2019-07-22,0.0
2019-07-19,0.0
2019-07-18,0.0
2019-07-17,0.0
2019-07-16,0.0
2019-07-15,0.0
2019-07-12,0.0
2019-07-11,0.0
2019-07-10,0.0
2019-07-05,0.0
2019-07-04,0.0
2019-07-03,0.0
2019-07-02,0.0
2019-07-01,0.0
2019-06-28,0.0
2019-06-27,0.0
2019-06-26,0.0
2019-06-25,0.0
2019-06-24,0.0
2019-06-21,0.0
2019-06-19,0.0
2019-06-18,0.0
2019-06-14,0.0
2019-06-13,0.0
2019-06-12,0.0
2019-06-11,0.0
2019-06-10,0.0
2019-06-07,0.0
2019-06-06,0.0
2019-06-05,0.0
2019-06-04,0.0
2019-06-03,0.0
2019-05-31,0.0
2019-05-30,0.0
2019-05-29,0.0
2019-05-28,0.0
2019-05-27,0.0
2019-05-24,0.0
2019-05-23,0.0
2019-05-22,0.0
2019-05-21,0.0
2019-05-20,0.0
2019-05-17,0.0
2019-05-16,0.0
2019-05-15,0.0
2019-05-14,0.0
2019-05-13,0.0
2019-05-10,0.0
2019-05-09,0.0
2019-05-08,0.0
2019-05-07,0.0
2019-05-06,0.0
2019-05-03,0.0
2019-05-02,0.0
2019-04-30,0.0
2019-04-29,0.0
2019-04-26,0.0
2019-04-25,0.0
2019-04-24,0.0
2019-04-23,0.0
2019-04-22,0.0
2019-04-17,0.0
2019-04-16,0.0
2019-04-15,0.0
2019-04-12,0.0
2019-04-11,0.0
2019-04-10,0.0
2019-04-09,0.0
2019-04-08,0.0
2019-04-05,0.0
2019-04-04,0.0
2019-04-03,0.0
2019-04-01,0.0
2019-03-29,0.0
2019-03-28,0.0
2019-03-27,0.0
2019-03-26,0.0
2019-03-25,0.0
2019-03-22,0.0
2019-03-21,0.0
2019-03-20,0.0
2019-03-19,0.0
2019-03-18,0.0
2019-03-15,0.0
2019-03-14,0.0
2019-03-13,0.0
2019-03-12,0.0
2019-03-11,0.0
2019-03-08,0.0
2019-03-07,0.0
2019-03-06,0.0
2019-03-01,0.0
2019-02-28,0.0
2019-02-27,0.0
2019-02-26,0.0
2019-02-25,0.0
2019-02-22,0.0
2019-02-21,0.0
2019-02-20,0.0
2019-02-19,0.0
2019-02-18,0.0
2019-02-15,0.0
2019-02-14,0.0
2019-02-13,0.0
2019-02-12,0.0
2019-02-11,0.0
2019-02-08,0.0
2019-02-07,0.0
2019-02-06,0.0
2019-02-05,0.0
2019-02-04,0.0
2019-02-01,0.0
2019-01-31,0.0
2019-01-30,0.0
2019-01-29,0.0
2019-01-28,0.0
2019-01-25,0.0
2019-01-24,0.0
2019-01-23,0.0
2019-01-22,0.0
2019-01-21,0.0
2019-01-18,0.0
2019-01-17,0.0
2019-01-16,0.0
2019-01-15,0.0
2019-01-14,0.0
2019-01-11,0.0
2019-01-10,0.0
2019-01-09,0.0
2019-01-08,0.0
2019-01-07,0.0
2019-01-04,0.0
2019-01-03,0.0
2019-01-02,0.0
2018-12-28,0.0
2018-12-27,0.0
2018-12-26,0.0
2018-12-21,0.0
2018-12-20,0.0
2018-12-19,0.0
2018-12-18,68618.45
2018-12-17,68618.45
2018-12-14,68618.45
2018-12-13,68618.45
2018-12-12,68618.45
2018-12-11,69817.852
2018-12-10,69817.852
2018-12-07,69817.852
2018-12-06,69817.852
2018-12-05,69817.852
2018-12-04,69817.852
2018-12-03,69817.852
2018-11-29,69817.852
2018-11-28,69817.852
2018-11-27,69817.852
2018-11-26,69817.852
2018-11-23,69817.852
2018-11-22,69817.852
2018-11-21,69817.852
2018-11-20,190583.739
2018-11-16,190583.739
2018-11-15,190583.739
2018-11-14,190583.739
2018-11-13,190583.739
2018-11-12,190583.739
2018-11-09,190583.739
2018-11-08,190583.739
2018-11-07,190583.739
2018-11-05,190583.739
2018-11-02,190583.739
2018-11-01,190583.739
2018-10-31,190583.739
2018-10-30,190583.739
2018-10-29,190583.739
2018-10-26,190583.739
2018-10-25,190583.739
2018-10-24,190583.739
2018-10-23,190583.739
2018-10-22,190583.739
2018-10-19,190583.739
2018-10-18,190583.739
2018-10-17,190583.739
2018-10-16,340580.937
2018-10-12,340580.937
2018-10-11,340580.937
2018-10-10,340580.937
2018-10-09,340580.937
2018-10-08,340580.937
2018-10-05,340580.937
2018-10-04,340580.937
2018-10-03,340580.937
2018-10-02,340580.937
2018-10-01,340580.937
2018-09-28,340580.937
2018-09-27,340580.937
2018-09-26,340580.937
2018-09-25,340580.937
2018-09-24,340580.937
2018-09-21,340580.937
2018-09-20,340580.937
2018-09-19,340580.937
2018-09-18,572509.301
2018-09-17,572509.301
2018-09-14,594012.301
2018-09-13,594012.301
2018-09-12,594012.301
2018-09-11,594012.301
2018-09-10,594012.301
2018-09-07,594012.301
2018-09-06,594012.301
2018-09-05,627012.301
2018-09-04,627012.301
2018-09-03,627012.301
2018-08-31,627012.301
2018-08-30,627012.301
2018-08-29,627012.301
2018-08-28,627012.301
2018-08-27,627012.301
2018-08-24,633703.28
2018-08-23,641203.28
2018-08-22,641203.28
2018-08-21,641203.28
2018-08-17,641203.28
2018-08-16,641203.28
2018-08-15,649703.28
2018-08-14,976776.601
2018-08-13,976776.601
2018-08-10,976775.601
2018-08-09,976055.601
2018-08-08,973842.101
2018-08-07,972116.601
2018-08-06,969550.601
2018-08-03,966669.901
2018-08-02,968561.701
2018-08-01,971371.701
2018-07-31,971158.801
2018-07-30,971079.801
2018-07-27,971712.801
2018-07-26,961596.901
2018-07-25,958513.201
2018-07-24,945897.901
2018-07-23,936484.601
2018-07-20,931508.601
2018-07-19,918829.601
2018-07-18,900764.701
2018-07-17,1049274.352
2018-07-16,1049274.352
2018-07-13,1049249.352
2018-07-12,1048390.352
2018-07-11,1055053.852
2018-07-10,1055850.852
2018-07-06,1054779.352
2018-07-05,1046699.352
2018-07-04,1044985.352
2018-07-03,1060124.052
2018-07-02,1058403.552
2018-06-29,1058400.552
2018-06-28,1054273.252
2018-06-27,1055834.652
2018-06-26,1053923.252
2018-06-25,1043552.452
2018-06-22,1027290.452
2018-06-21,1005001.452
2018-06-19,1186284.687
2018-06-18,1171550.687
2018-06-15,1171550.687
2018-06-14,1175094.387
2018-06-13,1183137.387
2018-06-12,1191946.887
2018-06-11,1209506.187
2018-06-08,1211659.087
2018-06-07,1201855.687
2018-06-06,1206671.987
2018-06-05,1208476.987
2018-06-04,1215978.487
2018-06-01,1221453.487
2018-05-31,1242523.187
2018-05-30,1262514.487
2018-05-29,1272635.487
2018-05-28,1276269.287
2018-05-24,1279604.487
2018-05-23,1274580.887
2018-05-22,1276104.287
2018-05-21,1267343.687
2018-05-18,1262097.387
2018-05-17,1240401.387
2018-05-16,1225995.487
2018-05-15,1214512.833
2018-05-14,1226740.733
2018-05-11,1251871.533
2018-05-10,1275156.133
2018-05-09,1270335.133
2018-05-08,1265079.133
2018-05-07,1245997.033
2018-05-04,1226158.233
2018-05-03,1224334.233
2018-05-02,1224334.233
2018-04-27,1224434.233
2018-04-26,1238289.633
2018-04-25,1238241.133
2018-04-24,1238241.133
2018-04-23,1237741.133
2018-04-20,1235060.933
2018-04-19,1229658.233
2018-04-18,1222239.933
2018-04-17,1290155.578
2018-04-16,1290155.578
2018-04-13,1288044.378
2018-04-12,1262484.378
2018-04-11,1258096.378
2018-04-10,1257429.378
2018-04-09,1253262.378
2018-04-06,1252397.078
2018-04-05,1249702.278
2018-04-04,1248712.278
2018-04-03,1248007.278
2018-03-28,1246733.278
2018-03-27,1246733.278
2018-03-26,1246733.278
2018-03-23,1245976.478
2018-03-22,1241611.678
2018-03-21,1229333.778
2018-03-20,1292666.543
2018-03-19,1292666.543
2018-03-16,1278158.143
2018-03-15,1272037.643
2018-03-14,1266757.643
2018-03-13,1265421.643
2018-03-12,1263057.643
2018-03-09,1261297.643
2018-03-08,1254113.643
2018-03-07,1252810.943
2018-03-06,1242521.043
2018-03-05,1241175.043
2018-03-02,1229199.043
2018-03-01,1220358.043
2018-02-28,1219691.443
2018-02-27,1218571.443
2018-02-26,1217217.543
2018-02-23,1213345.543
2018-02-22,1203441.443
2018-02-21,1195931.143
2018-02-20,1273744.4209
2018-02-19,1272524.4209
2018-02-16,1271839.4209
2018-02-15,1268689.4209
2018-02-14,1267639.4209
2018-02-09,1257083.4209
2018-02-08,1256929.4209
2018-02-07,1254499.5209
2018-02-06,1252374.4209
2018-02-05,1248077.1209
2018-02-02,1242331.3209
2018-02-01,1231806.8209
2018-01-31,1229384.8209
2018-01-30,1228919.3209
2018-01-29,1223606.2209
2018-01-26,1217923.1209
2018-01-25,1199377.9209
2018-01-24,1167956.2209
2018-01-23,1153689.6112
2018-01-22,1142185.374
2018-01-19,1138976.074
2018-01-18,1129390.074
2018-01-17,1122604.874
2018-01-16,1167500.636
2018-01-15,1167500.636
2018-01-12,1164876.636
2018-01-11,1161809.336
2018-01-10,1160019.336
2018-01-09,1157724.136
2018-01-08,1155005.136
2018-01-05,1149627.736
2018-01-04,1143578.236
2018-01-03,1133768.436
2018-01-02,1121373.436
2017-12-29,1111789.636
2017-12-28,1109741.136
2017-12-27,1108033.536
2017-12-26,1102801.936
2017-12-22,1097194.436
2017-12-21,1077035.036
2017-12-20,1058587.636
2017-12-19,1158149.09
2017-12-18,1162889.09
2017-12-15,1167918.79
2017-12-14,1173655.79
2017-12-13,1175673.69
2017-12-12,1177741.69
2017-12-11,1180026.79
2017-12-07,1179001.29
2017-12-06,1177230.39
2017-12-05,1176683.99
2017-12-04,1173181.19
2017-12-01,1170619.99
2017-11-30,1165569.99
2017-11-29,1162651.19
2017-11-28,1160479.59
2017-11-27,1155649.49
2017-11-24,1149300.19
2017-11-23,1143411.89
2017-11-22,1141724.29
2017-11-21,1139187.69
2017-11-17,1131198.89
2017-11-16,1122333.59
2017-11-15,1113522.29
2017-11-14,1160430.265
2017-11-13,1159423.265
2017-11-10,1156550.265
2017-11-09,1154094.765
2017-11-08,1152384.965
2017-11-07,1151994.965
2017-11-03,1150424.465
2017-11-02,1145940.665
2017-11-01,1144885.065
2017-10-31,1143780.065
2017-10-30,1143285.865
2017-10-27,1137776.165
2017-10-26,1132707.865
2017-10-25,1127517.765
2017-10-24,1119460.765
2017-10-23,1103761.265
2017-10-20,1095075.765
2017-10-19,1082901.765
2017-10-18,1081704.765
2017-10-17,1129124.91
2017-10-13,1127634.41
2017-10-12,1120767.71
2017-10-11,1112806.81
2017-10-10,1106959.61
2017-10-09,1102964.21
2017-10-06,1097416.81
2017-10-05,1087393.21
2017-10-04,1084267.61
2017-10-03,1078880.01
2017-10-02,1076024.81
2017-09-29,1072538.41
2017-09-28,1060805.21
2017-09-27,1058339.71
2017-09-26,1052495.91
2017-09-25,1044488.31
2017-09-22,1033467.21
2017-09-21,1022752.51
2017-09-20,1012161.11
2017-09-19,1057875.548
2017-09-18,1051640.948
2017-09-15,1048207.948
2017-09-14,1043915.248
2017-09-13,1038762.748
2017-09-12,1034804.448
2017-09-11,1032503.048
2017-09-08,1027796.148
2017-09-07,1023912.248
2017-09-06,1015668.548
2017-09-05,1009390.548
2017-09-04,1007250.048
2017-09-01,1005437.648
2017-08-31,1002958.548
2017-08-30,999129.148
2017-08-29,990214.448
2017-08-28,984032.648
2017-08-25,978697.248
2017-08-24,962782.848
2017-08-23,951584.348
2017-08-22,942245.248
2017-08-18,936069.448
2017-08-17,917701.248
2017-08-16,906695.148
2017-08-15,972308.723
2017-08-14,969814.123
2017-08-11,967450.423
2017-08-10,962226.923
2017-08-09,961486.723
2017-08-08,960871.123
2017-08-07,957105.923
2017-08-04,951277.723
2017-08-03,945033.523
2017-08-02,941653.023
2017-08-01,939367.423
2017-07-31,938287.423
2017-07-28,938187.423
2017-07-27,937937.423
2017-07-26,934097.423
2017-07-25,930523.123
2017-07-24,929605.223
2017-07-21,921352.523
2017-07-20,906810.823
2017-07-19,901072.423
2017-07-18,948927.145
2017-07-17,948354.045
2017-07-14,941687.845
2017-07-13,938459.845
2017-07-12,931955.145
2017-07-11,919644.245
2017-07-10,908572.245
2017-07-07,892863.945
2017-07-06,884179.745
2017-07-05,879721.645
2017-07-04,865151.445
2017-07-03,860197.045
2017-06-30,854511.345
2017-06-29,852131.245
2017-06-28,851062.145
2017-06-27,847888.645
2017-06-26,844190.745
2017-06-23,837456.245
2017-06-22,833588.445
2017-06-21,828758.945
2017-06-19,951166.342
2017-06-16,946969.542
2017-06-15,942350.642
2017-06-14,942063.642
2017-06-13,937653.842
2017-06-12,927448.242
2017-06-09,921960.442
2017-06-08,903451.442
2017-06-07,895162.442
2017-06-06,893464.36
2017-06-05,888668.36
2017-06-02,882655.16
2017-06-01,880018.06
2017-05-31,874141.96
2017-05-30,876044.73
2017-05-29,869799.73
2017-05-26,868622.13
2017-05-24,862135.13
2017-05-23,858539.127
2017-05-22,853314.527
2017-05-19,845360.727
2017-05-18,837427.627
2017-05-17,830457.027
2017-05-16,848938.076
2017-05-15,848488.076
2017-05-12,843180.076
2017-05-11,837637.076
2017-05-10,835995.476
2017-05-09,821763.306
2017-05-08,804084.806
2017-05-05,790930.306
2017-05-04,778043.306
2017-05-03,770568.406
2017-05-02,760652.421
2017-04-28,748448.521
2017-04-27,740748.521
2017-04-26,736189.321
2017-04-25,736583.722
2017-04-24,732664.722
2017-04-21,730304.622
2017-04-20,727191.622
2017-04-19,725991.622
2017-04-18,779652.317
2017-04-17,779652.317
2017-04-12,778828.317
2017-04-11,773989.56
2017-04-10,768989.56
2017-04-07,764724.56
2017-04-06,752484.56
2017-04-05,742574.56
2017-04-04,735070.015
2017-04-03,719735.815
2017-03-31,709103.715
2017-03-30,704256.015
2017-03-29,701080.015
2017-03-28,688300.258
2017-03-27,678582.858
2017-03-23,674412.858
2017-03-22,668335.058
2017-03-21,664688.827
2017-03-20,658392.327
2017-03-17,653613.327
2017-03-16,648863.327
2017-03-15,646663.327
2017-03-14,638481.107
2017-03-13,638481.107
2017-03-10,638481.107
2017-03-09,632931.107
2017-03-08,628721.907
2017-03-07,627114.466
2017-03-06,626801.066
2017-03-03,623046.066
2017-03-02,619456.066
2017-03-01,617856.066
2017-02-24,620841.471
2017-02-23,620841.471
2017-02-22,620841.471
2017-02-21,624578.684
2017-02-20,624578.684
2017-02-17,624578.684
2017-02-16,624578.684
2017-02-15,624578.684
2017-02-14,615965.399
2017-02-13,615965.399
2017-02-10,615965.399
2017-02-09,615965.399
2017-02-08,615965.399
2017-02-07,619494.252
2017-02-06,619494.252
2017-02-03,619494.252
2017-02-02,619494.252
2017-02-01,619494.252
2017-01-31,629987.575
2017-01-30,629987.575
2017-01-27,629987.575
2017-01-26,629987.575
2017-01-25,629987.575
2017-01-24,632574.694
2017-01-23,632574.694
2017-01-20,632574.694
2017-01-19,632574.694
2017-01-18,632574.694
2017-01-17,667462.141
2017-01-16,667462.141
2017-01-13,667462.141
2017-01-12,667462.141
2017-01-11,667462.141
2017-01-10,648915.218
2017-01-09,648915.218
2017-01-06,648915.218
2017-01-05,648915.218
2017-01-04,648915.218
2017-01-03,630760.023
2017-01-02,630760.023
2016-12-30,630310.023
2016-12-29,629310.023
2016-12-28,629320.0031
2016-12-27,645405.2011
2016-12-26,645397.8011
2016-12-23,645397.8011
2016-12-22,645418.2335
2016-12-21,645388.2335
2016-12-20,664014.0765
2016-12-19,663439.0765
2016-12-16,663439.0765
2016-12-15,662939.0765
2016-12-14,662839.0765
2016-12-13,689008.4075
2016-12-12,689008.4075
2016-12-07,689008.4075
2016-12-06,707742.9245
2016-12-05,706932.9245
2016-12-02,705582.9245
2016-12-01,705022.9245
2016-11-30,705022.9245
2016-11-29,713750.7565
2016-11-25,710525.7565
2016-11-24,709775.7565
2016-11-23,709475.7565
2016-11-22,696294.7245
2016-11-21,692194.7245
2016-11-18,690394.7245
2016-11-17,684634.7245
2016-11-16,678384.7245
2016-11-15,702211.1665
2016-11-14,702212.1665
2016-11-11,703342.1665
2016-11-10,703612.1665
2016-11-09,703612.1665
2016-11-08,707689.2005
2016-11-07,707689.2005
2016-11-04,707669.2005
2016-11-03,707369.2005
2016-11-02,707369.2005
2016-11-01,690590.6035
2016-10-31,689427.3035
2016-10-28,687684.0035
2016-10-27,685834.0035
2016-10-26,685444.0035
2016-10-25,674834.2985
2016-10-24,673629.2985
2016-10-21,673329.2985
2016-10-20,672864.2985
2016-10-19,672734.2985
2016-10-18,659799.1825
2016-10-17,659260.1825
2016-10-14,658325.1825
2016-10-13,658325.1825
2016-10-12,656450.1825
2016-10-11,652752.5055
2016-10-07,652600.5055
2016-10-06,652600.5055
2016-10-05,652600.5055
2016-10-04,647113.8975
2016-10-03,646763.8975
2016-09-30,646563.8975
2016-09-29,645838.8975
2016-09-28,645388.8975
2016-09-27,650657.0225
2016-09-26,646992.0225
2016-09-23,644077.0225
2016-09-22,641327.0225
2016-09-21,637077.0225
2016-09-20,641658.2085
2016-09-19,635283.2085
2016-09-16,634013.2085
2016-09-15,630763.2085
2016-09-14,630663.2085
2016-09-13,640879.4805
2016-09-12,639729.4805
2016-09-09,638859.4805
2016-09-08,637129.4805
2016-09-07,636528.4805
2016-09-06,643114.4325
2016-09-05,632294.4325
2016-09-02,626335.0325
2016-09-01,625885.0325
2016-08-31,625860.0325
2016-08-30,628752.6905
2016-08-29,620149.1905
2016-08-26,618949.1905
2016-08-25,615854.1905
2016-08-24,614943.1905
2016-08-23,621389.3735
2016-08-22,617354.3735
2016-08-19,615304.3735
2016-08-18,613804.3735
2016-08-17,613632.4735
2016-08-16,613401.4215
2016-08-12,606306.4215
2016-08-11,601906.4215
2016-08-10,599706.4215
2016-08-09,600047.9425
2016-08-08,597735.9425
2016-08-05,597415.3425
2016-08-04,597410.2425
2016-08-03,597410.2425
2016-08-02,580239.1752
2016-08-01,576508.8687
2016-07-29,575870.5093
2016-07-28,573682.3467
2016-07-27,573716.8867
2016-07-26,574920.6362
2016-07-25,574703.6362
2016-07-22,573119.0362
2016-07-21,572619.0362
2016-07-20,571199.0362
2016-07-19,563667.0462
2016-07-18,561388.5462
2016-07-15,559348.5462
2016-07-14,557785.7462
2016-07-13,556586.0462
2016-07-12,556045.2292
2016-07-11,548845.2292
2016-07-07,545046.2292
2016-07-06,543996.2292
2016-07-05,545199.7342
2016-07-04,529841.1342
2016-07-01,526614.1511
2016-06-30,525364.1511
2016-06-29,516661.6015
2016-06-28,546399.9545
2016-06-27,537142.2547
2016-06-24,535920.8143
2016-06-23,531853.5373
2016-06-22,526638.5373
2016-06-21,554649.6833
2016-06-16,535312.8742
2016-06-15,534424.3742
2016-06-14,549774.9612
2016-06-13,545269.9612
2016-06-10,543241.9612
2016-06-09,539746.9612
2016-06-08,537181.9612
2016-06-07,551289.5742
2016-06-06,546627.0547
2016-06-03,545409.4573
2016-06-02,545142.1532
2016-06-01,545030.7468
2016-05-31,545215.1875
2016-05-30,541713.1694
2016-05-27,539008.8626
2016-05-26,522671.8626
2016-05-24,530117.9314
2016-05-23,528688.9767
2016-05-20,523528.7668
2016-05-19,523573.7439
2016-05-18,516817.4469
2016-05-17,506415.3709
2016-05-16,502355.0686
2016-05-13,499170.5686
2016-05-12,499543.983
2016-05-11,494348.4592
2016-05-10,483348.3772
2016-05-09,481420.3361
2016-05-06,481421.4562
2016-05-05,480710.9221
2016-05-04,480173.9502
2016-05-03,476481.6976
2016-05-02,476323.7212
2016-04-29,475981.8261
2016-04-28,474801.65
2016-04-27,472913.7132
2016-04-26,471501.2394
2016-04-25,470429.5668
2016-04-22,470171.3958
2016-04-21,469832.0675
2016-04-20,469627.574
2016-04-19,466651.3915
2016-04-18,467016.3915
2016-04-15,466739.2835
2016-04-14,465660.0424
2016-04-13,463760.0424
2016-04-12,465698.4464
2016-04-11,464377.0021
2016-04-08,463547.0021
2016-04-07,462126.5021
2016-04-06,461683.8261
2016-04-05,445226.4361
2016-04-04,440606.4361
2016-04-01,437651.4361
2016-03-31,438008.6153
2016-03-30,436487.4153
2016-03-29,427777.2523
2016-03-28,424507.2523
2016-03-23,422331.5523
2016-03-22,430313.0543
2016-03-21,428596.0543
2016-03-18,426676.0543
2016-03-17,425664.0543
2016-03-16,425664.0543
2016-03-15,430791.7903
2016-03-14,430864.7903
2016-03-11,430793.7903
2016-03-10,430489.7903
2016-03-09,429558.7903
2016-03-08,420967.0063
2016-03-07,418832.0063
2016-03-04,418832.0063
2016-03-03,418832.0063
2016-03-02,428848.1393
2016-03-01,442864.8743
2016-02-29,440124.8743
2016-02-26,440124.8743
2016-02-25,440124.8743
2016-02-24,440124.8743
2016-02-23,444207.1413
2016-02-22,444207.1413
2016-02-19,444207.1413
2016-02-18,444207.1413
2016-02-17,444207.1413
2016-02-16,428667.3993
2016-02-15,428667.3993
2016-02-12,428667.3993
2016-02-11,428667.3993
2016-02-10,428667.3993
2016-02-05,413609.5255
2016-02-04,415615.8273
2016-02-03,415615.8273
2016-02-02,400799.5673
2016-02-01,400799.5673
2016-01-29,400799.5673
2016-01-28,400799.5673
2016-01-27,400799.5673
2016-01-26,397202.2203
2016-01-25,397269.4733
2016-01-22,397269.4733
2016-01-21,397269.4733
2016-01-20,397336.7264
2016-01-19,393713.4532
2016-01-18,393753.6952
2016-01-15,393753.6952
2016-01-14,393753.6952
2016-01-13,393432.7847
2016-01-12,371099.0576
2016-01-11,371099.0576
2016-01-08,371099.0576
2016-01-07,371099.0576
2016-01-06,370925.6389
2016-01-05,345679.5163
2016-01-04,345286.566
2015-12-31,345123.9955
2015-12-30,345123.9955
2015-12-29,314431.8652
2015-12-28,313954.6062
2015-12-24,313651.4007
2015-12-23,313651.4007
2015-12-22,294178.9254
2015-12-21,293771.9107
2015-12-18,293409.723
2015-12-17,293409.723
2015-12-16,293409.723
2015-12-15,296181.514
2015-12-14,296181.514
2015-12-11,296181.514
2015-12-10,296181.514
2015-12-09,296181.514
2015-12-04,303400.821
2015-12-03,303400.821
2015-12-02,314680.821
2015-12-01,314763.952
2015-11-30,322914.952
2015-11-26,322914.952
2015-11-25,322913.952
2015-11-24,319678.4
2015-11-23,319678.4
2015-11-20,319678.4
2015-11-19,319678.4
2015-11-18,321278.4
2015-11-17,320491.083
2015-11-16,320491.083
2015-11-13,323491.083
2015-11-12,323491.083
2015-11-11,324549.083
2015-11-10,322220.541
2015-11-09,322220.541
2015-11-05,326420.541
2015-11-04,331920.541
2015-11-03,329277.18
2015-11-02,329277.18
2015-10-30,329277.18
2015-10-29,331277.18
2015-10-28,331277.18
2015-10-27,329204.04
2015-10-26,330404.04
2015-10-23,330404.04
2015-10-22,330404.04
2015-10-21,332314.04
2015-10-20,330530.734
2015-10-19,330530.734
2015-10-16,330530.734
2015-10-15,330530.734
2015-10-14,330530.734
2015-10-13,329085.069
2015-10-09,329085.069
2015-10-08,329235.069
2015-10-07,330282.069
2015-10-06,331371.443
2015-10-05,331371.443
2015-10-02,331371.443
2015-10-01,334621.443
2015-09-30,334621.443
2015-09-29,332891.475
2015-09-28,338982.475
2015-09-25,338982.475
2015-09-24,340182.475
2015-09-23,340182.475
2015-09-22,338434.364
2015-09-21,338434.364
2015-09-18,339509.364
2015-09-17,339909.364
2015-09-16,339909.364
2015-09-15,341445.056
2015-09-14,341445.056
2015-09-11,341575.056
2015-09-10,341855.056
2015-09-09,346055.056
2015-09-08,344199.091
2015-09-07,344199.091
2015-09-04,344264.091
2015-09-03,344464.091
2015-09-02,344764.091
2015-09-01,345961.5805
2015-08-31,345961.5805
2015-08-28,345961.5805
2015-08-27,345961.5805
2015-08-26,345961.5805
2015-08-25,343978.1865
2015-08-24,343978.1865
2015-08-21,343688.1865
2015-08-20,343688.1865
2015-08-19,343688.1865
2015-08-18,341176.3835
2015-08-14,341176.3835
2015-08-13,341176.3835
2015-08-12,341176.3835
2015-08-11,336943.0655
2015-08-10,336943.0655
2015-08-07,335838.0655
2015-08-06,335838.0655
2015-08-05,336526.0655
2015-08-04,336458.1612
2015-08-03,338758.1612
2015-07-31,339649.1612
2015-07-30,339944.7612
2015-07-29,339429.7612
2015-07-28,335655.6952
2015-07-27,335045.6952
2015-07-24,335832.1952
2015-07-23,335832.1952
2015-07-22,335832.1952
2015-07-21,337526.0682
2015-07-20,337526.0682
2015-07-17,337526.0682
2015-07-16,337526.0682
2015-07-15,337626.0682
2015-07-14,338239.0152
2015-07-13,338999.0152
2015-07-10,338999.0152
2015-07-08,338999.0152
2015-07-07,339248.1412
2015-07-06,339248.1412
2015-07-03,339248.1412
2015-07-02,340848.1412
2015-07-01,340848.1412
2015-06-30,339439.7302
2015-06-29,339439.7302
2015-06-26,339439.7302
2015-06-25,339439.7302
2015-06-24,339239.7302
2015-06-23,327679.2282
2015-06-22,327759.2282
2015-06-19,327759.2282
2015-06-18,327759.2282
2015-06-17,327694.2282
2015-06-16,322973.3202
2015-06-15,323008.0971
2015-06-12,323008.0971
2015-06-11,323008.0971
2015-06-10,323008.0971
2015-06-09,322996.3271
2015-06-08,322996.3271
2015-06-05,325296.3271
2015-06-04,325296.3271
2015-06-03,325296.3271
2015-06-02,323288.7541
2015-06-01,323288.7541
2015-05-29,323336.138
2015-05-28,323336.138
2015-05-27,323336.138
2015-05-26,325759.717
2015-05-22,325759.717
2015-05-21,325759.717
2015-05-20,325759.717
2015-05-19,322511.824
2015-05-18,322511.824
2015-05-15,322511.824
2015-05-14,322511.824
2015-05-13,322511.824
2015-05-12,323613.31
2015-05-11,323613.31
2015-05-08,323675.8293
2015-05-07,323675.8293
2015-05-06,323675.8293
2015-05-05,323376.9403
2015-05-04,323376.9403
2015-04-30,323403.6362
2015-04-29,323433.6362
2015-04-28,314918.3032
2015-04-27,314918.3032
2015-04-24,314918.3032
2015-04-23,317368.3032
2015-04-22,317368.3032
2015-04-21,313194.3752
2015-04-20,313194.3752
2015-04-17,313498.2752
2015-04-16,313498.2752
2015-04-15,313508.115
2015-04-14,315780.376
2015-04-13,315805.876
2015-04-10,315812.376
2015-04-09,315822.576
2015-04-08,315877.908
2015-04-07,311042.215
2015-04-06,311063.715
2015-04-01,311083.715
2015-03-31,313875.794
2015-03-30,313875.794
2015-03-27,313875.794
2015-03-26,313875.794
2015-03-25,313875.794
2015-03-20,315849.777
2015-03-19,325249.777
2015-03-18,325249.777
2015-03-17,323273.83
2015-03-16,323279.77
2015-03-13,325329.77
2015-03-12,325329.77
2015-03-11,325329.77
2015-03-10,321546.634
2015-03-09,321546.634
2015-03-06,328146.634
2015-03-05,328146.634
2015-03-04,328146.634
2015-03-03,322574.884
2015-03-02,322574.884
2015-02-27,322574.884
2015-02-26,322574.884
2015-02-25,322574.884
2015-02-24,313921.406
2015-02-23,313921.406
2015-02-20,313921.406
2015-02-19,313921.406
2015-02-18,313921.406
2015-02-13,311808.4218
2015-02-12,311843.0807
2015-02-11,311877.7342
2015-02-10,303046.9895
2015-02-09,303116.3169
2015-02-06,303116.3169
2015-02-05,303116.3169
2015-02-04,303116.3169
2015-02-03,298212.0939
2015-02-02,298212.0939
2015-01-30,298212.0939
2015-01-29,298212.0939
2015-01-28,298212.0939
2015-01-27,293864.8729
2015-01-26,293864.8729
2015-01-23,293864.8729
2015-01-22,293864.8729
2015-01-21,293864.8729
2015-01-20,278769.4199
2015-01-19,278769.4199
2015-01-16,278769.4199
2015-01-15,278769.4199
2015-01-14,278769.4199
2015-01-13,272938.7339
2015-01-12,272938.7339
2015-01-09,272938.7339
2015-01-08,272938.7339
2015-01-07,272938.7339
2015-01-06,263967.1829
2015-01-05,263967.1829
2015-01-02,263967.1829
2014-12-30,261457.0249
2014-12-29,261457.0249
2014-12-24,261457.0249
2014-12-23,259499.2762
2014-12-22,259499.2762
2014-12-19,259499.2762
2014-12-18,259499.2762
2014-12-17,259464.4993
2014-12-16,258097.2758
2014-12-15,259097.2758
2014-12-12,260597.2758
2014-12-11,262097.2758
2014-12-10,262097.2758
2014-12-09,258559.95
2014-12-05,258559.95
2014-12-04,258559.95
2014-12-03,258559.95
2014-12-02,256133.9253
2014-12-01,256086.5414
2014-11-28,256086.5414
2014-11-27,256086.5414
2014-11-26,256086.5414
2014-11-25,254237.1305
2014-11-21,254237.1305
2014-11-20,254237.1305
2014-11-19,254237.1305
2014-11-18,251811.0532
2014-11-17,251811.0532
2014-11-14,251811.0532
2014-11-13,251776.3943
2014-11-12,251741.7408
2014-11-11,246747.8716
2014-11-10,246747.8716
2014-11-07,246678.5442
2014-11-05,246664.45
2014-11-04,244031.7051
2014-11-03,243932.8492
2014-10-31,243932.8492
2014-10-30,243880.9171
2014-10-29,243880.9171
2014-10-28,240346.5411
2014-10-27,240346.5411
2014-10-24,240346.5411
2014-10-23,240346.5411
2014-10-22,240346.5411
2014-10-21,238988.5089
2014-10-20,238988.5089
2014-10-17,238988.5089
2014-10-16,238988.5089
2014-10-15,238988.5089
2014-10-14,238121.2749
2014-10-10,238121.2749
2014-10-09,238121.2749
2014-10-08,238041.2749
2014-10-07,235808.9981
2014-10-06,235808.9981
2014-10-03,235727.9981
2014-10-02,235574.9981
2014-10-01,235574.9981
2014-09-30,234340.2803
2014-09-29,234340.2803
2014-09-26,236921.0803
2014-09-25,236921.0803
2014-09-24,236921.0803
2014-09-23,235736.2293
2014-09-22,235736.2293
2014-09-19,235736.2293
2014-09-18,235736.2293
2014-09-17,235736.2293
2014-09-16,224299.491
2014-09-15,224299.491
2014-09-12,224299.491
2014-09-11,224299.491
2014-09-10,224299.491
2014-09-09,216166.894
2014-09-08,216166.894
2014-09-05,216166.894
2014-09-04,216166.894
2014-09-03,216166.894
2014-09-02,213377.2781
2014-09-01,213377.2781
2014-08-29,213377.2781
2014-08-28,213377.2781
2014-08-27,213377.2781
2014-08-26,209562.6478
2014-08-25,209562.6478
2014-08-22,209562.6478
2014-08-21,209562.6478
2014-08-20,209562.6478
2014-08-19,210436.0382
2014-08-15,210436.0382
2014-08-14,210436.0382
2014-08-13,210436.0382
2014-08-12,209096.7762
2014-08-11,209096.7762
2014-08-08,209096.7762
2014-08-07,209096.7762
2014-08-06,209096.7762
2014-08-05,207816.6781
2014-08-04,207816.6781
2014-08-01,207816.6781
2014-07-31,207816.6781
2014-07-30,207816.6781
2014-07-29,204267.2868
2014-07-28,204267.2868
2014-07-25,204275.4485
2014-07-24,204275.4485
2014-07-23,204275.4485
2014-07-22,199026.6582
2014-07-21,199026.6582
2014-07-18,199026.6582
2014-07-17,199026.6582
2014-07-16,199026.6582
2014-07-15,193957.4412
2014-07-14,193957.4412
2014-07-11,193957.4412
2014-07-10,193957.4412
2014-07-08,187304.4964
2014-07-07,187304.4964
2014-07-04,187304.4964
2014-07-03,187304.4964
2014-07-02,187304.4964
2014-07-01,187880.9714
2014-06-30,187880.9714
2014-06-27,190030.9714
2014-06-26,190030.9714
2014-06-25,190030.9714
2014-06-24,189775.8687
2014-06-23,189775.8687
2014-06-19,189775.8687
2014-06-18,189775.8687
2014-06-17,191398.2766
2014-06-16,191474.4708
2014-06-13,191491.9208
2014-06-12,191504.9544
2014-06-11,191506.5544
2014-06-10,189771.4644
2014-06-09,189774.6644
2014-06-06,189796.6644
2014-06-05,189864.7895
2014-06-04,189864.7895
2014-06-03,184258.153
2014-06-02,184318.9918
2014-05-30,184399.1999
2014-05-29,184466.2423
2014-05-28,184646.0973
2014-05-27,180163.4953
2014-05-26,180175.0953
2014-05-23,180262.4392
2014-05-22,180371.939
2014-05-21,180439.634
2014-05-20,178291.395
2014-05-19,178324.4851
2014-05-16,178357.4851
2014-05-15,178390.4851
2014-05-14,178437.5752
2014-05-13,174829.5269
2014-05-12,174895.1668
2014-05-09,174934.1668
2014-05-08,174980.2815
2014-05-07,174980.2815
2014-05-06,174784.8865
2014-05-05,174952.9772
2014-04-30,174952.9772
2014-04-29,168043.3375
2014-04-28,168119.9854
2014-04-25,168249.8215
2014-04-24,168249.8215
2014-04-23,168249.8215
2014-04-22,161341.5838
2014-04-21,161361.8408
2014-04-16,161371.8408
2014-04-15,156720.7458
2014-04-14,156720.7458
2014-04-11,156720.7458
2014-04-10,156785.7458
2014-04-09,156785.7458
2014-04-08,149074.6095
2014-04-07,149094.1468
2014-04-04,149127.2718
2014-04-03,149195.2718
2014-04-01,144739.2747
2014-03-31,144873.7595
2014-03-28,144873.7595
2014-03-27,144933.7595
2014-03-26,144963.7595
2014-03-25,146540.1495
2014-03-21,146550.1495
2014-03-20,146880.1495
2014-03-19,146882.1495
2014-03-18,145331.2455
2014-03-17,145331.2455
2014-03-14,145331.2455
2014-03-13,145831.2455
2014-03-12,148831.2455
2014-03-11,146266.5415
2014-03-10,146266.5415
2014-03-07,146266.5415
2014-03-06,148986.5415
2014-03-05,152136.5415
2014-02-28,152167.6192
2014-02-27,152095.505
2014-02-26,152095.505
2014-02-25,145852.3349
2014-02-24,145852.3349
2014-02-21,145852.3349
2014-02-20,145852.3349
2014-02-19,145852.3349
2014-02-18,140030.8509
2014-02-17,140030.8509
2014-02-14,140030.8509
2014-02-13,140030.8509
2014-02-12,140030.8509
2014-02-11,128124.6319
2014-02-10,128124.6319
2014-02-07,128124.6319
2014-02-06,128624.6319
2014-02-05,130174.6319
2014-02-04,122608.8749
2014-02-03,122608.8749
2014-01-31,122608.8749
2014-01-30,122608.8749
2014-01-29,122608.8749
2014-01-28,116985.2739
2014-01-27,116977.1123
2014-01-24,116977.1123
2014-01-23,116977.1123
2014-01-22,116851.9268
2014-01-21,113601.9288
2014-01-20,113601.9288
2014-01-17,113567.1667
2014-01-16,113567.1667
2014-01-15,113459.6012
2014-01-14,111318.0719
2014-01-13,111181.497
2014-01-10,111113.3876
2014-01-09,111545.6927
2014-01-08,112075.6927
2014-01-07,109548.9577
2014-01-06,109548.9577
2014-01-03,109437.1233
2014-01-02,109336.9826
2013-12-30,109825.5826
2013-12-27,109825.5826
2013-12-26,109554.0757
2013-12-23,109344.021
2013-12-20,109181.262
2013-12-19,109115.9013
2013-12-18,112417.7591
2013-12-17,112710.588
2013-12-16,112620.3985
2013-12-13,112209.615
2013-12-12,112011.093
2013-12-11,112011.093
2013-12-10,112825.673
2013-12-09,112825.673
2013-12-06,112825.673
2013-12-05,112825.673
2013-12-04,112825.673
2013-12-03,114891.444
2013-12-02,114891.444
2013-11-29,114891.444
2013-11-28,114891.444
2013-11-27,114891.444
2013-11-26,115022.924
2013-11-22,115022.924
2013-11-21,115022.924
2013-11-20,115022.924
2013-11-19,116021.234
2013-11-18,116021.234
2013-11-15,116021.234
2013-11-14,116021.234
2013-11-13,116021.234
2013-11-12,117762.832
2013-11-11,117762.832
2013-11-08,117762.832
2013-11-07,117762.832
2013-11-05,116998.632
2013-11-04,116998.632
2013-11-01,116998.632
2013-10-31,116998.632
2013-10-30,116998.632
2013-10-29,117734.888
2013-10-28,117734.888
2013-10-25,117734.888
2013-10-24,117734.888
2013-10-23,117734.888
2013-10-22,117071.702
2013-10-21,117071.702
2013-10-18,117071.702
2013-10-17,117071.702
2013-10-16,117071.702
2013-10-15,117454.122
2013-10-11,117454.122
2013-10-10,117454.122
2013-10-09,117454.122
2013-10-08,115547.827
2013-10-07,115547.827
2013-10-04,115547.827
2013-10-03,115547.827
2013-10-02,115547.827
2013-10-01,116679.207
2013-09-30,116679.207
2013-09-27,116679.207
2013-09-26,116679.207
2013-09-25,116679.207
2013-09-24,115454.809
2013-09-23,115454.809
2013-09-20,115454.809
2013-09-19,115454.809
2013-09-18,115454.809
2013-09-17,112767.032
2013-09-16,112767.032
2013-09-13,112767.032
2013-09-12,112767.032
2013-09-11,112767.032
2013-09-10,110999.562
2013-09-09,110999.562
2013-09-06,110999.562
2013-09-05,110999.562
2013-09-04,110999.562
2013-09-03,110737.657
2013-09-02,110737.657
2013-08-30,110737.657
2013-08-29,110737.657
2013-08-28,110737.657
2013-08-27,109025.253
2013-08-26,109025.253
2013-08-23,109025.253
2013-08-22,109025.253
2013-08-21,109025.253
2013-08-20,107880.953
2013-08-16,107880.953
2013-08-15,107880.953
2013-08-14,107880.953
2013-08-13,106715.251
2013-08-12,106715.251
2013-08-09,106715.251
2013-08-08,106715.251
2013-08-07,106715.251
2013-08-06,106322.825
2013-08-05,106322.825
2013-08-02,106322.825
2013-08-01,106322.825
2013-07-31,106322.825
2013-07-30,106491.101
2013-07-29,106491.101
2013-07-26,106491.101
2013-07-25,106491.101
2013-07-24,106491.101
2013-07-23,105529.394
2013-07-22,105529.394
2013-07-19,105529.394
2013-07-18,105529.394
2013-07-17,105529.394
2013-07-16,105771.94
2013-07-15,105771.94
2013-07-12,105771.94
2013-07-11,105771.94
2013-07-10,105771.94
2013-07-08,105965.07
2013-07-05,105965.07
2013-07-04,105965.07
2013-07-03,105965.07
2013-07-02,107256.248
2013-07-01,107256.248
2013-06-28,107256.248
2013-06-27,107256.248
2013-06-26,107256.248
2013-06-25,108359.563
2013-06-24,108359.563
2013-06-19,108359.563
2013-06-18,107753.062
2013-06-17,107753.062
2013-06-14,107753.062
2013-06-13,107753.062
2013-06-12,107753.062
2013-06-11,107552.326
2013-06-10,107552.326
2013-06-07,107552.326
2013-06-06,107552.326
2013-06-05,107552.326
2013-06-04,107412.556
2013-06-03,107412.556
2013-05-31,107412.556
2013-05-30,107412.556
2013-05-29,107412.556
2013-05-28,106399.391
2013-05-27,106399.391
2013-05-24,106399.391
2013-05-23,106399.391
2013-05-22,106399.391
2013-05-21,106311.587
2013-05-20,106311.587
2013-05-17,106311.587
2013-05-16,106311.587
2013-05-15,106311.587
2013-05-14,108376.875
2013-05-13,108376.875
2013-05-10,108376.875
2013-05-09,108376.875
2013-05-08,108376.875
2013-05-07,109431.942
2013-05-06,109431.942
2013-05-03,109431.942
2013-05-02,109431.942
2013-04-30,108800.702
2013-04-29,108800.702
2013-04-26,108800.702
2013-04-25,108800.702
2013-04-24,108800.702
2013-04-23,106517.222
2013-04-22,106517.222
2013-04-19,106517.222
2013-04-18,106517.222
2013-04-17,106517.222
2013-04-16,105871.769
2013-04-15,105871.769
2013-04-12,105871.769
2013-04-11,105871.769
2013-04-10,105871.769
2013-04-09,104284.689
2013-04-08,104284.689
2013-04-05,104284.689
2013-04-04,106334.689
2013-04-03,106334.689
2013-03-27,107731.067
2013-03-26,109772.807
2013-03-25,109772.807
2013-03-22,109772.807
2013-03-21,109772.807
2013-03-20,109772.807
2013-03-19,109173.297
2013-03-18,109173.297
2013-03-15,109173.297
2013-03-14,109173.297
2013-03-13,109173.297
2013-03-12,107841.032
2013-03-11,107841.032
2013-03-08,107841.032
2013-03-07,107841.032
2013-03-06,107841.032
2013-03-05,105963.648
2013-03-04,105963.648
2013-03-01,105963.648
2013-02-28,105963.648
2013-02-27,105963.648
2013-02-26,105517.872
2013-02-25,105517.872
2013-02-22,105517.872
2013-02-21,105517.872
2013-02-19,105028.186
2013-02-18,105028.186
2013-02-15,105028.186
2013-02-14,105028.186
2013-02-13,105028.186
2013-02-08,103917.208
2013-02-07,103917.208
2013-02-06,103917.208
2013-02-05,100901.151
2013-02-04,100901.151
2013-02-01,100901.151
2013-01-30,100901.151
2013-01-29,96687.38
2013-01-28,96687.38
2013-01-25,96687.38
2013-01-24,96687.38
2013-01-23,96687.38
2013-01-22,93436.03
2013-01-21,93436.03
2013-01-18,93436.03
2013-01-17,93436.03
2013-01-16,93436.03
2013-01-15,91249.994
2013-01-14,91249.994
2013-01-11,91249.994
2013-01-10,91249.994
2013-01-09,91249.994
2013-01-08,87856.566
2013-01-07,87856.566
2013-01-04,87856.566
2013-01-03,87856.566
2013-01-02,87856.566
2012-12-31,87721.766
2012-12-28,87721.766
2012-12-27,87721.766
2012-12-26,87721.766
2012-12-21,88474.042
2012-12-20,88474.042
2012-12-19,88474.042
2012-12-18,89143.58
2012-12-17,89143.58
2012-12-14,89143.58
2012-12-13,89143.58
2012-12-12,89143.58
2012-12-11,88695.455
2012-12-10,88695.455
2012-12-07,88695.455
2012-12-06,88695.455
2012-12-05,88695.455
2012-12-04,89648.113
2012-12-03,89648.113
2012-11-30,89648.113
2012-11-29,89648.113
2012-11-28,89648.113
2012-11-27,89888.542
2012-11-23,89888.542
2012-11-22,89888.542
2012-11-21,89888.542
2012-11-20,91074.092
2012-11-19,91074.092
2012-11-16,91074.092
2012-11-15,91074.092
2012-11-14,91074.092
2012-11-13,91678.688
2012-11-12,91678.688
2012-11-09,91678.688
2012-11-08,91678.688
2012-11-07,91678.688
2012-11-05,91354.538
2012-11-02,91354.538
2012-11-01,91354.538
2012-10-31,91354.538
2012-10-30,92596.076
2012-10-29,92596.076
2012-10-26,92596.076
2012-10-25,92596.076
2012-10-24,92596.076
2012-10-23,92268.052
2012-10-22,92268.052
2012-10-19,92268.052
2012-10-18,92268.052
2012-10-17,92268.052
2012-10-16,91849.262
2012-10-15,91849.262
2012-10-12,91849.262
2012-10-11,91849.262
2012-10-10,91849.262
2012-10-09,91234.347
2012-10-05,91234.347
2012-10-04,91234.347
2012-10-03,91234.347
2012-10-02,91378.012
2012-10-01,91378.012
2012-09-28,91378.012
2012-09-27,91378.012
2012-09-26,91378.012
2012-09-25,91665.189
2012-09-21,91665.189
2012-09-20,91665.189
2012-09-19,91665.189
2012-09-18,91872.389
2012-09-17,91872.389
2012-09-14,91872.389
2012-09-13,91872.389
2012-09-12,91872.389
2012-09-11,91271.691
2012-09-10,91271.691
2012-09-07,91271.691
2012-09-06,91271.691
2012-09-05,91271.691
2012-09-04,90204.838
2012-09-03,90204.838
2012-08-31,90204.838
2012-08-30,90204.838
2012-08-29,90204.838
2012-08-28,88552.068
2012-08-27,88552.068
2012-08-24,88552.068
2012-08-23,88552.068
2012-08-22,88552.068
2012-08-21,88497.327
2012-08-17,88497.327
2012-08-16,88497.327
2012-08-15,88497.327
2012-08-14,88340.152
2012-08-13,88340.152
2012-08-10,88340.152
2012-08-09,88340.152
2012-08-08,88340.152
2012-08-07,88679.082
2012-08-06,88679.082
2012-08-03,88679.082
2012-08-02,88679.082
2012-08-01,88679.082
2012-07-31,87778.909
2012-07-30,87778.909
2012-07-27,87778.909
2012-07-26,87778.909
2012-07-25,87778.909
2012-07-24,86697.469
2012-07-23,86697.469
2012-07-20,86697.469
2012-07-19,86697.469
2012-07-18,86697.469
2012-07-17,86886.224
2012-07-16,86886.224
2012-07-13,86886.224
2012-07-12,86886.224
2012-07-11,86886.224
2012-07-10,87025.243
2012-07-06,87025.243
2012-07-05,87025.243
2012-07-04,87025.243
2012-07-03,86656.443
2012-07-02,86656.443
2012-06-29,86656.443
2012-06-28,86656.443
2012-06-27,86656.443
2012-06-26,88206.078
2012-06-25,88206.078
2012-06-22,88206.078
2012-06-21,88206.078
2012-06-19,87356.415
2012-06-18,87356.415
2012-06-15,87356.415
2012-06-14,87356.415
2012-06-13,87356.415
2012-06-12,87902.335
2012-06-11,87902.335
2012-06-08,87902.335
2012-06-07,87902.335
2012-06-06,87902.335
2012-06-05,86787.841
2012-06-04,86787.841
2012-06-01,86787.841
2012-05-31,86787.841
2012-05-30,86787.841
2012-05-29,86888.042
2012-05-28,86888.042
2012-05-24,86888.042
2012-05-23,86888.042
2012-05-22,85982.972
2012-05-21,85982.972
2012-05-18,85982.972
2012-05-17,85982.972
2012-05-16,85982.972
2012-05-15,85403.672
2012-05-14,85403.672
2012-05-11,85403.672
2012-05-10,85403.672
2012-05-09,85403.672
2012-05-08,84121.077
2012-05-07,84121.077
2012-05-04,84121.077
2012-05-03,84121.077
2012-05-02,84121.077
2012-04-27,83850.022
2012-04-26,83850.022
2012-04-25,83850.022
2012-04-24,82176.33
2012-04-23,82176.33
2012-04-20,82176.33
2012-04-19,82176.33
2012-04-18,82176.33
2012-04-17,81320.881
2012-04-16,81320.881
2012-04-13,81320.881
2012-04-12,81320.881
2012-04-11,81320.881
2012-04-10,81424.896
2012-04-09,81424.896
2012-04-04,81424.896
2012-04-03,81033.436
2012-03-30,81033.436
2012-03-29,81033.436
2012-03-28,81033.436
2012-03-27,81058.412
2012-03-26,81058.412
2012-03-23,81058.412
2012-03-22,81058.412
2012-03-21,81058.412
2012-03-20,80716.614
2012-03-19,80716.614
2012-03-16,80716.614
2012-03-15,80716.614
2012-03-14,80716.614
2012-03-13,80476.514
2012-03-12,80476.514
2012-03-09,80476.514
2012-03-08,80476.514
2012-03-07,80476.514
2012-03-06,79695.613
2012-03-05,79695.613
2012-03-02,79695.613
2012-03-01,79695.613
2012-02-29,79695.613
2012-02-28,79295.446
2012-02-24,79295.446
2012-02-23,79295.446
2012-02-22,79295.446
2012-02-17,78280.746
2012-02-16,78280.746
2012-02-15,78280.746
2012-02-14,77436.252
2012-02-13,77436.252
2012-02-10,77436.252
2012-02-09,77436.252
2012-02-08,77436.252
2012-02-07,76122.052
2012-02-06,76122.052
2012-02-03,76122.052
2012-02-02,76122.052
2012-02-01,76122.052
2012-01-31,73996.628
2012-01-30,73996.628
2012-01-27,73996.628
2012-01-26,73996.628
2012-01-25,73996.628
2012-01-24,73773.58
2012-01-23,73773.58
2012-01-20,73773.58
2012-01-19,73773.58
2012-01-18,73773.58
2012-01-17,71748.389
2012-01-16,71748.389
2012-01-13,71748.389
2012-01-12,71748.389
2012-01-11,71748.389
2012-01-10,69265.987
2012-01-09,69265.987
2012-01-06,69265.987
2012-01-05,69265.987
2012-01-04,69265.987
2012-01-03,68725.267
2011-12-30,68725.267
2011-12-29,68725.267
2011-12-28,68725.267
2011-12-27,67922.196
2011-12-23,67922.196
2011-12-22,67922.196
2011-12-21,67922.196
2011-12-20,66778.121
2011-12-19,66778.121
2011-12-16,66778.121
2011-12-15,66778.121
2011-12-14,66778.121
2011-12-13,67785.137
2011-12-12,67785.137
2011-12-07,67785.137
2011-12-06,67586.389
2011-12-05,67586.389
2011-12-02,67586.389
2011-12-01,67586.389
2011-11-30,67586.389
2011-11-29,68096.902
2011-11-25,68096.902
2011-11-24,68096.902
2011-11-23,68096.902
2011-11-22,69476.161
2011-11-21,70026.161
2011-11-18,72351.161
2011-11-17,74761.161
2011-11-16,74761.161
2011-11-15,75602.563
2011-11-14,75602.563
2011-11-11,75602.563
2011-11-10,75602.563
2011-11-09,75602.563
2011-11-08,76504.502
2011-11-07,76504.502
2011-11-04,76504.502
2011-11-03,76534.502
2011-11-02,76534.502
2011-11-01,77083.293
2011-10-31,77083.293
2011-10-28,77083.293
2011-10-27,77083.293
2011-10-26,77084.293
2011-10-25,77509.035
2011-10-24,77509.035
2011-10-21,77509.035
2011-10-20,77509.035
2011-10-19,77509.035
2011-10-18,77996.97
2011-10-17,78685.97
2011-10-14,79070.05
2011-10-13,79182.05
2011-10-12,79542.05
2011-10-11,80343.147
2011-10-07,80343.147
2011-10-06,80344.147
2011-10-05,80344.147
2011-10-04,80790.745
2011-10-03,80790.745
2011-09-30,80790.745
2011-09-29,80790.745
2011-09-28,80790.745
2011-09-27,80735.4107
2011-09-26,80735.4107
2011-09-23,80735.4107
2011-09-22,80735.4107
2011-09-21,80735.4107
2011-09-20,81297.9437
2011-09-19,81297.9437
2011-09-16,81297.9437
2011-09-15,81297.9437
2011-09-14,81297.9437
2011-09-13,81929.6647
2011-09-12,81929.6647
2011-09-09,81929.6647
2011-09-08,81929.6647
2011-09-07,81929.6647
2011-09-06,81790.9077
2011-09-05,81790.9077
2011-09-02,81790.9077
2011-09-01,81790.9077
2011-08-31,81790.9077
2011-08-30,82772.0547
2011-08-29,82772.0547
2011-08-26,82772.0547
2011-08-25,82772.0547
2011-08-24,82572.0547
2011-08-23,83108.8457
2011-08-19,83108.8457
2011-08-18,83108.8457
2011-08-17,83108.8457
2011-08-16,83425.6857
2011-08-15,83425.6857
2011-08-12,83425.6857
2011-08-11,83425.6857
2011-08-10,83425.6857
2011-08-09,84708.4357
2011-08-08,84708.4357
2011-08-05,84708.4357
2011-08-04,84708.4357
2011-08-03,84708.4357
2011-08-02,85772.9767
2011-08-01,85772.9767
2011-07-29,85772.9767
2011-07-28,85772.9767
2011-07-27,85772.9767
2011-07-26,87405.5057
2011-07-25,87405.5057
2011-07-22,87405.5057
2011-07-21,87405.5057
2011-07-20,87405.5057
2011-07-19,88615.0707
2011-07-18,88615.0707
2011-07-15,88620.0707
2011-07-14,88718.0707
2011-07-13,89032.0707
2011-07-12,89683.1797
2011-07-11,89683.1797
2011-07-08,89683.1797
2011-07-07,89683.1797
2011-07-06,89683.1797
2011-07-05,90847.8907
2011-07-04,90847.8907
2011-07-01,90847.8907
2011-06-30,90847.8907
2011-06-29,90847.8907
2011-06-28,90889.3267
2011-06-27,90889.3267
2011-06-24,90889.3267
2011-06-23,90894.3267
2011-06-22,90894.3267
2011-06-21,89822.5247
2011-06-17,89822.5247
2011-06-16,89822.5247
2011-06-15,89822.5247
2011-06-14,89079.2187
2011-06-13,89079.2187
2011-06-10,89079.2187
2011-06-09,89079.2187
2011-06-08,89079.2187
2011-06-07,88239.1437
2011-06-06,88239.1437
2011-06-03,88239.1437
2011-06-02,88239.1437
2011-06-01,88239.1437
2011-05-31,87661.7647
2011-05-30,87661.7647
2011-05-27,87661.7647
2011-05-26,87661.7647
2011-05-24,87880.2437
2011-05-23,87880.2437
2011-05-20,87880.2437
2011-05-19,87880.2437
2011-05-18,87880.2437
2011-05-17,86956.9971
2011-05-16,86956.9971
2011-05-13,86956.9971
2011-05-12,86956.9971
2011-05-11,86956.9971
2011-05-10,87169.1141
2011-05-09,87169.1141
2011-05-06,87169.1141
2011-05-05,87169.1141
2011-05-04,87169.1141
2011-05-03,87131.5761
2011-05-02,87131.5761
2011-04-29,87131.5761
2011-04-28,87131.5761
2011-04-27,87131.5761
2011-04-26,88048.3641
2011-04-25,88048.3641
2011-04-20,88048.3641
2011-04-19,86967.1181
2011-04-18,86967.1181
2011-04-15,86967.1181
2011-04-14,86967.1181
2011-04-13,86967.1181
2011-04-12,85845.2101
2011-04-11,85845.2101
2011-04-08,85845.2101
2011-04-07,85845.2101
2011-04-06,85845.2101
2011-04-05,85088.1031
2011-04-04,85088.1031
2011-04-01,85088.1031
2011-03-31,85088.1031
2011-03-30,85088.1031
2011-03-29,84269.5011
2011-03-28,84269.5011
2011-03-23,84269.5011
2011-03-22,83707.1031
2011-03-21,83707.1031
2011-03-18,83707.1031
2011-03-17,83707.1031
2011-03-16,83707.1031
2011-03-15,82670.1091
2011-03-14,82670.1091
2011-03-11,82670.1091
2011-03-10,82670.1091
2011-03-09,82670.1091
2011-03-04,82124.2741
2011-03-03,82124.2741
2011-03-02,82124.2741
2011-03-01,81375.8221
2011-02-28,81375.8221
2011-02-25,81375.8221
2011-02-24,81375.8221
2011-02-23,81375.8221
2011-02-22,80274.7571
2011-02-21,80274.7571
2011-02-18,80274.7571
2011-02-17,80274.7571
2011-02-16,80274.7571
2011-02-15,79599.4631
2011-02-14,79599.4631
2011-02-11,79599.4631
2011-02-10,79599.4631
2011-02-09,79599.4631
2011-02-08,78575.5991
2011-02-07,78575.5991
2011-02-04,78575.5991
2011-02-03,78575.5991
2011-02-02,78575.5991
2011-02-01,77631.8801
2011-01-31,77631.8801
2011-01-28,77631.8801
2011-01-27,77631.8801
2011-01-26,77631.8801
2011-01-25,77574.0301
2011-01-24,77574.0301
2011-01-21,77574.0301
2011-01-20,77574.0301
2011-01-19,77574.0301
2011-01-18,76257.8991
2011-01-17,76257.8991
2011-01-14,76257.8991
2011-01-13,76257.8991
2011-01-12,76257.8991
2011-01-11,75738.5901
2011-01-10,75738.5901
2011-01-07,75738.5901
2011-01-06,75738.5901
2011-01-05,75738.5901
2011-01-04,74351.5681
2011-01-03,74351.5681
2010-12-30,74351.5681
2010-12-29,74351.5681
2010-12-28,75122.3571
2010-12-27,75122.3571
2010-12-23,75122.3571
2010-12-22,75122.3571
2010-12-21,74637.3281
2010-12-20,74637.3281
2010-12-17,74637.3281
2010-12-16,74637.3281
2010-12-15,75793.7611
2010-12-14,75793.7611
2010-12-13,75793.7611
2010-12-10,75793.7611
2010-12-09,75793.7611
2010-12-07,73359.7511
2010-12-06,73357.7511
2010-12-03,73354.7511
2010-12-02,73346.7511
2010-12-01,73332.7511
2010-11-30,73763.3651
2010-11-29,73763.3651
2010-11-26,73763.3651
2010-11-25,73763.3651
2010-11-24,73763.3651
2010-11-23,74307.9531
2010-11-19,74307.9531
2010-11-18,74307.9531
2010-11-17,74307.9531
2010-11-16,74736.9111
2010-11-15,74736.9111
2010-11-12,74736.9111
2010-11-11,74736.9111
2010-11-10,74736.9111
2010-11-09,73562.0741
2010-11-08,73562.0741
2010-11-05,73562.0741
2010-11-04,73562.0741
2010-11-03,73562.0741
2010-11-02,73974.3421
2010-11-01,73974.3421
2010-10-29,73974.3421
2010-10-28,73974.3421
2010-10-26,75162.5011
2010-10-25,75162.5011
2010-10-22,75162.5011
2010-10-21,75162.5011
2010-10-20,75162.5011
2010-10-19,73578.3511
2010-10-18,73578.3511
2010-10-15,73578.3511
2010-10-14,73578.3511
2010-10-13,73578.3511
2010-10-12,72952.9241
2010-10-08,72952.9241
2010-10-07,72952.9241
2010-10-06,72952.9241
2010-10-05,72565.2701
2010-10-04,72565.2701
2010-10-01,72565.2701
2010-09-30,72565.2701
2010-09-29,72565.2701
2010-09-28,72324.9624
2010-09-27,72324.9624
2010-09-24,72324.9624
2010-09-23,72324.9624
2010-09-22,72324.9624
2010-09-21,71363.2734
2010-09-20,71363.2734
2010-09-17,71363.2734
2010-09-16,71363.2734
2010-09-15,71363.2734
2010-09-14,70189.2084
2010-09-13,70189.2084
2010-09-10,70189.2084
2010-09-09,70189.2084
2010-09-08,70189.2084
2010-09-07,68228.3804
2010-09-06,68228.3804
2010-09-03,68228.3804
2010-09-02,68228.3804
2010-09-01,68228.3804
2010-08-31,67549.9974
2010-08-30,67549.9974
2010-08-27,67549.9974
2010-08-26,67549.9974
2010-08-25,67549.9974
2010-08-24,66299.1784
2010-08-23,66299.1784
2010-08-20,66299.1784
2010-08-19,66299.1784
2010-08-18,66299.1784
2010-08-17,65223.7124
2010-08-13,65223.7124
2010-08-12,65223.7124
2010-08-11,65223.7124
2010-08-10,63535.6634
2010-08-09,63535.6634
2010-08-06,63535.6634
2010-08-05,63535.6634
2010-08-04,63535.6634
2010-08-03,62064.1524
2010-08-02,62064.1524
2010-07-30,62064.1524
2010-07-29,62064.1524
2010-07-28,62064.1524
2010-07-27,61242.6974
2010-07-26,61242.6974
2010-07-23,61242.6974
2010-07-22,61242.6974
2010-07-21,61242.6974
2010-07-20,59738.1704
2010-07-19,59738.1704
2010-07-16,59738.1704
2010-07-15,59738.1704
2010-07-14,59738.1704
2010-07-13,58822.5954
2010-07-12,58822.5954
2010-07-08,58822.5954
2010-07-07,58822.5954
2010-07-06,58075.7354
2010-07-05,58075.7354
2010-07-02,58075.7354
2010-07-01,58075.7354
2010-06-30,58075.7354
2010-06-29,57897.9364
2010-06-28,57897.9364
2010-06-25,57897.9364
2010-06-24,57897.9364
2010-06-23,57897.9364
2010-06-22,57484.4554
2010-06-18,57484.4554
2010-06-17,57484.4554
2010-06-16,57484.4554
2010-06-15,56464.1704
2010-06-14,56464.1704
2010-06-11,56464.1704
2010-06-10,56464.1704
2010-06-09,56464.1704
2010-06-08,55687.7324
2010-06-07,55687.7324
2010-06-04,55687.7324
2010-06-03,55687.7324
2010-06-02,55687.7324
2010-06-01,55425.3904
2010-05-31,55425.3904
2010-05-28,55425.3904
2010-05-27,55425.3904
2010-05-26,55425.3904
2010-05-21,55390.1504
2010-05-20,55390.1504
2010-05-19,55390.1504
2010-05-18,54485.4134
2010-05-17,54485.4134
2010-05-14,54485.4134
2010-05-13,54485.4134
2010-05-12,54485.4134
2010-05-11,54298.3564
2010-05-10,54298.3564
2010-05-07,54298.3564
2010-05-06,54298.3564
2010-05-05,54298.3564
2010-05-04,53072.7094
2010-05-03,53072.7094
2010-04-30,53072.7094
2010-04-29,53072.7094
2010-04-28,53072.7094
2010-04-27,52786.3724
2010-04-26,52786.3724
2010-04-23,52786.3724
2010-04-22,52786.3724
2010-04-21,52786.3724
2010-04-20,52495.5614
2010-04-19,52495.5614
2010-04-16,52495.5614
2010-04-15,52495.5614
2010-04-14,52495.5614
2010-04-13,51708.1364
2010-04-12,51708.1364
2010-04-09,51708.1364
2010-04-08,51708.1364
2010-04-07,51708.1364
2010-04-06,50691.5564
2010-04-05,50694.5564
2010-03-31,50694.5564
2010-03-30,50624.0754
2010-03-29,50624.0754
2010-03-26,50624.0754
2010-03-25,50624.0754
2010-03-23,49712.8781
2010-03-22,49712.8781
2010-03-19,49712.8781
2010-03-18,49712.8781
2010-03-17,49712.8781
2010-03-16,48838.2711
2010-03-15,48838.2711
2010-03-12,48838.2711
2010-03-11,48838.3211
2010-03-10,48838.3211
2010-03-09,48437.5991
2010-03-08,48437.5991
2010-03-05,48437.5991
2010-03-04,48437.5991
2010-03-03,48437.5991
2010-03-02,47474.7671
2010-03-01,47474.7671
2010-02-26,47479.7671
2010-02-25,47479.7671
2010-02-24,47479.7671
2010-02-23,47186.8821
2010-02-22,47186.8821
2010-02-19,47186.8821
2010-02-18,47186.8821
2010-02-17,47186.8821
2010-02-16,46276.1691
2010-02-15,46276.1691
2010-02-12,46276.1691
2010-02-11,46276.1691
2010-02-10,46276.1691
2010-02-09,45884.664
2010-02-08,45884.664
2010-02-05,45884.664
2010-02-04,45884.664
2010-02-03,45884.664
2010-02-02,45726.091
2010-02-01,45726.091
2010-01-29,45726.091
2010-01-28,45726.091
2010-01-27,45726.091
2010-01-26,46136.31
2010-01-25,46136.31
2010-01-22,46137.31
2010-01-21,46137.31
2010-01-20,46140.31
2010-01-19,46611.8106
2010-01-18,46611.8106
2010-01-15,46611.8106
2010-01-14,46611.8106
2010-01-13,46611.8106
2010-01-12,47325.1546
2010-01-11,47325.1546
2010-01-08,47332.1546
2010-01-07,47334.1546
2010-01-06,47334.1546
2010-01-05,46825.6146
2010-01-04,46825.6146
2009-12-31,46827.6146
2009-12-30,46827.6146
2009-12-29,47470.7906
2009-12-28,47470.7906
2009-12-24,47470.7906
2009-12-23,47470.7906
2009-12-22,47305.3026
2009-12-21,47305.3026
2009-12-18,47305.3026
2009-12-17,47305.3026
2009-12-16,47305.3026
2009-12-15,47102.5726
2009-12-14,47102.5726
2009-12-11,47102.5726
2009-12-10,47102.5726
2009-12-09,47102.5726
2009-12-07,47644.2936
2009-12-04,47644.2936
2009-12-03,47644.2936
2009-12-02,47644.2936
2009-12-01,47813.4476
2009-11-30,47813.4476
2009-11-27,47813.4476
2009-11-26,47813.4476
2009-11-25,47813.4476
2009-11-24,47546.8536
2009-11-23,47546.8536
2009-11-20,47546.8536
2009-11-19,47546.8536
2009-11-18,47546.8536
2009-11-17,46004.6036
2009-11-16,46004.6036
2009-11-13,46002.6036
2009-11-12,46002.6036
2009-11-11,46002.6036
2009-11-10,45022.9686
2009-11-09,45022.9686
2009-11-05,45027.9686
2009-11-04,45028.9686
2009-11-03,44330.6456
2009-11-02,44335.6456
2009-10-30,44335.6456
2009-10-29,44335.6456
2009-10-28,44335.6456
2009-10-27,42635.7966
2009-10-26,42635.7966
2009-10-23,42635.7966
2009-10-22,42635.7966
2009-10-21,42635.7966
2009-10-20,42206.0216
2009-10-19,42206.0216
2009-10-16,42206.0216
2009-10-15,42221.0216
2009-10-14,42221.0216
2009-10-13,41947.0256
2009-10-09,41947.0256
2009-10-08,41947.0256
2009-10-07,41947.0256
2009-10-06,40908.8656
2009-10-05,40908.8656
2009-10-02,40908.8656
2009-10-01,40908.8656
2009-09-30,40908.8656
2009-09-29,41485.3386
2009-09-28,41485.3386
2009-09-25,41485.3386
2009-09-24,41485.3386
2009-09-23,41485.3386
2009-09-22,39363.9426
2009-09-21,39363.9426
2009-09-18,39363.9426
2009-09-17,39363.9426
2009-09-16,39368.9426
2009-09-15,38687.1716
2009-09-14,38687.1716
2009-09-11,38687.1716
2009-09-10,38687.1716
2009-09-09,38687.1716
2009-09-08,37761.4736
2009-09-07,37761.4736
2009-09-04,37761.4736
2009-09-03,37761.4736
2009-09-02,37761.4736
2009-09-01,37292.4416
2009-08-31,37288.4416
2009-08-28,37288.4416
2009-08-27,37288.4416
2009-08-26,37280.4416
2009-08-25,35813.0256
2009-08-24,35813.0256
2009-08-21,35813.0256
2009-08-20,35808.0256
2009-08-19,35778.0256
2009-08-18,35111.9459
2009-08-14,35111.9459
2009-08-13,35110.9459
2009-08-12,35110.9459
2009-08-11,34363.2939
2009-08-10,34363.2939
2009-08-07,34363.2939
2009-08-06,34362.2939
2009-08-05,34362.2939
2009-08-04,33870.3359
2009-08-03,33870.3359
2009-07-31,33870.3359
2009-07-30,33870.3359
2009-07-29,33870.3359
2009-07-28,33925.6329
2009-07-27,33919.6329
2009-07-24,33909.6329
2009-07-23,33902.6329
2009-07-22,33902.6329
2009-07-21,33661.5979
2009-07-20,33661.5979
2009-07-17,33661.5979
2009-07-16,33661.5979
2009-07-15,33661.5979
2009-07-14,33527.4056
2009-07-13,33527.4056
2009-07-08,33527.4056
2009-07-07,32556.4716
2009-07-06,32556.4716
2009-07-03,32556.4716
2009-07-02,32556.4716
2009-07-01,32556.4716
2009-06-30,33123.3166
2009-06-29,33123.3166
2009-06-26,33123.3166
2009-06-25,33123.3166
2009-06-24,33123.3166
2009-06-23,33781.1816
2009-06-22,33781.1816
2009-06-19,33781.1816
2009-06-18,33781.1816
2009-06-17,33781.1816
2009-06-16,34392.1466
2009-06-12,34392.1466
2009-06-11,34392.1466
2009-06-10,34392.1466
2009-06-09,34478.9706
2009-06-08,34478.9706
2009-06-05,34478.9706
2009-06-04,35218.7709
2009-06-03,35958.4341
2009-06-02,35709.983
2009-06-01,35709.983
2009-05-29,35709.983
2009-05-28,35709.983
2009-05-27,35709.983
2009-05-26,35858.968
2009-05-22,35858.968
2009-05-21,35798.968
2009-05-20,35798.968
2009-05-19,35047.617
2009-05-18,35047.617
2009-05-15,35047.617
2009-05-14,35047.617
2009-05-13,35047.617
2009-05-12,35492.519
2009-05-11,35492.519
2009-05-08,35492.519
2009-05-07,35492.519
2009-05-06,35492.519
2009-05-05,35790.983
2009-05-04,35790.983
2009-04-30,35777.983
2009-04-29,35777.983
2009-04-28,34952.348
2009-04-27,35840.348
2009-04-24,35840.348
2009-04-23,35833.348
2009-04-22,35833.348
2009-04-21,35502.629
2009-04-20,35502.629
2009-04-17,35502.629
2009-04-16,35502.629
2009-04-15,35502.629
2009-04-14,34727.332
2009-04-13,34727.332
2009-04-08,34727.332
2009-04-07,34946.197
2009-04-06,34946.197
2009-04-03,34943.197
2009-04-01,34927.197
2009-03-31,34198.704
2009-03-30,34194.704
2009-03-27,34194.704
2009-03-26,34194.704
2009-03-25,34194.704
2009-03-23,35076.635
2009-03-20,35060.635
2009-03-19,35052.635
2009-03-18,35047.635
2009-03-17,35803.325
2009-03-16,35799.325
2009-03-13,35788.325
2009-03-12,35776.325
2009-03-11,35767.325
2009-03-10,36261.038
2009-03-09,36258.038
2009-03-06,36249.538
2009-03-05,36223.538
2009-03-04,36187.538
2009-03-03,36526.095
2009-03-02,36514.095
2009-02-27,36499.095
2009-02-26,36499.095
2009-02-25,36499.095
2009-02-24,38081.063
2009-02-23,38081.063
2009-02-20,38081.063
2009-02-19,38081.063
2009-02-18,38081.063
2009-02-17,38259.524
2009-02-16,38259.524
2009-02-13,38262.524
2009-02-12,38263.524
2009-02-11,38263.524
2009-02-10,39422.029
2009-02-09,39423.029
2009-02-06,39423.029
2009-02-05,39423.029
2009-02-04,39423.029
2009-02-03,39149.403
2009-02-02,39149.403
2009-01-30,39149.403
2009-01-29,40052.403
2009-01-28,40054.403
2009-01-27,39114.277
2009-01-26,39114.277
2009-01-23,39115.277
2009-01-22,39115.277
2009-01-21,39115.277
2009-01-20,39076.91
2009-01-19,39076.91
2009-01-16,39076.91
2009-01-15,39076.91
2009-01-14,39076.91
2009-01-13,37953.288
2009-01-12,37953.288
2009-01-09,37953.288
2009-01-08,37953.288
2009-01-07,37953.288
2009-01-06,37321.715
2009-01-05,37321.715
2009-01-02,37321.715
2008-12-31,37325.715
2008-12-30,36698.241
2008-12-29,36698.241
2008-12-26,36698.241
2008-12-24,36701.841
2008-12-23,37916.94
2008-12-22,37916.94
2008-12-19,38082.34
2008-12-18,39910.34
2008-12-17,40580.34
2008-12-16,41832.046
2008-12-15,41834.046
2008-12-12,41839.046
2008-12-11,41839.046
2008-12-10,41839.046
2008-12-09,42870.525
2008-12-05,42870.525
2008-12-04,42871.525
2008-12-03,42871.525
2008-12-02,43602.527
2008-12-01,43602.527
2008-11-28,43602.527
2008-11-27,43602.527
2008-11-26,43602.527
2008-11-25,44667.814
2008-11-24,44667.814
2008-11-21,44668.814
2008-11-20,44669.814
2008-11-19,44669.814
2008-11-18,45469.379
2008-11-17,45473.379
2008-11-14,45478.379
2008-11-13,45478.379
2008-11-12,45481.379
2008-11-11,46047.39
2008-11-10,46047.39
2008-11-07,46047.39
2008-11-05,46052.39
2008-11-04,47082.784
2008-11-03,47086.784
2008-10-31,47095.784
2008-10-30,47097.784
2008-10-29,47120.46
2008-10-28,47883.528
2008-10-27,47920.678
2008-10-24,47965.478
2008-10-23,48041.828
2008-10-22,48109.828
2008-10-21,48734.417
2008-10-20,48737.417
2008-10-17,48751.417
2008-10-16,48760.417
2008-10-15,48766.917
2008-10-14,49452.587
2008-10-10,49553.587
2008-10-09,49594.587
2008-10-08,49676.087
2008-10-07,49646.041
2008-10-06,49666.041
2008-10-03,49666.041
2008-10-02,49666.041
2008-10-01,49666.041
2008-09-30,49881.286
2008-09-29,49886.286
2008-09-26,49887.286
2008-09-25,49887.286
2008-09-24,49895.286
2008-09-23,49929.856
2008-09-22,49936.856
2008-09-19,49939.856
2008-09-18,49941.356
2008-09-17,49954.356
2008-09-16,50329.078
2008-09-15,50329.078
2008-09-12,50329.078
2008-09-11,50329.078
2008-09-10,50329.078
2008-09-09,50467.89
2008-09-08,50467.89
2008-09-05,50467.89
2008-09-04,50467.89
2008-09-03,50467.89
2008-09-02,49917.456
2008-09-01,49917.456
2008-08-29,49917.456
2008-08-28,49919.456
2008-08-27,49920.456
2008-08-26,49979.335
2008-08-25,49980.335
2008-08-22,49980.335
2008-08-21,49980.335
2008-08-20,49980.335
2008-08-19,50035.917
2008-08-15,50035.917
2008-08-14,50035.917
2008-08-13,50035.917
2008-08-12,49600.956
2008-08-11,49600.956
2008-08-08,49600.956
2008-08-07,49600.956
2008-08-06,49600.956
2008-08-05,49216.382
2008-08-04,49216.382
2008-08-01,49216.382
2008-07-31,49216.382
2008-07-30,49216.382
2008-07-29,49345.025
2008-07-28,49345.025
2008-07-25,49341.825
2008-07-24,49341.825
2008-07-23,49387.825
2008-07-22,49218.151
2008-07-21,49298.151
2008-07-18,49346.151
2008-07-17,49435.151
2008-07-16,49536.151
2008-07-15,50291.0756
2008-07-14,50294.0756
2008-07-11,50296.0756
2008-07-10,50319.0756
2008-07-08,50033.9576
2008-07-07,50033.9576
2008-07-04,50037.9576
2008-07-03,50065.9576
2008-07-02,50065.9576
2008-07-01,50335.7836
2008-06-30,50335.7836
2008-06-27,50350.7836
2008-06-26,50395.7836
2008-06-25,50395.7836
2008-06-24,51123.1576
2008-06-23,51123.1576
2008-06-20,51123.1576
2008-06-19,51177.1576
2008-06-18,51178.1576
2008-06-17,51720.6226
2008-06-13,51745.6226
2008-06-12,51758.6226
2008-06-11,51876.4666
2008-06-10,52786.3286
2008-06-09,52838.3286
2008-06-06,52906.3286
2008-06-05,53026.3286
2008-06-04,53102.3286
2008-06-03,53692.9466
2008-06-02,53751.9466
2008-05-30,53751.9466
2008-05-29,53843.9466
2008-05-28,53993.9466
2008-05-27,54100.9466
2008-05-26,54127.9466
2008-05-23,54201.9466
2008-05-22,54274.9466
2008-05-21,54303.9466
2008-05-20,54576.2759
2008-05-19,54632.2759
2008-05-16,54705.3192
2008-05-15,54742.3192
2008-05-14,55003.3192
2008-05-13,55502.7539
2008-05-12,55585.7539
2008-05-09,55691.7539
2008-05-08,55768.2539
2008-05-07,55864.1539
2008-05-06,56685.0369
2008-05-05,56730.0369
2008-05-02,56778.0369
2008-04-30,56870.0369
2008-04-29,56883.6889
2008-04-28,56933.6889
2008-04-25,57021.6889
2008-04-24,57087.6889
2008-04-23,57137.6889
2008-04-22,57200.8119
2008-04-21,57224.8119
2008-04-18,57255.8119
2008-04-17,57342.8119
2008-04-16,57342.8119
2008-04-15,57045.4689
2008-04-14,57045.4689
2008-04-11,57044.4689
2008-04-10,57067.4689
2008-04-09,57067.4689
2008-04-08,57245.0519
2008-04-07,57245.0519
2008-04-04,57245.0519
2008-04-03,57245.0519
2008-04-01,57078.3059
2008-03-31,57122.3059
2008-03-28,57196.3059
2008-03-27,57243.3059
2008-03-26,57298.3059
2008-03-25,57768.6249
2008-03-19,57786.6249
2008-03-18,57063.7729
2008-03-17,57097.2729
2008-03-14,57097.2729
2008-03-13,57128.2729
2008-03-12,57175.2729
2008-03-11,56359.7819
2008-03-10,56391.7819
2008-03-07,56404.7819
2008-03-06,56418.7819
2008-03-05,56436.7819
2008-03-04,56207.2099
2008-03-03,56217.2099
2008-02-29,56223.2099
2008-02-28,56223.2099
2008-02-27,56222.2099
2008-02-26,55497.1739
2008-02-25,55497.1739
2008-02-22,55506.1739
2008-02-21,55506.1739
2008-02-20,55514.1739
2008-02-19,54921.0769
2008-02-18,54922.0769
2008-02-15,54931.0769
2008-02-14,54933.0769
2008-02-13,54953.0769
2008-02-12,53775.2249
2008-02-11,53786.4249
2008-02-08,53786.4249
2008-02-07,53786.4249
2008-02-06,53786.4249
2008-02-05,53554.7819
2008-02-04,53550.7819
2008-02-01,53550.7819
2008-01-31,53534.7819
2008-01-30,53534.7819
2008-01-29,53250.8579
2008-01-28,53253.8579
2008-01-25,53256.8579
2008-01-24,53266.8579
2008-01-23,53272.8579
2008-01-22,52851.5999
2008-01-21,52857.5999
2008-01-18,52858.5999
2008-01-17,52859.5999
2008-01-16,52867.5999
2008-01-15,51703.1589
2008-01-14,51703.1589
2008-01-11,51703.1589
2008-01-10,51703.1589
2008-01-09,51706.9189
2008-01-08,51322.7789
2008-01-07,51322.7789
2008-01-04,51325.7789
2008-01-03,51337.6792
2008-01-02,51337.6792
2007-12-28,51497.2162
2007-12-27,51509.2162
2007-12-26,51509.2162
2007-12-21,51951.7072
2007-12-20,52003.2072
2007-12-19,52032.9072
2007-12-18,53048.6212
2007-12-17,53055.6212
2007-12-14,53076.6212
2007-12-13,53114.4074
2007-12-12,53156.4074
2007-12-11,53858.7094
2007-12-10,53858.7094
2007-12-07,53860.7094
2007-12-06,53886.7094
2007-12-05,53906.7094
2007-12-04,54386.1624
2007-12-03,54443.1624
2007-11-30,54456.1624
2007-11-29,54478.1624
2007-11-28,54498.1624
2007-11-27,55026.3624
2007-11-26,55049.3624
2007-11-23,55071.3624
2007-11-22,55075.8624
2007-11-21,55119.3624
2007-11-20,55779.9934
2007-11-19,55804.9934
2007-11-16,55848.4934
2007-11-15,55869.4934
2007-11-14,55924.4934
2007-11-13,56477.6554
2007-11-12,56490.6554
2007-11-09,56534.848
2007-11-08,56615.748
2007-11-07,56801.27
2007-11-05,57229.823
2007-11-02,57362.323
2007-11-01,57395.323
2007-10-31,57433.323
2007-10-30,57434.754
2007-10-29,57446.754
2007-10-26,57455.754
2007-10-25,57487.754
2007-10-24,57593.754
2007-10-23,57347.582
2007-10-22,57410.582
2007-10-19,57481.582
2007-10-18,57554.582
2007-10-17,57606.582
2007-10-16,58220.58
2007-10-12,58326.58
2007-10-11,58391.08
2007-10-10,58458.08
2007-10-09,58660.563
2007-10-08,58662.563
2007-10-05,58685.563
2007-10-04,58691.563
2007-10-03,58695.563
2007-10-02,58679.803
2007-10-01,58679.803
2007-09-28,58698.803
2007-09-27,58748.803
2007-09-26,58817.803
2007-09-25,58469.976
2007-09-24,58508.976
2007-09-21,58569.976
2007-09-20,58631.976
2007-09-19,58709.976
2007-09-18,59064.581
2007-09-17,59154.381
2007-09-14,59235.381
2007-09-13,59292.381
2007-09-12,59444.081
2007-09-11,59589.683
2007-09-10,59594.683
2007-09-07,59658.383
2007-09-06,59748.383
2007-09-05,59851.383
2007-09-04,60158.391
2007-09-03,60247.391
2007-08-31,60347.391
2007-08-30,60438.391
2007-08-29,60508.391
2007-08-28,60584.391
2007-08-27,60607.391
2007-08-24,60650.391
2007-08-23,60702.991
2007-08-22,60762.991
2007-08-21,60808.991
2007-08-17,60831.991
2007-08-16,60836.991
2007-08-15,60941.991
2007-08-14,60576.952
2007-08-13,60575.952
2007-08-10,60575.952
2007-08-09,60575.952
2007-08-08,60588.952
2007-08-07,60957.562
2007-08-06,60967.562
2007-08-03,60967.562
2007-08-02,61016.562
2007-08-01,61248.862
2007-07-31,61455.362
2007-07-30,61628.862
2007-07-27,61774.862
2007-07-26,61830.862
2007-07-25,61904.662
2007-07-24,61900.443
2007-07-23,61913.433
2007-07-20,61913.433
2007-07-19,61918.433
2007-07-18,61921.433
2007-07-17,61376.581
2007-07-16,61381.581
2007-07-13,61386.588
2007-07-12,61384.588
2007-07-11,61384.588
2007-07-10,61834.175
2007-07-06,61854.775
2007-07-05,61851.775
2007-07-04,61851.775
2007-07-03,61443.658
2007-07-02,61443.658
2007-06-29,61443.658
2007-06-28,61443.658
2007-06-27,61464.408
2007-06-26,61040.94
2007-06-25,61045.92
2007-06-22,61045.92
2007-06-21,61044.9
2007-06-20,61041.9
2007-06-19,60729.086
2007-06-15,60749.086
2007-06-14,60752.086
2007-06-13,60752.066
2007-06-12,59593.413
2007-06-11,59593.413
2007-06-08,59593.413
2007-06-07,59596.413
2007-06-06,59591.388
2007-06-05,58759.469
2007-06-04,58752.469
2007-06-01,58752.469
2007-05-31,58752.499
2007-05-30,58762.499
2007-05-29,58734.433
2007-05-28,58734.473
2007-05-24,58744.473
2007-05-23,58756.493
2007-05-22,56842.493
2007-05-21,56842.493
2007-05-18,56862.493
2007-05-17,56870.513
2007-05-16,56878.693
2007-05-15,55497.135
2007-05-14,55497.135
2007-05-11,55497.145
2007-05-10,55530.44
2007-05-09,55530.46
2007-05-08,54392.581
2007-05-07,54401.271
2007-05-04,54401.271
2007-05-03,54401.261
2007-05-02,54396.261
2007-04-30,53680.643
2007-04-27,53680.663
2007-04-26,53680.663
2007-04-25,53659.683
2007-04-24,52721.306
2007-04-23,52721.326
2007-04-20,52721.306
2007-04-19,52711.386
2007-04-18,52677.356
2007-04-17,51824.458
2007-04-16,51812.478
2007-04-13,51807.478
2007-04-12,51807.498
2007-04-11,51787.498
2007-04-10,51519.454
2007-04-09,51520.464
2007-04-04,51520.464
2007-04-03,51215.427
2007-03-30,51207.417
2007-03-29,51207.417
2007-03-28,51202.377
2007-03-27,50690.572
2007-03-26,50703.582
2007-03-23,50703.562
2007-03-22,50703.542
2007-03-21,50716.562
2007-03-20,49580.803
2007-03-19,49580.783
2007-03-16,49580.763
2007-03-15,49595.733
2007-03-14,49600.733
2007-03-13,48967.156
2007-03-12,48955.136
2007-03-09,48955.106
2007-03-08,48945.116
2007-03-07,48925.086
2007-03-06,48496.106
2007-03-05,48496.076
2007-03-02,48516.056
2007-03-01,48544.171
2007-02-28,48544.171
2007-02-27,47832.614
2007-02-26,47821.614
2007-02-23,47813.614
2007-02-22,47812.634
2007-02-21,47812.634
2007-02-20,46932.66
2007-02-19,46932.62
2007-02-16,46912.62
2007-02-15,46912.62
2007-02-14,46900.19
2007-02-13,45781.177
2007-02-12,45781.177
2007-02-09,45777.777
2007-02-08,45787.777
2007-02-07,45752.477
2007-02-06,44254.993
2007-02-05,44254.993
2007-02-02,44254.993
2007-02-01,44264.993
2007-01-31,44264.993
2007-01-30,43885.465
2007-01-29,43885.465
2007-01-26,43910.465
2007-01-25,43910.465
2007-01-24,43920.465
2007-01-23,43526.31
2007-01-22,43526.31
2007-01-19,43536.31
2007-01-18,43536.31
2007-01-17,43551.31
2007-01-16,41420.385
2007-01-15,41420.385
2007-01-12,41420.385
2007-01-11,41390.385
2007-01-10,41359.385
2007-01-09,40991.143
2007-01-08,40993.143
2007-01-05,40995.143
2007-01-04,40995.143
2007-01-03,40997.143
2007-01-02,40799.435
2006-12-29,40799.435
2006-12-28,40805.435
2006-12-27,40811.435
2006-12-26,40647.76
2006-12-22,40647.76
2006-12-21,40687.76
2006-12-20,40774.76
2006-12-19,40743.685
2006-12-18,40751.385
2006-12-15,40749.625
2006-12-14,40749.625
2006-12-13,40749.625
2006-12-12,40831.745
2006-12-11,40831.745
2006-12-07,40831.745
2006-12-06,40831.745
2006-12-05,41165.904
2006-12-04,41165.904
2006-12-01,41165.904
2006-11-30,41175.904
2006-11-29,41175.904
2006-11-28,40833.187
2006-11-27,40838.187
2006-11-24,40838.187
2006-11-23,40838.187
2006-11-22,40838.187
2006-11-21,40652.666
2006-11-20,40657.666
2006-11-17,40657.666
2006-11-16,40651.666
2006-11-15,40651.666
2006-11-14,40850.574
2006-11-13,40850.574
2006-11-10,40882.074
2006-11-09,40882.074
2006-11-08,40887.074
2006-11-07,40534.616
2006-11-03,40534.616
2006-11-02,40534.616
2006-11-01,40536.616
2006-10-31,40106.491
2006-10-30,40106.491
2006-10-27,40106.491
2006-10-26,40116.491
2006-10-25,40126.991
2006-10-24,39358.794
2006-10-23,39358.794
2006-10-20,39358.794
2006-10-19,39358.794
2006-10-18,39358.794
2006-10-17,38652.65
2006-10-13,38652.65
2006-10-12,38652.65
2006-10-11,38652.65
2006-10-10,37806.849
2006-10-09,37806.849
2006-10-06,37806.849
2006-10-05,37810.849
2006-10-04,37810.849
2006-10-03,38258.251
2006-10-02,38260.251
2006-09-29,38260.251
2006-09-28,38270.251
2006-09-27,38270.251
2006-09-26,38054.079
2006-09-25,38054.079
2006-09-22,38054.079
2006-09-21,38054.079
2006-09-20,38054.079
2006-09-19,37839.143
2006-09-18,37839.143
2006-09-15,37839.143
2006-09-14,37839.143
2006-09-13,37839.143
2006-09-12,37756.613
2006-09-11,37756.613
2006-09-08,37759.113
2006-09-07,37759.113
2006-09-06,37759.113
2006-09-05,37189.343
2006-09-04,37189.343
2006-09-01,37189.343
2006-08-31,37189.343
2006-08-30,37189.343
2006-08-29,36483.145
2006-08-28,36483.145
2006-08-25,36483.145
2006-08-24,36488.145
2006-08-23,36496.145
2006-08-22,35511.455
2006-08-18,35523.455
2006-08-17,35541.455
2006-08-16,35545.455
2006-08-15,34631.739
2006-08-14,34631.739
2006-08-11,34631.739
2006-08-10,34631.739
2006-08-09,34631.739
2006-08-08,34609.993
2006-08-07,34611.993
2006-08-04,34624.993
2006-08-03,34641.993
2006-08-02,34694.993
2006-08-01,34514.032
2006-07-31,34514.032
2006-07-28,34514.032
2006-07-27,34516.032
2006-07-26,34516.032
2006-07-25,33989.679
2006-07-24,33989.679
2006-07-21,33989.679
2006-07-20,33989.679
2006-07-19,33989.679
2006-07-18,33282.54
2006-07-17,33280.54
2006-07-14,33276.54
2006-07-13,33276.54
2006-07-12,33276.54
2006-07-11,32364.906
2006-07-10,32364.906
2006-07-07,32364.906
2006-07-06,32364.906
2006-07-05,32366.906
2006-07-04,32258.637
2006-07-03,32258.637
2006-06-30,32258.637
2006-06-29,32258.637
2006-06-28,32258.637
2006-06-27,31575.036
2006-06-26,31575.036
2006-06-23,31575.036
2006-06-22,31575.036
2006-06-21,31575.036
2006-06-20,30955.267
2006-06-16,30955.267
2006-06-15,30955.267
2006-06-14,30955.267
2006-06-13,30816.097
2006-06-12,30816.097
2006-06-09,30816.097
2006-06-08,30820.097
2006-06-07,30820.097
2006-06-06,30442.819
2006-06-05,30442.819
2006-06-02,30442.819
2006-06-01,30442.819
2006-05-31,30442.819
2006-05-30,30331.718
2006-05-29,30331.718
2006-05-26,30331.718
2006-05-24,30331.718
2006-05-23,29752.867
2006-05-22,29752.867
2006-05-19,29752.867
2006-05-18,29752.867
2006-05-17,29752.867
2006-05-16,29685.737
2006-05-15,29685.737
2006-05-12,29685.737
2006-05-11,29685.737
2006-05-10,29685.737
2006-05-09,29565.022
2006-05-08,29565.022
2006-05-05,29565.022
2006-05-04,29565.022
2006-05-03,29565.022
2006-05-02,29141.473
2006-04-28,29141.473
2006-04-27,29141.473
2006-04-26,29141.473
2006-04-25,28485.638
2006-04-24,28485.638
2006-04-21,28485.638
2006-04-20,28485.638
2006-04-19,28485.638
2006-04-18,28355.057
2006-04-17,28355.057
2006-04-12,28355.057
2006-04-11,28127.947
2006-04-10,28123.947
2006-04-07,28123.947
2006-04-06,28123.947
2006-04-05,28123.947
2006-04-04,28063.559
2006-04-03,28063.559
2006-03-31,28063.559
2006-03-30,28066.559
2006-03-29,28066.559
2006-03-28,28015.597
2006-03-27,28015.597
2006-03-23,28015.597
2006-03-22,28011.597
2006-03-21,28009.508
2006-03-20,28007.508
2006-03-17,28003.508
2006-03-16,28003.508
2006-03-15,28006.508
2006-03-14,27997.361
2006-03-13,27995.361
2006-03-10,27995.361
2006-03-09,27995.361
2006-03-08,27995.361
2006-03-07,27485.059
2006-03-06,27485.059
2006-03-03,27485.059
2006-03-02,27485.059
2006-03-01,27477.059
2006-02-28,26479.055
2006-02-27,26481.055
2006-02-24,26481.055
2006-02-23,26481.055
2006-02-22,26479.055
2006-02-21,25547.94
2006-02-20,25547.94
2006-02-17,25549.94
2006-02-16,25549.94
2006-02-15,25549.94
2006-02-14,25411.853
2006-02-13,25409.853
2006-02-10,25405.853
2006-02-09,25407.853
2006-02-08,25415.853
2006-02-07,25412.36
2006-02-06,25415.36
2006-02-03,25421.36
2006-02-02,25423.86
2006-02-01,25423.86
2006-01-31,25200.142
2006-01-30,25200.142
2006-01-27,25200.142
2006-01-26,25200.142
2006-01-25,25200.142
2006-01-24,25210.0205
2006-01-23,25210.0205
2006-01-20,25210.0205
2006-01-19,25210.0205
2006-01-18,25210.0205
2006-01-17,25497.1265
2006-01-16,25531.1265
2006-01-13,25671.1265
2006-01-12,25694.1265
2006-01-11,25708.1265
2006-01-10,25918.2355
2006-01-09,25930.2355
2006-01-06,25930.2355
2006-01-05,25940.2355
2006-01-04,25988.2355
2006-01-03,26346.7825
2006-01-02,26346.7825
2005-12-30,26346.7825
2005-12-29,26186.7825
2005-12-28,26186.7825
2005-12-27,26347.5935
2005-12-26,26347.5935
2005-12-23,26347.5935
2005-12-22,26347.5935
2005-12-21,26347.5935
2005-12-20,26335.0505
2005-12-19,26335.0505
2005-12-16,26335.0505
2005-12-15,26335.0505
2005-12-14,26335.0505
2005-12-13,25887.4965
2005-12-12,25887.4965
2005-12-09,25887.4965
2005-12-07,25887.4965
2005-12-06,25685.8915
2005-12-05,25685.8915
2005-12-02,25685.8915
2005-12-01,25685.8915
2005-11-30,25685.8915
2005-11-29,26303.4405
2005-11-28,26303.4405
2005-11-25,26303.4405
2005-11-24,26303.4405
2005-11-23,26303.4405
2005-11-22,26289.5015
2005-11-21,26289.5015
2005-11-18,26289.5015
2005-11-17,26289.5015
2005-11-16,26289.5015
2005-11-15,27006.9535
2005-11-14,27006.9535
2005-11-11,27006.9535
2005-11-10,27006.9535
2005-11-09,27006.9535
2005-11-08,26919.1215
2005-11-07,26919.1215
2005-11-04,26919.1215
2005-11-03,26919.1215
2005-11-02,26919.1215
2005-11-01,26893.8315
2005-10-31,26893.8315
2005-10-28,26893.8315
2005-10-27,26893.8315
2005-10-26,26893.8315
2005-10-25,26797.0145
2005-10-24,26797.0145
2005-10-21,26797.0145
2005-10-20,26777.0145
2005-10-19,26777.0145
2005-10-18,26771.3595
2005-10-17,26771.3595
2005-10-14,26771.3595
2005-10-13,26771.3595
2005-10-12,26771.3595
2005-10-11,26712.3775
2005-10-07,26712.3775
2005-10-06,26712.3775
2005-10-05,26712.3775
2005-10-04,26906.1315
2005-10-03,26906.1315
2005-09-30,26906.1315
2005-09-29,26906.1315
2005-09-28,26906.1315
2005-09-27,26668.2165
2005-09-26,26668.2165
2005-09-23,26668.2165
2005-09-22,26668.2165
2005-09-21,26668.2165
2005-09-20,26094.3215
2005-09-19,26094.3215
2005-09-16,26094.3215
2005-09-15,26094.3215
2005-09-14,26094.3215
2005-09-13,25186.1495
2005-09-12,25186.1495
2005-09-09,25186.1495
2005-09-08,25186.1495
2005-09-07,25186.1495
2005-09-06,24705.8385
2005-09-05,24705.8385
2005-09-02,24705.8385
2005-09-01,24705.8385
2005-08-31,24705.8385
2005-08-30,24703.9035
2005-08-29,24703.9035
2005-08-26,24703.9035
2005-08-25,24703.9035
2005-08-24,24703.9035
2005-08-23,24888.4592
2005-08-22,24888.4592
2005-08-19,24888.4592
2005-08-18,24888.4592
2005-08-17,24888.4592
2005-08-16,24309.9092
2005-08-12,24309.9092
2005-08-11,24309.9092
2005-08-10,24309.9092
2005-08-09,24015.7572
2005-08-08,24015.7572
2005-08-05,24015.7572
2005-08-04,24015.7572
2005-08-03,24015.7572
2005-08-02,24134.8922
2005-08-01,24134.8922
2005-07-29,24134.8922
2005-07-28,24134.8922
2005-07-27,24134.8922
2005-07-26,23746.9587
2005-07-25,23746.9587
2005-07-22,23746.9587
2005-07-21,23746.9587
2005-07-20,23746.9587
2005-07-19,23478.5317
2005-07-18,23478.5317
2005-07-15,23478.5317
2005-07-14,23478.5317
2005-07-13,23478.5317
2005-07-12,22809.5187
2005-07-11,22809.5187
2005-07-08,22809.5187
2005-07-07,22809.5187
2005-07-06,22809.5187
2005-07-05,23189.0627
2005-07-04,23189.0627
2005-07-01,23189.0627
2005-06-30,23189.0627
2005-06-29,23189.0627
2005-06-28,23113.8247
2005-06-27,23113.8247
2005-06-24,23113.8247
2005-06-23,23113.8247
2005-06-22,23113.8247
2005-06-21,23154.7127
2005-06-17,23154.7127
2005-06-16,23154.7127
2005-06-15,23154.7127
2005-06-14,22099.9087
2005-06-13,22099.9087
2005-06-10,22099.9087
2005-06-09,22099.9087
2005-06-08,22099.9087
2005-06-07,19851.8247
2005-06-06,19851.8247
2005-06-03,19851.8247
2005-06-02,19851.8247
2005-06-01,19851.8247
2005-05-31,19096.1887
2005-05-30,19096.1887
2005-05-27,19096.1887
2005-05-26,19194.5437
2005-05-24,19194.5437
2005-05-23,19194.5437
2005-05-20,19194.5437
2005-05-19,19194.5437
2005-05-18,19194.5437
2005-05-17,18694.4795
2005-05-16,18694.4795
2005-05-13,18694.4795
2005-05-12,18694.4795
2005-05-11,18694.4795
2005-05-10,18294.1825
2005-05-09,18294.1825
2005-05-06,18294.1825
2005-05-05,18294.1825
2005-05-04,18294.1825
2005-05-03,17989.7495
2005-05-02,17989.7495
2005-04-29,17989.7495
2005-04-28,17989.7495
2005-04-27,17989.7495
2005-04-26,18085.3245
2005-04-25,18085.3245
2005-04-22,18085.3245
2005-04-21,18085.3245
2005-04-20,18085.3245
2005-04-19,17555.1085
2005-04-18,17555.1085
2005-04-15,17555.1085
2005-04-14,17555.1085
2005-04-13,17555.1085
2005-04-12,17654.5975
2005-04-11,17654.5975
2005-04-08,17654.5975
2005-04-07,17654.5975
2005-04-06,17654.5975
2005-04-05,17407.3925
2005-04-04,17407.3925
2005-04-01,17407.3925
2005-03-31,17407.3925
2005-03-30,17407.3925
2005-03-29,17768.4125
2005-03-28,17768.4125
2005-03-23,17768.4125
2005-03-22,17187.6725
2005-03-21,17187.6725
2005-03-18,17187.6725
2005-03-17,17187.6725
2005-03-16,17187.6725
2005-03-15,16843.9275
2005-03-14,16843.9275
2005-03-11,16843.9275
2005-03-10,16843.9275
2005-03-09,16810.9275
2005-03-08,16523.7055
2005-03-07,16523.7055
2005-03-04,16523.7055
2005-03-03,16505.2055
2005-03-02,16415.7055
2005-03-01,16305.8105
2005-02-28,16305.8105
2005-02-25,16299.8105
2005-02-24,16246.8105
2005-02-23,16246.8105
2005-02-22,15831.4155
2005-02-21,15831.4155
2005-02-18,15831.4155
2005-02-17,15831.4155
2005-02-16,15831.4155
2005-02-15,16052.9798
2005-02-14,16052.9798
2005-02-11,16052.9798
2005-02-10,16052.9798
2005-02-09,16052.9798
2005-02-08,15754.3898
2005-02-07,15754.3898
2005-02-04,15754.3898
2005-02-03,15754.3898
2005-02-02,15754.3898
2005-02-01,15541.6918
2005-01-31,15541.6918
2005-01-28,15541.6918
2005-01-27,15541.6918
2005-01-26,15541.6918
2005-01-25,15335.5388
2005-01-24,15335.5388
2005-01-21,15335.5388
2005-01-20,15335.5388
2005-01-19,15335.5388
2005-01-18,15133.5688
2005-01-17,15133.5688
2005-01-14,15133.5688
2005-01-13,15133.5688
2005-01-12,15133.5688
2005-01-11,15130.2718
2005-01-10,15130.2718
2005-01-07,15130.2718
2005-01-06,15130.2718
2005-01-05,15130.2718
2005-01-04,14832.3998
2005-01-03,14832.3998
2004-12-31,14832.3998
2004-12-30,14832.3998
2004-12-29,14832.3998
2004-12-28,14435.3968
2004-12-27,14435.3968
2004-12-24,14435.3968
2004-12-23,14435.3968
2004-12-22,14435.3968
2004-12-21,14151.7578
2004-12-20,14151.7578
2004-12-17,14151.7578
2004-12-16,14629.7308
2004-12-15,14629.7308
2004-12-14,14629.7308
2004-12-13,14629.7308
2004-12-10,14629.7308
2004-12-09,14629.7308
2004-12-07,14462.1658
2004-12-06,14462.1658
2004-12-03,14462.1658
2004-12-02,14462.1658
2004-12-01,14462.1658
2004-11-30,14330.1438
2004-11-29,14330.1438
2004-11-26,14330.1438
2004-11-25,14655.7559
2004-11-24,14655.7559
2004-11-23,14655.7559
2004-11-22,14655.7559
2004-11-19,14655.7559
2004-11-18,14655.7559
2004-11-17,14655.7559
2004-11-16,14462.3569
2004-11-15,14462.3569
2004-11-12,14462.3569
2004-11-11,14462.3569
2004-11-10,14462.3569
2004-11-09,14307.8569
2004-11-08,14307.8569
2004-11-05,14307.8569
2004-11-04,14307.8569
2004-11-03,14307.8569
2004-11-02,14179.8259
2004-11-01,14179.8259
2004-10-29,14179.8259
2004-10-28,14179.8259
2004-10-27,14179.8259
2004-10-26,13942.8029
2004-10-25,13942.8029
2004-10-22,13942.8029
2004-10-21,13942.8029
2004-10-20,13942.8029
2004-10-19,13837.5859
2004-10-18,13837.5859
2004-10-15,13837.5859
2004-10-14,13837.5859
2004-10-13,13837.5859
2004-10-12,13670.2849
2004-10-08,13670.2849
2004-10-07,13940.5599
2004-10-06,13940.5599
2004-10-05,13940.5599
2004-10-04,13940.5599
2004-10-01,13940.5599
2004-09-30,13940.5599
2004-09-29,13940.5599
2004-09-28,14136.6109
2004-09-27,14136.6109
2004-09-24,14136.6109
2004-09-23,14136.6109
2004-09-22,14136.6109
2004-09-21,14036.3829
2004-09-20,14036.3829
2004-09-17,14036.3829
2004-09-16,14036.3829
2004-09-15,14036.3829
2004-09-14,13938.1845
2004-09-13,13938.1845
2004-09-10,13938.1845
2004-09-09,13938.1845
2004-09-08,13938.1845
2004-09-07,13787.4775
2004-09-06,13787.4775
2004-09-03,13787.4775
2004-09-02,13787.4775
2004-09-01,13787.4775
2004-08-31,13632.6575
2004-08-30,13632.6575
2004-08-27,13632.6575
2004-08-26,14194.4235
2004-08-25,14194.4235
2004-08-24,14194.4235
2004-08-23,14194.4235
2004-08-20,14194.4235
2004-08-19,14194.4235
2004-08-18,14194.4235
2004-08-17,14135.9235
2004-08-13,14135.9235
2004-08-12,14135.9235
2004-08-11,14135.9235
2004-08-10,14105.6005
2004-08-09,14105.6005
2004-08-06,14105.6005
2004-08-05,14105.6005
2004-08-04,14105.6005
2004-08-03,13999.2605
2004-08-02,13999.2605
2004-07-30,13999.2605
2004-07-29,13999.2605
2004-07-28,13999.2605
2004-07-27,13911.2275
2004-07-26,13911.2275
2004-07-23,13911.2275
2004-07-22,13911.2275
2004-07-21,13911.2275
2004-07-20,13782.6855
2004-07-19,13782.6855
2004-07-16,13782.6855
2004-07-15,13782.6855
2004-07-14,13775.6855
2004-07-13,13927.3615
2004-07-12,13927.3615
2004-07-08,13925.3615
2004-07-07,13923.3615
2004-07-06,13754.9075
2004-07-05,13754.9075
2004-07-02,13754.9075
2004-07-01,13754.9075
2004-06-30,13750.9075
2004-06-29,13897.2375
2004-06-28,13897.2375
2004-06-25,13897.2375
2004-06-24,13897.2375
2004-06-23,13883.2375
2004-06-22,13716.2675
2004-06-18,13713.2675
2004-06-17,13713.2675
2004-06-16,13713.2675
2004-06-15,13649.9174
2004-06-14,13647.9174
2004-06-11,13647.9174
2004-06-10,13647.9174
2004-06-09,13647.9174
2004-06-08,13531.0534
2004-06-07,13531.0534
2004-06-04,13531.0534
2004-06-03,13531.0534
2004-06-02,13533.0534
2004-06-01,13476.6164
2004-05-31,13476.6164
2004-05-28,13476.6164
2004-05-27,13476.6164
2004-05-26,13375.8464
2004-05-24,13375.8464
2004-05-21,13380.8464
2004-05-20,13385.8464
2004-05-19,13393.2464
2004-05-18,13310.3274
2004-05-17,13316.3274
2004-05-14,13316.3274
2004-05-13,13318.3274
2004-05-12,13326.3274
2004-05-11,13144.0384
2004-05-10,13148.0384
2004-05-07,13148.0384
2004-05-06,13150.0384
2004-05-05,13150.0384
2004-05-04,13068.7494
2004-05-03,13076.7494
2004-04-30,13092.7494
2004-04-29,13095.4494
2004-04-28,13106.4494
2004-04-27,12936.5514
2004-04-26,12943.5514
2004-04-23,12946.5514
2004-04-22,12948.5514
2004-04-21,12957.5514
2004-04-20,12801.1198
2004-04-19,12804.6198
2004-04-16,12805.6198
2004-04-15,12815.1198
2004-04-14,12819.1198
2004-04-13,12635.3078
2004-04-12,12636.3078
2004-04-07,12640.3078
2004-04-06,12377.7768
2004-04-02,12377.7768
2004-04-01,12381.7768
2004-03-31,12386.7768
2004-03-30,12322.4858
2004-03-29,12325.4858
2004-03-26,12325.4858
2004-03-25,12325.4858
2004-03-24,12329.4858
2004-03-23,12124.2738
2004-03-22,12126.8738
2004-03-19,12126.8738
2004-03-18,12126.8738
2004-03-17,12129.8738
2004-03-16,12196.7398
2004-03-15,12201.6398
2004-03-12,12213.6398
2004-03-11,12213.6398
2004-03-10,12213.6398
2004-03-09,12140.8175
2004-03-08,12140.8175
2004-03-05,12140.8175
2004-03-04,12140.8175
2004-03-03,12140.8175
2004-03-02,11919.7975
2004-03-01,11919.7975
2004-02-27,11919.7975
2004-02-26,11919.7975
2004-02-25,11919.7975
2004-02-24,11805.8625
2004-02-23,11805.8625
2004-02-20,11805.8625
2004-02-19,11909.4715
2004-02-18,11911.4715
2004-02-17,11660.4385
2004-02-16,11660.4385
2004-02-13,11660.4385
2004-02-12,11743.4663
2004-02-11,11743.4663
2004-02-10,11530.582
2004-02-09,11530.582
2004-02-06,11531.582
2004-02-05,11532.582
2004-02-04,11534.582
2004-02-03,11296.815
2004-02-02,11296.815
2004-01-30,11298.815
2004-01-29,11301.815
2004-01-28,11305.815
2004-01-27,10914.384
2004-01-26,10914.384
2004-01-23,10916.384
2004-01-22,10916.384
2004-01-21,10917.384
2004-01-20,10590.151
2004-01-19,10590.151
2004-01-16,10590.151
2004-01-15,10607.1725
2004-01-14,10608.1725
2004-01-13,10498.3725
2004-01-12,10498.3725
2004-01-09,10498.3725
2004-01-08,10498.3725
2004-01-07,10498.3725
2004-01-06,10257.9735
2004-01-05,10259.9735
2004-01-02,10259.9735
2003-12-31,10259.9735
2003-12-30,10079.0775
2003-12-29,10079.0775
2003-12-26,10079.0775
2003-12-24,10079.0775
2003-12-23,9983.1485
2003-12-22,9983.1485
2003-12-19,9984.1485
2003-12-18,9984.1485
2003-12-17,9984.1485
2003-12-16,10042.8815
2003-12-15,10042.8815
2003-12-12,10042.8815
2003-12-11,10046.215
2003-12-10,10046.215
2003-12-09,9928.583
2003-12-05,9928.583
2003-12-04,9928.583
2003-12-03,9928.583
2003-12-02,9856.967
2003-12-01,9856.967
2003-11-28,9856.967
2003-11-27,9934.897
2003-11-26,9934.897
2003-11-25,9834.921
2003-11-24,9834.921
2003-11-21,9834.921
2003-11-20,9755.3574
2003-11-19,9755.3574
2003-11-18,9722.9474
2003-11-17,9723.9474
2003-11-14,9723.9474
2003-11-13,9672.5254
2003-11-12,9672.5254
2003-11-11,9601.4016
2003-11-10,9601.4016
2003-11-07,9601.4016
2003-11-05,9601.4016
2003-11-04,9427.9948
2003-11-03,9427.9948
2003-10-31,9427.9948
2003-10-30,9351.7048
2003-10-29,9353.7048
2003-10-28,9284.5688
2003-10-27,9284.5688
2003-10-24,9284.5688
2003-10-23,9179.0798
2003-10-22,9179.0798
2003-10-21,9093.9358
2003-10-20,9093.9358
2003-10-17,9094.9358
2003-10-16,9056.6128
2003-10-15,9058.6128
2003-10-14,8970.8857
2003-10-10,8970.8857
2003-10-09,8931.4561
2003-10-08,8934.4561
2003-10-07,8859.1061
2003-10-06,8859.1061
2003-10-03,8859.1061
2003-10-02,8802.882
2003-10-01,8802.882
2003-09-30,8662.057
2003-09-29,8662.057
2003-09-26,8662.057
2003-09-25,8487.22
2003-09-24,8488.22
2003-09-23,8314.4525
2003-09-22,8314.4525
2003-09-19,8318.4525
2003-09-18,8332.7705
2003-09-17,8332.7705
2003-09-16,8353.8205
2003-09-15,8353.8205
2003-09-12,8353.8205
2003-09-11,8445.1861
2003-09-10,8445.1861
2003-09-09,8354.5341
2003-09-08,8354.5341
2003-09-05,8354.5341
2003-09-04,8342.7841
2003-09-03,8344.7841
2003-09-02,8269.4821
2003-09-01,8269.4821
2003-08-29,8269.4821
2003-08-28,8244.7093
2003-08-27,8244.7093
2003-08-26,8182.3376
2003-08-25,8182.3376
2003-08-22,8182.3376
2003-08-21,8006.8486
2003-08-20,8006.8486
2003-08-19,8003.1826
2003-08-15,8003.1826
2003-08-14,7934.772
2003-08-13,7934.772
2003-08-12,8335.5305
2003-08-11,8335.5305
2003-08-08,8335.5305
2003-08-07,8230.5803
2003-08-06,8230.5803
2003-08-05,8120.0426
2003-08-04,8120.0426
2003-08-01,8120.0426
2003-07-31,8008.1176
2003-07-30,8008.1176
2003-07-29,8068.1644
2003-07-28,8068.1644
2003-07-25,8068.1644
2003-07-24,7948.6104
2003-07-23,7948.6104
2003-07-22,7765.5454
2003-07-21,7765.5454
2003-07-18,7765.5454
2003-07-17,7666.3033
2003-07-16,7666.3033
2003-07-15,7366.2623
2003-07-14,7366.2623
2003-07-11,7366.2623
2003-07-10,7160.5568
2003-07-08,6917.2978
2003-07-07,6917.2978
2003-07-04,6917.2978
2003-07-03,6736.0726
2003-07-02,6736.0726
2003-07-01,6528.3586
2003-06-30,6528.3586
2003-06-27,6528.3586
2003-06-26,6261.2775
2003-06-25,6261.2775
2003-06-24,5932.4215
2003-06-23,5932.4215
2003-06-20,5932.4215
2003-06-19,5892.1915
2003-06-18,5892.1915
2003-06-17,5857.7365
2003-06-13,5857.7365
2003-06-12,6004.4306
2003-06-11,6004.4306
2003-06-10,5955.5146
2003-06-09,5955.5146
2003-06-06,5955.5146
2003-06-05,5938.8706
2003-06-04,5938.8706
2003-06-03,5861.6366
2003-06-02,5861.6366
2003-05-30,5861.6366
2003-05-29,5850.0736
2003-05-28,5850.0736
2003-05-27,5709.2294
2003-05-26,5709.2294
2003-05-23,5709.2294
2003-05-22,5533.1845
2003-05-21,5533.1845
2003-05-20,5457.3877
2003-05-19,5457.3877
2003-05-16,5457.3877
2003-05-15,5386.1572
2003-05-14,5386.1572
2003-05-13,5241.1615
2003-05-12,5241.1615
2003-05-09,5241.1615
2003-05-08,5337.2701
2003-05-07,5337.2701
2003-05-06,5241.7738
2003-05-05,5241.7738
2003-05-02,5241.7738
2003-04-30,5219.6365
2003-04-29,5457.4882
2003-04-28,5457.4882
2003-04-25,5457.4882
2003-04-24,5352.1582
2003-04-23,5352.1582
2003-04-22,5215.1155
2003-04-21,5215.1155
2003-04-16,5215.1155
2003-04-15,5169.7657
2003-04-14,5169.7657
2003-04-11,5169.7657
2003-04-10,5087.437
2003-04-09,5087.437
2003-04-08,5091.6239
2003-04-07,5091.6239
2003-04-04,5091.6239
2003-04-03,5005.5456
2003-04-02,5015.2356
2003-04-01,4980.5022
2003-03-28,4980.5022
2003-03-27,4969.3056
2003-03-26,4969.3056
2003-03-25,4931.6861
2003-03-24,4931.6861
2003-03-21,4931.6861
2003-03-20,4929.2737
2003-03-19,4929.2737
2003-03-18,4920.2018
2003-03-17,4920.2018
2003-03-14,4920.2018
2003-03-13,4911.8052
2003-03-12,4911.8052
2003-03-11,4994.6602
2003-03-10,4994.6602
2003-03-07,4994.6602
2003-03-06,4947.3207
2003-03-05,4947.3207
2003-03-04,4868.283
2003-03-03,4868.283
2003-02-28,4868.283
2003-02-27,5003.234
2003-02-26,5003.234
2003-02-25,4956.9433
2003-02-24,4956.9433
2003-02-21,4956.9433
2003-02-20,4897.0558
2003-02-19,4897.0558
2003-02-18,4892.311
2003-02-17,4892.311
2003-02-14,4892.311
2003-02-13,4817.6321
2003-02-12,4817.6321
2003-02-11,4867.1756
2003-02-10,4867.1756
2003-02-07,4867.1756
2003-02-06,4797.1328
2003-02-05,4797.1328
2003-02-04,4728.6826
2003-02-03,4728.6826
2003-01-31,4728.6826
2003-01-30,4644.4957
2003-01-29,4644.4957
2003-01-28,4651.0273
2003-01-27,4651.0273
2003-01-24,4651.0273
2003-01-23,4615.577
2003-01-22,4615.577
2003-01-21,4553.1347
2003-01-20,4553.1347
2003-01-17,4553.1347
2003-01-16,4376.8875
2003-01-15,4376.8875
2003-01-14,4183.0846
2003-01-13,4183.0846
2003-01-10,4183.0846
2003-01-09,3858.2138
2003-01-08,3858.2138
2003-01-07,3788.5418
2003-01-06,3788.5418
2003-01-03,3788.5418
2003-01-02,3609.0117
