fecha,valor
2026-09-18,0.0
2026-09-17,0.0
2026-09-16,0.0
2026-09-15,0.0
2026-09-14,0.0
2026-09-11,0.0
2026-09-10,0.0
2026-09-09,0.0
2026-09-08,0.0
2026-09-07,0.0
2026-09-04,0.0
2026-09-03,0.0
2026-09-02,0.0
2026-09-01,0.0
2026-08-31,0.0
2026-08-28,0.0
2026-08-27,0.0
2026-08-26,0.0
2026-08-25,0.0
2026-08-24,0.0
2026-08-21,0.0
2026-08-20,0.0
2026-08-19,0.0
2026-08-18,0.0
2026-08-14,0.0
2026-08-13,0.0
2026-08-12,0.0
2026-08-11,0.0
2026-08-10,0.0
2026-08-07,0.0
2026-08-06,0.0
2026-08-05,0.0
2026-08-04,0.0
2026-08-03,0.0
2026-07-31,0.0
2026-07-30,0.0
2026-07-29,0.0
2026-07-28,0.0
2026-07-27,0.0
2026-07-24,0.0
2026-07-23,0.0
2026-07-22,0.0
2026-07-21,0.0
2026-07-20,0.0
2026-07-17,0.0
2026-07-16,0.0
2026-07-15,0.0
2026-07-14,0.0
2026-07-13,0.0
2026-07-08,0.0
2026-07-07,0.0
2026-07-06,0.0
2026-07-03,0.0
2026-07-02,0.0
2026-07-01,0.0
2026-06-30,0.0
2026-06-29,0.0
2026-06-26,0.0
2026-06-25,0.0
2026-06-24,0.0
2026-06-23,0.0
2026-06-22,0.0
2026-06-19,0.0
2026-06-18,0.0
2026-06-17,0.0
2026-06-16,0.0
2026-06-12,0.0
2026-06-11,0.0
2026-06-10,0.0
2026-06-09,0.0
2026-06-08,0.0
2026-06-05,0.0
2026-06-04,0.0
2026-06-03,0.0
2026-06-02,0.0
2026-06-01,0.0
2026-05-29,0.0
2026-05-28,0.0
2026-05-27,0.0
2026-05-26,0.0
2026-05-22,0.0
2026-05-21,0.0
2026-05-20,0.0
2026-05-19,0.0
2026-05-18,0.0
2026-05-15,0.0
2026-05-14,0.0
2026-05-13,0.0
2026-05-12,0.0
2026-05-11,0.0
2026-05-08,0.0
2026-05-07,0.0
2026-05-06,0.0
2026-05-05,0.0
2026-05-04,0.0
2026-04-30,0.0
2026-04-29,0.0
2026-04-28,0.0
2026-04-27,0.0
2026-04-24,0.0
2026-04-23,0.0
2026-04-22,0.0
2026-04-21,0.0
2026-04-20,0.0
2026-04-17,0.0
2026-04-16,0.0
2026-04-15,0.0
2026-04-14,0.0
2026-04-13,0.0
2026-04-10,0.0
2026-04-09,0.0
2026-04-08,0.0
2026-04-07,0.0
2026-04-06,0.0
2026-04-01,0.0
2026-03-31,0.0
2026-03-30,0.0
2026-03-27,0.0
2026-03-26,0.0
2026-03-25,0.0
2026-03-20,0.0
2026-03-19,0.0
2026-03-18,0.0
2026-03-17,0.0
2026-03-16,0.0
2026-03-13,0.0
2026-03-12,0.0
2026-03-11,0.0
2026-03-10,0.0
2026-03-09,0.0
2026-03-06,0.0
2026-03-05,0.0
2026-03-04,0.0
2026-03-03,0.0
2026-03-02,0.0
2026-02-27,0.0
2026-02-26,0.0
2026-02-25,0.0
2026-02-24,0.0
2026-02-23,0.0
2026-02-20,0.0
2026-02-19,0.0
2026-02-18,0.0
2026-02-13,0.0
2026-02-12,0.0
2026-02-11,0.0
2026-02-10,0.0
2026-02-09,0.0
2026-02-06,0.0
2026-02-05,0.0
2026-02-04,0.0
2026-02-03,0.0
2026-02-02,0.0
2026-01-30,0.0
2026-01-29,0.0
2026-01-28,0.0
2026-01-27,0.0
2026-01-26,0.0
2026-01-23,0.0
2026-01-22,0.0
2026-01-21,0.0
2026-01-20,0.0
2026-01-19,0.0
2026-01-16,0.0
2026-01-15,0.0
2026-01-14,0.0
2026-01-13,0.0
2026-01-12,0.0
2026-01-09,0.0
2026-01-08,0.0
2026-01-07,0.0
2026-01-06,0.0
2026-01-05,0.0
2026-01-02,0.0
2025-12-30,0.0
2025-12-29,0.0
2025-12-26,0.0
2025-12-23,0.0
2025-12-22,0.0
2025-12-19,0.0
2025-12-18,0.0
2025-12-17,0.0
2025-12-16,0.0
2025-12-15,0.0
2025-12-12,0.0
2025-12-11,0.0
2025-12-10,0.0
2025-12-09,0.0
2025-12-05,0.0
2025-12-04,0.0
2025-12-03,0.0
2025-12-02,0.0
2025-12-01,0.0
2025-11-28,0.0
2025-11-27,0.0
2025-11-26,0.0
2025-11-25,0.0
2025-11-20,0.0
2025-11-19,0.0
2025-11-18,0.0
2025-11-17,0.0
2025-11-14,0.0
2025-11-13,0.0
2025-11-12,0.0
2025-11-11,0.0
2025-11-10,0.0
2025-11-07,0.0
2025-11-05,0.0
2025-11-04,0.0
2025-11-03,0.0
2025-10-31,0.0
2025-10-30,0.0
2025-10-29,0.0
2025-10-28,0.0
2025-10-27,0.0
2025-10-24,0.0
2025-10-23,0.0
2025-10-22,0.0
2025-10-21,0.0
2025-10-20,0.0
2025-10-17,0.0
2025-10-16,0.0
2025-10-15,0.0
2025-10-14,0.0
2025-10-13,0.0
2025-10-09,0.0
2025-10-08,0.0
2025-10-07,0.0
2025-10-06,0.0
2025-10-03,0.0
2025-10-02,0.0
2025-10-01,0.0
2025-09-30,0.0
2025-09-29,0.0
2025-09-26,0.0
2025-09-25,0.0
2025-09-24,0.0
2025-09-23,0.0
2025-09-22,0.0
2025-09-19,0.0
2025-09-18,0.0
2025-09-17,0.0
2025-09-16,0.0
2025-09-15,0.0
2025-09-12,0.0
2025-09-11,0.0
2025-09-10,0.0
2025-09-09,0.0
2025-09-08,0.0
2025-09-05,0.0
2025-09-04,0.0
2025-09-03,0.0
2025-09-02,0.0
2025-09-01,0.0
2025-08-29,0.0
2025-08-28,0.0
2025-08-27,0.0
2025-08-26,0.0
2025-08-25,0.0
2025-08-22,0.0
2025-08-21,0.0
2025-08-20,0.0
2025-08-19,0.0
2025-08-18,0.0
2025-08-14,0.0
2025-08-13,0.0
2025-08-12,0.0
2025-08-11,0.0
2025-08-08,0.0
2025-08-07,0.0
2025-08-06,0.0
2025-08-05,0.0
2025-08-04,0.0
2025-08-01,0.0
2025-07-31,0.0
2025-07-30,0.0
2025-07-29,0.0
2025-07-28,0.0
2025-07-25,0.0
2025-07-24,0.0
2025-07-23,0.0
2025-07-22,0.0
2025-07-21,0.0
2025-07-18,0.0
2025-07-17,0.0
2025-07-16,0.0
2025-07-15,0.0
2025-07-14,0.0
2025-07-11,0.0
2025-07-10,0.0
2025-07-08,0.0
2025-07-07,0.0
2025-07-04,0.0
2025-07-03,0.0
2025-07-02,0.0
2025-07-01,0.0
2025-06-30,0.0
2025-06-27,0.0
2025-06-26,0.0
2025-06-25,0.0
2025-06-24,0.0
2025-06-23,0.0
2025-06-19,0.0
2025-06-18,0.0
2025-06-17,0.0
2025-06-13,0.0
2025-06-12,0.0
2025-06-11,0.0
2025-06-10,0.0
2025-06-09,0.0
2025-06-06,0.0
2025-06-05,0.0
2025-06-04,0.0
2025-06-03,0.0
2025-06-02,0.0
2025-05-30,0.0
2025-05-29,0.0
2025-05-28,0.0
2025-05-27,0.0
2025-05-26,0.0
2025-05-23,0.0
2025-05-22,0.0
2025-05-21,0.0
2025-05-20,0.0
2025-05-19,0.0
2025-05-16,0.0
2025-05-15,0.0
2025-05-14,0.0
2025-05-13,0.0
2025-05-12,0.0
2025-05-09,0.0
2025-05-08,0.0
2025-05-07,0.0
2025-05-06,0.0
2025-05-05,0.0
2025-04-30,0.0
2025-04-29,0.0
2025-04-28,0.0
2025-04-25,0.0
2025-04-24,0.0
2025-04-23,0.0
2025-04-22,0.0
2025-04-21,0.0
2025-04-16,0.0
2025-04-15,0.0
2025-04-14,0.0
2025-04-11,0.0
2025-04-10,0.0
2025-04-09,0.0
2025-04-08,0.0
2025-04-07,0.0
2025-04-04,0.0
2025-04-03,0.0
2025-04-01,0.0
2025-03-31,0.0
2025-03-28,0.0
2025-03-27,0.0
2025-03-26,0.0
2025-03-25,0.0
2025-03-21,0.0
2025-03-20,0.0
2025-03-19,0.0
2025-03-18,0.0
2025-03-17,0.0
2025-03-14,0.0
2025-03-13,0.0
2025-03-12,0.0
2025-03-11,0.0
2025-03-10,0.0
2025-03-07,0.0
2025-03-06,0.0
2025-03-05,0.0
2025-02-28,0.0
2025-02-27,0.0
2025-02-26,0.0
2025-02-25,0.0
2025-02-24,0.0
2025-02-21,0.0
2025-02-20,0.0
2025-02-19,0.0
2025-02-18,0.0
2025-02-17,0.0
2025-02-14,0.0
2025-02-13,0.0
2025-02-12,0.0
2025-02-11,0.0
2025-02-10,0.0
2025-02-07,0.0
2025-02-06,0.0
2025-02-05,0.0
2025-02-04,0.0
2025-02-03,0.0
2025-01-31,0.0
2025-01-30,0.0
2025-01-29,0.0
2025-01-28,0.0
2025-01-27,0.0
2025-01-24,0.0
2025-01-23,0.0
2025-01-22,0.0
2025-01-21,0.0
2025-01-20,0.0
2025-01-17,0.0
2025-01-16,0.0
2025-01-15,0.0
2025-01-14,0.0
2025-01-13,0.0
2025-01-10,0.0
2025-01-09,0.0
2025-01-08,0.0
2025-01-07,0.0
2025-01-06,0.0
2025-01-03,0.0
2025-01-02,0.0
2024-12-30,0.0
2024-12-27,0.0
2024-12-26,0.0
2024-12-23,0.0
2024-12-20,0.0
2024-12-19,0.0
2024-12-18,0.0
2024-12-17,0.0
2024-12-16,0.0
2024-12-13,0.0
2024-12-12,0.0
2024-12-11,0.0
2024-12-10,0.0
2024-12-09,0.0
2024-12-06,0.0
2024-12-05,0.0
2024-12-04,0.0
2024-12-03,0.0
2024-12-02,0.0
2024-11-29,0.0
2024-11-28,0.0
2024-11-27,0.0
2024-11-26,0.0
2024-11-25,0.0
2024-11-22,0.0
2024-11-21,0.0
2024-11-20,0.0
2024-11-19,0.0
2024-11-15,0.0
2024-11-14,0.0
2024-11-13,0.0
2024-11-12,0.0
2024-11-11,0.0
2024-11-08,0.0
2024-11-07,0.0
2024-11-05,0.0
2024-11-04,0.0
2024-11-01,0.0
2024-10-31,0.0
2024-10-30,0.0
2024-10-29,0.0
2024-10-28,0.0
2024-10-25,0.0
2024-10-24,0.0
2024-10-23,0.0
2024-10-22,0.0
2024-10-21,0.0
2024-10-18,0.0
2024-10-17,0.0
2024-10-16,0.0
2024-10-15,0.0
2024-10-14,0.0
2024-10-10,0.0
2024-10-09,0.0
2024-10-08,0.0
2024-10-07,0.0
2024-10-04,0.0
2024-10-03,0.0
2024-10-02,0.0
2024-10-01,0.0
2024-09-30,0.0
2024-09-27,0.0
2024-09-26,0.0
2024-09-25,0.0
2024-09-24,0.0
2024-09-23,0.0
2024-09-20,0.0
2024-09-19,0.0
2024-09-18,0.0
2024-09-17,0.0
2024-09-16,0.0
2024-09-13,0.0
2024-09-12,0.0
2024-09-11,0.0
2024-09-10,0.0
2024-09-09,0.0
2024-09-06,0.0
2024-09-05,0.0
2024-09-04,0.0
2024-09-03,0.0
2024-09-02,0.0
2024-08-30,0.0
2024-08-29,0.0
2024-08-28,0.0
2024-08-27,0.0
2024-08-26,0.0
2024-08-23,0.0
2024-08-22,0.0
2024-08-21,0.0
2024-08-20,0.0
2024-08-19,0.0
2024-08-16,0.0
2024-08-15,0.0
2024-08-14,0.0
2024-08-13,0.0
2024-08-12,0.0
2024-08-09,0.0
2024-08-08,0.0
2024-08-07,0.0
2024-08-06,0.0
2024-08-05,0.0
2024-08-02,0.0
2024-08-01,0.0
2024-07-31,0.0
2024-07-30,0.0
2024-07-29,0.0
2024-07-26,0.0
2024-07-25,0.0
2024-07-24,0.0
2024-07-23,0.0
2024-07-22,0.0
2024-07-19,10852704.0
2024-07-18,11277559.0
2024-07-17,11527711.0
2024-07-16,11751473.0
2024-07-15,11316507.0
2024-07-12,10722168.0
2024-07-11,14282360.0
2024-07-10,14016521.0
2024-07-08,13333994.0
2024-07-05,13336715.0
2024-07-04,13497279.0
2024-07-03,13280044.0
2024-07-02,13435523.0
2024-07-01,10991028.0
2024-06-28,15880749.0
2024-06-27,17524697.0
2024-06-26,17622540.0
2024-06-25,17954638.0
2024-06-24,18126910.0
2024-06-19,17339036.0
2024-06-18,17720526.0
2024-06-14,16974131.0
2024-06-13,18940720.0
2024-06-12,18597026.0
2024-06-11,19391557.0
2024-06-10,19134684.0
2024-06-07,18020943.0
2024-06-06,18536364.0
2024-06-05,18872967.0
2024-06-04,19037234.0
2024-06-03,18908246.0
2024-05-31,18489248.0
2024-05-30,23249828.0
2024-05-29,23586394.0
2024-05-28,23567414.0
2024-05-27,23828419.0
2024-05-24,24033544.0
2024-05-23,24189686.0
2024-05-22,25959701.0
2024-05-21,25356702.0
2024-05-20,21914397.0
2024-05-17,32792644.0
2024-05-16,32656541.0
2024-05-15,33875718.0
2024-05-14,35547535.0
2024-05-13,35496044.0
2024-05-10,35288656.0
2024-05-09,35122186.0
2024-05-08,34580077.0
2024-05-07,35007368.0
2024-05-06,34704482.0
2024-05-03,34655017.0
2024-05-02,34613742.0
2024-04-30,32712831.0
2024-04-29,33307225.0
2024-04-26,33201601.0
2024-04-25,32574248.0
2024-04-24,32358993.0
2024-04-23,32016795.0
2024-04-22,31914194.0
2024-04-19,31491277.0
2024-04-18,31897813.0
2024-04-17,31783323.0
2024-04-16,31507181.0
2024-04-15,31633484.0
2024-04-12,34043436.0
2024-04-11,34182219.0
2024-04-10,34102263.0
2024-04-09,33903447.0
2024-04-08,33669353.0
2024-04-05,33084351.0
2024-04-04,32862726.0
2024-04-03,32367661.0
2024-03-27,30791842.0
2024-03-26,31815215.0
2024-03-25,31668270.0
2024-03-22,31693563.0
2024-03-21,31953724.0
2024-03-20,31351261.0
2024-03-19,31649725.0
2024-03-18,31540098.0
2024-03-15,31327155.0
2024-03-14,31120325.0
2024-03-13,30840501.0
2024-03-12,29929026.0
2024-03-11,29702232.0
2024-03-08,29117444.0
2024-03-07,28902871.0
2024-03-06,29146021.0
2024-03-05,28827683.0
2024-03-04,28521790.0
2024-03-01,27947704.0
2024-02-29,28046328.0
2024-02-28,28652450.0
2024-02-27,28697546.0
2024-02-26,28221032.0
2024-02-23,28111682.0
2024-02-22,27788361.0
2024-02-21,28427141.0
2024-02-20,27989558.0
2024-02-19,30132432.0
2024-02-16,29232739.0
2024-02-15,29107225.0
2024-02-14,28747931.0
2024-02-09,27854885.0
2024-02-08,27730937.0
2024-02-07,27614566.0
2024-02-06,28241767.0
2024-02-05,27910535.0
2024-02-02,27332829.0
2024-02-01,27305547.0
2024-01-31,29875001.0
2024-01-30,29730202.0
2024-01-29,28880323.0
2024-01-26,28263540.0
2024-01-25,28331453.0
2024-01-24,27915981.0
2024-01-23,27601225.0
2024-01-22,27406512.0
2024-01-19,26889237.0
2024-01-18,26767264.0
2024-01-17,28214198.0
2024-01-16,28234872.0
2024-01-15,27933004.0
2024-01-12,27720852.0
2024-01-11,27386919.0
2024-01-10,26153046.0
2024-01-09,25942877.0
2024-01-08,25478144.0
2024-01-05,25369375.0
2024-01-04,25213924.0
2024-01-03,24892552.0
2024-01-02,24584296.0
2023-12-29,24150281.0
2023-12-28,24180675.0
2023-12-27,23540750.0
2023-12-26,23244951.0
2023-12-22,22498669.0
2023-12-21,24637875.0
2023-12-20,24191507.0
2023-12-19,23969152.0
2023-12-18,22622542.0
2023-12-15,22036188.0
2023-12-14,21724061.0
2023-12-13,20827475.0
2023-12-12,19212551.0
2023-12-11,17747203.0
2023-12-07,16543949.0
2023-12-06,16462785.0
2023-12-05,16488916.0
2023-12-04,15362743.0
2023-12-01,15194220.0
2023-11-30,14699956.0
2023-11-29,14641698.0
2023-11-28,14316158.0
2023-11-27,13016440.0
2023-11-24,13009799.0
2023-11-23,13129008.0
2023-11-22,11540415.0
2023-11-21,11411984.0
2023-11-17,9199548.0
2023-11-16,9369150.0
2023-11-15,9044407.0
2023-11-14,9101064.0
2023-11-13,9157382.0
2023-11-10,9180710.0
2023-11-09,9213093.0
2023-11-08,9225716.0
2023-11-07,9217305.0
2023-11-03,9212790.0
2023-11-02,8747515.0
2023-11-01,8709890.0
2023-10-31,8864873.0
2023-10-30,9433927.0
2023-10-27,9198259.0
2023-10-26,9138842.0
2023-10-25,9234529.0
2023-10-24,9141826.0
2023-10-23,9436511.0
2023-10-20,8713516.0
2023-10-19,8857844.0
2023-10-18,7793134.0
2023-10-17,8102834.0
2023-10-12,7393775.0
2023-10-11,6995652.0
2023-10-10,6855906.0
2023-10-09,6825467.0
2023-10-06,6792352.0
2023-10-05,6952274.0
2023-10-04,6586672.0
2023-10-03,6679897.0
2023-10-02,6365860.0
2023-09-29,6358280.0
2023-09-28,6943282.0
2023-09-27,6287107.0
2023-09-26,6252037.0
2023-09-25,6044087.0
2023-09-22,5995696.0
2023-09-21,5980854.0
2023-09-20,5799284.0
2023-09-19,5824800.0
2023-09-18,5996383.0
2023-09-15,6243182.0
2023-09-14,5851248.0
2023-09-13,5750963.0
2023-09-12,5683427.0
2023-09-11,5325985.0
2023-09-08,5121853.0
2023-09-07,5001951.0
2023-09-06,5181047.4
2023-09-05,5111843.0
2023-09-04,5653089.0
2023-09-01,5285635.5
2023-08-31,5305737.0
2023-08-30,5874997.0
2023-08-29,5794845.0
2023-08-28,5589678.0
2023-08-25,5191731.0
2023-08-24,5238976.6
2023-08-23,5270567.0
2023-08-22,5991159.0
2023-08-18,5784357.1
2023-08-17,5661303.0
2023-08-16,5564572.0
2023-08-15,5345384.0
2023-08-14,5129929.2
2023-08-11,4823498.7
2023-08-10,4936262.8
2023-08-09,4809546.1
2023-08-08,4747412.0
2023-08-07,4446276.4
2023-08-04,4415382.0
2023-08-03,4326031.0
2023-08-02,4654750.6
2023-08-01,4490193.4
2023-07-31,4420311.0
2023-07-28,4565860.0
2023-07-27,4288892.0
2023-07-26,3973495.1
2023-07-25,3869768.4
2023-07-24,3791617.6
2023-07-21,3662860.9
2023-07-20,3717424.7
2023-07-19,3682009.6
2023-07-18,3635699.4
2023-07-17,3830386.2
2023-07-14,3670078.9
2023-07-13,3582439.5
2023-07-12,3699256.5
2023-07-11,3588561.4
2023-07-10,4166987.9
2023-07-07,3426883.1
2023-07-06,3417400.5
2023-07-05,3619241.2
2023-07-04,3531337.9
2023-07-03,3670344.7
2023-06-30,3716126.9
2023-06-29,3710222.8
2023-06-28,3531820.9
2023-06-27,3526818.1
2023-06-26,3707312.3
2023-06-23,3592408.0
2023-06-22,3453518.0
2023-06-21,3722563.0
2023-06-16,3547902.0
2023-06-15,3943356.0
2023-06-14,4089777.0
2023-06-13,3992344.0
2023-06-12,3817892.0
2023-06-09,3854930.0
2023-06-08,3812848.0
2023-06-07,3635166.0
2023-06-06,3620778.0
2023-06-05,3661746.0
2023-06-02,3474437.0
2023-06-01,3458763.7
2023-05-31,3669017.9
2023-05-30,3875788.3
2023-05-29,3529673.1
2023-05-24,3518026.5
2023-05-23,3266592.7
2023-05-22,3314303.8
2023-05-19,3298560.0
2023-05-18,3275964.1
2023-05-17,3183833.2
2023-05-16,3043950.6
2023-05-15,3155725.6
2023-05-12,3043814.5
2023-05-11,2778215.0
2023-05-10,3209944.5
2023-05-09,3057273.6
2023-05-08,3219782.4
2023-05-05,3175317.1
2023-05-04,3185089.2
2023-05-03,3296970.9
2023-05-02,3323678.3
2023-04-28,3438329.5
2023-04-27,3633860.4
2023-04-26,3636185.1
2023-04-25,3357347.1
2023-04-24,3314853.6
2023-04-21,3282803.3
2023-04-20,3374378.6
2023-04-19,3333078.7
2023-04-18,3335080.5
2023-04-17,2823497.5
2023-04-14,2819746.3
2023-04-13,2750857.0
2023-04-12,2976298.1
2023-04-11,2853417.9
2023-04-10,2781696.1
2023-04-05,2653932.9
2023-04-04,2699457.0
2023-04-03,2737801.1
2023-03-31,2694266.4
2023-03-30,2770243.1
2023-03-29,2812736.0
2023-03-28,2653166.8
2023-03-27,2560660.0
2023-03-23,2608239.4
2023-03-22,2778880.0
2023-03-21,2595144.0
2023-03-20,3106675.0
2023-03-17,3069188.0
2023-03-16,3030504.7
2023-03-15,2873023.0
2023-03-14,2770662.0
2023-03-13,3193297.2
2023-03-10,3164878.0
2023-03-09,3144551.6
2023-03-08,3032673.8
2023-03-07,3019997.6
2023-03-06,2919691.6
2023-03-03,2858240.2
2023-03-02,2870202.6
2023-03-01,2703454.3
2023-02-28,2620133.9
2023-02-27,2649741.4
2023-02-24,2602066.7
2023-02-23,2547867.8
2023-02-22,2328621.7
2023-02-17,2207278.8
2023-02-16,2293212.0
2023-02-15,2327341.8
2023-02-14,2400531.6
2023-02-13,2420409.1
2023-02-10,2393405.8
2023-02-09,2418949.9
2023-02-08,2552257.0
2023-02-07,2463381.8
2023-02-06,2547154.6
2023-02-03,2524470.3
2023-02-02,2577439.9
2023-02-01,2482600.2
2023-01-31,2523551.4
2023-01-30,2845196.8
2023-01-27,2726657.3
2023-01-26,2810245.5
2023-01-25,2647283.1
2023-01-24,2455873.5
2023-01-23,2112657.2
2023-01-20,2159865.3
2023-01-19,2297014.6
2023-01-18,2154288.2
2023-01-17,2036468.4
2023-01-16,1792175.1
2023-01-13,1830761.9
2023-01-12,1809160.2
2023-01-11,1961064.0
2023-01-10,1866424.1
2023-01-09,1939742.0
2023-01-06,2055980.1
2023-01-05,2041182.8
2023-01-04,1964926.2
2023-01-03,1930061.1
2023-01-02,2112499.2
2022-12-30,2031279.0
2022-12-29,2325090.8
2022-12-28,2156182.8
2022-12-27,2117831.2
2022-12-26,2069914.0
2022-12-23,2068431.6
2022-12-22,2022352.0
2022-12-21,2123186.9
2022-12-20,1898323.6
2022-12-19,1943301.3
2022-12-16,1960945.4
2022-12-15,2109919.4
2022-12-14,2084304.6
2022-12-13,1943438.7
2022-12-12,1849880.0
2022-12-07,1985062.3
2022-12-06,1874638.0
2022-12-05,1813810.3
2022-12-02,1986630.5
2022-12-01,1758720.8
2022-11-30,1908666.2
2022-11-29,1908315.1
2022-11-28,1656347.3
2022-11-25,1703392.0
2022-11-24,1665586.5
2022-11-23,1686866.0
2022-11-22,1525101.5
2022-11-18,1678963.7
2022-11-17,1582550.9
2022-11-16,1505147.0
2022-11-15,1465188.5
2022-11-14,1425698.2
2022-11-11,1456916.8
2022-11-10,1430347.8
2022-11-09,1619629.8
2022-11-08,1629553.8
2022-11-07,1632396.0
2022-11-04,1720795.0
2022-11-03,1699090.1
2022-11-02,1749909.9
2022-11-01,1633141.5
2022-10-31,1761804.8
2022-10-28,1794853.9
2022-10-27,1714044.3
2022-10-26,1562430.5
2022-10-25,1618249.0
2022-10-24,1485499.3
2022-10-21,1521744.9
2022-10-20,1513290.0
2022-10-19,1400734.0
2022-10-18,1324939.0
2022-10-17,1240013.0
2022-10-14,1267036.0
2022-10-13,1195773.0
2022-10-12,1358665.0
2022-10-11,1192044.0
2022-10-06,1227451.0
2022-10-05,1296512.0
2022-10-04,1328028.4
2022-10-03,1412583.2
2022-09-30,1489048.9
2022-09-29,1556356.2
2022-09-28,1566395.7
2022-09-27,1387655.5
2022-09-26,1448150.8
2022-09-23,1407533.9
2022-09-22,1357409.2
2022-09-21,1363354.2
2022-09-20,1277081.7
2022-09-19,1513182.8
2022-09-16,1629729.4
2022-09-15,1363037.9
2022-09-14,1459639.0
2022-09-13,1379975.3
2022-09-12,1458021.5
2022-09-09,1546968.8
2022-09-08,1420688.7
2022-09-07,1553314.2
2022-09-06,1315031.0
2022-09-05,1075523.2
2022-09-01,1055053.9
2022-08-31,995387.4
2022-08-30,1200841.6
2022-08-29,1033463.7
2022-08-26,1153125.4
2022-08-25,1126176.5
2022-08-24,1223424.0
2022-08-23,1068921.6
2022-08-22,947580.9
2022-08-19,966005.0
2022-08-18,950322.0
2022-08-17,825709.8
2022-08-16,832474.1
2022-08-12,886442.3
2022-08-11,853650.7
2022-08-10,930860.3
2022-08-09,985515.1
2022-08-08,825367.2
2022-08-05,825842.6
2022-08-04,796832.6
2022-08-03,775195.0
2022-08-02,688550.6
2022-08-01,833444.1
2022-07-29,891566.3
2022-07-28,1115637.2
2022-07-27,1149364.5
2022-07-26,1137781.9
2022-07-25,1098549.4
2022-07-22,1051198.2
2022-07-21,1070424.8
2022-07-20,942044.3
2022-07-19,886980.9
2022-07-18,798708.0
2022-07-15,860426.3
2022-07-14,948717.8
2022-07-13,950986.8
2022-07-12,899744.3
2022-07-11,1096455.1
2022-07-08,1142204.6
2022-07-07,1103252.6
2022-07-06,1469804.4
2022-07-05,1250911.8
2022-07-04,1047308.4
2022-07-01,1012053.1
2022-06-30,1170859.5
2022-06-29,965624.0
2022-06-28,832753.7
2022-06-27,766803.7
2022-06-24,744767.7
2022-06-23,552110.1
2022-06-22,672464.7
2022-06-21,530682.4
2022-06-16,717837.8
2022-06-15,550597.1
2022-06-14,509493.0
2022-06-13,557727.1
2022-06-10,551416.9
2022-06-09,470829.3
2022-06-08,485379.2
2022-06-07,474222.4
2022-06-06,532990.9
2022-06-03,503251.6
2022-06-02,496993.4
2022-06-01,475062.6
2022-05-31,690049.1
2022-05-30,718279.9
2022-05-27,669532.6
2022-05-26,588859.8
2022-05-24,548664.0
2022-05-23,560774.6
2022-05-20,678883.8
2022-05-19,660194.2
2022-05-17,590378.1
2022-05-16,507485.2
2022-05-13,570592.7
2022-05-12,468795.0
2022-05-11,433691.9
2022-05-10,479239.1
2022-05-09,505229.5
2022-05-06,506640.3
2022-05-05,463564.9
2022-05-04,499650.5
2022-05-03,497933.8
2022-05-02,449684.7
2022-04-29,653807.6
2022-04-28,703498.0
2022-04-27,663163.4
2022-04-26,594267.6
2022-04-25,568225.8
2022-04-22,716568.6
2022-04-21,653253.9
2022-04-20,544502.0
2022-04-19,472429.0
2022-04-18,475988.0
2022-04-13,422373.0
2022-04-12,466935.1
2022-04-11,616541.5
2022-04-08,647854.5
2022-04-07,639191.7
2022-04-06,630170.1
2022-04-05,514366.2
2022-04-04,544995.6
2022-04-01,442189.1
2022-03-31,677468.5
2022-03-30,849785.0
2022-03-29,743231.3
2022-03-28,809037.0
2022-03-25,718934.0
2022-03-23,720583.7
2022-03-22,812539.0
2022-03-21,656124.4
2022-03-18,599968.6
2022-03-17,623191.9
2022-03-16,611204.8
2022-03-15,575285.9
2022-03-14,559256.0
2022-03-11,629682.4
2022-03-10,557675.0
2022-03-09,620333.8
2022-03-08,663527.2
2022-03-07,608502.9
2022-03-04,595156.2
2022-03-03,544738.1
2022-03-02,481321.5
2022-02-25,679932.9
2022-02-24,647525.7
2022-02-23,818972.7
2022-02-22,772969.9
2022-02-21,1003340.5
2022-02-18,1085034.1
2022-02-17,988897.2
2022-02-16,944264.2
2022-02-15,855258.5
2022-02-14,866486.8
2022-02-11,1094233.1
2022-02-10,1132206.9
2022-02-09,1139178.8
2022-02-08,1098103.2
2022-02-07,969874.6
2022-02-04,882002.9
2022-02-03,858010.0
2022-02-02,929114.45
2022-02-01,906025.0
2022-01-31,1091118.4
2022-01-28,1147820.7
2022-01-27,1200051.0
2022-01-26,1254730.2
2022-01-25,1270037.4
2022-01-24,1273108.0
2022-01-21,1378465.3
2022-01-20,1376466.5
2022-01-19,1519154.2
2022-01-18,1509362.4
2022-01-17,1647072.2
2022-01-14,1768982.1
2022-01-13,1966676.5
2022-01-12,2142778.9
2022-01-11,2175186.1
2022-01-10,2628555.6
2022-01-07,2637220.9
2022-01-06,2066005.4
2022-01-05,2346965.7
2022-01-04,2444601.7
2022-01-03,2564999.1
2021-12-30,2895614.5
2021-12-29,2694465.0
2021-12-28,2688736.0
2021-12-27,2591449.7
2021-12-23,2581135.9
2021-12-22,2654436.4
2021-12-21,2562156.0
2021-12-20,2520698.9
2021-12-17,2402672.8
2021-12-16,2392294.3
2021-12-15,2354551.3
2021-12-14,2234903.0
2021-12-13,2105981.9
2021-12-10,2116992.3
2021-12-09,2101803.9
2021-12-07,2235181.5
2021-12-06,2138335.2
2021-12-03,2050806.1
2021-12-02,1989046.3
2021-12-01,2040358.1
2021-11-30,2166606.7
2021-11-29,2316339.2
2021-11-26,2267795.3
2021-11-25,2159861.3
2021-11-24,2167303.5
2021-11-23,2171548.5
2021-11-19,2387748.5
2021-11-18,2344516.1
2021-11-17,2223055.3
2021-11-16,2226221.1
2021-11-15,2176187.0
2021-11-12,2102747.9
2021-11-11,2089456.8
2021-11-10,2194453.8
2021-11-09,2248452.0
2021-11-08,2288506.4
2021-11-05,2344484.2
2021-11-04,2285139.9
2021-11-03,2272348.1
2021-11-02,2221008.0
2021-11-01,2257039.1
2021-10-29,2283976.1
2021-10-28,2202740.4
2021-10-27,2096588.6
2021-10-26,2203825.5
2021-10-25,2179797.9
2021-10-22,2129220.0
2021-10-21,2121271.0
2021-10-20,2097233.0
2021-10-19,2042168.0
2021-10-18,2192049.0
2021-10-15,2067049.0
2021-10-14,1893560.0
2021-10-13,1827731.4
2021-10-12,1778375.0
2021-10-07,2123829.8
2021-10-06,2209982.8
2021-10-05,2202108.5
2021-10-04,2213906.8
2021-10-01,2153875.1
2021-09-30,2170303.2
2021-09-29,2085650.4
2021-09-28,2075433.7
2021-09-27,2057795.8
2021-09-24,2031445.7
2021-09-23,2044063.5
2021-09-22,2065496.0
2021-09-21,2032800.7
2021-09-20,2065604.3
2021-09-17,2029326.2
2021-09-16,2095501.9
2021-09-15,2047192.5
2021-09-14,2035315.1
2021-09-13,2060678.2
2021-09-10,2013317.6
2021-09-09,2013388.4
2021-09-08,2005846.5
2021-09-07,1977454.9
2021-09-06,2010198.6
2021-09-03,1985056.3
2021-09-02,1895088.6
2021-09-01,1899255.7
2021-08-31,1991080.9
2021-08-30,2005271.928
2021-08-27,1968974.5
2021-08-26,1997246.3
2021-08-25,1988163.4
2021-08-24,1986261.7
2021-08-23,2049740.2
2021-08-20,1808027.8
2021-08-19,1898916.8
2021-08-18,1867915.2
2021-08-17,1864354.1
2021-08-13,1898063.3
2021-08-12,1877857.7
2021-08-11,1880686.3
2021-08-10,1866368.1
2021-08-09,1895511.4
2021-08-06,1880194.0
2021-08-05,1809258.7
2021-08-04,1753896.6
2021-08-03,1746376.5
2021-08-02,1781141.7
2021-07-30,1908927.2
2021-07-29,1884477.9
2021-07-28,1911118.3
2021-07-27,1885048.5
2021-07-26,1845482.6
2021-07-23,1811533.8
2021-07-22,1753909.3
2021-07-21,1757924.0
2021-07-20,1732533.1
2021-07-19,1713183.3
2021-07-16,1768979.2
2021-07-15,1586077.3
2021-07-14,1608324.1
2021-07-13,1641297.8
2021-07-12,1577759.7
2021-07-08,1732074.4
2021-07-07,1709050.7
2021-07-06,1734020.7
2021-07-05,1771498.3
2021-07-02,1755851.2
2021-07-01,1696697.5
2021-06-30,1691587.4
2021-06-29,1629407.7
2021-06-28,1584628.2
2021-06-25,1442133.2
2021-06-24,1421101.6
2021-06-23,1423773.3
2021-06-22,1344334.9
2021-06-18,1442994.5
2021-06-17,1475054.8
2021-06-16,1494416.9
2021-06-15,1475658.7
2021-06-14,1491414.2
2021-06-11,1537817.7
2021-06-10,1640176.2
2021-06-09,1711869.3
2021-06-08,1687983.3
2021-06-07,1568135.5
2021-06-04,1615583.5
2021-06-03,1592015.4
2021-06-02,1674997.8
2021-06-01,1850484.5
2021-05-31,1740926.9
2021-05-28,1617068.1
2021-05-27,1641739.0
2021-05-26,1583290.7
2021-05-21,1709311.3
2021-05-20,1637492.3
2021-05-19,1623736.4
2021-05-18,1637721.4
2021-05-17,1631877.4
2021-05-14,1571623.5
2021-05-13,1514220.7
2021-05-12,1461049.2
2021-05-11,1431911.2
2021-05-10,1439451.3618
2021-05-07,1424732.6
2021-05-06,1424479.4
2021-05-05,1412813.9
2021-05-04,1399707.3
2021-05-03,1391961.1
2021-04-30,1503845.0
2021-04-29,1427206.0
2021-04-28,1441904.1
2021-04-27,1388757.6
2021-04-26,1347091.9
2021-04-23,1356955.3
2021-04-22,1435666.5
2021-04-21,1414180.5
2021-04-20,1408967.9
2021-04-19,1395580.5
2021-04-16,1433537.1
2021-04-15,1364462.8
2021-04-14,1402800.5
2021-04-13,1358797.0
2021-04-12,1348495.0
2021-04-09,1389416.0
2021-04-08,1265497.0
2021-04-07,1117591.0
2021-04-06,1101987.0
2021-04-05,1101580.0
2021-03-31,1504964.0
2021-03-30,1270943.0
2021-03-29,1262021.0
2021-03-26,1291721.0
2021-03-25,1252401.0
2021-03-23,1219563.0
2021-03-22,1204101.0
2021-03-19,1217814.0
2021-03-18,1243192.0
2021-03-17,1297935.0
2021-03-16,1275317.0
2021-03-15,1224187.0
2021-03-12,1203231.0
2021-03-11,1164867.0
2021-03-10,1047611.0
2021-03-09,1043413.0
2021-03-08,1022693.0
2021-03-05,977872.0
2021-03-04,974925.0
2021-03-03,1010419.0
2021-03-02,1090751.0
2021-03-01,1104208.0
2021-02-26,1186355.0
2021-02-25,1117053.0
2021-02-24,1093597.0
2021-02-23,1057514.0
2021-02-22,917511.0
2021-02-19,825691.0
2021-02-18,833662.0
2021-02-17,784942.0
2021-02-12,961635.0
2021-02-11,934459.0
2021-02-10,917708.0
2021-02-09,919400.0
2021-02-08,878475.0
2021-02-05,878916.0
2021-02-04,940757.0
2021-02-03,955152.0
2021-02-02,958423.0
2021-02-01,965922.0
2021-01-29,1085173.0
2021-01-28,994890.0
2021-01-27,1006737.0
2021-01-26,972204.0
2021-01-25,942105.0
2021-01-22,946848.0
2021-01-21,961803.0
2021-01-20,1023534.0
2021-01-19,1062860.0
2021-01-18,1047725.0
2021-01-15,1067132.0
2021-01-14,1030733.0
2021-01-13,985335.0
2021-01-12,1038562.0
2021-01-11,1031642.0
2021-01-08,1038301.4
2021-01-07,931637.0
2021-01-06,941247.0
2021-01-05,983665.0
2021-01-04,996555.0
2020-12-30,1141434.0
2020-12-29,1203397.0
2020-12-28,1155284.0
2020-12-23,1220889.0
2020-12-22,1211044.0
2020-12-21,1152292.0
2020-12-18,1109085.0
2020-12-17,1038375.0
2020-12-16,1075061.0
2020-12-15,1060971.0
2020-12-14,1010173.0
2020-12-11,956103.0
2020-12-10,908099.0
2020-12-09,880071.0
2020-12-04,878792.0
2020-12-03,844227.0
2020-12-02,853015.0
2020-12-01,888315.0
2020-11-30,940429.0
2020-11-27,818180.0
2020-11-26,848050.0
2020-11-25,870875.0
2020-11-24,848718.0
2020-11-20,867777.0
2020-11-19,871488.0
2020-11-18,873486.0
2020-11-17,873823.0
2020-11-16,849274.0
2020-11-13,845818.0
2020-11-12,761280.0
2020-11-11,822486.0
2020-11-10,780385.0
2020-11-09,740739.0
2020-11-05,823569.0
2020-11-04,855244.0
2020-11-03,858289.0
2020-11-02,874494.0
2020-10-30,982180.0
2020-10-29,963424.0
2020-10-28,1060585.0
2020-10-27,1050282.0
2020-10-26,912129.0
2020-10-23,949916.0
2020-10-22,983182.0
2020-10-21,951311.0
2020-10-20,949467.0
2020-10-19,868280.0
2020-10-16,860539.0
2020-10-15,833435.0
2020-10-14,873064.0
2020-10-13,842406.0
2020-10-09,841314.0
2020-10-08,794738.0
2020-10-07,874837.0
2020-10-06,807037.0
2020-10-05,715149.0
2020-10-02,742574.0
2020-10-01,563663.0
2020-09-30,715960.0
2020-09-29,779049.0
2020-09-28,739350.0
2020-09-25,800061.0
2020-09-24,764197.0
2020-09-23,808094.0
2020-09-22,773287.0
2020-09-21,689896.0
2020-09-18,713410.0
2020-09-17,703769.0
2020-09-16,757463.0
2020-09-15,758166.0
2020-09-14,687795.0
2020-09-11,699714.0
2020-09-10,702860.0
2020-09-09,709298.0
2020-09-08,705461.0
2020-09-07,690316.0
2020-09-04,617923.0
2020-09-03,619326.0
2020-09-02,613940.0
2020-09-01,603728.0
2020-08-31,659979.0
2020-08-28,625659.0
2020-08-27,717893.0
2020-08-26,742809.0
2020-08-25,736251.0
2020-08-24,713769.0
2020-08-21,717760.0
2020-08-20,690693.0
2020-08-19,715982.0
2020-08-18,702978.0
2020-08-14,646811.0
2020-08-13,620586.0
2020-08-12,644675.0
2020-08-11,665206.0
2020-08-10,653867.0
2020-08-07,656987.0
2020-08-06,604780.0
2020-08-05,614082.0
2020-08-04,578171.0
2020-08-03,590255.0
2020-07-31,674325.0
2020-07-30,744790.0
2020-07-29,825645.0
2020-07-28,781851.0
2020-07-27,752400.0
2020-07-24,751515.0
2020-07-23,733423.0
2020-07-22,748730.0
2020-07-21,755608.0
2020-07-20,741769.0
2020-07-17,774729.0
2020-07-16,730910.0
2020-07-15,711753.0
2020-07-14,660428.0
2020-07-13,644057.0
2020-07-08,714824.0
2020-07-07,575414.0
2020-07-06,546547.0
2020-07-03,548561.0
2020-07-02,539698.0
2020-07-01,524842.0
2020-06-30,737391.0
2020-06-29,700455.0
2020-06-26,666091.0
2020-06-25,693287.0
2020-06-24,690855.0
2020-06-23,698238.0
2020-06-22,612755.0
2020-06-19,663500.0
2020-06-18,605957.0
2020-06-17,612956.0
2020-06-16,600849.0
2020-06-12,619547.0
2020-06-11,611486.0
2020-06-10,573462.0
2020-06-09,542146.0
2020-06-08,547954.0
2020-06-05,461378.0
2020-06-04,422710.0
2020-06-03,399519.0
2020-06-02,334215.0
2020-06-01,424836.0
2020-05-29,703668.0
2020-05-28,761739.0
2020-05-27,760758.0
2020-05-26,717559.0
2020-05-22,752238.0
2020-05-21,747393.0
2020-05-20,812329.0
2020-05-19,716992.0
2020-05-18,628083.0
2020-05-15,381618.0
2020-05-14,548237.0
2020-05-13,568176.0
2020-05-12,455229.1
2020-05-11,455270.0
2020-05-08,472254.0
2020-05-07,470244.0
2020-05-06,410754.0
2020-05-05,314243.0
2020-05-04,329776.0
2020-04-30,839026.0
2020-04-29,783621.0
2020-04-28,740376.0
2020-04-27,641386.0
2020-04-24,692516.0
2020-04-23,636485.0
2020-04-22,620416.0
2020-04-21,568448.0
2020-04-20,533708.0
2020-04-17,523948.0
2020-04-16,9447.0
2020-04-15,22024.0
2020-04-14,20558.0
2020-04-13,172656.0
2020-04-08,170731.0
2020-04-07,157358.0
2020-04-06,125910.0
2020-04-03,99365.0
2020-04-02,61853.0
2020-04-01,49940.0
2020-03-30,44515.0
2020-03-27,112943.0
2020-03-26,12380.0
2020-03-25,4307.0
2020-03-20,726.0
2020-03-19,3131.0
2020-03-18,1603.0
2020-03-17,1610.0
2020-03-16,1240.0
2020-03-13,1504.0
2020-03-12,1581.0
2020-03-11,1431.0
2020-03-10,728.0
2020-03-09,1466.0
2020-03-06,1033.0
2020-03-05,1653.0
2020-03-04,1462.0
2020-03-03,3428.0
2020-03-02,3647.0
2020-02-28,67202.0
2020-02-27,57531.0
2020-02-26,42607.0
2020-02-21,40675.0
2020-02-20,4317.0
2020-02-19,2825.0
2020-02-18,4060.0
2020-02-17,2338.0
2020-02-14,5659.0
2020-02-13,2672.0
2020-02-12,3661.0
2020-02-11,3880.0
2020-02-10,4025.0
2020-02-07,2744.0
2020-02-06,3805.0
2020-02-05,4439.0
2020-02-04,4551.0
2020-02-03,5595.0
2020-01-31,36086.0
2020-01-30,50505.0
2020-01-29,47867.0
2020-01-28,8972.0
2020-01-27,34961.0
2020-01-24,90141.0
2020-01-23,41709.0
2020-01-22,337177.0
2020-01-21,190990.0
2020-01-20,774965.0
2020-01-17,814462.0
2020-01-16,798715.0
2020-01-15,791779.0
2020-01-14,769119.0
2020-01-13,754874.0
2020-01-10,777494.0
2020-01-09,748656.0
2020-01-08,727163.0
2020-01-07,680111.0
2020-01-06,633044.0
2020-01-03,524925.0
2020-01-02,470013.0
2019-12-30,431248.0
2019-12-27,426655.0
2019-12-26,456518.0
2019-12-23,356146.0
2019-12-20,412576.0
2019-12-19,464085.0
2019-12-18,462244.0
2019-12-17,486011.0
2019-12-16,459414.0
2019-12-13,514521.0
2019-12-12,483266.0
2019-12-11,418182.0
2019-12-10,413315.0
2019-12-09,468505.0
2019-12-06,478961.0
2019-12-05,434883.0
2019-12-04,426439.0
2019-12-03,380492.0
2019-12-02,310946.0
2019-11-29,316925.0
2019-11-28,273436.0
2019-11-27,275537.0
2019-11-26,250249.0
2019-11-25,215950.0
2019-11-22,234682.0
2019-11-21,237574.0
2019-11-20,230744.0
2019-11-19,223283.0
2019-11-15,210081.0
2019-11-14,207929.0
2019-11-13,208615.0
2019-11-12,201859.0
2019-11-11,216678.0
2019-11-08,244902.0
2019-11-07,209318.0
2019-11-05,205761.0
2019-11-04,218027.0
2019-11-01,231940.0
2019-10-31,312543.0
2019-10-30,275171.0
2019-10-29,272404.0
2019-10-28,261264.0
2019-10-25,200345.0
2019-10-24,200326.0
2019-10-23,184680.0
2019-10-22,196386.0
2019-10-21,179990.0
2019-10-18,174785.0
2019-10-17,171715.0
2019-10-16,144444.0
2019-10-15,141603.0
2019-10-11,176663.0
2019-10-10,185109.0
2019-10-09,176127.0
2019-10-08,165131.0
2019-10-07,151046.0
2019-10-04,148587.0
2019-10-03,150663.0
2019-10-02,161824.0
2019-10-01,148346.0
2019-09-30,224579.0
2019-09-27,192669.0
2019-09-26,180336.0
2019-09-25,173332.0
2019-09-24,175028.0
2019-09-23,168596.0
2019-09-20,163411.0
2019-09-19,160700.0
2019-09-18,157833.0
2019-09-17,153956.0
2019-09-16,126126.0
2019-09-13,109264.0
2019-09-12,105584.0
2019-09-11,107700.0
2019-09-10,121518.0
2019-09-09,128748.0
2019-09-06,35058.0
2019-09-05,29900.0
2019-09-04,34128.0
2019-09-03,29587.0
2019-09-02,30579.0
2019-08-30,221155.0
2019-08-29,93382.0
2019-08-28,57446.0
2019-08-27,47750.0
2019-08-26,53118.0
2019-08-23,85023.0
2019-08-22,29911.0
2019-08-21,34333.0
2019-08-20,43792.0
2019-08-16,81612.0
2019-08-15,53880.0
2019-08-14,67632.0
2019-08-13,3782.0
2019-08-12,14663.0
2019-08-09,5204.0
2019-08-08,2491.0
2019-08-07,4542.0
2019-08-06,4053.0
2019-08-05,3697.0
2019-08-02,3547.0
2019-08-01,2299.0
2019-07-31,2479.0
2019-07-30,3722.0
2019-07-29,3267.0
2019-07-26,4457.0
2019-07-25,917.0
2019-07-24,987.0
2019-07-23,1068.0
2019-07-22,1285.0
2019-07-19,1492.0
2019-07-18,2738.0
2019-07-17,2389.0
2019-07-16,1078.0
2019-07-15,1090.0
2019-07-12,1178.0
2019-07-11,1494.0
2019-07-10,645.0
2019-07-05,3990.0
2019-07-04,8465.0
2019-07-03,8545.0
2019-07-02,8263.0
2019-07-01,9695.0
2019-06-28,27631.0
2019-06-27,6788.0
2019-06-26,7687.0
2019-06-25,6289.0
2019-06-24,837.0
2019-06-21,5132.0
2019-06-19,5307.0
2019-06-18,945.0
2019-06-14,1860.0
2019-06-13,2594.0
2019-06-12,2528.0
2019-06-11,592.0
2019-06-10,507.0
2019-06-07,901.0
2019-06-06,1934.0
2019-06-05,550.0
2019-06-04,2418.0
2019-06-03,3046.0
2019-05-31,42676.0
2019-05-30,43879.0
2019-05-29,6147.0
2019-05-28,4113.0
2019-05-27,1176.0
2019-05-24,2758.0
2019-05-23,721.0
2019-05-22,752.0
2019-05-21,626.0
2019-05-20,628.0
2019-05-17,755.0
2019-05-16,635.0
2019-05-15,638.0
2019-05-14,639.0
2019-05-13,679.0
2019-05-10,671.0
2019-05-09,975.0
2019-05-08,2806.0
2019-05-07,903.0
2019-05-06,2612.0
2019-05-03,175.0
2019-05-02,186.0
2019-04-30,13476.0
2019-04-29,1481.0
2019-04-26,126.0
2019-04-25,235.0
2019-04-24,409.0
2019-04-23,695.0
2019-04-22,2419.0
2019-04-17,949.0
2019-04-16,1726.0
2019-04-15,3674.0
2019-04-12,176.0
2019-04-11,131.0
2019-04-10,529.0
2019-04-09,145.1
2019-04-08,179.0
2019-04-05,120.0
2019-04-04,212.0
2019-04-03,4174.0
2019-04-01,237.0
2019-03-29,27210.0
2019-03-28,65.0
2019-03-27,6.0
2019-03-26,111.0
2019-03-25,1017.0
2019-03-22,20.0
2019-03-21,3140.5
2019-03-20,115.6
2019-03-19,918.0
2019-03-18,6.0
2019-03-15,215.0
2019-03-14,18.0
2019-03-13,5.0
2019-03-12,6.0
2019-03-11,6.0
2019-03-08,6.0
2019-03-07,1099.0
2019-03-06,1076.0
2019-03-01,3168.0
2019-02-28,34115.9
2019-02-27,199.1
2019-02-26,642.8
2019-02-25,283.7
2019-02-22,1537.0
2019-02-21,11.0
2019-02-20,297.0
2019-02-19,176.0
2019-02-18,85.0
2019-02-15,1513.0
2019-02-14,4102.0
2019-02-13,3576.0
2019-02-12,3820.0
2019-02-11,3466.0
2019-02-08,503.0
2019-02-07,857.0
2019-02-06,1744.0
2019-02-05,467.0
2019-02-04,4180.0
2019-02-01,6713.0
2019-01-31,112096.0
2019-01-30,83581.0
2019-01-29,77151.0
2019-01-28,47431.0
2019-01-25,13060.0
2019-01-24,483.0
2019-01-23,472.0
2019-01-22,53.0
2019-01-21,273.0
2019-01-18,6586.0
2019-01-17,122.0
2019-01-16,373.0
2019-01-15,678.0
2019-01-14,82.0
2019-01-11,124.0
2019-01-10,244.0
2019-01-09,45.0
2019-01-08,305.0
2019-01-07,3032.0
2019-01-04,1084.0
2019-01-03,1295.0
2019-01-02,1833.0
2018-12-28,17155.0
2018-12-27,5026.0
2018-12-26,8919.0
2018-12-21,5265.0
2018-12-20,4319.0
2018-12-19,4549.0
2018-12-18,3078.0
2018-12-17,3465.0
2018-12-14,5126.0
2018-12-13,5140.0
2018-12-12,4054.0
2018-12-11,3244.0
2018-12-10,3786.0
2018-12-07,5424.0
2018-12-06,3397.0
2018-12-05,2749.0
2018-12-04,10661.0
2018-12-03,11955.3
2018-11-29,43213.6
2018-11-28,6630.6
2018-11-27,4316.0
2018-11-26,5590.0
2018-11-23,3930.0
2018-11-22,6285.0
2018-11-21,5692.0
2018-11-20,4639.0
2018-11-16,3322.0
2018-11-15,4346.0
2018-11-14,3222.0
2018-11-13,944.0
2018-11-12,15048.0
2018-11-09,1931.0
2018-11-08,604.0
2018-11-07,1210.0
2018-11-05,1929.0
2018-11-02,1780.0
2018-11-01,1960.0
2018-10-31,107798.0
2018-10-30,24753.0
2018-10-29,5318.0
2018-10-26,6171.0
2018-10-25,4615.0
2018-10-24,1281.0
2018-10-23,1335.0
2018-10-22,1674.0
2018-10-19,10226.0
2018-10-18,3963.0
2018-10-17,5198.0
2018-10-16,2108.0
2018-10-12,2409.0
2018-10-11,2788.0
2018-10-10,3225.0
2018-10-09,2827.0
2018-10-08,1534.0
2018-10-05,2168.0
2018-10-04,3371.0
2018-10-03,3868.0
2018-10-02,1693.0
2018-10-01,2200.0
2018-09-28,35319.0
2018-09-27,6385.0
2018-09-26,5186.0
2018-09-25,1830.0
2018-09-24,6031.0
2018-09-21,10637.0
2018-09-20,14125.0
2018-09-19,18363.0
2018-09-18,2541.0
2018-09-17,10266.0
2018-09-14,5660.0
2018-09-13,3429.0
2018-09-12,4960.0
2018-09-11,1854.0
2018-09-10,4267.0
2018-09-07,2953.0
2018-09-06,2960.0
2018-09-05,3811.0
2018-09-04,3453.0
2018-09-03,5475.0
2018-08-31,26281.0
2018-08-30,13188.0
2018-08-29,2797.0
2018-08-28,2212.0
2018-08-27,3676.0
2018-08-24,5613.0
2018-08-23,6398.0
2018-08-22,6803.0
2018-08-21,3654.0
2018-08-17,7418.0
2018-08-16,17765.0
2018-08-15,24706.4
2018-08-14,4744.7
2018-08-13,4448.5
2018-08-10,4215.9
2018-08-09,5537.4
2018-08-08,909.0
2018-08-07,4226.6
2018-08-06,4738.2
2018-08-03,3730.5
2018-08-02,1154.0
2018-08-01,1284.0
2018-07-31,35604.0
2018-07-30,6290.0
2018-07-27,6793.0
2018-07-26,8196.0
2018-07-25,2509.0
2018-07-24,10071.0
2018-07-23,17355.3
2018-07-20,25721.0
2018-07-19,16292.0
2018-07-18,8248.0
2018-07-17,1854.0
2018-07-16,6860.0
2018-07-13,2434.0
2018-07-12,5787.0
2018-07-11,2815.0
2018-07-10,7507.0
2018-07-06,5755.0
2018-07-05,8225.0
2018-07-04,55076.0
2018-07-03,55205.0
2018-07-02,12890.0
2018-06-29,106970.0
2018-06-28,116337.0
2018-06-27,98803.0
2018-06-26,67627.2
2018-06-25,17156.0
2018-06-22,26372.0
2018-06-21,10271.0
2018-06-19,6151.0
2018-06-18,5548.0
2018-06-15,6050.0
2018-06-14,6888.0
2018-06-13,6310.0
2018-06-12,1955.0
2018-06-11,7983.0
2018-06-08,8476.0
2018-06-07,7151.0
2018-06-06,7956.0
2018-06-05,7506.0
2018-06-04,6836.0
2018-06-01,5513.0
2018-05-31,6026.0
2018-05-30,4907.0
2018-05-29,6464.0
2018-05-28,6335.0
2018-05-24,6543.0
2018-05-23,5983.0
2018-05-22,10461.0
2018-05-21,6520.7
2018-05-18,6177.5
2018-05-17,6488.0
2018-05-16,5252.0
2018-05-15,2646.0
2018-05-14,4632.0
2018-05-11,8567.0
2018-05-10,7049.0
2018-05-09,11395.0
2018-05-08,12363.0
2018-05-07,17141.0
2018-05-04,11524.0
2018-05-03,20864.0
2018-05-02,18390.0
2018-04-27,22365.0
2018-04-26,7770.0
2018-04-25,11221.0
2018-04-24,13853.0
2018-04-23,16893.0
2018-04-20,22713.0
2018-04-19,27449.0
2018-04-18,34959.0
2018-04-17,15073.0
2018-04-16,14808.0
2018-04-13,13752.0
2018-04-12,38478.0
2018-04-11,18661.0
2018-04-10,18665.0
2018-04-09,19558.0
2018-04-06,20632.0
2018-04-05,24277.5
2018-04-04,23328.4
2018-04-03,21352.6
2018-03-28,38160.7
2018-03-27,32782.0
2018-03-26,18407.2
2018-03-23,20978.0
2018-03-22,24074.2
2018-03-21,24665.0
2018-03-20,14553.0
2018-03-19,8226.3
2018-03-16,29613.1
2018-03-15,16909.6
2018-03-14,13970.3
2018-03-13,41774.6
2018-03-12,14726.1
2018-03-09,20156.4
2018-03-08,19187.2
2018-03-07,21662.0
2018-03-06,18161.0
2018-03-05,26733.5
2018-03-02,15371.9
2018-03-01,12464.6
2018-02-28,53674.6
2018-02-27,31857.5
2018-02-26,32379.0
2018-02-23,25843.3
2018-02-22,21219.0
2018-02-21,16509.1
2018-02-20,9151.0
2018-02-19,8893.5
2018-02-16,10273.0
2018-02-15,9628.3
2018-02-14,10540.1
2018-02-09,10987.1
2018-02-08,14283.3
2018-02-07,13699.9
2018-02-06,11594.0
2018-02-05,12939.0
2018-02-02,14826.0
2018-02-01,13875.0
2018-01-31,50808.0
2018-01-30,25045.0
2018-01-29,20501.0
2018-01-26,14787.0
2018-01-25,16367.0
2018-01-24,13918.0
2018-01-23,13192.0
2018-01-22,21066.0
2018-01-19,22528.0
2018-01-18,25220.0
2018-01-17,24747.0
2018-01-16,25137.0
2018-01-15,22512.0
2018-01-12,30204.0
2018-01-11,41434.0
2018-01-10,50610.0
2018-01-09,61543.0
2018-01-08,54927.0
2018-01-05,47298.0
2018-01-04,47603.0
2018-01-03,39849.0
2018-01-02,35605.0
2017-12-29,100175.0
2017-12-28,92963.0
2017-12-27,99019.0
2017-12-26,73784.0
2017-12-22,73566.0
2017-12-21,89404.0
2017-12-20,66698.0
2017-12-19,46894.0
2017-12-18,41053.0
2017-12-15,32464.0
2017-12-14,57463.0
2017-12-13,57556.0
2017-12-12,54343.0
2017-12-11,54724.0
2017-12-07,56188.0
2017-12-06,52964.0
2017-12-05,52705.0
2017-12-04,53618.0
2017-12-01,57846.0
2017-11-30,113052.0
2017-11-29,99709.0
2017-11-28,106696.0
2017-11-27,99218.0
2017-11-24,86552.0
2017-11-23,85394.0
2017-11-22,90838.0
2017-11-21,93807.0
2017-11-17,110312.0
2017-11-16,102355.0
2017-11-15,79208.0
2017-11-14,53160.0
2017-11-13,46372.0
2017-11-10,42055.0
2017-11-09,38452.0
2017-11-08,43411.0
2017-11-07,41529.0
2017-11-03,43232.0
2017-11-02,45426.0
2017-11-01,59250.0
2017-10-31,96658.0
2017-10-30,85844.0
2017-10-27,77032.0
2017-10-26,81572.0
2017-10-25,81906.0
2017-10-24,78594.0
2017-10-23,86498.0
2017-10-20,97167.0
2017-10-19,95899.0
2017-10-18,76189.0
2017-10-17,51240.0
2017-10-13,45214.0
2017-10-12,42381.0
2017-10-11,41514.0
2017-10-10,48481.0
2017-10-09,49376.0
2017-10-06,49251.0
2017-10-05,50129.0
2017-10-04,54597.0
2017-10-03,58089.0
2017-10-02,54505.0
2017-09-29,81071.0
2017-09-28,84820.0
2017-09-27,75364.0
2017-09-26,63684.0
2017-09-25,57822.0
2017-09-22,56271.0
2017-09-21,37849.0
2017-09-20,44665.0
2017-09-19,43867.0
2017-09-18,45126.0
2017-09-15,40130.0
2017-09-14,34576.0
2017-09-13,30279.0
2017-09-12,29979.0
2017-09-11,30895.0
2017-09-08,31950.0
2017-09-07,32674.0
2017-09-06,33442.0
2017-09-05,32519.0
2017-09-04,29371.0
2017-09-01,34486.0
2017-08-31,63807.0
2017-08-30,57980.0
2017-08-29,57564.0
2017-08-28,59227.0
2017-08-25,64004.0
2017-08-24,65454.0
2017-08-23,63794.0
2017-08-22,74017.0
2017-08-18,80063.0
2017-08-17,77009.0
2017-08-16,65782.0
2017-08-15,43846.0
2017-08-14,42409.0
2017-08-11,39016.0
2017-08-10,38933.0
2017-08-09,37797.0
2017-08-08,38417.0
2017-08-07,40410.0
2017-08-04,42572.0
2017-08-03,44491.0
2017-08-02,48913.0
2017-08-01,50737.0
2017-07-31,89980.0
2017-07-28,67906.0
2017-07-27,67702.0
2017-07-26,66698.0
2017-07-25,70625.0
2017-07-24,77343.0
2017-07-21,80320.0
2017-07-20,83274.0
2017-07-19,78624.0
2017-07-18,72578.0
2017-07-17,63783.0
2017-07-14,63943.0
2017-07-13,60980.0
2017-07-12,59344.0
2017-07-11,63754.0
2017-07-10,70437.0
2017-07-07,79351.0
2017-07-06,89417.0
2017-07-05,95502.0
2017-07-04,99757.0
2017-07-03,105528.0
2017-06-30,139658.0
2017-06-29,137358.0
2017-06-28,137888.0
2017-06-27,163325.0
2017-06-26,148339.0
2017-06-23,142083.0
2017-06-22,132094.0
2017-06-21,119300.0
2017-06-19,79444.0
2017-06-16,81124.0
2017-06-15,74145.0
2017-06-14,74969.0
2017-06-13,78025.0
2017-06-12,77131.0
2017-06-09,80168.0
2017-06-08,89819.0
2017-06-07,94731.0
2017-06-06,112794.0
2017-06-05,114500.0
2017-06-02,116034.0
2017-06-01,116508.0
2017-05-31,132631.0
2017-05-30,133806.0
2017-05-29,145697.0
2017-05-26,142111.0
2017-05-24,155242.0
2017-05-23,143323.0
2017-05-22,139437.0
2017-05-19,141188.0
2017-05-18,129162.0
2017-05-17,126788.0
2017-05-16,117502.0
2017-05-15,111675.0
2017-05-12,107126.0
2017-05-11,102946.0
2017-05-10,102907.0
2017-05-09,110514.0
2017-05-08,123451.0
2017-05-05,121369.0
2017-05-04,133634.0
2017-05-03,135241.0
2017-05-02,140449.0
2017-04-28,176751.0
2017-04-27,170678.0
2017-04-26,174378.0
2017-04-25,168954.0
2017-04-24,165762.0
2017-04-21,167660.0
2017-04-20,152991.0
2017-04-19,130198.0
2017-04-18,106816.0
2017-04-17,106751.0
2017-04-12,120881.0
2017-04-11,112301.0
2017-04-10,115507.0
2017-04-07,121775.0
2017-04-06,134652.0
2017-04-05,144962.0
2017-04-04,144336.0
2017-04-03,152386.0
2017-03-31,200434.0
2017-03-30,186810.0
2017-03-29,208110.0
2017-03-28,223118.0
2017-03-27,219579.0
2017-03-23,213083.0
2017-03-22,207465.0
2017-03-21,203447.0
2017-03-20,207832.0
2017-03-17,214295.0
2017-03-16,210300.0
2017-03-15,182696.0
2017-03-14,191437.0
2017-03-13,196207.0
2017-03-10,188648.0
2017-03-09,197828.0
2017-03-08,204409.0
2017-03-07,203215.0
2017-03-06,178612.0
2017-03-03,160131.0
2017-03-02,142986.0
2017-03-01,139865.0
2017-02-24,175917.0
2017-02-23,165352.0
2017-02-22,168927.0
2017-02-21,149825.0
2017-02-20,151627.0
2017-02-17,152908.0
2017-02-16,128056.0
2017-02-15,114584.0
2017-02-14,111681.0
2017-02-13,110600.0
2017-02-10,106536.0
2017-02-09,107651.0
2017-02-08,103490.0
2017-02-07,98499.0
2017-02-06,116036.0
2017-02-03,120535.0
2017-02-02,121330.0
2017-02-01,114482.0
2017-01-31,103716.0
2017-01-30,104444.0
2017-01-27,92373.0
2017-01-26,87383.0
2017-01-25,90310.0
2017-01-24,98453.0
2017-01-23,105276.0
2017-01-20,108046.0
2017-01-19,111795.0
2017-01-18,108149.0
2017-01-17,95615.0
2017-01-16,73278.0
2017-01-13,69069.0
2017-01-12,65488.0
2017-01-11,66163.0
2017-01-10,33647.0
2017-01-09,41241.0
2017-01-06,41403.0
2017-01-05,38721.0
2017-01-04,30022.0
2017-01-03,40774.0
2017-01-02,42044.0
2016-12-30,76717.63
2016-12-29,81428.25
2016-12-28,86657.59
2016-12-27,77014.01
2016-12-26,74763.41
2016-12-23,74130.04
2016-12-22,65254.81
2016-12-21,50986.01
2016-12-20,50573.27
2016-12-19,49926.71
2016-12-16,49688.4
2016-12-15,49422.55
2016-12-14,37235.35
2016-12-13,33175.32
2016-12-12,34820.88
2016-12-07,40806.78
2016-12-06,35058.67
2016-12-05,31632.43
2016-12-02,37614.77
2016-12-01,36373.75
2016-11-30,77812.57
2016-11-29,55265.94
2016-11-25,52924.42
2016-11-24,46105.39
2016-11-23,39330.43
2016-11-22,35986.9
2016-11-21,36734.1
2016-11-18,39002.64
2016-11-17,38284.16
2016-11-16,42078.22
2016-11-15,35154.02
2016-11-14,35631.2
2016-11-11,32491.46
2016-11-10,25794.65
2016-11-09,23649.44
2016-11-08,19731.14
2016-11-07,20798.27
2016-11-04,22803.6
2016-11-03,20732.34
2016-11-02,21313.16
2016-11-01,20970.56
2016-10-31,65533.62
2016-10-28,40146.31
2016-10-27,43151.91
2016-10-26,39885.1
2016-10-25,32859.92
2016-10-24,35468.99
2016-10-21,33107.83
2016-10-20,30691.95
2016-10-19,36938.62
2016-10-18,31669.71
2016-10-17,27957.64
2016-10-14,25794.74
2016-10-13,25405.5
2016-10-12,25320.96
2016-10-11,23453.19
2016-10-07,28776.97
2016-10-06,43031.2
2016-10-05,42661.17
2016-10-04,45695.11
2016-10-03,46875.76
2016-09-30,51317.9
2016-09-29,48549.02
2016-09-28,46697.74
2016-09-27,40612.91
2016-09-26,40897.97
2016-09-23,42348.55
2016-09-22,37920.86
2016-09-21,40418.54
2016-09-20,35631.87
2016-09-19,34782.45
2016-09-16,42596.58
2016-09-15,36212.95
2016-09-14,33313.54
2016-09-13,28571.94
2016-09-12,22135.39
2016-09-09,17843.93
2016-09-08,14758.13
2016-09-07,19975.0
2016-09-06,21723.88
2016-09-05,22300.62
2016-09-02,28402.21
2016-09-01,15879.2
2016-08-31,41967.27
2016-08-30,31737.47
2016-08-29,42718.62
2016-08-26,36967.18
2016-08-25,38968.26
2016-08-24,36529.7
2016-08-23,29470.59
2016-08-22,30827.12
2016-08-19,34718.14
2016-08-18,35178.06
2016-08-17,32675.09
2016-08-16,30197.97
2016-08-12,25126.47
2016-08-11,23787.29
2016-08-10,15877.13
2016-08-09,20355.82
2016-08-08,18703.45
2016-08-05,21354.68
2016-08-04,22275.89
2016-08-03,24435.94
2016-08-02,25824.13
2016-08-01,19200.73
2016-07-29,46718.61
2016-07-28,35257.16
2016-07-27,34474.24
2016-07-26,31111.97
2016-07-25,39152.8
2016-07-22,43030.39
2016-07-21,42918.03
2016-07-20,43079.38
2016-07-19,47085.14
2016-07-18,45168.1
2016-07-15,42439.98
2016-07-14,32212.13
2016-07-13,34066.6
2016-07-12,32883.69
2016-07-11,29693.44
2016-07-07,31033.17
2016-07-06,34253.87
2016-07-05,20835.34
2016-07-04,19578.24
2016-07-01,17939.07
2016-06-30,70550.57
2016-06-29,79824.66
2016-06-28,61720.76
2016-06-27,66596.3
2016-06-24,60825.76
2016-06-23,54712.91
2016-06-22,46183.37
2016-06-21,35945.86
2016-06-16,40581.12
2016-06-15,29369.36
2016-06-14,21730.95
2016-06-13,19074.16
2016-06-10,18409.38
2016-06-09,17942.42
2016-06-08,18552.11
2016-06-07,14631.2
2016-06-06,17270.06
2016-06-03,19012.48
2016-06-02,15712.25
2016-06-01,12075.14
2016-05-31,43721.26
2016-05-30,49781.53
2016-05-27,53902.83
2016-05-26,63071.85
2016-05-24,39067.86
2016-05-23,33305.74
2016-05-20,32880.18
2016-05-19,37844.83
2016-05-18,39510.47
2016-05-17,35364.48
2016-05-16,41535.37
2016-05-13,38000.22
2016-05-12,26443.86
2016-05-11,21181.7
2016-05-10,26382.74
2016-05-09,17971.45
2016-05-06,19478.48
2016-05-05,13518.77
2016-05-04,14170.51
2016-05-03,16583.27
2016-05-02,14993.92
2016-04-29,34503.82
2016-04-28,30008.84
2016-04-27,23139.25
2016-04-26,28609.46
2016-04-25,33628.49
2016-04-22,36018.74
2016-04-21,36098.05
2016-04-20,16969.73
2016-04-19,19891.54
2016-04-18,26064.45
2016-04-15,19472.15
2016-04-14,17384.31
2016-04-13,17686.25
2016-04-12,12551.31
2016-04-11,15360.94
2016-04-08,16816.1
2016-04-07,14578.46
2016-04-06,17046.96
2016-04-05,16486.54
2016-04-04,16872.97
2016-04-01,11955.32
2016-03-31,47338.77
2016-03-30,47860.34
2016-03-29,39091.05
2016-03-28,39742.18
2016-03-23,29645.21
2016-03-22,16089.27
2016-03-21,9999.12
2016-03-18,21836.36
2016-03-17,16349.67
2016-03-16,17393.43
2016-03-15,13188.43
2016-03-14,12487.35
2016-03-11,11067.29
2016-03-10,9111.38
2016-03-09,9125.94
2016-03-08,12614.65
2016-03-07,10976.73
2016-03-04,10610.37
2016-03-03,11477.79
2016-03-02,13826.93
2016-03-01,13011.84
2016-02-29,28411.09
2016-02-26,35661.3
2016-02-25,36478.02
2016-02-24,38107.03
2016-02-23,35300.12
2016-02-22,36811.75
2016-02-19,32716.01
2016-02-18,33662.57
2016-02-17,31705.52
2016-02-16,34835.75
2016-02-15,21456.39
2016-02-12,22144.02
2016-02-11,22428.37
2016-02-10,28940.84
2016-02-05,35133.24
2016-02-04,27605.33
2016-02-03,20558.44
2016-02-02,28445.51
2016-02-01,27952.47
2016-01-29,24672.5
2016-01-28,23056.69
2016-01-27,22106.08
2016-01-26,17650.39
2016-01-25,22050.07
2016-01-22,18518.36
2016-01-21,18499.35
2016-01-20,20465.81
2016-01-19,22968.83
2016-01-18,21957.24
2016-01-15,12818.89
2016-01-14,11933.17
2016-01-13,13966.95
2016-01-12,18141.27
2016-01-11,19779.68
2016-01-08,27705.57
2016-01-07,29626.66
2016-01-06,28636.91
2016-01-05,30216.82
2016-01-04,30746.09
2015-12-31,26376.64
2015-12-30,41860.46
2015-12-29,44236.65
2015-12-28,45592.14
2015-12-24,46170.28
2015-12-23,43659.45
2015-12-22,48324.93
2015-12-21,50401.34
2015-12-18,36320.79
2015-12-17,37653.35
2015-12-16,37464.02
2015-12-15,28925.85
2015-12-14,27310.07
2015-12-11,29204.44
2015-12-10,26055.7
2015-12-09,23617.11
2015-12-04,20624.62
2015-12-03,20397.84
2015-12-02,20269.61
2015-12-01,18565.94
2015-11-30,75907.58
2015-11-26,44449.55
2015-11-25,51937.31
2015-11-24,52075.69
2015-11-23,37717.8
2015-11-20,38733.83
2015-11-19,31378.14
2015-11-18,25217.83
2015-11-17,21381.54
2015-11-16,20734.73
2015-11-13,19847.61
2015-11-12,15420.44
2015-11-11,15064.76
2015-11-10,16620.24
2015-11-09,17971.12
2015-11-05,14894.64
2015-11-04,16047.59
2015-11-03,15214.45
2015-11-02,14856.67
2015-10-30,31908.51
2015-10-29,48883.27
2015-10-28,39176.07
2015-10-27,21108.32
2015-10-26,18356.97
2015-10-23,16845.41
2015-10-22,14835.9
2015-10-21,15291.18
2015-10-20,11938.93
2015-10-19,16304.83
2015-10-16,16222.82
2015-10-15,14830.05
2015-10-14,18214.92
2015-10-13,15197.83
2015-10-09,18092.55
2015-10-08,15526.8
2015-10-07,15793.58
2015-10-06,15201.18
2015-10-05,14776.96
2015-10-02,16004.98
2015-10-01,12694.6
2015-09-30,29005.87
2015-09-29,26414.08
2015-09-28,30179.28
2015-09-25,25250.14
2015-09-24,22056.47
2015-09-23,21773.07
2015-09-22,18536.44
2015-09-21,19514.73
2015-09-18,19144.89
2015-09-17,20321.57
2015-09-16,17427.42
2015-09-15,12363.36
2015-09-14,13958.54
2015-09-11,10203.49
2015-09-10,11363.42
2015-09-09,11764.62
2015-09-08,13010.08
2015-09-07,12347.78
2015-09-04,11164.94
2015-09-03,12632.46
2015-09-02,13416.67
2015-09-01,10661.39
2015-08-31,35247.83
2015-08-28,20715.48
2015-08-27,19672.1
2015-08-26,19472.95
2015-08-25,17562.86
2015-08-24,21081.47
2015-08-21,21488.52
2015-08-20,19461.97
2015-08-19,10438.68
2015-08-18,15092.48
2015-08-14,10803.96
2015-08-13,12194.77
2015-08-12,12384.15
2015-08-11,10831.89
2015-08-10,14310.82
2015-08-07,17144.77
2015-08-06,15912.02
2015-08-05,13930.52
2015-08-04,9688.81
2015-08-03,12829.24
2015-07-31,23573.99
2015-07-30,31673.81
2015-07-29,25491.69
2015-07-28,22139.46
2015-07-27,26728.89
2015-07-24,29376.39
2015-07-23,16087.23
2015-07-22,15850.7
2015-07-21,15742.71
2015-07-20,16823.2
2015-07-17,18020.4
2015-07-16,20259.89
2015-07-15,18873.76
2015-07-14,16981.03
2015-07-13,18585.91
2015-07-10,17259.42
2015-07-08,19760.37
2015-07-07,17751.57
2015-07-06,20484.79
2015-07-03,10422.01
2015-07-02,16443.58
2015-07-01,20676.45
2015-06-30,37065.15
2015-06-29,34421.57
2015-06-26,30858.63
2015-06-25,34690.18
2015-06-24,15371.46
2015-06-23,24889.44
2015-06-22,24557.3
2015-06-19,24075.56
2015-06-18,21219.23
2015-06-17,21171.26
2015-06-16,17623.13
2015-06-15,15373.75
2015-06-12,14944.26
2015-06-11,12331.8
2015-06-10,11439.05
2015-06-09,14042.19
2015-06-08,14199.85
2015-06-05,17879.77
2015-06-04,14604.73
2015-06-03,14489.69
2015-06-02,13750.76
2015-06-01,15755.99
2015-05-29,33185.28
2015-05-28,33114.25
2015-05-27,23718.33
2015-05-26,21211.77
2015-05-22,21029.7
2015-05-21,21897.82
2015-05-20,17378.05
2015-05-19,19399.36
2015-05-18,16275.48
2015-05-15,15876.22
2015-05-14,12509.03
2015-05-13,10447.67
2015-05-12,5331.72
2015-05-11,6178.86
2015-05-08,13109.38
2015-05-07,16137.73
2015-05-06,13736.39
2015-05-05,11348.69
2015-05-04,9598.87
2015-04-30,8482.33
2015-04-29,41536.64
2015-04-28,37859.75
2015-04-27,28985.62
2015-04-24,24647.93
2015-04-23,24300.97
2015-04-22,21103.84
2015-04-21,18737.57
2015-04-20,16495.82
2015-04-17,18847.45
2015-04-16,12179.86
2015-04-15,12203.53
2015-04-14,10309.11
2015-04-13,11798.64
2015-04-10,13221.24
2015-04-09,12917.7
2015-04-08,13956.65
2015-04-07,16661.89
2015-04-06,16056.74
2015-04-01,12445.22
2015-03-31,33606.07
2015-03-30,29036.72
2015-03-27,34117.05
2015-03-26,28863.94
2015-03-25,15648.2
2015-03-20,14883.3
2015-03-19,14183.6
2015-03-18,14197.12
2015-03-17,15788.24
2015-03-16,13974.11
2015-03-13,11670.23
2015-03-12,9220.27
2015-03-11,11212.35
2015-03-10,10327.98
2015-03-09,11845.1
2015-03-06,12101.48
2015-03-05,12599.6
2015-03-04,10685.04
2015-03-03,11443.68
2015-03-02,12360.68
2015-02-27,23518.68
2015-02-26,22562.49
2015-02-25,19802.78
2015-02-24,21743.75
2015-02-23,19963.76
2015-02-20,16232.89
2015-02-19,16788.68
2015-02-18,16917.73
2015-02-13,19741.62
2015-02-12,22416.13
2015-02-11,22592.78
2015-02-10,22976.2
2015-02-09,25224.89
2015-02-06,26427.04
2015-02-05,26302.29
2015-02-04,27196.45
2015-02-03,24821.15
2015-02-02,21749.64
2015-01-30,23626.6
2015-01-29,26669.81
2015-01-28,28180.88
2015-01-27,28605.56
2015-01-26,29632.9
2015-01-23,24635.27
2015-01-22,26357.03
2015-01-21,25322.99
2015-01-20,26687.02
2015-01-19,28159.38
2015-01-16,27418.02
2015-01-15,25569.39
2015-01-14,25441.72
2015-01-13,19575.89
2015-01-12,21472.87
2015-01-09,23192.38
2015-01-08,24451.16
2015-01-07,25876.57
2015-01-06,27006.05
2015-01-05,26957.98
2015-01-02,27043.27
2014-12-30,32153.85
2014-12-29,17446.32
2014-12-24,17847.05
2014-12-23,17308.98
2014-12-22,8078.36
2014-12-19,7340.88
2014-12-18,9075.03
2014-12-17,9641.5
2014-12-16,9115.42
2014-12-15,11537.65
2014-12-12,20114.73
2014-12-11,10322.91
2014-12-10,13209.84
2014-12-09,12714.93
2014-12-05,15105.26
2014-12-04,16213.14
2014-12-03,13070.41
2014-12-02,14229.28
2014-12-01,17038.68
2014-11-28,42758.93
2014-11-27,27712.11
2014-11-26,15267.28
2014-11-25,14301.39
2014-11-21,28190.54
2014-11-20,20138.77
2014-11-19,18482.33
2014-11-18,15990.54
2014-11-17,15696.92
2014-11-14,14279.75
2014-11-13,9458.69
2014-11-12,8112.7
2014-11-11,8318.0
2014-11-10,7925.08
2014-11-07,9252.86
2014-11-05,9856.62
2014-11-04,10367.23
2014-11-03,11234.91
2014-10-31,18425.0
2014-10-30,37314.97
2014-10-29,39345.94
2014-10-28,32743.14
2014-10-27,33800.12
2014-10-24,29402.99
2014-10-23,22087.99
2014-10-22,21817.02
2014-10-21,20356.82
2014-10-20,12527.9
2014-10-17,11730.84
2014-10-16,10934.3
2014-10-15,11422.1
2014-10-14,10021.15
2014-10-10,14491.64
2014-10-09,14010.32
2014-10-08,14511.83
2014-10-07,13284.27
2014-10-06,16320.33
2014-10-03,15655.35
2014-10-02,16026.3
2014-10-01,10559.83
2014-09-30,29246.87
2014-09-29,23447.36
2014-09-26,21826.27
2014-09-25,20281.79
2014-09-24,21107.91
2014-09-23,22961.14
2014-09-22,24000.93
2014-09-19,25412.51
2014-09-18,24646.2
2014-09-17,20832.56
2014-09-16,21569.7
2014-09-15,19666.22
2014-09-12,18547.7
2014-09-11,18784.21
2014-09-10,17540.11
2014-09-09,19398.51
2014-09-08,15223.2
2014-09-05,14832.98
2014-09-04,14060.99
2014-09-03,14453.26
2014-09-02,15539.12
2014-09-01,16467.55
2014-08-29,30523.72
2014-08-28,34288.06
2014-08-27,20880.52
2014-08-26,17727.98
2014-08-25,19060.58
2014-08-22,16714.47
2014-08-21,16294.33
2014-08-20,18214.15
2014-08-19,10692.01
2014-08-15,14646.72
2014-08-14,13779.8
2014-08-13,13121.06
2014-08-12,7062.2
2014-08-11,11119.5
2014-08-08,9975.01
2014-08-07,11652.86
2014-08-06,10723.67
2014-08-05,9576.29
2014-08-04,9700.93
2014-08-01,9968.3
2014-07-31,21295.15
2014-07-30,22873.91
2014-07-29,24845.53
2014-07-28,25828.7
2014-07-25,22721.56
2014-07-24,18371.31
2014-07-23,9672.01
2014-07-22,14852.39
2014-07-21,13108.67
2014-07-18,12828.14
2014-07-17,11964.76
2014-07-16,9376.58
2014-07-15,5368.75
2014-07-14,5811.82
2014-07-11,7059.52
2014-07-10,5479.6
2014-07-08,6157.36
2014-07-07,4776.5
2014-07-04,5699.73
2014-07-03,6140.08
2014-07-02,5498.58
2014-07-01,6939.11
2014-06-30,20019.62
2014-06-27,16810.55
2014-06-26,13838.12
2014-06-25,12882.07
2014-06-24,14053.47
2014-06-23,12678.05
2014-06-19,14127.02
2014-06-18,13799.28
2014-06-17,13198.14
2014-06-16,13229.94
2014-06-13,7265.1
2014-06-12,4929.76
2014-06-11,5470.06
2014-06-10,6936.18
2014-06-09,7946.4
2014-06-06,6790.16
2014-06-05,6090.58
2014-06-04,5074.01
2014-06-03,5477.37
2014-06-02,6637.13
2014-05-30,22311.53
2014-05-29,27717.57
2014-05-28,13077.79
2014-05-27,15991.8
2014-05-26,23644.11
2014-05-23,16934.53
2014-05-22,15986.1
2014-05-21,10298.65
2014-05-20,15998.02
2014-05-19,14150.8
2014-05-16,12373.83
2014-05-15,12098.43
2014-05-14,10167.65
2014-05-13,7331.7
2014-05-12,8876.92
2014-05-09,8199.25
2014-05-08,7693.55
2014-05-07,8309.09
2014-05-06,7442.92
2014-05-05,6826.46
2014-04-30,13881.16
2014-04-29,38157.52
2014-04-28,38745.61
2014-04-25,33263.23
2014-04-24,23101.83
2014-04-23,20847.94
2014-04-22,17369.21
2014-04-21,16026.91
2014-04-16,14681.21
2014-04-15,13232.91
2014-04-14,14156.85
2014-04-11,13612.72
2014-04-10,11674.08
2014-04-09,10661.81
2014-04-08,11700.1
2014-04-07,14654.26
2014-04-04,15945.43
2014-04-03,16179.5
2014-04-01,15256.15
2014-03-31,29381.69
2014-03-28,29006.92
2014-03-27,22159.66
2014-03-26,14793.14
2014-03-25,12223.46
2014-03-21,9712.64
2014-03-20,8115.92
2014-03-19,7177.39
2014-03-18,7546.71
2014-03-17,6783.48
2014-03-14,6134.39
2014-03-13,6869.39
2014-03-12,5774.45
2014-03-11,6498.46
2014-03-10,6511.12
2014-03-07,8072.25
2014-03-06,7569.8
2014-03-05,6323.06
2014-02-28,10788.01
2014-02-27,22795.47
2014-02-26,12195.13
2014-02-25,27718.67
2014-02-24,17412.05
2014-02-21,20460.68
2014-02-20,15162.67
2014-02-19,13555.23
2014-02-18,14505.73
2014-02-17,13066.54
2014-02-14,12463.19
2014-02-13,11537.71
2014-02-12,9870.69
2014-02-11,25557.17
2014-02-10,24851.4
2014-02-07,24754.78
2014-02-06,21198.9
2014-02-05,20449.16
2014-02-04,17457.59
2014-02-03,15714.4
2014-01-31,12743.04
2014-01-30,12314.39
2014-01-29,12970.64
2014-01-28,16466.0
2014-01-27,20306.22
2014-01-24,17981.34
2014-01-23,14731.05
2014-01-22,13992.83
2014-01-21,13169.83
2014-01-20,12663.8
2014-01-17,10823.66
2014-01-16,9636.88
2014-01-15,6059.38
2014-01-14,4456.09
2014-01-13,4458.52
2014-01-10,4605.27
2014-01-09,5459.79
2014-01-08,6755.87
2014-01-07,6208.83
2014-01-06,5742.35
2014-01-03,5749.22
2014-01-02,6205.43
2013-12-30,5344.96
2013-12-27,5867.29
2013-12-26,5182.66
2013-12-23,5078.25
2013-12-20,4508.03
2013-12-19,6078.96
2013-12-18,7420.74
2013-12-17,7368.84
2013-12-16,6901.99
2013-12-13,6925.29
2013-12-12,6402.45
2013-12-11,6054.13
2013-12-10,6174.84
2013-12-09,6625.22
2013-12-06,6053.56
2013-12-05,5726.66
2013-12-04,5422.15
2013-12-03,5395.7
2013-12-02,5471.32
2013-11-29,20683.21
2013-11-28,22501.02
2013-11-27,20083.34
2013-11-26,18219.77
2013-11-22,17440.34
2013-11-21,18237.16
2013-11-20,17956.66
2013-11-19,16890.39
2013-11-18,14456.93
2013-11-15,11588.72
2013-11-14,12074.58
2013-11-13,11355.94
2013-11-12,10576.63
2013-11-11,10605.39
2013-11-08,9894.36
2013-11-07,9770.39
2013-11-05,9528.61
2013-11-04,9602.13
2013-11-01,9564.39
2013-10-31,25048.9
2013-10-30,21225.7
2013-10-29,19877.61
2013-10-28,15913.25
2013-10-25,12103.6
2013-10-24,11604.72
2013-10-23,11840.51
2013-10-22,13456.01
2013-10-21,14750.03
2013-10-18,12532.34
2013-10-17,12283.04
2013-10-16,11090.46
2013-10-15,9883.49
2013-10-11,10574.96
2013-10-10,9991.75
2013-10-09,10028.99
2013-10-08,10093.13
2013-10-07,10654.54
2013-10-04,10925.13
2013-10-03,10590.17
2013-10-02,11372.19
2013-10-01,11188.41
2013-09-30,22250.49
2013-09-27,19768.54
2013-09-26,17118.21
2013-09-25,15616.09
2013-09-24,18166.9
2013-09-23,18606.31
2013-09-20,16646.58
2013-09-19,13177.13
2013-09-18,11900.92
2013-09-17,12932.94
2013-09-16,13772.74
2013-09-13,13027.91
2013-09-12,12063.31
2013-09-11,12865.85
2013-09-10,12291.85
2013-09-09,12343.68
2013-09-06,11823.87
2013-09-05,12279.1
2013-09-04,11349.95
2013-09-03,11560.18
2013-09-02,13893.74
2013-08-30,20755.69
2013-08-29,18286.32
2013-08-28,18481.76
2013-08-27,17233.8
2013-08-26,17190.49
2013-08-23,18819.39
2013-08-22,16758.79
2013-08-21,14626.03
2013-08-20,16260.13
2013-08-16,18718.18
2013-08-15,15576.98
2013-08-14,16484.15
2013-08-13,12019.5
2013-08-12,12633.05
2013-08-09,13196.61
2013-08-08,11285.81
2013-08-07,9595.82
2013-08-06,9643.49
2013-08-05,10949.11
2013-08-02,10700.8
2013-08-01,10733.39
2013-07-31,21887.98
2013-07-30,20463.59
2013-07-29,13805.74
2013-07-26,9932.95
2013-07-25,9692.72
2013-07-24,10803.01
2013-07-23,13436.93
2013-07-22,10088.79
2013-07-19,10519.64
2013-07-18,8724.54
2013-07-17,7695.16
2013-07-16,8579.83
2013-07-15,5546.33
2013-07-12,6192.28
2013-07-11,7133.22
2013-07-10,6539.88
2013-07-08,8125.18
2013-07-05,7250.23
2013-07-04,8278.1
2013-07-03,8736.21
2013-07-02,9195.9
2013-07-01,10433.17
2013-06-28,18145.33
2013-06-27,17298.21
2013-06-26,17247.63
2013-06-25,13754.24
2013-06-24,13675.41
2013-06-19,12190.67
2013-06-18,10128.86
2013-06-17,9519.79
2013-06-14,7424.42
2013-06-13,7738.35
2013-06-12,8402.33
2013-06-11,10281.68
2013-06-10,9789.44
2013-06-07,9402.08
2013-06-06,9698.02
2013-06-05,9174.76
2013-06-04,9445.51
2013-06-03,9042.75
2013-05-31,13520.71
2013-05-30,15446.07
2013-05-29,17710.8
2013-05-28,16316.27
2013-05-27,15907.79
2013-05-24,14202.33
2013-05-23,12642.47
2013-05-22,13737.49
2013-05-21,15055.54
2013-05-20,15473.19
2013-05-17,14588.29
2013-05-16,14282.0
2013-05-15,12231.22
2013-05-14,10674.45
2013-05-13,11862.61
2013-05-10,14313.68
2013-05-09,15047.93
2013-05-08,15135.22
2013-05-07,17624.48
2013-05-06,16877.05
2013-05-03,16732.34
2013-05-02,18167.82
2013-04-30,24156.1
2013-04-29,32340.98
2013-04-26,25450.91
2013-04-25,22782.81
2013-04-24,20390.56
2013-04-23,18619.67
2013-04-22,17281.93
2013-04-19,14701.07
2013-04-18,12328.35
2013-04-17,12865.96
2013-04-16,10598.7
2013-04-15,9457.13
2013-04-12,8198.81
2013-04-11,8203.09
2013-04-10,7943.58
2013-04-09,8424.89
2013-04-08,8493.86
2013-04-05,7694.49
2013-04-04,6244.82
2013-04-03,5567.26
2013-03-27,7467.38
2013-03-26,9311.13
2013-03-25,11618.8
2013-03-22,13472.31
2013-03-21,15541.38
2013-03-20,14431.03
2013-03-19,15382.07
2013-03-18,16025.79
2013-03-15,14839.9
2013-03-14,12621.95
2013-03-13,12693.09
2013-03-12,12952.2
2013-03-11,12880.27
2013-03-08,12726.82
2013-03-07,12555.89
2013-03-06,12587.82
2013-03-05,12100.84
2013-03-04,12114.02
2013-03-01,12615.53
2013-02-28,21636.01
2013-02-27,20628.03
2013-02-26,20019.85
2013-02-25,20130.87
2013-02-22,19191.86
2013-02-21,15779.19
2013-02-19,16291.29
2013-02-18,13928.07
2013-02-15,9414.59
2013-02-14,11765.11
2013-02-13,12807.56
2013-02-08,18605.24
2013-02-07,20680.96
2013-02-06,21751.51
2013-02-05,24383.93
2013-02-04,24147.91
2013-02-01,23422.46
2013-01-30,25363.29
2013-01-29,26122.26
2013-01-28,25933.28
2013-01-25,23524.74
2013-01-24,22171.42
2013-01-23,21815.49
2013-01-22,19834.74
2013-01-21,19863.96
2013-01-18,20710.18
2013-01-17,19562.22
2013-01-16,18623.49
2013-01-15,18085.63
2013-01-14,19687.34
2013-01-11,18427.68
2013-01-10,19943.64
2013-01-09,21738.21
2013-01-08,21927.59
2013-01-07,21766.36
2013-01-04,20214.79
2013-01-03,17452.43
2013-01-02,17752.89
2012-12-31,15370.38
2012-12-28,14541.95
2012-12-27,18007.36
2012-12-26,21603.64
2012-12-21,20717.19
2012-12-20,21394.43
2012-12-19,10934.84
2012-12-18,20437.73
2012-12-17,20831.08
2012-12-14,17496.91
2012-12-13,17282.02
2012-12-12,18007.44
2012-12-11,20152.56
2012-12-10,13595.57
2012-12-07,11095.89
2012-12-06,12304.26
2012-12-05,11752.97
2012-12-04,11678.02
2012-12-03,11826.93
2012-11-30,31115.26
2012-11-29,32091.55
2012-11-28,29400.26
2012-11-27,27368.92
2012-11-23,26362.94
2012-11-22,13276.36
2012-11-21,14744.28
2012-11-20,16889.42
2012-11-19,15987.27
2012-11-16,15311.6
2012-11-15,14196.81
2012-11-14,14379.45
2012-11-13,15512.81
2012-11-12,14692.58
2012-11-09,14457.88
2012-11-08,15396.07
2012-11-07,13403.81
2012-11-05,11549.85
2012-11-02,11735.43
2012-11-01,10962.39
2012-10-31,20538.68
2012-10-30,21149.88
2012-10-29,20028.1
2012-10-26,21198.79
2012-10-25,19029.71
2012-10-24,15755.38
2012-10-23,18485.13
2012-10-22,16436.64
2012-10-19,16575.65
2012-10-18,16050.89
2012-10-17,15933.39
2012-10-16,17214.59
2012-10-15,16942.5
2012-10-12,18116.82
2012-10-11,18814.19
2012-10-10,18707.2
2012-10-09,17165.27
2012-10-05,14619.71
2012-10-04,14508.41
2012-10-03,13322.09
2012-10-02,12439.71
2012-10-01,12485.96
2012-09-28,16857.42
2012-09-27,17232.56
2012-09-26,16958.88
2012-09-25,16504.43
2012-09-21,18346.09
2012-09-20,18390.79
2012-09-19,18323.05
2012-09-18,17006.87
2012-09-17,16290.75
2012-09-14,15539.23
2012-09-13,15693.96
2012-09-12,16176.88
2012-09-11,17961.84
2012-09-10,17939.78
2012-09-07,18638.54
2012-09-06,16350.27
2012-09-05,16031.73
2012-09-04,16283.13
2012-09-03,16598.14
2012-08-31,18792.0
2012-08-30,19075.64
2012-08-29,21348.03
2012-08-28,19924.26
2012-08-27,20499.85
2012-08-24,19317.78
2012-08-23,19531.67
2012-08-22,15525.56
2012-08-21,18242.48
2012-08-17,20163.67
2012-08-16,15888.12
2012-08-15,15270.68
2012-08-14,16532.6
2012-08-13,17173.91
2012-08-10,18685.66
2012-08-09,17792.4
2012-08-08,19017.66
2012-08-07,17084.25
2012-08-06,15702.48
2012-08-03,16403.01
2012-08-02,17779.29
2012-08-01,20369.93
2012-07-31,28065.39
2012-07-30,24861.63
2012-07-27,23052.66
2012-07-26,21755.1
2012-07-25,18790.61
2012-07-24,19701.73
2012-07-23,18458.3
2012-07-20,18328.92
2012-07-19,16202.56
2012-07-18,15325.99
2012-07-17,15656.41
2012-07-16,16452.67
2012-07-13,17307.34
2012-07-12,19534.3
2012-07-11,21152.47
2012-07-10,18135.51
2012-07-06,18598.17
2012-07-05,16912.48
2012-07-04,16207.93
2012-07-03,15850.37
2012-07-02,13611.29
2012-06-29,20042.41
2012-06-28,23500.46
2012-06-27,21734.74
2012-06-26,19193.14
2012-06-25,17576.5
2012-06-22,17505.33
2012-06-21,18052.63
2012-06-19,18811.32
2012-06-18,17998.98
2012-06-15,17493.01
2012-06-14,18311.02
2012-06-13,19639.14
2012-06-12,20635.8
2012-06-11,20519.73
2012-06-08,21464.72
2012-06-07,21919.98
2012-06-06,23218.43
2012-06-05,23531.73
2012-06-04,24797.06
2012-06-01,23959.31
2012-05-31,31237.26
2012-05-30,27917.88
2012-05-29,32234.24
2012-05-28,29677.74
2012-05-24,30956.33
2012-05-23,29949.62
2012-05-22,30646.83
2012-05-21,30749.73
2012-05-18,25197.62
2012-05-17,26437.04
2012-05-16,27684.44
2012-05-15,27706.22
2012-05-14,26101.01
2012-05-11,25927.11
2012-05-10,27667.4
2012-05-09,29131.79
2012-05-08,30679.4
2012-05-07,29798.34
2012-05-04,27772.52
2012-05-03,26396.3
2012-05-02,19991.35
2012-04-27,26932.64
2012-04-26,25869.8
2012-04-25,22363.06
2012-04-24,31967.14
2012-04-23,30473.4
2012-04-20,29950.48
2012-04-19,26550.61
2012-04-18,25045.69
2012-04-17,25167.48
2012-04-16,22643.36
2012-04-13,23534.32
2012-04-12,21381.98
2012-04-11,20167.66
2012-04-10,21135.55
2012-04-09,21459.79
2012-04-04,20940.68
2012-04-03,19674.05
2012-03-30,21625.28
2012-03-29,28042.92
2012-03-28,22739.94
2012-03-27,23087.18
2012-03-26,23916.79
2012-03-23,21324.69
2012-03-22,20530.6
2012-03-21,21416.5
2012-03-20,22332.71
2012-03-19,21051.89
2012-03-16,20704.12
2012-03-15,18292.51
2012-03-14,15056.86
2012-03-13,16599.38
2012-03-12,16909.88
2012-03-09,18278.43
2012-03-08,20494.83
2012-03-07,22152.46
2012-03-06,22572.03
2012-03-05,21994.68
2012-03-02,21191.74
2012-03-01,21712.3
2012-02-29,31065.37
2012-02-28,31096.97
2012-02-24,34523.0
2012-02-23,28647.69
2012-02-22,21372.93
2012-02-17,28737.23
2012-02-16,27888.09
2012-02-15,24918.57
2012-02-14,25075.61
2012-02-13,23825.25
2012-02-10,24396.31
2012-02-09,24813.1
2012-02-08,25037.6
2012-02-07,26710.18
2012-02-06,27271.97
2012-02-03,26322.79
2012-02-02,24603.13
2012-02-01,21414.95
2012-01-31,20761.81
2012-01-30,18862.0
2012-01-27,17121.14
2012-01-26,15906.88
2012-01-25,14893.25
2012-01-24,13014.89
2012-01-23,14004.44
2012-01-20,14029.49
2012-01-19,12889.94
2012-01-18,12298.6
2012-01-17,14010.63
2012-01-16,13333.02
2012-01-13,13507.11
2012-01-12,12260.05
2012-01-11,14330.61
2012-01-10,16882.15
2012-01-09,18429.22
2012-01-06,20745.73
2012-01-05,20915.42
2012-01-04,18091.74
2012-01-03,14396.52
2011-12-30,13093.69
2011-12-29,12649.24
2011-12-28,13518.74
2011-12-27,14337.02
2011-12-23,14908.52
2011-12-22,13832.38
2011-12-21,13500.66
2011-12-20,14413.88
2011-12-19,13659.25
2011-12-16,12354.15
2011-12-15,10799.07
2011-12-14,10474.38
2011-12-13,11031.0
2011-12-12,11051.72
2011-12-07,12045.42
2011-12-06,9675.79
2011-12-05,9903.42
2011-12-02,7995.26
2011-12-01,8246.13
2011-11-30,15981.97
2011-11-29,14156.71
2011-11-25,13756.84
2011-11-24,11772.74
2011-11-23,10987.53
2011-11-22,9890.35
2011-11-21,9502.75
2011-11-18,8827.25
2011-11-17,8392.4
2011-11-16,8765.26
2011-11-15,7575.48
2011-11-14,7037.5
2011-11-11,7932.26
2011-11-10,8464.15
2011-11-09,9797.04
2011-11-08,10386.16
2011-11-07,9741.45
2011-11-04,9107.03
2011-11-03,6137.06
2011-11-02,5927.39
2011-11-01,6754.05
2011-10-31,10971.88
2011-10-28,13165.12
2011-10-27,12063.36
2011-10-26,12969.11
2011-10-25,11305.84
2011-10-24,11047.1
2011-10-21,11255.53
2011-10-20,9714.08
2011-10-19,11837.13
2011-10-18,9756.49
2011-10-17,9290.14
2011-10-14,8485.7
2011-10-13,8586.79
2011-10-12,8105.88
2011-10-11,8674.06
2011-10-07,8089.14
2011-10-06,7573.03
2011-10-05,7510.88
2011-10-04,6945.13
2011-10-03,7333.06
2011-09-30,10454.27
2011-09-29,14365.74
2011-09-28,13136.49
2011-09-27,13296.78
2011-09-26,12517.95
2011-09-23,14560.99
2011-09-22,13485.86
2011-09-21,13028.66
2011-09-20,11828.98
2011-09-19,10128.48
2011-09-16,10301.02
2011-09-15,7310.92
2011-09-14,6499.65
2011-09-13,6903.5
2011-09-12,7022.12
2011-09-09,9279.91
2011-09-08,9741.02
2011-09-07,10155.89
2011-09-06,9700.99
2011-09-05,8436.08
2011-09-02,8967.88
2011-09-01,10355.53
2011-08-31,16414.71
2011-08-30,16512.44
2011-08-29,16443.01
2011-08-26,15878.07
2011-08-25,14705.38
2011-08-24,12772.48
2011-08-23,11797.08
2011-08-19,12582.74
2011-08-18,13376.28
2011-08-17,13451.84
2011-08-16,13281.3
2011-08-15,10701.31
2011-08-12,10990.35
2011-08-11,9992.77
2011-08-10,10555.44
2011-08-09,9863.97
2011-08-08,9908.29
2011-08-05,10720.8
2011-08-04,8451.8
2011-08-03,7920.76
2011-08-02,6744.01
2011-08-01,7076.57
2011-07-29,11693.69
2011-07-28,11724.5
2011-07-27,10536.7
2011-07-26,9195.34
2011-07-25,8769.08
2011-07-22,8941.19
2011-07-21,7898.14
2011-07-20,6531.04
2011-07-19,5778.09
2011-07-18,5669.65
2011-07-15,5429.06
2011-07-14,3234.74
2011-07-13,3790.37
2011-07-12,4202.2
2011-07-11,4362.47
2011-07-08,6320.26
2011-07-07,6091.83
2011-07-06,5860.19
2011-07-05,5492.17
2011-07-04,5964.24
2011-07-01,4601.85
2011-06-30,10958.52
2011-06-29,13139.38
2011-06-28,11466.82
2011-06-27,10633.07
2011-06-24,10288.95
2011-06-23,10733.58
2011-06-22,10075.33
2011-06-21,9988.86
2011-06-17,10164.29
2011-06-16,10771.43
2011-06-15,9011.67
2011-06-14,10348.14
2011-06-13,10265.05
2011-06-10,10472.42
2011-06-09,11224.81
2011-06-08,10286.9
2011-06-07,10126.06
2011-06-06,9209.34
2011-06-03,9480.03
2011-06-02,10136.66
2011-06-01,9563.32
2011-05-31,14876.27
2011-05-30,18175.73
2011-05-27,15890.38
2011-05-26,13825.13
2011-05-24,12151.01
2011-05-23,12124.11
2011-05-20,11788.74
2011-05-19,11353.39
2011-05-18,11974.36
2011-05-17,12929.03
2011-05-16,12320.22
2011-05-13,13594.12
2011-05-12,14229.97
2011-05-11,15098.38
2011-05-10,16002.52
2011-05-09,13587.87
2011-05-06,14034.44
2011-05-05,12872.35
2011-05-04,12339.46
2011-05-03,12610.38
2011-05-02,12444.02
2011-04-29,16010.65
2011-04-28,15734.14
2011-04-27,15369.09
2011-04-26,14483.39
2011-04-25,13234.43
2011-04-20,10657.56
2011-04-19,11170.67
2011-04-18,12299.48
2011-04-15,12380.43
2011-04-14,11713.34
2011-04-13,13238.48
2011-04-12,13889.04
2011-04-11,13964.29
2011-04-08,15303.9
2011-04-07,14175.01
2011-04-06,12865.51
2011-04-05,13371.3
2011-04-04,14535.34
2011-04-01,14384.85
2011-03-31,21093.62
2011-03-30,21583.0
2011-03-29,17333.25
2011-03-28,14590.86
2011-03-23,14790.63
2011-03-22,15101.05
2011-03-21,15145.63
2011-03-18,14689.94
2011-03-17,12735.44
2011-03-16,12916.27
2011-03-15,11494.88
2011-03-14,11650.63
2011-03-11,11691.47
2011-03-10,10634.17
2011-03-09,8817.46
2011-03-04,9484.43
2011-03-03,9452.83
2011-03-02,8516.46
2011-03-01,9788.92
2011-02-28,14133.0
2011-02-25,10655.69
2011-02-24,11043.6
2011-02-23,11463.51
2011-02-22,11033.58
2011-02-21,11561.39
2011-02-18,11143.26
2011-02-17,9748.12
2011-02-16,9788.47
2011-02-15,9649.38
2011-02-14,9491.47
2011-02-11,9623.44
2011-02-10,10041.37
2011-02-09,10498.48
2011-02-08,11811.19
2011-02-07,11370.39
2011-02-04,12508.03
2011-02-03,12010.18
2011-02-02,12079.62
2011-02-01,13659.81
2011-01-31,15397.74
2011-01-28,15632.18
2011-01-27,14181.7
2011-01-26,12860.9
2011-01-25,11374.18
2011-01-24,11376.05
2011-01-21,11355.31
2011-01-20,10958.22
2011-01-19,10979.95
2011-01-18,10976.19
2011-01-17,9884.59
2011-01-14,9067.54
2011-01-13,9633.43
2011-01-12,10214.43
2011-01-11,11124.82
2011-01-10,11458.66
2011-01-07,11297.32
2011-01-06,10833.21
2011-01-05,10459.5
2011-01-04,10899.43
2011-01-03,12096.3
2010-12-30,14315.34
2010-12-29,13649.93
2010-12-28,12350.82
2010-12-27,9367.2
2010-12-23,8769.12
2010-12-22,9720.65
2010-12-21,10648.79
2010-12-20,10181.41
2010-12-17,10763.79
2010-12-16,8268.46
2010-12-15,7513.32
2010-12-14,7460.08
2010-12-13,7364.44
2010-12-10,7699.5
2010-12-09,7850.78
2010-12-07,8661.59
2010-12-06,8604.07
2010-12-03,8684.12
2010-12-02,7656.06
2010-12-01,7562.46
2010-11-30,13514.72
2010-11-29,12467.8
2010-11-26,12219.97
2010-11-25,10140.44
2010-11-24,10525.32
2010-11-23,10164.75
2010-11-19,11626.59
2010-11-18,13141.78
2010-11-17,13544.43
2010-11-16,13190.59
2010-11-15,11690.91
2010-11-12,11574.24
2010-11-11,12150.17
2010-11-10,13338.25
2010-11-09,14405.76
2010-11-08,14015.85
2010-11-05,14782.97
2010-11-04,12315.42
2010-11-03,11973.36
2010-11-02,12225.63
2010-11-01,11154.4
2010-10-29,15623.0
2010-10-28,15248.07
2010-10-26,14623.1
2010-10-25,12460.24
2010-10-22,11819.48
2010-10-21,12698.16
2010-10-20,13913.19
2010-10-19,14965.64
2010-10-18,13140.14
2010-10-15,11802.76
2010-10-14,12048.71
2010-10-13,12205.83
2010-10-12,11443.36
2010-10-08,11023.25
2010-10-07,9783.48
2010-10-06,10245.15
2010-10-05,10517.28
2010-10-04,9649.09
2010-10-01,9845.83
2010-09-30,11029.11
2010-09-29,10164.35
2010-09-28,11943.43
2010-09-27,12554.97
2010-09-24,13316.66
2010-09-23,13074.32
2010-09-22,14072.3
2010-09-21,14442.99
2010-09-20,14771.49
2010-09-17,15373.36
2010-09-16,15091.22
2010-09-15,13280.64
2010-09-14,12655.59
2010-09-13,12577.45
2010-09-10,12213.98
2010-09-09,12549.64
2010-09-08,12662.72
2010-09-07,13749.18
2010-09-06,12965.05
2010-09-03,12725.78
2010-09-02,12111.71
2010-09-01,12024.95
2010-08-31,14912.89
2010-08-30,14229.48
2010-08-27,11650.09
2010-08-26,10099.48
2010-08-25,10367.06
2010-08-24,11878.98
2010-08-23,12258.98
2010-08-20,13426.62
2010-08-19,14011.8
2010-08-18,13661.37
2010-08-17,12755.57
2010-08-13,13250.55
2010-08-12,12583.23
2010-08-11,13353.0
2010-08-10,14626.67
2010-08-09,14335.37
2010-08-06,14484.48
2010-08-05,13996.89
2010-08-04,13248.14
2010-08-03,13687.45
2010-08-02,13835.35
2010-07-30,15737.67
2010-07-29,15550.67
2010-07-28,15395.65
2010-07-27,15847.21
2010-07-26,16238.44
2010-07-23,15593.13
2010-07-22,15394.23
2010-07-21,15695.57
2010-07-20,17856.13
2010-07-19,15790.78
2010-07-16,15358.26
2010-07-15,14386.63
2010-07-14,14538.35
2010-07-13,15597.9
2010-07-12,14409.15
2010-07-08,14717.53
2010-07-07,13663.75
2010-07-06,13559.4
2010-07-05,13589.81
2010-07-02,13988.22
2010-07-01,12973.03
2010-06-30,16630.94
2010-06-29,15526.4
2010-06-28,14740.79
2010-06-25,15750.48
2010-06-24,14561.51
2010-06-23,15397.05
2010-06-22,16899.4
2010-06-18,18653.24
2010-06-17,16080.98
2010-06-16,15588.34
2010-06-15,15275.65
2010-06-14,15443.75
2010-06-11,16004.24
2010-06-10,15462.21
2010-06-09,16510.8
2010-06-08,16491.46
2010-06-07,15732.24
2010-06-04,13889.03
2010-06-03,13510.87
2010-06-02,14692.87
2010-06-01,13970.32
2010-05-31,19973.37
2010-05-28,19603.93
2010-05-27,17646.04
2010-05-26,16240.11
2010-05-21,16571.89
2010-05-20,15920.19
2010-05-19,17768.31
2010-05-18,18893.34
2010-05-17,16470.54
2010-05-14,14971.1
2010-05-13,14955.75
2010-05-12,14830.45
2010-05-11,15382.3
2010-05-10,14834.26
2010-05-07,12854.7
2010-05-06,13742.16
2010-05-05,12527.62
2010-05-04,13635.69
2010-05-03,15539.14
2010-04-30,17615.69
2010-04-29,20177.57
2010-04-28,19004.72
2010-04-27,19880.84
2010-04-26,16620.35
2010-04-23,16219.0
2010-04-22,16675.72
2010-04-21,16556.0
2010-04-20,16690.98
2010-04-19,16930.62
2010-04-16,16282.57
2010-04-15,14165.36
2010-04-14,13162.11
2010-04-13,13232.81
2010-04-12,13258.27
2010-04-09,13308.59
2010-04-08,12637.18
2010-04-07,11384.35
2010-04-06,10567.15
2010-04-05,9575.35
2010-03-31,11854.72
2010-03-30,13727.81
2010-03-29,14635.0
2010-03-26,13455.07
2010-03-25,13380.72
2010-03-23,15399.99
2010-03-22,16083.38
2010-03-19,15081.83
2010-03-18,15646.84
2010-03-17,15964.81
2010-03-16,14931.42
2010-03-15,13694.66
2010-03-12,12859.51
2010-03-11,12239.2
2010-03-10,12505.3
2010-03-09,12436.3
2010-03-08,12497.52
2010-03-05,11726.91
2010-03-04,11526.84
2010-03-03,10944.51
2010-03-02,12875.22
2010-03-01,14471.38
2010-02-26,18710.05
2010-02-25,17909.71
2010-02-24,19395.36
2010-02-23,18596.06
2010-02-22,18456.65
2010-02-19,18234.4
2010-02-18,18431.16
2010-02-17,17764.3
2010-02-16,16475.7
2010-02-15,15402.0
2010-02-12,15047.6
2010-02-11,14501.74
2010-02-10,15337.82
2010-02-09,16731.79
2010-02-08,16916.53
2010-02-05,16874.21
2010-02-04,17013.67
2010-02-03,16762.61
2010-02-02,16175.6
2010-02-01,14204.15
2010-01-29,16124.42
2010-01-28,15512.55
2010-01-27,14896.78
2010-01-26,14398.54
2010-01-25,13183.68
2010-01-22,12901.52
2010-01-21,13253.63
2010-01-20,13505.74
2010-01-19,13268.4
2010-01-18,12304.09
2010-01-15,11352.37
2010-01-14,9948.63
2010-01-13,9808.24
2010-01-12,9264.16
2010-01-11,9927.64
2010-01-08,9430.52
2010-01-07,9302.14
2010-01-06,8325.85
2010-01-05,8483.46
2010-01-04,6759.82
2009-12-31,7893.96
2009-12-30,7063.72
2009-12-29,6649.8
2009-12-28,6755.02
2009-12-24,7643.76
2009-12-23,7569.28
2009-12-22,8170.6
2009-12-21,9005.87
2009-12-18,9717.4
2009-12-17,8369.16
2009-12-16,6657.88
2009-12-15,5795.78
2009-12-14,5931.84
2009-12-11,7304.71
2009-12-10,6179.83
2009-12-09,6028.39
2009-12-07,5539.75
2009-12-04,4804.5
2009-12-03,4992.87
2009-12-02,5625.44
2009-12-01,5905.79
2009-11-30,9433.23
2009-11-27,8893.87
2009-11-26,7631.94
2009-11-25,9162.73
2009-11-24,10415.55
2009-11-23,10239.43
2009-11-20,9754.01
2009-11-19,9776.86
2009-11-18,11054.41
2009-11-17,12218.29
2009-11-16,10660.48
2009-11-13,10570.32
2009-11-12,9890.51
2009-11-11,10815.47
2009-11-10,11128.49
2009-11-09,11101.84
2009-11-05,10438.7
2009-11-04,9585.74
2009-11-03,9674.4
2009-11-02,9159.15
2009-10-30,11519.24
2009-10-29,11205.14
2009-10-28,11015.03
2009-10-27,11349.38
2009-10-26,11772.13
2009-10-23,12580.76
2009-10-22,12706.83
2009-10-21,12626.96
2009-10-20,13816.21
2009-10-19,13834.92
2009-10-16,12129.84
2009-10-15,10022.83
2009-10-14,9100.08
2009-10-13,8877.98
2009-10-09,9244.99
2009-10-08,9335.19
2009-10-07,10035.59
2009-10-06,10321.64
2009-10-05,10065.07
2009-10-02,9845.62
2009-10-01,10117.2
2009-09-30,12772.64
2009-09-29,11359.95
2009-09-28,10499.79
2009-09-25,10272.48
2009-09-24,10698.85
2009-09-23,10218.39
2009-09-22,12558.28
2009-09-21,12014.09
2009-09-18,11808.72
2009-09-17,12495.58
2009-09-16,10957.37
2009-09-15,10878.48
2009-09-14,10176.33
2009-09-11,11142.83
2009-09-10,10026.35
2009-09-09,10340.37
2009-09-08,11594.64
2009-09-07,10758.36
2009-09-04,10292.87
2009-09-03,8723.81
2009-09-02,9835.32
2009-09-01,9849.74
2009-08-31,12827.0
2009-08-28,13928.03
2009-08-27,13636.98
2009-08-26,12551.39
2009-08-25,12857.15
2009-08-24,13449.58
2009-08-21,13603.54
2009-08-20,13648.06
2009-08-19,14161.53
2009-08-18,13199.67
2009-08-14,13399.84
2009-08-13,13029.63
2009-08-12,11580.91
2009-08-11,12344.43
2009-08-10,12063.95
2009-08-07,11426.2
2009-08-06,10603.97
2009-08-05,9414.24
2009-08-04,8844.77
2009-08-03,9754.38
2009-07-31,16253.29
2009-07-30,14251.44
2009-07-29,13334.08
2009-07-28,14179.14
2009-07-27,14441.36
2009-07-24,13651.86
2009-07-23,12807.02
2009-07-22,13382.93
2009-07-21,13287.63
2009-07-20,12637.99
2009-07-17,13538.82
2009-07-16,11835.04
2009-07-15,10161.96
2009-07-14,9698.97
2009-07-13,9657.26
2009-07-08,9748.3
2009-07-07,11105.94
2009-07-06,10654.57
2009-07-03,9693.99
2009-07-02,9927.28
2009-07-01,9868.82
2009-06-30,13955.7
2009-06-29,15395.48
2009-06-26,15186.03
2009-06-25,15804.62
2009-06-24,18019.92
2009-06-23,17370.35
2009-06-22,17183.99
2009-06-19,18306.16
2009-06-18,16616.06
2009-06-17,16920.32
2009-06-16,15418.8
2009-06-12,15343.68
2009-06-11,14713.16
2009-06-10,15055.56
2009-06-09,13285.35
2009-06-08,14256.09
2009-06-05,12522.31
2009-06-04,11314.1
2009-06-03,9996.34
2009-06-02,10533.12
2009-06-01,11332.9
2009-05-29,17662.25
2009-05-28,16785.59
2009-05-27,16663.29
2009-05-26,15298.16
2009-05-22,17450.37
2009-05-21,18099.69
2009-05-20,18248.87
2009-05-19,19719.75
2009-05-18,17313.15
2009-05-15,16410.28
2009-05-14,15502.86
2009-05-13,15804.02
2009-05-12,15713.12
2009-05-11,14939.42
2009-05-08,16507.59
2009-05-07,14340.59
2009-05-06,13467.57
2009-05-05,12856.38
2009-05-04,12966.93
2009-04-30,14955.02
2009-04-29,18254.38
2009-04-28,17219.05
2009-04-27,16244.4
2009-04-24,16304.49
2009-04-23,16524.1
2009-04-22,17122.9
2009-04-21,17249.17
2009-04-20,16903.86
2009-04-17,17355.53
2009-04-16,15424.01
2009-04-15,14890.72
2009-04-14,15839.44
2009-04-13,15380.86
2009-04-08,14772.73
2009-04-07,13086.36
2009-04-06,13585.66
2009-04-03,11810.29
2009-04-01,11190.58
2009-03-31,18288.14
2009-03-30,20253.89
2009-03-27,19207.22
2009-03-26,18100.37
2009-03-25,16809.88
2009-03-23,16278.19
2009-03-20,16882.1
2009-03-19,16072.62
2009-03-18,16742.03
2009-03-17,16291.17
2009-03-16,15832.2
2009-03-13,16714.94
2009-03-12,16074.49
2009-03-11,16281.77
2009-03-10,16204.06
2009-03-09,16070.33
2009-03-06,15967.7
2009-03-05,14287.15
2009-03-04,13412.84
2009-03-03,13226.25
2009-03-02,12158.93
2009-02-27,15789.97
2009-02-26,17268.55
2009-02-25,16912.65
2009-02-24,15805.67
2009-02-23,15909.76
2009-02-20,16447.5
2009-02-19,16998.81
2009-02-18,17141.62
2009-02-17,16547.87
2009-02-16,15359.22
2009-02-13,15372.71
2009-02-12,14759.14
2009-02-11,14801.65
2009-02-10,14537.36
2009-02-09,15936.09
2009-02-06,16060.47
2009-02-05,16225.35
2009-02-04,16322.32
2009-02-03,16138.12
2009-02-02,15918.39
2009-01-30,16060.91
2009-01-29,17670.08
2009-01-28,17075.46
2009-01-27,17263.83
2009-01-26,17266.68
2009-01-23,17047.18
2009-01-22,17442.16
2009-01-21,17439.92
2009-01-20,18224.93
2009-01-19,17838.77
2009-01-16,16925.01
2009-01-15,15577.62
2009-01-14,14877.88
2009-01-13,15341.02
2009-01-12,15552.76
2009-01-09,15776.75
2009-01-08,15939.53
2009-01-07,15204.25
2009-01-06,15367.95
2009-01-05,13870.96
2009-01-02,11659.05
2008-12-31,11353.06
2008-12-30,11100.07
2008-12-29,11688.94
2008-12-26,10868.25
2008-12-24,11403.81
2008-12-23,10567.32
2008-12-22,10612.13
2008-12-19,11150.21
2008-12-18,10950.09
2008-12-17,11314.32
2008-12-16,9940.64
2008-12-15,9803.68
2008-12-12,9394.21
2008-12-11,9499.41
2008-12-10,9437.8
2008-12-09,9451.9
2008-12-05,9206.09
2008-12-04,9974.17
2008-12-03,10194.78
2008-12-02,8867.48
2008-12-01,7183.42
2008-11-28,11305.42
2008-11-27,10774.76
2008-11-26,10777.84
2008-11-25,9946.15
2008-11-24,10775.84
2008-11-21,11725.53
2008-11-20,11479.96
2008-11-19,11070.01
2008-11-18,10795.0
2008-11-17,10277.52
2008-11-14,9148.22
2008-11-13,9193.43
2008-11-12,8495.55
2008-11-11,7942.32
2008-11-10,8316.96
2008-11-07,7150.88
2008-11-05,6893.64
2008-11-04,5918.14
2008-11-03,4838.58
2008-10-31,5093.64
2008-10-30,5993.04
2008-10-29,7222.05
2008-10-28,10890.04
2008-10-27,10274.76
2008-10-24,10323.12
2008-10-23,10580.22
2008-10-22,11107.92
2008-10-21,9972.03
2008-10-20,9990.18
2008-10-17,9125.54
2008-10-16,8542.15
2008-10-15,7968.41
2008-10-14,6967.05
2008-10-10,6945.17
2008-10-09,8052.13
2008-10-08,8969.69
2008-10-07,9565.98
2008-10-06,9577.38
2008-10-03,10464.33
2008-10-02,9642.7
2008-10-01,9407.64
2008-09-30,12214.82
2008-09-29,13627.66
2008-09-26,13314.81
2008-09-25,13616.74
2008-09-24,13050.85
2008-09-23,12217.2
2008-09-22,12339.03
2008-09-19,12336.44
2008-09-18,11425.7
2008-09-17,11130.73
2008-09-16,10570.06
2008-09-15,9802.88
2008-09-12,10122.58
2008-09-11,10170.36
2008-09-10,9555.1
2008-09-09,9073.75
2008-09-08,9232.34
2008-09-05,9327.89
2008-09-04,9207.68
2008-09-03,9171.05
2008-09-02,9889.64
2008-09-01,10321.52
2008-08-29,13628.72
2008-08-28,14287.58
2008-08-27,14218.5
2008-08-26,13491.8
2008-08-25,12930.8
2008-08-22,14346.79
2008-08-21,14574.59
2008-08-20,13568.24
2008-08-19,11568.96
2008-08-15,9710.05
2008-08-14,9326.99
2008-08-13,9161.55
2008-08-12,8931.02
2008-08-11,8518.35
2008-08-08,9673.47
2008-08-07,9609.29
2008-08-06,9884.36
2008-08-05,10140.57
2008-08-04,8290.98
2008-08-01,8165.01
2008-07-31,14240.97
2008-07-30,15368.13
2008-07-29,15429.65
2008-07-28,14558.6
2008-07-25,14110.54
2008-07-24,12864.61
2008-07-23,11574.83
2008-07-22,11982.4
2008-07-21,10960.29
2008-07-18,10917.28
2008-07-17,10132.82
2008-07-16,7553.9
2008-07-15,6176.75
2008-07-14,6366.55
2008-07-11,6544.19
2008-07-10,6289.03
2008-07-08,7619.22
2008-07-07,6962.65
2008-07-04,7039.34
2008-07-03,6443.04
2008-07-02,6738.95
2008-07-01,6291.34
2008-06-30,5036.04
2008-06-27,6436.43
2008-06-26,5730.44
2008-06-25,5404.99
2008-06-24,4308.32
2008-06-23,4480.51
2008-06-20,4262.65
2008-06-19,6138.59
2008-06-18,5887.58
2008-06-17,4397.05
2008-06-13,4466.28
2008-06-12,4211.05
2008-06-11,3873.41
2008-06-10,3689.08
2008-06-09,3672.26
2008-06-06,3703.64
2008-06-05,4474.05
2008-06-04,4053.02
2008-06-03,3630.29
2008-06-02,4175.01
2008-05-30,6212.64
2008-05-29,6941.74
2008-05-28,7032.61
2008-05-27,6834.37
2008-05-26,6159.86
2008-05-23,7141.71
2008-05-22,7174.27
2008-05-21,6832.87
2008-05-20,5809.21
2008-05-19,4906.34
2008-05-16,5529.6
2008-05-15,4540.57
2008-05-14,5086.26
2008-05-13,5498.7
2008-05-12,6500.63
2008-05-09,7042.9
2008-05-08,7091.13
2008-05-07,6645.31
2008-05-06,6325.23
2008-05-05,5863.24
2008-05-02,5478.47
2008-04-30,7211.31
2008-04-29,7639.32
2008-04-28,7070.44
2008-04-25,5866.4
2008-04-24,7139.06
2008-04-23,6940.99
2008-04-22,8036.76
2008-04-21,9017.46
2008-04-18,10246.39
2008-04-17,10253.31
2008-04-16,10063.87
2008-04-15,8294.01
2008-04-14,8183.23
2008-04-11,7695.0
2008-04-10,7726.49
2008-04-09,8180.59
2008-04-08,8126.33
2008-04-07,7214.93
2008-04-04,6617.17
2008-04-03,6348.24
2008-04-01,6423.24
2008-03-31,8090.08
2008-03-28,9486.67
2008-03-27,10403.18
2008-03-26,9671.95
2008-03-25,9573.8
2008-03-19,8808.68
2008-03-18,8957.71
2008-03-17,7504.98
2008-03-14,7662.21
2008-03-13,8120.19
2008-03-12,8484.44
2008-03-11,8187.44
2008-03-10,7710.83
2008-03-07,7572.25
2008-03-06,8060.01
2008-03-05,7152.64
2008-03-04,7313.65
2008-03-03,6633.63
2008-02-29,7960.97
2008-02-28,9566.32
2008-02-27,9700.99
2008-02-26,9904.13
2008-02-25,9565.67
2008-02-22,9830.51
2008-02-21,8982.07
2008-02-20,10103.28
2008-02-19,10235.12
2008-02-18,10013.44
2008-02-15,9656.19
2008-02-14,9762.63
2008-02-13,10236.52
2008-02-12,10434.02
2008-02-11,10735.04
2008-02-08,11291.81
2008-02-07,11876.1
2008-02-06,12507.68
2008-02-05,11928.99
2008-02-04,11129.3
2008-02-01,11771.47
2008-01-31,11494.33
2008-01-30,11374.68
2008-01-29,10661.2
2008-01-28,10688.94
2008-01-25,10321.54
2008-01-24,9273.94
2008-01-23,8603.64
2008-01-22,8046.57
2008-01-21,7755.19
2008-01-18,7722.92
2008-01-17,7515.51
2008-01-16,7055.74
2008-01-15,6117.15
2008-01-14,5940.17
2008-01-11,6116.9
2008-01-10,5795.0
2008-01-09,5797.44
2008-01-08,5825.54
2008-01-07,5482.92
2008-01-04,5296.35
2008-01-03,4460.51
2008-01-02,3481.5
2007-12-28,3294.09
2007-12-27,3222.58
2007-12-26,2997.03
2007-12-21,2237.43
2007-12-20,1778.75
2007-12-19,1997.88
2007-12-18,1916.22
2007-12-17,2055.09
2007-12-14,2180.67
2007-12-13,2050.95
2007-12-12,2063.66
2007-12-11,2097.68
2007-12-10,2044.39
2007-12-07,1939.52
2007-12-06,1929.61
2007-12-05,1885.15
2007-12-04,1898.06
2007-12-03,3026.35
2007-11-30,4776.74
2007-11-29,5471.89
2007-11-28,5087.59
2007-11-27,3937.01
2007-11-26,3250.47
2007-11-23,2978.28
2007-11-22,3133.24
2007-11-21,2594.3
2007-11-20,2204.4
2007-11-19,2326.73
2007-11-16,1738.58
2007-11-15,1414.56
2007-11-14,1437.61
2007-11-13,1493.39
2007-11-12,1420.57
2007-11-09,1345.23
2007-11-08,976.54
2007-11-07,1126.5
2007-11-05,1357.58
2007-11-02,1461.82
2007-11-01,2169.42
2007-10-31,4245.84
2007-10-30,3859.41
2007-10-29,3859.42
2007-10-26,3074.71
2007-10-25,2908.33
2007-10-24,3284.04
2007-10-23,3788.71
2007-10-22,2977.95
2007-10-19,2811.2
2007-10-18,2346.61
2007-10-17,2130.2
2007-10-16,1858.97
2007-10-12,1954.98
2007-10-11,2233.67
2007-10-10,1907.88
2007-10-09,1898.88
2007-10-08,1861.93
2007-10-05,2068.2
2007-10-04,2023.45
2007-10-03,2551.24
2007-10-02,3081.7
2007-10-01,2794.72
2007-09-28,5021.55
2007-09-27,6021.89
2007-09-26,5862.72
2007-09-25,6147.37
2007-09-24,5917.36
2007-09-21,5788.67
2007-09-20,4962.5
2007-09-19,4311.5
2007-09-18,3881.43
2007-09-17,3465.34
2007-09-14,3160.09
2007-09-13,2055.8
2007-09-12,1523.8
2007-09-11,1391.8
2007-09-10,1305.7
2007-09-07,1253.62
2007-09-06,1305.87
2007-09-05,1788.18
2007-09-04,1928.69
2007-09-03,2478.03
2007-08-31,3014.23
2007-08-30,5144.01
2007-08-29,4415.92
2007-08-28,3661.66
2007-08-27,3197.58
2007-08-24,2978.15
2007-08-23,3176.86
2007-08-22,3146.18
2007-08-21,2567.49
2007-08-17,2491.4
2007-08-16,1991.27
2007-08-15,1883.11
2007-08-14,2623.25
2007-08-13,2565.57
2007-08-10,1927.28
2007-08-09,2408.68
2007-08-08,2341.54
2007-08-07,1832.68
2007-08-06,1773.77
2007-08-03,1733.64
2007-08-02,1786.24
2007-08-01,1657.29
2007-07-31,1544.46
2007-07-30,1636.45
2007-07-27,1795.52
2007-07-26,1728.39
2007-07-25,1995.97
2007-07-24,2339.78
2007-07-23,2325.02
2007-07-20,2677.8
2007-07-19,3073.23
2007-07-18,3201.01
2007-07-17,2963.41
2007-07-16,2617.14
2007-07-13,2811.19
2007-07-12,3009.75
2007-07-11,2916.41
2007-07-10,2330.95
2007-07-06,2314.2
2007-07-05,2935.83
2007-07-04,3027.85
2007-07-03,3052.72
2007-07-02,3287.26
2007-06-29,5339.54
2007-06-28,3526.55
2007-06-27,3512.72
2007-06-26,4588.51
2007-06-25,3850.15
2007-06-22,3794.48
2007-06-21,4183.56
2007-06-20,3589.25
2007-06-19,2899.16
2007-06-15,2710.45
2007-06-14,2869.92
2007-06-13,3031.52
2007-06-12,3786.32
2007-06-11,3507.46
2007-06-08,2929.07
2007-06-07,3018.05
2007-06-06,2737.0
2007-06-05,2426.19
2007-06-04,1697.73
2007-06-01,2731.87
2007-05-31,7505.79
2007-05-30,7264.36
2007-05-29,6328.63
2007-05-28,5984.71
2007-05-24,5186.1
2007-05-23,4984.9
2007-05-22,6079.22
2007-05-21,5467.43
2007-05-18,5711.37
2007-05-17,5629.82
2007-05-16,5496.85
2007-05-15,5369.89
2007-05-14,4995.85
2007-05-11,4889.71
2007-05-10,5290.83
2007-05-09,5708.92
2007-05-08,5707.55
2007-05-07,5544.52
2007-05-04,5313.39
2007-05-03,5887.56
2007-05-02,5724.58
2007-04-30,8745.25
2007-04-27,6764.0
2007-04-26,6658.47
2007-04-25,7090.35
2007-04-24,7058.43
2007-04-23,7010.96
2007-04-20,6729.14
2007-04-19,6063.72
2007-04-18,6088.53
2007-04-17,6091.12
2007-04-16,5197.62
2007-04-13,4737.3
2007-04-12,4878.68
2007-04-11,4026.76
2007-04-10,3784.25
2007-04-09,3553.92
2007-04-04,3082.02
2007-04-03,3383.27
2007-03-30,4605.53
2007-03-29,5122.34
2007-03-28,4951.39
2007-03-27,4830.85
2007-03-26,4292.54
2007-03-23,4729.97
2007-03-22,4620.31
2007-03-21,4081.65
2007-03-20,4760.05
2007-03-19,4388.27
2007-03-16,3815.6
2007-03-15,3319.32
2007-03-14,3647.44
2007-03-13,3853.73
2007-03-12,3743.91
2007-03-09,3591.16
2007-03-08,3660.07
2007-03-07,3455.49
2007-03-06,3351.81
2007-03-05,3538.07
2007-03-02,3778.35
2007-03-01,4229.79
2007-02-28,6576.85
2007-02-27,6330.37
2007-02-26,5903.57
2007-02-23,5423.93
2007-02-22,5198.93
2007-02-21,4093.05
2007-02-20,5118.56
2007-02-19,5726.99
2007-02-16,6003.34
2007-02-15,5189.98
2007-02-14,5524.95
2007-02-13,6163.1
2007-02-12,5818.07
2007-02-09,5932.98
2007-02-08,5328.43
2007-02-07,5195.73
2007-02-06,5310.26
2007-02-05,4733.89
2007-02-02,4617.56
2007-02-01,6058.59
2007-01-31,5628.09
2007-01-30,6402.81
2007-01-29,5615.83
2007-01-26,5159.19
2007-01-25,4764.71
2007-01-24,5481.25
2007-01-23,4689.42
2007-01-22,3858.25
2007-01-19,4021.38
2007-01-18,4606.5
2007-01-17,4303.87
2007-01-16,4656.12
2007-01-15,3831.49
2007-01-12,3914.24
2007-01-11,4029.25
2007-01-10,3635.02
2007-01-09,3584.57
2007-01-08,3687.58
2007-01-05,3295.99
2007-01-04,2417.76
2007-01-03,1979.5
2007-01-02,1623.95
2006-12-29,1431.94
2006-12-28,1321.28
2006-12-27,1141.69
2006-12-26,1167.45
2006-12-22,1299.88
2006-12-21,1513.77
2006-12-20,1708.01
2006-12-19,1606.49
2006-12-18,1819.81
2006-12-15,1792.32
2006-12-14,1676.96
2006-12-13,1562.67
2006-12-12,1604.02
2006-12-11,1670.57
2006-12-07,1772.23
2006-12-06,1992.95
2006-12-05,2559.77
2006-12-04,3070.75
2006-12-01,2825.24
2006-11-30,4506.85
2006-11-29,4535.54
2006-11-28,3778.42
2006-11-27,3423.3
2006-11-24,3447.38
2006-11-23,3534.75
2006-11-22,3761.4
2006-11-21,3639.08
2006-11-20,3363.3
2006-11-17,3382.33
2006-11-16,3005.23
2006-11-15,2614.45
2006-11-14,2555.19
2006-11-13,2592.65
2006-11-10,2679.64
2006-11-09,2925.92
2006-11-08,3262.08
2006-11-07,3318.9
2006-11-03,3547.76
2006-11-02,3877.9
2006-11-01,4602.9
2006-10-31,6030.84
2006-10-30,5424.9
2006-10-27,4992.35
2006-10-26,4345.97
2006-10-25,3389.4
2006-10-24,3213.95
2006-10-23,3267.64
2006-10-20,3197.85
2006-10-19,2674.25
2006-10-18,2223.42
2006-10-17,2557.07
2006-10-13,2520.17
2006-10-12,2696.21
2006-10-11,2558.29
2006-10-10,2816.49
2006-10-09,2874.47
2006-10-06,2869.7
2006-10-05,2888.52
2006-10-04,3203.68
2006-10-03,2611.66
2006-10-02,2653.15
2006-09-29,3860.79
2006-09-28,2585.97
2006-09-27,2546.45
2006-09-26,2152.45
2006-09-25,2420.71
2006-09-22,2660.03
2006-09-21,2675.28
2006-09-20,2732.3
2006-09-19,2761.81
2006-09-18,2534.74
2006-09-15,2404.68
2006-09-14,2647.77
2006-09-13,2860.81
2006-09-12,3062.54
2006-09-11,2878.17
2006-09-08,3036.17
2006-09-07,3509.97
2006-09-06,3816.16
2006-09-05,4078.13
2006-09-04,4129.93
2006-09-01,4605.35
2006-08-31,6449.02
2006-08-30,5624.13
2006-08-29,5743.06
2006-08-28,5291.05
2006-08-25,5048.94
2006-08-24,5292.56
2006-08-23,5210.84
2006-08-22,5621.06
2006-08-18,5839.1
2006-08-17,5245.55
2006-08-16,5259.9
2006-08-15,4879.03
2006-08-14,5222.01
2006-08-11,4882.82
2006-08-10,4681.81
2006-08-09,4948.55
2006-08-08,4781.69
2006-08-07,4672.24
2006-08-04,4626.56
2006-08-03,4301.81
2006-08-02,4747.11
2006-08-01,4707.94
2006-07-31,6145.29
2006-07-28,5520.08
2006-07-27,5219.34
2006-07-26,4759.76
2006-07-25,4715.74
2006-07-24,4870.84
2006-07-21,4995.47
2006-07-20,4720.41
2006-07-19,4798.96
2006-07-18,4548.11
2006-07-17,4656.21
2006-07-14,4708.69
2006-07-13,4582.67
2006-07-12,4718.36
2006-07-11,4528.64
2006-07-10,4574.01
2006-07-07,4530.15
2006-07-06,4718.88
2006-07-05,4829.8
2006-07-04,5017.71
2006-07-03,4915.02
2006-06-30,5634.71
2006-06-29,5640.33
2006-06-28,5586.02
2006-06-27,5858.95
2006-06-26,5790.06
2006-06-23,5600.6
2006-06-22,5828.92
2006-06-21,5260.18
2006-06-20,5601.81
2006-06-16,5470.85
2006-06-15,5426.61
2006-06-14,5652.62
2006-06-13,5894.62
2006-06-12,5989.06
2006-06-09,5652.82
2006-06-08,5747.59
2006-06-07,6028.29
2006-06-06,6063.52
2006-06-05,5990.83
2006-06-02,6144.15
2006-06-01,6065.33
2006-05-31,7230.41
2006-05-30,7452.0
2006-05-29,6937.09
2006-05-26,6435.09
2006-05-24,6320.8
2006-05-23,6575.7
2006-05-22,6087.35
2006-05-19,6004.41
2006-05-18,6105.64
2006-05-17,6069.48
2006-05-16,5709.22
2006-05-15,5085.43
2006-05-12,5178.46
2006-05-11,4834.57
2006-05-10,4899.76
2006-05-09,4971.68
2006-05-08,4805.86
2006-05-05,4577.55
2006-05-04,4496.24
2006-05-03,3979.18
2006-05-02,4402.89
2006-04-28,4485.69
2006-04-27,4348.93
2006-04-26,3623.82
2006-04-25,3906.84
2006-04-24,4252.92
2006-04-21,4277.4
2006-04-20,4123.42
2006-04-19,3949.34
2006-04-18,3772.43
2006-04-17,2995.64
2006-04-12,2539.2
2006-04-11,2376.75
2006-04-10,2550.22
2006-04-07,2537.99
2006-04-06,2834.03
2006-04-05,2525.52
2006-04-04,2748.85
2006-04-03,2492.84
2006-03-31,3200.65
2006-03-30,4532.69
2006-03-29,4234.62
2006-03-28,3287.84
2006-03-27,3326.05
2006-03-23,3036.88
2006-03-22,2964.8
2006-03-21,2839.96
2006-03-20,3101.07
2006-03-17,3051.76
2006-03-16,2854.48
2006-03-15,2825.27
2006-03-14,2791.79
2006-03-13,2724.09
2006-03-10,2769.25
2006-03-09,2809.8
2006-03-08,2953.94
2006-03-07,2762.36
2006-03-06,2843.25
2006-03-03,2941.1
2006-03-02,2899.61
2006-03-01,4517.6
2006-02-28,5326.33
2006-02-27,4986.06
2006-02-24,4995.64
2006-02-23,4857.44
2006-02-22,5263.54
2006-02-21,5140.42
2006-02-20,4942.22
2006-02-17,4967.67
2006-02-16,4482.71
2006-02-15,4322.92
2006-02-14,3879.2
2006-02-13,3783.66
2006-02-10,3576.59
2006-02-09,3874.82
2006-02-08,3722.9
2006-02-07,3309.6
2006-02-06,3206.75
2006-02-03,3636.11
2006-02-02,3543.78
2006-02-01,4689.79
2006-01-31,4372.32
2006-01-30,4530.41
2006-01-27,4429.17
2006-01-26,4233.26
2006-01-25,3930.59
2006-01-24,4040.56
2006-01-23,3933.44
2006-01-20,3781.4
2006-01-19,3677.41
2006-01-18,3436.0
2006-01-17,3115.25
2006-01-16,2869.7
2006-01-13,2717.85
2006-01-12,2683.86
2006-01-11,2595.96
2006-01-10,2660.33
2006-01-09,2693.92
2006-01-06,2716.89
2006-01-05,3376.36
2006-01-04,6482.49
2006-01-03,6820.16
2006-01-02,7286.61
2005-12-30,7475.17
2005-12-29,7167.86
2005-12-28,6292.69
2005-12-27,4810.61
2005-12-26,5076.93
2005-12-23,5205.02
2005-12-22,5266.48
2005-12-21,5489.59
2005-12-20,6329.79
2005-12-19,6090.01
2005-12-16,5566.24
2005-12-15,5419.2
2005-12-14,5924.73
2005-12-13,5983.92
2005-12-12,6099.1
2005-12-09,6181.56
2005-12-07,5815.7
2005-12-06,5008.28
2005-12-05,4775.25
2005-12-02,4490.8
2005-12-01,4791.79
2005-11-30,4994.18
2005-11-29,4700.33
2005-11-28,4619.89
2005-11-25,4283.49
2005-11-24,4884.25
2005-11-23,5534.99
2005-11-22,5176.04
2005-11-21,5182.83
2005-11-18,4962.29
2005-11-17,4961.69
2005-11-16,5119.92
2005-11-15,4650.27
2005-11-14,4962.78
2005-11-11,4928.54
2005-11-10,4970.71
2005-11-09,4668.43
2005-11-08,4932.97
2005-11-07,4912.01
2005-11-04,4820.23
2005-11-03,4936.98
2005-11-02,4696.58
2005-11-01,4542.37
2005-10-31,4505.25
2005-10-28,4385.32
2005-10-27,4161.22
2005-10-26,4368.67
2005-10-25,4630.6
2005-10-24,5041.2
2005-10-21,4806.05
2005-10-20,5058.57
2005-10-19,5246.15
2005-10-18,4898.83
2005-10-17,4889.24
2005-10-14,4767.6
2005-10-13,4711.63
2005-10-12,4439.34
2005-10-11,4686.51
2005-10-07,4688.16
2005-10-06,4879.39
2005-10-05,5021.97
2005-10-04,5193.41
2005-10-03,6411.2
2005-09-30,7226.27
2005-09-29,7828.09
2005-09-28,7704.21
2005-09-27,7478.51
2005-09-26,7400.56
2005-09-23,6728.08
2005-09-22,6916.87
2005-09-21,7205.06
2005-09-20,7256.42
2005-09-19,7137.57
2005-09-16,6898.88
2005-09-15,7470.84
2005-09-14,7855.91
2005-09-13,8113.7
2005-09-12,7914.8
2005-09-09,8047.86
2005-09-08,7919.94
2005-09-07,7779.05
2005-09-06,7515.94
2005-09-05,7057.08
2005-09-02,7213.45
2005-09-01,8864.9
2005-08-31,7017.5
2005-08-30,7605.26
2005-08-29,9052.9
2005-08-26,8713.43
2005-08-25,8639.32
2005-08-24,8764.53
2005-08-23,8688.97
2005-08-22,8673.96
2005-08-19,8440.9
2005-08-18,8241.56
2005-08-17,7935.06
2005-08-16,6295.71
2005-08-12,6458.24
2005-08-11,6411.74
2005-08-10,6351.77
2005-08-09,6085.07
2005-08-08,5905.4
2005-08-05,5853.82
2005-08-04,5433.16
2005-08-03,5335.29
2005-08-02,5342.7
2005-08-01,5234.78
2005-07-29,5427.03
2005-07-28,5402.12
2005-07-27,5428.18
2005-07-26,5374.27
2005-07-25,5305.57
2005-07-22,5797.07
2005-07-21,5501.41
2005-07-20,5322.03
2005-07-19,4984.49
2005-07-18,4775.2
2005-07-15,4657.72
2005-07-14,4199.27
2005-07-13,3798.28
2005-07-12,3974.44
2005-07-11,4133.4
2005-07-08,3957.61
2005-07-07,4450.91
2005-07-06,4332.89
2005-07-05,4452.68
2005-07-04,5161.22
2005-07-01,5672.17
2005-06-30,6679.25
2005-06-29,4508.77
2005-06-28,5460.3
2005-06-27,5918.19
2005-06-24,6653.96
2005-06-23,8320.18
2005-06-22,8172.76
2005-06-21,5744.98
2005-06-17,5962.48
2005-06-16,4765.72
2005-06-15,4503.24
2005-06-14,4886.37
2005-06-13,4841.89
2005-06-10,4749.02
2005-06-09,4863.1
2005-06-08,5020.82
2005-06-07,5023.02
2005-06-06,5357.29
2005-06-03,5554.44
2005-06-02,5926.03
2005-06-01,6137.48
2005-05-31,5612.96
2005-05-30,5473.58
2005-05-27,5568.57
2005-05-26,5613.98
2005-05-24,6482.86
2005-05-23,6461.26
2005-05-20,6468.56
2005-05-19,6325.28
2005-05-18,6468.48
2005-05-17,6470.78
2005-05-16,6431.54
2005-05-13,5634.65
2005-05-12,4790.57
2005-05-11,4247.29
2005-05-10,3675.09
2005-05-09,3047.84
2005-05-06,3119.89
2005-05-05,3518.97
2005-05-04,3736.97
2005-05-03,4005.71
2005-05-02,5262.78
2005-04-29,6331.28
2005-04-28,6721.02
2005-04-27,7176.9
2005-04-26,7623.14
2005-04-25,6906.17
2005-04-22,6197.9
2005-04-21,5678.29
2005-04-20,5378.2
2005-04-19,4960.25
2005-04-18,4808.02
2005-04-15,4541.08
2005-04-14,4407.25
2005-04-13,4414.56
2005-04-12,4683.44
2005-04-11,4545.58
2005-04-08,5097.27
2005-04-07,4894.22
2005-04-06,4506.33
2005-04-05,3911.82
2005-04-04,4310.42
2005-04-01,5402.24
2005-03-31,4742.73
2005-03-30,3781.65
2005-03-29,4171.35
2005-03-28,4685.7
2005-03-23,4711.12
2005-03-22,4898.36
2005-03-21,4950.98
2005-03-18,5055.56
2005-03-17,4955.67
2005-03-16,4976.05
2005-03-15,4977.74
2005-03-14,5085.59
2005-03-11,5364.39
2005-03-10,5610.07
2005-03-09,5397.15
2005-03-08,5614.83
2005-03-07,5564.26
2005-03-04,6029.62
2005-03-03,6289.76
2005-03-02,6581.73
2005-03-01,6908.04
2005-02-28,7063.18
2005-02-25,6724.94
2005-02-24,6933.42
2005-02-23,6825.8
2005-02-22,6418.26
2005-02-21,6306.91
2005-02-18,6476.19
2005-02-17,7099.64
2005-02-16,7754.62
2005-02-15,8093.04
2005-02-14,8050.99
2005-02-11,7721.59
2005-02-10,7009.55
2005-02-09,6646.59
2005-02-08,6691.08
2005-02-07,7111.81
2005-02-04,7245.14
2005-02-03,7389.36
2005-02-02,7595.69
2005-02-01,7732.8
2005-01-31,8519.22
2005-01-28,8787.86
2005-01-27,8855.31
2005-01-26,8911.92
2005-01-25,9008.42
2005-01-24,8755.87
2005-01-21,8736.76
2005-01-20,8531.05
2005-01-19,8393.76
2005-01-18,8159.14
2005-01-17,7933.04
2005-01-14,8419.17
2005-01-13,7859.54
2005-01-12,7774.95
2005-01-11,7412.62
2005-01-10,7064.22
2005-01-07,5984.09
2005-01-06,5621.74
2005-01-05,5505.06
2005-01-04,5286.89
2005-01-03,5266.75
2004-12-31,5321.29
2004-12-30,5700.67
2004-12-29,5696.7
2004-12-28,5797.75
2004-12-27,5804.17
2004-12-24,5816.01
2004-12-23,5976.99
2004-12-22,5939.52
2004-12-21,5473.76
2004-12-20,5469.32
2004-12-17,5455.24
2004-12-16,5276.27
2004-12-15,5873.95
2004-12-14,5317.89
2004-12-13,5356.43
2004-12-10,5391.22
2004-12-09,5206.23
2004-12-07,5372.89
2004-12-06,5501.27
2004-12-03,5364.97
2004-12-02,5295.34
2004-12-01,5406.38
2004-11-30,5402.44
2004-11-29,5508.06
2004-11-26,5480.59
2004-11-25,5583.81
2004-11-24,5696.68
2004-11-23,5764.5
2004-11-22,5834.41
2004-11-19,5912.01
2004-11-18,6069.24
2004-11-17,6275.85
2004-11-16,6283.8
2004-11-15,6227.03
2004-11-12,6124.63
2004-11-11,5760.03
2004-11-10,5634.64
2004-11-09,5605.79
2004-11-08,5517.09
2004-11-05,5614.94
2004-11-04,5724.96
2004-11-03,5661.89
2004-11-02,6061.67
2004-11-01,6143.17
2004-10-29,6331.17
2004-10-28,6769.96
2004-10-27,7088.67
2004-10-26,6914.73
2004-10-25,6790.73
2004-10-22,6448.03
2004-10-21,6296.14
2004-10-20,5881.25
2004-10-19,5506.21
2004-10-18,6325.01
2004-10-15,5404.59
2004-10-14,5337.73
2004-10-13,5076.94
2004-10-12,5082.97
2004-10-08,4897.18
2004-10-07,4629.22
2004-10-06,4596.63
2004-10-05,4614.76
2004-10-04,4376.94
2004-10-01,4075.37
2004-09-30,3989.62
2004-09-29,4605.53
2004-09-28,4664.46
2004-09-27,4973.05
2004-09-24,5045.13
2004-09-23,4845.56
2004-09-22,4823.32
2004-09-21,4999.6
2004-09-20,4559.74
2004-09-17,4808.0
2004-09-16,4803.05
2004-09-15,4976.5
2004-09-14,5094.0
2004-09-13,5279.97
2004-09-10,4809.46
2004-09-09,4510.64
2004-09-08,4473.45
2004-09-07,4396.18
2004-09-06,4359.77
2004-09-03,4340.46
2004-09-02,4576.58
2004-09-01,4148.99
2004-08-31,3922.48
2004-08-30,3988.53
2004-08-27,3852.53
2004-08-26,3923.35
2004-08-25,4219.44
2004-08-24,3940.37
2004-08-23,3868.93
2004-08-20,3583.73
2004-08-19,3567.06
2004-08-18,3883.89
2004-08-17,4146.44
2004-08-13,4956.27
2004-08-12,4607.7
2004-08-11,4425.75
2004-08-10,4046.36
2004-08-09,3820.71
2004-08-06,3533.19
2004-08-05,3583.26
2004-08-04,3295.74
2004-08-03,3364.5
2004-08-02,3535.62
2004-07-30,3602.93
2004-07-29,3579.51
2004-07-28,3647.8
2004-07-27,3684.5
2004-07-26,3586.59
2004-07-23,3772.01
2004-07-22,3613.63
2004-07-21,3925.83
2004-07-20,4359.59
2004-07-19,4779.82
2004-07-16,4994.97
2004-07-15,4861.93
2004-07-14,4553.78
2004-07-13,4337.09
2004-07-12,3991.67
2004-07-08,3845.6
2004-07-07,3161.18
2004-07-06,2472.54
2004-07-05,2009.28
2004-07-02,1636.62
2004-07-01,1368.99
2004-06-30,943.68
2004-06-29,845.03
2004-06-28,893.01
2004-06-25,842.03
2004-06-24,871.47
2004-06-23,888.39
2004-06-22,771.64
2004-06-18,707.68
2004-06-17,602.53
2004-06-16,560.46
2004-06-15,502.01
2004-06-14,419.51
2004-06-11,448.54
2004-06-10,326.01
2004-06-09,284.83
2004-06-08,233.9
2004-06-07,192.92
2004-06-04,189.32
2004-06-03,81.65
2004-06-02,106.32
2004-06-01,243.6
2004-05-31,209.58
2004-05-28,133.19
