mes,bienes_capital,materiales,consumo_durable,consumo_no_durable,productos_finales,produccion_total,viviendas_iniciadas,permisos,tasa_politica,tasa_10y,tips_10y,breakeven_10y,exp_infl_1y,hipotecaria_30y,ipc,M2,credito_consumo,ratio,ln_ratio,d_ratio,ratio_alt,d_ratio_alt,infl_anual,r_tips,r_exante,r_hipo,r_expost,d_prod,d_covid,d_crisis,ln_ratio_alt,c_hp,t_hp,c_ham,c_det,t_det,c_hp_alt,c_ham_alt
1919-01,,,,,,4.8739,,,,,,,,,,,,,,,,,,,,,,,0,0,,,,,,,,
1919-02,,,,,,4.6585,,,,,,,,,,,,,,,,,,,,,,,0,0,,,,,,,,
1919-03,,,,,,4.5238,,,,,,,,,,,,,,,,,,,,,,,0,0,,,,,,,,
1919-04,,,,,,4.6046,,,,,,,,,,,,,,,,,,,,,,,0,0,,,,,,,,
1919-05,,,,,,4.6315,,,,,,,,,,,,,,,,,,,,,,,0,0,,,,,,,,
1919-06,,,,,,4.9277,,,,,,,,,,,,,,,,,,,,,,,0,0,,,,,,,,
1919-07,,,,,,5.2239,,,,,,,,,,,,,,,,,,,,,,,0,0,,,,,,,,
1919-08,,,,,,5.3047,,,,,,,,,,,,,,,,,,,,,,,0,0,,,,,,,,
1919-09,,,,,,5.197,,,,,,,,,,,,,,,,,,,,,,,0,0,,,,,,,,
1919-10,,,,,,5.1432,,,,,,,,,,,,,,,,,,,,,,,0,0,,,,,,,,
1919-11,,,,,,5.0624,,,,,,,,,,,,,,,,,,,,,,,0,0,,,,,,,,
1919-12,,,,,,5.1432,,,,,,,,,,,,,,,,,,,,,,,0,0,,,,,,,,
1920-01,,,,,,5.6279,,,,,,,,,,,,,,,,,,,,,,14.384193282953085,0,0,,,,,,,,
1920-02,,,,,,5.6279,,,,,,,,,,,,,,,,,,,,,,18.904286288459147,0,0,,,,,,,,
1920-03,,,,,,5.5201,,,,,,,,,,,,,,,,,,,,,,19.904362745519766,0,0,,,,,,,,
1920-04,,,,,,5.2239,,,,,,,,,,,,,,,,,,,,,,12.618844554317699,0,0,,,,,,,,
1920-05,,,,,,5.3586,,,,,,,,,,,,,,,,,,,,,,14.582195722381307,0,0,,,,,,,,
1920-06,,,,,,5.4124,,,,,,,,,,,,,,,,,,,,,,9.382026965256696,0,0,,,,,,,,
1920-07,,,,,,5.2778,,,,,,,,,,,,,,,,,,,,,,1.0265094850517853,0,0,,,,,,,,
1920-08,,,,,,5.3047,,,,,,,,,,,,,,,,,,,,,,0.0,0,0,,,,,,,,
1920-09,,,,,,5.1162,,,,,,,,,,,,,,,,,,,,,,-1.5669560032382845,0,0,,,,,,,,
1920-10,,,,,,4.9008,,,,,,,,,,,,,,,,,,,,,,-4.827699674896624,0,0,,,,,,,,
1920-11,,,,,,4.4969,,,,,,,,,,,,,,,,,,,,,,-11.845240865673956,0,0,,,,,,,,
1920-12,,,,,,4.2276,,,,,,,,,,,,,,,,,,,,,,-19.604099769228476,0,0,,,,,,,,
1921-01,,,,,,3.9853,,,,,,,,,,,,,,,,,,,,,,-34.51237790756689,0,0,,,,,,,,
1921-02,,,,,,3.9045,,,,,,,,,,,,,,,,,,,,,,-36.56066366723414,0,0,,,,,,,,
1921-03,,,,,,3.7968,,,,,,,,,,,,,,,,,,,,,,-37.42373693675793,0,0,,,,,,,,
1921-04,,,,,,3.7968,,,,,,,,,,,,,,,,,,,,,,-31.908564267194773,0,0,,,,,,,,
1921-05,,,,,,3.9045,,,,,,,,,,,,,,,,,,,,,,-31.65730128151656,0,0,,,,,,,,
1921-06,,,,,,3.8776,,,,,,,,,,,,,,,,,,,,,,-33.347621185832274,0,0,,,,,,,,
1921-07,,,,,,3.8506,,,,,,,,,,,,,,,,,,,,,,-31.52803639087296,0,0,,,,,,,,
1921-08,,,,,,3.9853,,,,,,,,,,,,,,,,,,,,,,-28.598062832551776,0,0,,,,,,,,
1921-09,,,,,,4.0122,,,,,,,,,,,,,,,,,,,,,,-24.30722566880712,0,0,,,,,,,,
1921-10,,,,,,4.2545,,,,,,,,,,,,,,,,,,,,,,-14.142121078889879,0,0,,,,,,,,
1921-11,,,,,,4.2007,,,,,,,,,,,,,,,,,,,,,,-6.813709242576005,0,0,,,,,,,,
1921-12,,,,,,4.1738,,,,,,,,,,,,,,,,,,,,,,-1.280756431446206,0,0,,,,,,,,
1922-01,,,,,,4.3353,,,,,,,,,,,,,,,,,,,,,,8.417822027299238,0,0,,,,,,,,
1922-02,,,,,,4.5238,,,,,,,,,,,,,,,,,,,,,,14.722261449115104,0,0,,,,,,,,
1922-03,,,,,,4.7662,,,,,,,,,,,,,,,,,,,,,,22.739073500776463,0,0,,,,,,,,
1922-04,,,,,,4.6046,,,,,,,,,,,,,,,,,,,,,,19.289719712877073,0,0,,,,,,,,
1922-05,,,,,,4.847,,,,,,,,,,,,,,,,,,,,,,21.623022274264624,0,0,,,,,,,,
1922-06,,,,,,5.0893,,,,,,,,,,,,,,,,,,,,,,27.192389099807613,0,0,,,,,,,,
1922-07,,,,,,5.0893,,,,,,,,,,,,,,,,,,,,,,27.89113162340073,0,0,,,,,,,,
1922-08,,,,,,4.9816,,,,,,,,,,,,,,,,,,,,,,22.313853285884,0,0,,,,,,,,
1922-09,,,,,,5.2509,,,,,,,,,,,,,,,,,,,,,,26.905977117691158,0,0,,,,,,,,
1922-10,,,,,,5.5471,,,,,,,,,,,,,,,,,,,,,,26.52980223658792,0,0,,,,,,,,
1922-11,,,,,,5.7894,,,,,,,,,,,,,,,,,,,,,,32.077748120361264,0,0,,,,,,,,
1922-12,,,,,,5.951,,,,,,,,,,,,,,,,,,,,,,35.47323808241218,0,0,,,,,,,,
1923-01,,,,,,5.8163,,,,,,,,,,,,,,,,,,,,,,29.387350875385444,0,0,,,,,,,,
1923-02,,,,,,5.8971,,,,,,,,,,,,,,,,,,,,,,26.51083560379819,0,0,,,,,,,,
1923-03,,,,,,6.0856,,,,,,,,,,,,,,,,,,,,,,24.437598299382767,0,0,,,,,,,,
1923-04,,,,,,6.2203,,,,,,,,,,,,,,,,,,,,,,30.076233327110735,0,0,,,,,,,,
1923-05,,,,,,6.301,,,,,,,,,,,,,,,,,,,,,,26.234839409667956,0,0,,,,,,,,
1923-06,,,,,,6.2472,,,,,,,,,,,,,,,,,,,,,,20.499306681922302,0,0,,,,,,,,
1923-07,,,,,,6.1933,,,,,,,,,,,,,,,,,,,,,,19.63277660246696,0,0,,,,,,,,
1923-08,,,,,,6.0856,,,,,,,,,,,,,,,,,,,,,,20.01742001248492,0,0,,,,,,,,
1923-09,,,,,,5.951,,,,,,,,,,,,,,,,,,,,,,12.515978217995261,0,0,,,,,,,,
1923-10,,,,,,5.9241,,,,,,,,,,,,,,,,,,,,,,6.575350807588243,0,0,,,,,,,,
1923-11,,,,,,5.9241,,,,,,,,,,,,,,,,,,,,,,2.3000117476980497,0,0,,,,,,,,
1923-12,,,,,,5.7894,,,,,,,,,,,,,,,,,,,,,,-2.7530613390458925,0,0,,,,,,,,
1924-01,,,,,,5.924,,,,,,,,,,,,,,,,,,,,,,1.8347575661440407,0,0,,,,,,,,
1924-02,,,,,,6.0318,,,,,,,,,,,,,,,,,,,,,,2.2584769007566674,0,0,,,,,,,,
1924-03,,,,,,5.9241,,,,,,,,,,,,,,,,,,,,,,-2.689654795171781,0,0,,,,,,,,
1924-04,,,,,,5.7356,,,,,,,,,,,,,,,,,,,,,,-8.112577124049313,0,0,,,,,,,,
1924-05,,,,,,5.4932,,,,,,,,,,,,,,,,,,,,,,-13.719738728592867,0,0,,,,,,,,
1924-06,,,,,,5.2509,,,,,,,,,,,,,,,,,,,,,,-17.3733872883566,0,0,,,,,,,,
1924-07,,,,,,5.1701,,,,,,,,,,,,,,,,,,,,,,-18.05760318787304,0,0,,,,,,,,
1924-08,,,,,,5.3586,,,,,,,,,,,,,,,,,,,,,,-12.722257776519609,0,0,,,,,,,,
1924-09,,,,,,5.5471,,,,,,,,,,,,,,,,,,,,,,-7.0284003989360855,0,0,,,,,,,,
1924-10,,,,,,5.6817,,,,,,,,,,,,,,,,,,,,,,-4.177829302157421,0,0,,,,,,,,
1924-11,,,,,,5.7894,,,,,,,,,,,,,,,,,,,,,,-2.3000117476980497,0,0,,,,,,,,
1924-12,,,,,,5.951,,,,,,,,,,,,,,,,,,,,,,2.7530613390458925,0,0,,,,,,,,
1925-01,,,,,,6.1395,,,,,,,,,,,,,,,,,,,,,,3.5731409212877985,0,0,,,,,,,,
1925-02,,,,,,6.1395,,,,,,,,,,,,,,,,,,,,,,1.7697831961138055,0,0,,,,,,,,
1925-03,,,,,,6.1395,,,,,,,,,,,,,,,,,,,,,,3.5714528869193796,0,0,,,,,,,,
1925-04,,,,,,6.1933,,,,,,,,,,,,,,,,,,,,,,7.677569671302797,0,0,,,,,,,,
1925-05,,,,,,6.1664,,,,,,,,,,,,,,,,,,,,,,11.560423556392042,0,0,,,,,,,,
1925-06,,,,,,6.1125,,,,,,,,,,,,,,,,,,,,,,15.19363643182281,0,0,,,,,,,,
1925-07,,,,,,6.2741,,,,,,,,,,,,,,,,,,,,,,19.35380177434476,0,0,,,,,,,,
1925-08,,,,,,6.1664,,,,,,,,,,,,,,,,,,,,,,14.041245230215193,0,0,,,,,,,,
1925-09,,,,,,6.0856,,,,,,,,,,,,,,,,,,,,,,9.265005602760024,0,0,,,,,,,,
1925-10,,,,,,6.328,,,,,,,,,,,,,,,,,,,,,,10.773374673769043,0,0,,,,,,,,
1925-11,,,,,,6.4626,,,,,,,,,,,,,,,,,,,,,,11.000305433038648,0,0,,,,,,,,
1925-12,,,,,,6.5434,,,,,,,,,,,,,,,,,,,,,,9.489763539265251,0,0,,,,,,,,
1926-01,,,,,,6.4357,,,,,,,,,,,,,,,,,,,,,,4.711730962231275,0,0,,,,,,,,
1926-02,,,,,,6.4357,,,,,,,,,,,,,,,,,,,,,,4.711730962231275,0,0,,,,,,,,
1926-03,,,,,,6.5165,,,,,,,,,,,,,,,,,,,,,,5.959411637020695,0,0,,,,,,,,
1926-04,,,,,,6.5165,,,,,,,,,,,,,,,,,,,,,,5.0869359416862325,0,0,,,,,,,,
1926-05,,,,,,6.4626,,,,,,,,,,,,,,,,,,,,,,4.691651436473232,0,0,,,,,,,,
1926-06,,,,,,6.5434,,,,,,,,,,,,,,,,,,,,,,6.812105325437701,0,0,,,,,,,,
1926-07,,,,,,6.5703,,,,,,,,,,,,,,,,,,,,,,4.6129445118001655,0,0,,,,,,,,
1926-08,,,,,,6.6511,,,,,,,,,,,,,,,,,,,,,,7.5667055284377005,0,0,,,,,,,,
1926-09,,,,,,6.7588,,,,,,,,,,,,,,,,,,,,,,10.492003480340317,0,0,,,,,,,,
1926-10,,,,,,6.7588,,,,,,,,,,,,,,,,,,,,,,6.586112903900476,0,0,,,,,,,,
1926-11,,,,,,6.7319,,,,,,,,,,,,,,,,,,,,,,4.08257081889698,0,0,,,,,,,,
1926-12,,,,,,6.705,,,,,,,,,,,,,,,,,,,,,,2.439660867827431,0,0,,,,,,,,
1927-01,,,,,,6.678,,,,,,,,,,,,,,,,,,,,,,3.695792628071959,0,0,,,,,,,,
1927-02,,,,,,6.7319,,,,,,,,,,,,,,,,,,,,,,4.499680655086924,0,0,,,,,,,,
1927-03,,,,,,6.8127,,,,,,,,,,,,,,,,,,,,,,4.445109536795866,0,0,,,,,,,,
1927-04,,,,,,6.6511,,,,,,,,,,,,,,,,,,,,,,2.0444832533649926,0,0,,,,,,,,
1927-05,,,,,,6.705,,,,,,,,,,,,,,,,,,,,,,3.6821803130999253,0,0,,,,,,,,
1927-06,,,,,,6.678,,,,,,,,,,,,,,,,,,,,,,2.036163346609521,0,0,,,,,,,,
1927-07,,,,,,6.5972,,,,,,,,,,,,,,,,,,,,,,0.4085823037366376,0,0,,,,,,,,
1927-08,,,,,,6.5972,,,,,,,,,,,,,,,,,,,,,,-0.8136937930427024,0,0,,,,,,,,
1927-09,,,,,,6.4895,,,,,,,,,,,,,,,,,,,,,,-4.065987335868093,0,0,,,,,,,,
1927-10,,,,,,6.3549,,,,,,,,,,,,,,,,,,,,,,-6.161919062797416,0,0,,,,,,,,
1927-11,,,,,,6.3549,,,,,,,,,,,,,,,,,,,,,,-5.763125291522897,0,0,,,,,,,,
1927-12,,,,,,6.3818,,,,,,,,,,,,,,,,,,,,,,-4.940332750715437,0,0,,,,,,,,
1928-01,,,,,,6.5165,,,,,,,,,,,,,,,,,,,,,,-2.448111953282539,0,0,,,,,,,,
1928-02,,,,,,6.5703,,,,,,,,,,,,,,,,,,,,,,-2.4297928237118516,0,0,,,,,,,,
1928-03,,,,,,6.6242,,,,,,,,,,,,,,,,,,,,,,-2.805890749272888,0,0,,,,,,,,
1928-04,,,,,,6.5972,,,,,,,,,,,,,,,,,,,,,,-0.8136937930427024,0,0,,,,,,,,
1928-05,,,,,,6.678,,,,,,,,,,,,,,,,,,,,,,-0.4034975212179104,0,0,,,,,,,,
1928-06,,,,,,6.7319,,,,,,,,,,,,,,,,,,,,,,0.8038880270149651,0,0,,,,,,,,
1928-07,,,,,,6.8127,,,,,,,,,,,,,,,,,,,,,,3.2143200764735758,0,0,,,,,,,,
1928-08,,,,,,6.9473,,,,,,,,,,,,,,,,,,,,,,5.170777829472506,0,0,,,,,,,,
1928-09,,,,,,7.0012,,,,,,,,,,,,,,,,,,,,,,7.589607678886678,0,0,,,,,,,,
1928-10,,,,,,7.1358,,,,,,,,,,,,,,,,,,,,,,11.589819910273413,0,0,,,,,,,,
1928-11,,,,,,7.2704,,,,,,,,,,,,,,,,,,,,,,13.458514178820247,0,0,,,,,,,,
1928-12,,,,,,7.4051,,,,,,,,,,,,,,,,,,,,,,14.871876279101759,0,0,,,,,,,,
1929-01,,,,,,7.5128,,,,,,,,,,,,,,,,,,,,,,14.227081051962976,0,0,,,,,,,,
1929-02,,,,,,7.4858,,,,,,,,,,,,,,,,,,,,,,13.044839903331384,0,0,,,,,,,,
1929-03,,,,,,7.5128,,,,,,,,,,,,,,,,,,,,,,12.587862264439998,0,0,,,,,,,,
1929-04,,,,,,7.6474,,,,,,,,,,,,,,,,,,,,,,14.77204041968847,0,0,,,,,,,,
1929-05,,,,,,7.7821,,,,,,,,,,,,,,,,,,,,,,15.300768312538882,0,0,,,,,,,,
1929-06,,,,,,7.8359,,,,,,,,,,,,,,,,,,,,,,15.185831659618376,0,0,,,,,,,,
1929-07,,,,,,7.9436,,,,,,,,,,,,,,,,,,,,,,15.357805565127647,0,0,,,,,,,,
1929-08,,,,,,7.8628,,,,,,,,,,,,,,,,,,,,,,12.378968221492116,0,0,,,,,,,,
1929-09,,,,,,7.809,,,,,,,,,,,,,,,,,,,,,,10.91953517459947,0,0,,,,,,,,
1929-10,,,,,,7.6743,,,,,,,,,,,,,,,,,,,,,,7.275271612296863,0,0,,,,,,,,
1929-11,,,,,,7.2974,,,,,,,,,,,,,,,,,,,,,,0.3706809664599575,0,0,,,,,,,,
1929-12,,,,,,6.9742,,,,,,,,,,,,,,,,,,,,,,-5.995132622859112,0,0,,,,,,,,
1930-01,,,,,,6.9742,,,,,,,,,,,,,,,,,,,,,,-7.439060671935316,0,0,,,,,,,,
1930-02,,,,,,6.9473,,,,,,,,,,,,,,,,,,,,,,-7.465479770122241,0,0,,,,,,,,
1930-03,,,,,,6.8396,,,,,,,,,,,,,,,,,,,,,,-9.387898211596625,0,0,,,,,,,,
1930-04,,,,,,6.7857,,,,,,,,,,,,,,,,,,,,,,-11.954826406883656,0,0,,,,,,,,
1930-05,,,,,,6.678,,,,,,,,,,,,,,,,,,,,,,-15.300768312538882,0,0,,,,,,,,
1930-06,,,,,,6.4895,,,,,,,,,,,,,,,,,,,,,,-18.85302522421195,0,0,,,,,,,,
1930-07,,,,,,6.1933,,,,,,,,,,,,,,,,,,,,,,-24.889851043609745,0,0,,,,,,,,
1930-08,,,,,,6.0587,,,,,,,,,,,,,,,,,,,,,,-26.064752148544645,0,0,,,,,,,,
1930-09,,,,,,5.951,,,,,,,,,,,,,,,,,,,,,,-27.17176420178231,0,0,,,,,,,,
1930-10,,,,,,5.7894,,,,,,,,,,,,,,,,,,,,,,-28.184842482983008,0,0,,,,,,,,
1930-11,,,,,,5.6548,,,,,,,,,,,,,,,,,,,,,,-25.501337831844495,0,0,,,,,,,,
1930-12,,,,,,5.5201,,,,,,,,,,,,,,,,,,,,,,-23.382164972197252,0,0,,,,,,,,
1931-01,,,,,,5.4932,,,,,,,,,,,,,,,,,,,,,,-23.87066621149241,0,0,,,,,,,,
1931-02,,,,,,5.5201,,,,,,,,,,,,,,,,,,,,,,-22.995711881964386,0,0,,,,,,,,
1931-03,,,,,,5.6279,,,,,,,,,,,,,,,,,,,,,,-19.499287959936673,0,0,,,,,,,,
1931-04,,,,,,5.6548,,,,,,,,,,,,,,,,,,,,,,-18.231271470916788,0,0,,,,,,,,
1931-05,,,,,,5.574,,,,,,,,,,,,,,,,,,,,,,-18.070561246170612,0,0,,,,,,,,
1931-06,,,,,,5.4394,,,,,,,,,,,,,,,,,,,,,,-17.651672547831577,0,0,,,,,,,,
1931-07,,,,,,5.3586,,,,,,,,,,,,,,,,,,,,,,-14.476531563601668,0,0,,,,,,,,
1931-08,,,,,,5.1701,,,,,,,,,,,,,,,,,,,,,,-15.860322492301538,0,0,,,,,,,,
1931-09,,,,,,4.9277,,,,,,,,,,,,,,,,,,,,,,-18.868692490792995,0,0,,,,,,,,
1931-10,,,,,,4.7392,,,,,,,,,,,,,,,,,,,,,,-20.01603141809134,0,0,,,,,,,,
1931-11,,,,,,4.6854,,,,,,,,,,,,,,,,,,,,,,-18.80534510961933,0,0,,,,,,,,
1931-12,,,,,,4.6585,,,,,,,,,,,,,,,,,,,,,,-16.97024681585988,0,0,,,,,,,,
1932-01,,,,,,4.5238,,,,,,,,,,,,,,,,,,,,,,-19.41586150622461,0,0,,,,,,,,
1932-02,,,,,,4.4161,,,,,,,,,,,,,,,,,,,,,,-22.313902242100347,0,0,,,,,,,,
1932-03,,,,,,4.3623,,,,,,,,,,,,,,,,,,,,,,-25.473692958752146,0,0,,,,,,,,
1932-04,,,,,,4.0661,,,,,,,,,,,,,,,,,,,,,,-32.98204329112482,0,0,,,,,,,,
1932-05,,,,,,3.9314,,,,,,,,,,,,,,,,,,,,,,-34.911733251819534,0,0,,,,,,,,
1932-06,,,,,,3.7968,,,,,,,,,,,,,,,,,,,,,,-35.95101539679988,0,0,,,,,,,,
1932-07,,,,,,3.6891,,,,,,,,,,,,,,,,,,,,,,-37.33202210713842,0,0,,,,,,,,
1932-08,,,,,,3.7968,,,,,,,,,,,,,,,,,,,,,,-30.873342399368255,0,0,,,,,,,,
1932-09,,,,,,4.0391,,,,,,,,,,,,,,,,,,,,,,-19.88504528763835,0,0,,,,,,,,
1932-10,,,,,,4.1738,,,,,,,,,,,,,,,,,,,,,,-12.70414532527495,0,0,,,,,,,,
1932-11,,,,,,4.1738,,,,,,,,,,,,,,,,,,,,,,-11.562439907595401,0,0,,,,,,,,
1932-12,,,,,,4.093,,,,,,,,,,,,,,,,,,,,,,-12.941531039807664,0,0,,,,,,,,
1933-01,,,,,,4.0122,,,,,,,,,,,,,,,,,,,,,,-12.001262930589295,0,0,,,,,,,,
1933-02,,,,,,4.0391,,,,,,,,,,,,,,,,,,,,,,-8.923505876753634,0,0,,,,,,,,
1933-03,,,,,,3.7968,,,,,,,,,,,,,,,,,,,,,,-13.884083450605056,0,0,,,,,,,,
1933-04,,,,,,4.0661,,,,,,,,,,,,,,,,,,,,,,0.0,0,0,,,,,,,,
1933-05,,,,,,4.7392,,,,,,,,,,,,,,,,,,,,,,18.687274854978142,0,0,,,,,,,,
1933-06,,,,,,5.4663,,,,,,,,,,,,,,,,,,,,,,36.44433640424436,0,0,,,,,,,,
1933-07,,,,,,5.9779,,,,,,,,,,,,,,,,,,,,,,48.2686809854781,0,0,,,,,,,,
1933-08,,,,,,5.7356,,,,,,,,,,,,,,,,,,,,,,41.25337591593849,0,0,,,,,,,,
1933-09,,,,,,5.4124,,,,,,,,,,,,,,,,,,,,,,29.267072252895044,0,0,,,,,,,,
1933-10,,,,,,5.1432,,,,,,,,,,,,,,,,,,,,,,20.884856200674683,0,0,,,,,,,,
1933-11,,,,,,4.847,,,,,,,,,,,,,,,,,,,,,,14.953306502464581,0,0,,,,,,,,
1933-12,,,,,,4.8739,,,,,,,,,,,,,,,,,,,,,,17.461624045313727,0,0,,,,,,,,
1934-01,,,,,,5.0354,,,,,,,,,,,,,,,,,,,,,,22.71532476019267,0,0,,,,,,,,
1934-02,,,,,,5.2778,,,,,,,,,,,,,,,,,,,,,,26.748744934342604,0,0,,,,,,,,
1934-03,,,,,,5.5201,,,,,,,,,,,,,,,,,,,,,,37.42373693675793,0,0,,,,,,,,
1934-04,,,,,,5.5201,,,,,,,,,,,,,,,,,,,,,,30.57116669674491,0,0,,,,,,,,
1934-05,,,,,,5.6278,,,,,,,,,,,,,,,,,,,,,,17.18502569266591,0,0,,,,,,,,
1934-06,,,,,,5.5201,,,,,,,,,,,,,,,,,,,,,,0.9794005325135746,0,0,,,,,,,,
1934-07,,,,,,5.1432,,,,,,,,,,,,,,,,,,,,,,-15.039388187381508,0,0,,,,,,,,
1934-08,,,,,,5.0893,,,,,,,,,,,,,,,,,,,,,,-11.955206931164163,0,0,,,,,,,,
1934-09,,,,,,4.7931,,,,,,,,,,,,,,,,,,,,,,-12.151523368785355,0,0,,,,,,,,
1934-10,,,,,,5.0085,,,,,,,,,,,,,,,,,,,,,,-2.653898477565808,0,0,,,,,,,,
1934-11,,,,,,5.0624,,,,,,,,,,,,,,,,,,,,,,4.348072228790412,0,0,,,,,,,,
1934-12,,,,,,5.3855,,,,,,,,,,,,,,,,,,,,,,9.981571884528462,0,0,,,,,,,,
1935-01,,,,,,5.8163,,,,,,,,,,,,,,,,,,,,,,14.41713538363345,0,0,,,,,,,,
1935-02,,,,,,5.9241,,,,,,,,,,,,,,,,,,,,,,11.551943252740893,0,0,,,,,,,,
1935-03,,,,,,5.8971,,,,,,,,,,,,,,,,,,,,,,6.606472858278423,0,0,,,,,,,,
1935-04,,,,,,5.7894,,,,,,,,,,,,,,,,,,,,,,4.763268320531466,0,0,,,,,,,,
1935-05,,,,,,5.7894,,,,,,,,,,,,,,,,,,,,,,2.8310057254254284,0,0,,,,,,,,
1935-06,,,,,,5.8702,,,,,,,,,,,,,,,,,,,,,,6.149272874289702,0,0,,,,,,,,
1935-07,,,,,,5.8702,,,,,,,,,,,,,,,,,,,,,,13.221325096449842,0,0,,,,,,,,
1935-08,,,,,,6.0856,,,,,,,,,,,,,,,,,,,,,,17.8785028153849,0,0,,,,,,,,
1935-09,,,,,,6.2472,,,,,,,,,,,,,,,,,,,,,,26.495597964682993,0,0,,,,,,,,
1935-10,,,,,,6.4357,,,,,,,,,,,,,,,,,,,,,,25.07241461710612,0,0,,,,,,,,
1935-11,,,,,,6.5703,,,,,,,,,,,,,,,,,,,,,,26.071881440335076,0,0,,,,,,,,
1935-12,,,,,,6.6511,,,,,,,,,,,,,,,,,,,,,,21.107209771359937,0,0,,,,,,,,
1936-01,,,,,,6.5434,,,,,,,,,,,,,,,,,,,,,,11.779258731125552,0,0,,,,,,,,
1936-02,,,,,,6.3818,,,,,,,,,,,,,,,,,,,,,,7.442141247725087,0,0,,,,,,,,
1936-03,,,,,,6.4626,,,,,,,,,,,,,,,,,,,,,,9.157100895291691,0,0,,,,,,,,
1936-04,,,,,,6.8665,,,,,,,,,,,,,,,,,,,,,,17.062585571594347,0,0,,,,,,,,
1936-05,,,,,,7.0012,,,,,,,,,,,,,,,,,,,,,,19.005290366228735,0,0,,,,,,,,
1936-06,,,,,,7.1358,,,,,,,,,,,,,,,,,,,,,,19.52356631692791,0,0,,,,,,,,
1936-07,,,,,,7.2704,,,,,,,,,,,,,,,,,,,,,,21.392260585474745,0,0,,,,,,,,
1936-08,,,,,,7.3781,,,,,,,,,,,,,,,,,,,,,,19.25908281902977,0,0,,,,,,,,
1936-09,,,,,,7.5128,,,,,,,,,,,,,,,,,,,,,,18.447486914193867,0,0,,,,,,,,
1936-10,,,,,,7.6205,,,,,,,,,,,,,,,,,,,,,,16.898136910302398,0,0,,,,,,,,
1936-11,,,,,,7.8359,,,,,,,,,,,,,,,,,,,,,,17.61562448333023,0,0,,,,,,,,
1936-12,,,,,,8.0783,,,,,,,,,,,,,,,,,,,,,,19.439919983476116,0,0,,,,,,,,
1937-01,,,,,,8.0513,,,,,,,,,,,,,,,,,,,,,,20.737666102011755,0,0,,,,,,,,
1937-02,,,,,,8.159,,,,,,,,,,,,,,,,,,,,,,24.5671423220176,0,0,,,,,,,,
1937-03,,,,,,8.3475,,,,,,,,,,,,,,,,,,,,,,25.593037923302987,0,0,,,,,,,,
1937-04,,,,,,8.3475,,,,,,,,,,,,,,,,,,,,,,19.530757784747287,0,0,,,,,,,,
1937-05,,,,,,8.3745,,,,,,,,,,,,,,,,,,,,,,17.910981150184433,0,0,,,,,,,,
1937-06,,,,,,8.2667,,,,,,,,,,,,,,,,,,,,,,14.711102877364436,0,0,,,,,,,,
1937-07,,,,,,8.3206,,,,,,,,,,,,,,,,,,,,,,13.492305695295759,0,0,,,,,,,,
1937-08,,,,,,8.2667,,,,,,,,,,,,,,,,,,,,,,11.371924386150978,0,0,,,,,,,,
1937-09,,,,,,7.9975,,,,,,,,,,,,,,,,,,,,,,6.252076033326892,0,0,,,,,,,,
1937-10,,,,,,7.4051,,,,,,,,,,,,,,,,,,,,,,-2.867303232626206,0,0,,,,,,,,
1937-11,,,,,,6.678,,,,,,,,,,,,,,,,,,,,,,-15.989719686633341,0,0,,,,,,,,
1937-12,,,,,,6.0856,,,,,,,,,,,,,,,,,,,,,,-28.325612965609402,0,0,,,,,,,,
1938-01,,,,,,5.951,,,,,,,,,,,,,,,,,,,,,,-30.227429641277006,0,0,,,,,,,,
1938-02,,,,,,5.8971,,,,,,,,,,,,,,,,,,,,,,-32.46609077969378,0,0,,,,,,,,
1938-03,,,,,,5.8971,,,,,,,,,,,,,,,,,,,,,,-34.75013881859468,0,0,,,,,,,,
1938-04,,,,,,5.7894,,,,,,,,,,,,,,,,,,,,,,-36.593343356341634,0,0,,,,,,,,
1938-05,,,,,,5.6548,,,,,,,,,,,,,,,,,,,,,,-39.26866324256473,0,0,,,,,,,,
1938-06,,,,,,5.7086,,,,,,,,,,,,,,,,,,,,,,-37.02615870352424,0,0,,,,,,,,
1938-07,,,,,,6.0318,,,,,,,,,,,,,,,,,,,,,,-32.168889396025115,0,0,,,,,,,,
1938-08,,,,,,6.3549,,,,,,,,,,,,,,,,,,,,,,-26.300922787637848,0,0,,,,,,,,
1938-09,,,,,,6.5434,,,,,,,,,,,,,,,,,,,,,,-20.06720847861685,0,0,,,,,,,,
1938-10,,,,,,6.705,,,,,,,,,,,,,,,,,,,,,,-9.931543528386321,0,0,,,,,,,,
1938-11,,,,,,6.9742,,,,,,,,,,,,,,,,,,,,,,4.3399084267451205,0,0,,,,,,,,
1938-12,,,,,,7.055,,,,,,,,,,,,,,,,,,,,,,14.781126060382288,0,0,,,,,,,,
1939-01,,6.0819,,,7.396,7.055,,,,,,,,,,,,,,,0.8223228772309357,,,,,,,17.017731264206226,0,0,-0.1956221663647576,,,,,,-0.04452780262300102,
1939-02,,6.1784,,,7.396,7.1089,,,,,,,,,,,,,,,0.8353704705246079,,,,,,,18.68868155226393,0,0,-0.17987997525196137,,,,,,-0.03304666659096564,
1939-03,,6.1784,,,7.5076,7.1358,,,,,,,,,,,,,,,0.8229527412222282,,,,,,,19.06636633293919,0,0,-0.19485650252704062,,,,,,-0.05228115673829034,
1939-04,,5.9853,,,7.5076,7.1089,,,,,,,,,,,,,,,0.7972321381000586,,,,,,,20.531886090010886,0,0,-0.22660937773296963,,,,,,-0.08828351549203184,
1939-05,,5.9612,,,7.5076,7.0819,,,,,,,,,,,,,,,0.7940220576482497,,,,,,,22.50374912742805,0,0,-0.23064403770745712,,,,,,-0.09655016193809668,
1939-06,,6.2508,,,7.5913,7.2435,,,,,,,,,,,,,,,0.8234162791616718,,,,,,,23.81307052820498,0,0,-0.194293399181493,,,,,,-0.06439886425598573,
1939-07,,6.5163,,,7.7309,7.4589,,,,,,,,,,,,,,,0.8428902197674268,,,,,,,21.236247660299277,0,0,-0.17091855512179463,,,,,,-0.04516886198857048,
1939-08,,6.5887,,,7.8425,7.5666,,,,,,,,,,,,,,,0.8401275103602168,,,,,,,17.45176563313633,0,0,-0.17420160061705844,,,,,,-0.05251592465735025,
1939-09,,7.3368,,,7.9821,8.0244,,,,,,,,,,,,,,,0.9191566129214117,,,,,,,20.402999181042848,0,0,-0.08429875447389155,,,,,,0.03343319122479192,
1939-10,,8.0367,,,8.1495,8.4283,,,,,,,,,,,,,,,0.9861586600404932,,,,,,,22.874157420839335,0,0,-0.013938024504607923,,,,,,0.09998358707847844,
1939-11,,8.1815,,,8.3728,8.6437,,,,,,,,,,,,,,,0.9771522071469521,,,,,,,21.461310609889495,0,0,-0.023112848748993105,,,,,,0.0871726123474695,
1939-12,,8.1815,,,8.4286,8.6437,,,,,,,,,,,,,,,0.9706831502266094,,,,,,,20.30941465830316,0,0,-0.02975517678835592,,,,,,0.07709216162934385,
1940-01,,7.9643,,,8.4007,8.536,,,,,,,,,,,,,,,0.9480519480519479,14.227618565946475,,,,,,19.055592869467475,0,0,-0.05334598070529285,,,,,,0.050279053366757295,
1940-02,,7.5299,,,8.3728,8.2667,,,,,,,,,,,,,,,0.8993287789031148,7.377338012729101,,,,,,15.088787658039692,0,0,-0.10610659512467036,,,,,,-0.0054756101622396025,
1940-03,,7.2403,,,8.2891,8.0783,,,,,,,,,,,,,,,0.873472391453837,5.957774581222472,,,,,,12.40570863779309,0,0,-0.1352787567148159,,,,,,-0.03740462032398559,
1940-04,,7.4575,,,8.3728,8.2398,,,,,,,,,,,,,,,0.8906817313204662,11.08412585039298,,,,,,14.762855160978926,0,0,-0.11576811922903982,,,,,,-0.020404305319096594,
1940-05,,7.7954,,,8.4286,8.4822,,,,,,,,,,,,,,,0.9248748309327766,15.254716917093896,,,,,,18.04276168338841,0,0,-0.07809686853651815,,,,,,0.01501507207902375,
1940-06,,8.2057,,,8.5682,8.7514,,,,,,,,,,,,,,,0.9576923974697137,15.106475837414465,,,,,,18.9109172571319,0,0,-0.043228640807348374,,,,,,0.04790321576169746,
1940-07,,8.4229,,,8.5961,8.8592,,,,,,,,,,,,,,,0.9798513279277813,15.056413009958469,,,,,,17.204851682628064,0,0,-0.020354425022209924,,,,,,0.0690814340963258,
1940-08,,8.4953,,,8.6798,8.913,,,,,,,,,,,,,,,0.9787437498559874,15.271618307636452,,,,,,16.376705994083363,0,0,-0.021485417540693913,,,,,,0.06654750145919262,
1940-09,,8.5918,,,8.9868,9.1015,,,,,,,,,,,,,,,0.9560466461921928,3.935018044087959,,,,,,12.59523352380203,0,0,-0.044948574033011966,,,,,,0.04197863559414904,
1940-10,,8.6884,,,9.1822,9.2361,,,,,,,,,,,,,,,0.946222038291477,-4.134000018469828,,,,,,9.152462768952141,0,0,-0.055278024689306204,,,,,,0.030840258370847723,
1940-11,,8.8573,,,9.4054,9.4516,,,,,,,,,,,,,,,0.9417249665086015,-3.692916590057206,,,,,,8.935330745546688,0,0,-0.06004201464956517,,,,,,0.025560761526067483,
1940-12,,9.171,,,9.7404,9.7747,,,,,,,,,,,,,,,0.9415424417888383,-3.0480676207830166,,,,,,12.2966682975572,0,0,-0.060235852996186084,,,,,,0.02513933116956943,
1941-01,,9.2917,,,10.0474,10.017,,,,,,,,,,,,,,,0.9247865119334356,-2.4846385312154635,,,,,,15.99911356301753,0,0,-0.07819236601744749,,,,,,0.00723586115234956,
1941-02,,9.5572,,,10.4102,10.3132,,,,,,,,,,,,,,,0.9180611323509635,2.0615297520715865,,,,,,22.118923139225544,0,0,-0.08549129760395449,,,,,,0.00026158193619056636,
1941-03,,9.8951,,,10.7172,10.6364,,,,,,,,,,,,,,,0.923291531370134,5.546851433677396,,,,,,27.510062643991205,0,0,-0.07981024237804195,,,,,,0.006529370760787842,
1941-04,,9.6779,,,10.9125,10.6633,,,,,,,,,,,,,,,0.8868636884306987,-0.4295866332307343,,,,,,25.783186752940914,0,0,-0.12006398556134716,,,,,,-0.032885103898877874,
1941-05,,10.2812,,,11.2754,11.148,,,,,,,,,,,,,,,0.9118257445412137,-1.420950820940814,,,,,,27.329025950079668,0,0,-0.09230637674592629,,,,,,-0.004045691366769813,
1941-06,,10.426,,,11.387,11.2288,,,,,,,,,,,,,,,0.9156055150610345,-4.494102667520542,,,,,,24.92682188358706,0,0,-0.0881696674825538,,,,,,0.0014076407622012066,
1941-07,,10.5708,,,11.4428,11.3634,,,,,,,,,,,,,,,0.9237948753801517,-5.891080330490546,,,,,,24.8941197201042,0,0,-0.07926522832711538,,,,,,0.011856086838802488,
1941-08,,10.6432,,,11.6103,11.4981,,,,,,,,,,,,,,,0.9167032720946057,-6.548602705212934,,,,,,25.46709191794232,0,0,-0.08697144459282326,,,,,,0.005913728703644053,
1941-09,,10.6432,,,11.6661,11.4981,,,,,,,,,,,,,,,0.912318598331919,-4.681743560367377,,,,,,23.374256922418724,0,0,-0.09176600963668574,,,,,,0.003094516814175982,
1941-10,,10.6915,,,11.8057,11.6058,,,,,,,,,,,,,,,0.9056218606266464,-4.38554077507149,,,,,,22.838525452241363,0,0,-0.09913343244002111,,,,,,-0.002094824672066023,
1941-11,,10.7639,,,11.8615,11.6596,,,,,,,,,,,,,,,0.9074653290056064,-3.705790387589367,,,,,,20.99458356733055,0,0,-0.09709991852545884,,,,,,0.0023105169641415846,
1941-12,,10.9811,,,12.0847,11.8481,,,,,,,,,,,,,,,0.9086779150496082,-3.552872347610049,,,,,,19.23701023095772,0,0,-0.09576457647228657,,,,,,0.006202596859299664,-0.0028257966874182805
1942-01,,11.0053,,,12.4755,12.0905,,,,,,,,,,,,,,,0.8821530199190413,-4.719738003418781,,,,,,18.81363706348873,0,0,-0.1253897460516353,,,,,,-0.020689921494501134,-0.01919521678201952
1942-02,,11.1742,,,12.8383,12.3059,,,,,,,,,,,,,,,0.8703800347398021,-5.333404356830501,,,,,,17.665419402292315,0,0,-0.1388253411722595,,,,,,-0.031226379478686714,-0.017560758234981377
1942-03,,11.2707,,,13.0057,12.4405,,,,,,,,,,,,,,,0.8665969536434025,-6.337104260171548,,,,,,15.667519863240376,0,0,-0.14318128497975743,,,,,,-0.03252469091142306,-0.020936565695254025
1942-04,,11.5604,,,12.0847,12.0905,,,,,,,,,,,,,,,0.9566145622150322,7.570926059792785,,,,,,12.561208095295129,0,0,-0.044354724963419315,,,,,,0.06951217454400681,0.06846264774791923
1942-05,,11.5362,,,12.1964,12.1174,,,,,,,,,,,,,,,0.9458692729002,3.665546794338739,,,,,,8.338232655630362,0,0,-0.055650908802538895,,,,,,0.0615754056934074,0.031542731044526165
1942-06,,11.5603,,,12.308,12.1443,,,,,,,,,,,,,,,0.9392508937276568,2.549702448734739,,,,,,7.837801749869966,0,0,-0.0626726429952064,,,,,,0.0580538052894434,-0.0007049587854633804
1942-07,,11.7776,,,12.7267,12.4405,,,,,,,,,,,,,,,0.9254245012454132,0.1762501851016451,,,,,,9.055961514175648,0,0,-0.07750272647609893,,,,,,0.046851907578352836,-0.024063884090021165
1942-08,,12.1154,,,13.1732,12.8175,,,,,,,,,,,,,,,0.9197006042571281,0.3264352534592632,,,,,,10.862962034771506,0,0,-0.08370709205823063,,,,,,0.04438708141378053,-0.034977619328916625
1942-09,,12.2602,,,13.6197,13.1137,,,,,,,,,,,,,,,0.900181354949081,-1.3393020821667767,,,,,,13.147568093636908,0,0,-0.10515903045835351,,,,,,0.02676608414094034,-0.05167622383184392
1942-10,,12.5981,,,14.15,13.5445,,,,,,,,,,,,,,,0.8903250883392226,-1.703518271309247,,,,,,15.447558771134773,0,0,-0.11616861515311358,,,,,,0.01965580790894289,-0.05851773100221505
1942-11,,12.7912,,,14.7082,13.8677,,,,,,,,,,,,,,,0.8696645408683592,-4.254780837392256,,,,,,17.34325200368758,0,0,-0.1396477268993814,,,,,,0.00011947883083116007,-0.07988209928577983
1942-12,,12.936,,,15.2943,14.1908,,,,,,,,,,,,,,,0.8458053000137307,-7.170151121806305,,,,,,18.042635014062512,0,0,-0.16746608769034962,,,,,,-0.023738883203334282,-0.10963820168805807
1943-01,,13.1291,,,15.3501,14.3255,,,,,,,,,,,6577.83,,,,0.8553103888574015,-3.0901101969033897,,,,,,16.962114574111943,0,0,-0.1562908480206692,,,,,,-0.008612695102092255,-0.08683446732133235
1943-02,,13.467,,,15.685,14.7024,,,,,,,,,,,6463.04,,,,0.8585910105196047,-1.3637252002477205,,,,,,17.793192359654284,0,0,-0.1524625931747367,,,,,,-0.0008671600301713434,-0.07787531655388866
1943-03,,13.6118,,,15.8804,14.8102,,,,,,,,,,,6234.21,,,,0.8571446563058865,-1.096729582616951,,,,,,17.43588531480862,0,0,-0.15414858080592694,,,,,,0.001306444582548083,-0.08238468641427811
1943-04,,13.7324,,,16.1595,14.9986,,,,,,,,,,,6125.75,,,,0.8498035211485503,-11.839538284394282,,,,,,21.553684314853562,0,0,-0.16275010780736213,,,,,,-0.003517137714115215,-0.07535076971284527
1943-05,,13.7083,,,16.327,15.1063,,,,,,,,,,,5936.26,,,,0.8396092362344582,-11.916778153796091,,,,,,22.04694391764641,0,0,-0.17481869034049982,,,,,,-0.011913473363996036,-0.10515851010708223
1943-06,,13.3704,,,16.5223,15.0256,,,,,,,,,,,5822.23,,,,0.8092335812810565,-14.89950321957192,,,,,,21.289548916275347,0,0,-0.2116676751909256,,,,,,-0.04521971518938259,-0.13674825361902043
1943-07,,13.8772,,,16.9689,15.4833,,,,,,,,,,,5718.37,,,,0.8178019789143668,-12.363232477606784,,,,,,21.88047443075267,0,0,-0.20113505125216677,,,,,,-0.03129683079596565,-0.13338389453475835
1943-08,,14.1427,,,17.3038,15.8064,,,,,,,,,,,5638.75,,,,0.8173175834209827,-11.802044859802912,,,,,,20.96034966323539,0,0,-0.20172754065625975,,,,,,-0.028671380769945964,-0.12435676578881226
1943-09,,14.5047,,,17.8061,16.2104,,,,,,,,,,,5647.59,,,,0.8145916287115089,-9.99093299256086,,,,,,21.199552630461007,0,0,-0.20506836038396212,,,,,,-0.028984247155217913,-0.12168998027626626
1943-10,,14.7461,,,18.1131,16.4527,,,,,,,,,,,5650.74,,,,0.8141124379592671,-8.948817719448702,,,,,,19.450903661619634,0,0,-0.2056567923476006,,,,,,-0.026750385859136028,-0.11444264766806672
1943-11,,14.8668,,,18.3922,16.6681,,,,,,,,,,,5576.87,,,,0.8083209186502974,-7.314839586798882,,,,,,18.393431800879114,0,0,-0.21279612276737023,,,,,,-0.03128674430198178,-0.12733489844561943
1943-12,,14.8667,,,17.9178,16.4527,,,,,,,,,,,5462.52,,,,0.8297168179129134,-1.9204731954840293,,,,,,14.789573016793112,0,0,-0.18667081964518992,,,,,,-0.0027895940200758085,-0.09589706632972263
1944-01,,15.0116,,,18.2248,16.6412,,,,,,,,,,,5398.57,,,,0.823690794960713,-3.76692203095442,,,,,,14.98403821718548,0,0,-0.1939600683302134,,,,,,-0.007947751206397069,-0.09039286514589834
1944-02,,15.1322,,,18.4201,16.7758,,,,,,,,,,,5354.36,,,,0.8215047692466381,-4.415494281237326,,,,,,13.192662597103277,0,0,-0.19661753598710996,,,,,,-0.008724320147633108,-0.08492657223756167
1944-03,,15.0598,,,18.4201,16.7489,,,,,,,,,,,5370.36,,,,0.8175742802699224,-4.726493681706673,,,,,,12.301645189535737,0,0,-0.20141351762299367,,,,,,-0.011898481045749032,-0.08109590056614036
1944-04,,15.0116,,,18.4481,16.7489,,,,,,,,,,,5379.18,,,,0.8137206541595069,-4.338804077905911,,,,,,11.037572105975757,0,0,-0.20613814858642124,,,,,,-0.015268648588586758,-0.13795698309432247
1944-05,,14.7944,,,18.476,16.6412,,,,,,,,,,,5430.5,,,,0.8007360900627841,-4.74051714393294,,,,,,9.676967282501936,0,0,-0.22222386177982922,,,,,,-0.03027470873446217,-0.14556721438749215
1944-06,,14.5771,,,18.5597,16.5874,,,,,,,,,,,5467.79,,,,0.7854167901420821,-2.98730840529346,,,,,,9.888795793592031,0,0,-0.2415407592438602,,,,,,-0.0487931562570785,-0.17143089631284936
1944-07,,14.3599,,,18.6992,16.5604,,,,,,,,,,,5498.2,,,,0.7679419440403867,-6.2906091137058775,,,,,,6.725227951787716,0,0,-0.26404114238922555,,,,,,-0.07078058288987907,-0.17252997347850713
1944-08,,14.5289,,,18.8946,16.7758,,,,,,,,,,,5533.96,,,,0.7689445661723455,-6.1008857020156455,,,,,,5.952245042744364,0,0,-0.2627363976764162,,,,,,-0.06924927700245781,-0.171107384435623
1944-09,,14.5047,,,18.7272,16.6681,,,,,,,,,,,5549.23,,,,0.7745258234012559,-5.043591726834892,,,,,,2.784370149326554,0,0,-0.25550427765231104,,,,,,-0.06207297773254031,-0.15791229691813968
1944-10,,14.553,,,18.6992,16.722,,,,,,,,,,,5565.93,,,,0.7782685890305467,-4.502679191796577,,,,,,1.6235620246352056,0,0,-0.25068358426556636,,,,,,-0.057581664642059965,-0.15598905150345432
1944-11,,14.5771,,,18.4481,16.5873,,,,,,,,,,,5570.1,,,,0.7901680931911688,-2.271345719599005,,,,,,-0.4859370748654168,0,0,-0.23550957996336028,,,,,,-0.04299746716801833,-0.11980399918785019
1944-12,,14.6495,,,18.2248,16.5335,,,,,,,,,,,5585.69,,,,0.803822264167508,-3.170627906460563,,,,,,0.4899028175609832,0,0,-0.21837709870979555,,,,,,-0.02669808753763042,-0.09246504170061551
1945-01,,14.4806,,,18.0573,16.3719,,,,,,,,,,,5602.73,,,,0.8019249832477724,-2.678014425781694,,,,,,-1.631509755523597,0,0,-0.22074021258803034,,,,,,-0.030117480161946708,-0.09474532703713565
1945-02,,14.6254,,,17.8341,16.3181,,,,,,,,,,,5573.81,,,,0.8200806320475943,-0.1735075805620545,,,,,,-2.766245054569927,0,0,-0.1983526117927305,,,,,,-0.008987363529668474,-0.07213044820966857
1945-03,,14.6495,,,17.4991,16.2104,,,,,,,,,,,5667.69,,,,0.8371573395203182,2.367027177526057,,,,,,-3.267957290382517,0,0,-0.1777432458477331,,,,,,0.01018737603300962,-0.057842412574500915
1945-04,,14.4323,,,17.1363,15.9142,,,,,,,,,,,5582.45,,,,0.8422063105804638,3.440787827538092,,,,,,-5.112079204585118,0,0,-0.17173027031104032,,,,,,0.014613270288195007,-0.04136452592792508
1945-05,,14.0462,,,16.5781,15.4833,,,,,,,,,,,5605.25,,,,0.8472744162479416,5.649321110265381,,,,,,-7.211952444059788,0,0,-0.1657306506771754,,,,,,0.01889733360480511,-0.02166339698981845
1945-06,,13.6842,,,16.2153,15.1333,,,,,,,,,,,5704.45,,,,0.8439066807274612,7.1827400886145725,,,,,,-9.174575727053735,0,0,-0.16971335835771448,,,,,,0.013093559624267725,-0.0029096601411479073
1945-07,,13.1773,,,15.8804,14.7832,,,,,,,,,,,5748.78,,,,0.8297838845369134,7.745115021694665,,,,,,-11.352290237368923,0,0,-0.1865899921722789,,,,,,-0.00568799773486825,-0.024012840306797567
1945-08,,11.9465,,,13.9268,13.2483,,,,,,,,,,,5767.01,,,,0.8578065312921849,10.935970475155257,,,,,,-23.60681294214686,0,0,-0.15337669292486367,,,,,,0.025557264186598344,0.019292851478975304
1945-09,,11.0535,,,12.4196,12.0635,,,,,,,,,,,5758.27,,,,0.8900045090019001,13.897552767779564,,,,,,-32.33123482788835,0,0,-0.11652874997451539,,,,,,0.06039519449265983,0.05660554632750121
1945-10,,10.4502,,,12.1126,11.5788,,,,,,,,,,,5932.02,,,,0.8627544870630584,10.305846813246651,,,,,,-36.75493778956649,0,0,-0.14762511613309984,,,,,,0.027266204024476492,0.03298942487836745
1945-11,,11.1742,,,12.1964,12.0097,,,,,,,,,,,6095.55,,,,0.9161883834574137,14.797630330678546,,,,,,-32.29226857177001,0,0,-0.08753327665657482,,,,,,0.08531797706838798,0.10348004761449212
1945-12,,11.2949,,,12.2801,12.0635,,,,,,,,,,,6567.05,,,,0.9197726402879456,13.474832910726567,,,,,,-31.520426087375952,0,0,-0.08362876960252984,,,,,,0.08718825162271159,0.09571058498486402
1946-01,,9.8951,,,12.1406,11.3903,,,,,,,,,,,6504.51,,,,0.8150420901767623,1.6224689901895906,,,,,,-36.28043346162584,0,0,-0.20451552268613443,,,,,,-0.035719548831333964,-0.02114142585162898
1946-02,,8.7125,,,12.0568,10.8249,,,,,,,,,,,6765.95,,,,0.7226212593723044,-12.651742824395685,,,,,,-41.042588521922156,0,0,-0.32487004003668735,,,,,,-0.15808063196635513,-0.13982442680514964
1946-03,,10.957,,,12.0847,11.9558,,,,,,,,,,,7005.45,,,,0.9066836578483538,7.978157758585226,,,,,,-30.44364952898824,0,0,-0.09796166826188084,,,,,,0.06683943259087251,0.09372627798082007
1946-04,,10.233,,,12.2801,11.7404,,,,,,,,,,,7333.22,,,,0.8332994030993234,-1.0632003592656507,,,,,,-30.41759070571728,0,0,-0.18236227390369683,,,,,,-0.019516466899051982,0.013490332251094778
1946-05,,9.4607,,,12.2801,11.3096,,,,,,,,,,,7532.37,,,,0.7704090357570378,-9.510303923323487,,,,,,-31.41101011662051,0,0,-0.2608336899104103,,,,,,-0.09990005020908602,-0.05473767505470836
1946-06,,10.7881,,,12.3359,12.0097,,,,,,,,,,,7702.21,,,,0.8745288142737863,3.564332271827053,,,,,,-23.11829571377011,0,0,-0.13407003563944395,,,,,,0.025006031788866595,0.07857498630023566
1946-07,,11.4155,,,12.5871,12.4136,,,,,,,,,,,7933.64,,,,0.9069205774165614,8.888959322698707,,,,,,-17.46987550939414,0,0,-0.09770039894529182,,,,,,0.059591097229317616,0.13028141924021613
1946-08,,11.85,,,13.0616,12.8714,,,,,,,,,,,8345.16,,,,0.9072395418631714,5.602793267618616,,,,,,-2.88614465133592,0,0,-0.0973487602486775,,,,,,0.05824783515056389,0.1295407111401559
1946-09,,11.9224,,,13.4802,13.1137,,,,,,,,,,,8599.6,,,,0.8844379163513895,-0.6274208542387666,,,,,,8.347312048100797,0,0,-0.12280295851690305,,,,,,0.031200937773682866,0.1042249672604031
1946-10,,12.1878,,,13.7035,13.356,,,,,,,,,,,8895.14,,,,0.8893932207100376,3.0409292880134178,,,,,,14.278988224920663,0,0,-0.11721582325296566,,,,,,0.03530606179550465,0.1083971582084292
1946-11,,12.1637,,,13.8988,13.4368,,,,,,,,,,,9218.28,,,,0.8751618844792357,-4.581312224692918,,,,,,11.228255491184314,0,0,-0.133346398903504,,,,,,0.01781048223742801,0.08641191548003935
1946-12,,12.2361,,,13.9826,13.5176,,,,,,,,,,,9444.39,,,,0.8750947606310701,-4.979433102170304,,,,,,11.380817528093834,0,0,-0.13342310062423288,,,,,,0.016489651601928557,0.08288215299785395
1947-01,5.4384,12.2361,12.6751,24.1786,14.0942,13.6792,,,,,,,,,21.48,,9770.2,0.22492617438561371,-1.491983044460558,,0.8681656284145252,6.31427563070287,,,,,,18.311431494625154,0,0,-0.14137276637910573,-0.0697599317937172,-1.4222231126668408,,0.24487898178144252,-1.7368620262420005,0.007419362744199021,0.07804430134108714
1947-02,5.4971,12.3327,13.0639,23.8129,14.1221,13.76,,,,,,,,,21.62,,10089.0,0.23084546611290518,-1.4660067701920938,,0.8732907995269826,18.938336512386243,,,,,,23.99167965346023,0,0,-0.1354866749128249,-0.04040804690447097,-1.4255987232876228,,0.26888496720582555,-1.7348917373979194,0.012309822623988581,0.07216960408306392
1947-03,5.5264,12.7429,13.349,23.7672,14.1221,13.8407,,,,,,,,,22.0,,10345.85,0.23252213134067118,-1.458769869922843,,0.9023374710560045,-0.4805024203487426,,,,,,14.63970106660799,0,0,-0.10276669246536826,-0.02979069157473102,-1.428979178348112,,0.2741515786309954,-1.7329214485538385,0.044160135472246925,0.09816168984185572
1947-04,5.6047,12.4292,13.4527,23.5844,14.0942,13.733,,,,,,,,,22.0,,10645.94,0.23764437509540207,-1.4369799450623102,,0.8818662996126065,5.664745169695936,,,,,,15.676581017836089,0,0,-0.12571482220673746,-0.0046078166599266,-1.4323721284023836,,0.29397121464744713,-1.7309511597097573,0.020468413741106584,0.06965813174786933
1947-05,5.634,12.4775,13.3231,23.4016,14.0663,13.7869,,,,,,,,,21.95,,10926.31,0.24075276904143308,-1.423984726640314,,0.8870491884859557,14.097884658862514,,,,,,19.806694338295607,0,0,-0.11985484332178514,0.011802566162224526,-1.4357872928025386,,0.30499614422536236,-1.7289808708656764,0.025707927191774532,0.07082260242787591
1947-06,5.6731,12.3568,13.4268,23.4016,14.0942,13.7869,,,,,,,,,22.08,,11135.65,0.24242359496786545,-1.4170686905477659,,0.8767294348029685,0.2513189232512369,,,,,,13.800420935774804,0,0,-0.13155684640693158,0.02216602034017967,-1.4392347108879455,,0.30994189147382945,-1.7270105820215953,0.013504212756269202,0.061763078118758946
1947-07,5.5753,12.2361,13.1676,23.6301,14.0663,13.7061,,,,,,,,,22.23,,11364.12,0.2359406011823903,-1.4441751955408726,,0.8698876037053099,-4.1690867877432325,,,,,,9.90483434245899,0,0,-0.13939126682272415,-0.0014515931655492142,-1.4427236023753234,,0.2808650976366416,-1.7250402931775142,0.0052806773297601195,0.05797946333823878
1947-08,5.6731,12.212,13.038,23.9043,14.1779,13.7869,,,,,,,,,22.4,,11582.88,0.2373255021063156,-1.4383226535257279,,0.861340537032988,-5.191657910565844,,,,,,6.8711070152953635,0,0,-0.14926533935433595,0.007938994148696699,-1.4462616476744246,,0.2847473508077054,-1.7230700043334333,-0.004877009409761435,0.024840229270706227
1947-09,5.7514,12.3809,13.4786,24.0414,14.3733,13.8946,,,,,,,,,22.84,,11860.3,0.23922899664744984,-1.4303340408101122,,0.8613818677687101,-2.641439778965361,,,,,,5.784279018215788,0,0,-0.14921735630655666,0.019522587189969354,-1.4498566280000815,,0.29076567467923997,-1.7210997154893521,-0.005014602017624187,0.006065361020745591
1947-10,5.7905,12.4775,13.6601,24.3614,14.5687,14.0292,,,,,,,,,22.91,,12205.13,0.237691594079158,-1.4367812688123591,,0.8564593958280423,-3.7732546178015953,,,,,,4.917514973722836,0,0,-0.15494836943098161,0.01673450443572988,-1.453515773248089,,0.2823481578329119,-1.719129426645271,-0.010840275814753442,0.007066198311624278
1947-11,5.7905,12.7671,14.0748,24.6356,14.764,14.2177,,,,,,,,,23.06,,12534.87,0.2350460309470847,-1.4479739076486764,,0.8647453264697914,-1.1973836763046364,,,,,,5.649045576287914,0,0,-0.14532023566655036,0.009271049930342778,-1.4572449575790192,,0.2691852301525137,-1.7171591378011901,-0.0012226630731675958,-0.019564272736214944
1947-12,5.8394,12.6223,14.2562,24.5899,14.7919,14.2716,,,,,,,,,23.41,,12855.62,0.2374714821939089,-1.437707737690033,,0.8533251306458264,-2.519154212302852,,,,,,5.427900847475975,0,0,-0.1586146427472614,0.023341155345048215,-1.4610488930350811,,0.2774811112670761,-1.715188848957109,-0.014449474063012363,-0.02675519407498006
1948-01,5.8883,12.6705,14.1007,24.4985,14.8198,14.3524,,,,,,,,,23.68,,13228.61,0.24035349103006307,-1.4256445599710208,6.633848448953716,0.854971052240921,-1.5314901267595853,10.242085661080068,,,,,4.804074465585861,0,0,-0.15668766764670158,0.03928708786455104,-1.4649316478355718,,0.2875740001420073,-1.713218560113028,-0.012382723386863914,0.019117745449130003
1948-02,5.859,12.7429,13.9193,24.727,14.7919,14.3793,,,,,,,,,23.67,,13524.28,0.23694746633234925,-1.439916823462386,2.608994672970777,0.8614782414699937,-1.3618804984419808,9.481961147086038,,,,,4.402383988241088,0,0,-0.1491054798972447,0.028978845823836696,-1.4688956692862227,,0.27133144780656093,-1.711248271268947,-0.004593514770386636,0.07946520572628646
1948-03,5.8981,12.6223,14.023,24.3614,14.7361,14.2177,,,,,,,,,23.5,,13921.24,0.24210841741443434,-1.4183696473053362,4.040022261750687,0.8565563480160965,-5.206848222294261,6.818181818181812,,,,,2.6874140325436002,0,0,-0.15483517468831087,0.05457102911743972,-1.472940676422776,,0.2909083351195296,-1.7092779824248658,-0.010053017684944904,-0.029014057541047328
1948-04,5.859,12.5257,13.8934,24.6813,14.764,14.2447,,,,,,,,,23.82,,14264.07,0.23738619926827192,-1.4380669313174428,-0.1086986255132593,0.8483947439718235,-3.869442932822173,8.272727272727277,,,,,3.658321215890137,0,0,-0.1644092515349592,0.038997444543680926,-1.4770643758611237,,0.26924076226334215,-1.707307693580785,-0.019297486933460867,0.012327431438800135
1948-05,5.8394,13.1773,13.6342,24.6813,14.7082,14.487,,,,,,,,,24.01,,14500.28,0.23659207578206984,-1.4414178200440733,-1.7433093403759203,0.8959152037638869,0.9945334179682116,9.384965831435087,,,,,4.9532829605872575,0,0,-0.10990950914210303,0.039842864518284005,-1.4812606845623573,,0.26391958469263055,-1.7053374047367038,0.03558822161751708,0.06035118598494725
1948-06,5.9177,13.2015,14.2044,24.8641,14.9315,14.6755,,,,,,,,,24.15,,14775.27,0.23800177766337813,-1.4354771361646987,-1.840844561693289,0.8841375615309915,0.8414230547673942,9.375,,,,,6.246057073035161,0,0,-0.12314261585925763,0.050043675166997925,-1.4855208113316967,,0.26788997972792417,-1.703367115892623,0.022795722560097945,0.030021807471115228
1948-07,5.947,13.298,14.5673,24.5899,14.9315,14.6755,,,,,,,,,24.4,,15041.57,0.24184726249395078,-1.4194488988015976,2.472629673927496,0.8906004085322975,2.3531839443890643,9.761583445793963,,,,,6.833844747226614,0,0,-0.11585942737883351,0.0703842993071726,-1.4898331981087702,,0.28194792824694415,-1.7013968270485418,0.030569971739216495,0.031912211463859336
1948-08,5.9372,13.1291,14.334,24.4071,14.8478,14.6216,,,,,,,,,24.43,,15229.7,0.24325708502853677,-1.413636431809722,2.4686221716005763,0.8842454774444699,2.624477387809357,9.062499999999996,,,,,5.878102150445352,0,0,-0.12302056547624238,0.08054637976826373,-1.4941828115779858,,0.28579010639473856,-1.6994265382044607,0.023944575880517432,-0.010516190113189328
1948-09,5.9079,13.1532,13.9193,24.4528,14.764,14.5139,,,,,,,,,24.36,,15515.14,0.24160423346201662,-1.4204542904673116,0.9879750342800532,0.8908967759414793,3.369064616634554,6.654991243432562,,,,,4.36065354862718,0,0,-0.11552671014021113,0.0780954401578775,-1.4985497306251891,,0.2770019588930681,-1.6974562493603798,0.03201096058162617,0.010015166346586835
1948-10,5.8296,13.1773,14.3599,24.5899,14.8757,14.6217,,,,,,,,,24.31,,15579.62,0.23707294458293854,-1.4393874021521187,-0.2606133339759564,0.8858272215761276,3.371501252934243,6.110868616324749,,,,,4.136585481287636,0,0,-0.12123335690163918,0.0635210384855116,-1.5029084406376303,,0.25609855836417994,-1.6954859605162986,0.026904073080226035,0.027181476963477738
1948-11,5.7905,13.0567,13.8156,24.6356,14.764,14.4332,,,,,,,,,24.16,,15603.37,0.2350460309470847,-1.4479739076486764,0.0,0.8843606068816039,2.24298624793846,4.770164787510844,,,,,1.5043441151760373,0,0,-0.12289037318716577,0.05925409605942766,-1.507228003708104,,0.2455417640235411,-1.6935156716722175,0.025862265734886883,0.014619307878593404
1948-12,5.7416,12.9843,13.2972,24.4528,14.5966,14.2985,,,,,,,,,24.05,,15803.23,0.23480337630046458,-1.4490068116577097,-1.129907396767682,0.8895427702341641,4.156695317110039,2.733874412644166,,,,,0.18830881200275762,0,0,-0.117047689576161,0.06246625908846681,-1.5114730707461765,,0.24253857117042688,-1.6915453828281366,0.032321959413039295,0.019925922980325375
1949-01,5.6047,12.7429,12.8825,24.3157,14.3733,14.1639,,,,,,,,,24.01,,15901.7,0.23049716849607457,-1.467516700802774,-4.187214083175328,0.8865674549338008,3.628960257991494,1.393581081081097,,,,,-1.3220701535869406,0,0,-0.12039806506678664,0.0480874769908588,-1.5156041777936329,,0.2220583931812814,-1.6895750939840555,0.029574950572646128,0.034751936335931
1949-02,5.5851,12.6705,12.701,24.4071,14.3454,14.0292,,,,,,,,,23.91,,16009.26,0.2288309549270499,-1.4747717361143708,-3.485491265198481,0.8832448032121796,2.495260342596295,1.0139416983523386,,,,,-2.4648800568972007,0,0,-0.12415287647128176,0.04480578684322967,-1.5195775229576005,,0.21283306902560373,-1.6876048051399746,0.0263921732770781,0.0014790610950710936
1949-03,5.458,12.1637,12.6751,24.6356,14.3454,13.76,,,,,,,,,23.91,,16092.98,0.22154930263521083,-1.507110129004825,-8.874048169948878,0.8479164052588286,-1.0138052065334469,1.744680851063829,,,,,-3.2721834765418567,0,0,-0.16497322675364534,0.016235835932257858,-1.5233459649370829,,0.17852438729106845,-1.6856345162958934,-0.013907218378065939,-0.044957406981214296
1949-04,5.3699,11.9948,12.701,24.5442,14.2896,13.6792,,,,,,,,,23.92,,16413.2,0.21878488604232366,-1.5196662874092228,-8.159935609178003,0.8394076811107378,-1.0649525873879628,0.4198152812762368,,,,,-4.050847675480007,0,0,-0.17505877740883882,0.007192963508884764,-1.5268592509181076,,0.1639979400425895,-1.6836642274518123,-0.02354446161796045,-0.04152767242237759
1949-05,5.2525,11.6569,12.6233,24.6356,14.2617,13.4907,,,,,,,,,23.91,,16638.1,0.21320771566351135,-1.5454883975539533,-10.407057750988002,0.817356977078469,-9.176983396041017,-0.4164931278633932,,,,,-7.125113639700142,0,0,-0.20167934310251318,-0.015422396955856899,-1.5300660005980964,,0.13620554105377813,-1.6816939386077314,-0.04980998105941553,-0.08491599470736598
1949-06,5.1645,11.4879,12.9343,24.6813,14.2617,13.4638,,,,,,,,,23.92,,16860.93,0.20924748696381473,-1.5642375794155432,-12.876044325084449,0.805507057363428,-9.314069907504743,-0.952380952380938,,,,,-8.617483433243578,0,0,-0.21628331493430508,-0.03132324525242747,-1.5329143341631157,,0.1154860703481071,-1.6797236497636503,-0.0641711427211702,-0.09178186099276268
1949-07,5.0667,11.4397,13.349,24.7727,14.2896,13.4368,,,,,,,,,23.7,,17061.1,0.20452756461750232,-1.5870525222770429,-16.760362347544522,0.8005612473407233,-10.658281073707224,-2.868852459016391,,,,,-8.818222517625651,0,0,-0.22244223811590574,-0.05169907947802299,-1.5353534427990199,,0.09070083864252654,-1.6777533609195694,-0.07021500770755551,-0.09566233998926815
1949-08,5.0178,11.6328,13.5564,25.047,14.4012,13.5715,,,,,,,,,23.7,,17355.49,0.20033536950532999,-1.607762469246575,-19.412603743685292,0.8077660194983751,-9.046227674987769,-2.988129349160873,,,,,-7.452788176882352,0,0,-0.21348284222612007,-0.070427776329548,-1.537334692917027,,0.0680206028289132,-1.6757830720754883,-0.06127936516066057,-0.0807178038813216
1949-09,4.9884,11.8258,14.0489,25.1384,14.4849,13.7061,,,,,,,,,23.75,,17695.16,0.1984374502752761,-1.6172813404764435,-19.68270500091318,0.8164226194174623,-8.729643199722348,-2.504105090311981,,,,,-5.726582172107486,0,0,-0.2028231421374346,-0.07846829933423538,-1.538813041142208,,0.05653144275496369,-1.6738127832314071,-0.05078841347405422,-0.07054315679883011
1949-10,4.783,10.6191,14.2562,25.2298,14.457,13.1945,,,,,,,,,23.67,,18021.32,0.1895774044978557,-1.66295787085244,-22.35704687003213,0.7345299854741647,-18.72911029647104,-2.6326614561908546,,,,,-10.270665053552985,0,0,-0.3085244598663496,-0.12320953593500472,-1.5397483349174352,,0.008884623534886282,-1.6718424943873262,-0.15680540267384946,-0.1682383659304958
1949-11,4.6363,11.6086,13.4786,25.1384,14.2338,13.5446,,,,,,,,,23.7,,18435.99,0.18443099003914332,-1.6904799231993348,-24.25060155506584,0.8155657659936207,-8.098284199029244,-1.903973509933776,,,,,-6.354316451369435,0,0,-0.2038732151774582,-0.1503740523263004,-1.5401058708730344,,-0.020607717656089708,-1.6698722055432451,-0.052615153561094447,-0.07171789115491817
1949-12,4.6461,12.1637,13.3231,24.9555,14.0942,13.7869,,,,,,,,,23.61,,18772.21,0.18617539219811263,-1.6810660807776687,-23.2059269119959,0.8630287636048871,-3.0259569092472334,-1.8295218295218296,,,,,-3.6435770705448345,0,0,-0.14730725866863334,-0.1412065789205652,-1.5398595018571035,-0.2527095569908755,-0.013164164078504514,-1.6679019166991642,0.0033569714939576667,-0.002729207525949212
1950-01,4.7341,12.2602,14.8783,25.4126,14.5966,14.0292,,,,,,,,,23.51,,19050.87,0.18628947844769916,-1.6804534793639754,-21.29367785612013,0.8399353274050121,-5.40323162264739,-2.082465639316955,,,,,-0.955560225359875,0,0,-0.17443038129326055,-0.14145995600371086,-1.5389935233602645,-0.29107602415031386,-0.014521851508892292,-1.665931627855083,-0.024476676404350584,-0.03365328689963773
1950-02,4.8809,12.043,14.8524,25.4126,14.6803,14.0831,,,,,,,,,23.61,,19371.63,0.1920661404185325,-1.6499154849279083,-17.514374881353746,0.8203510827435405,-7.387000419523604,-1.2547051442910906,,,,,0.38346251318479574,0,0,-0.1980228806665178,-0.11241344804234443,-1.5375020368855639,-0.23802170477763318,0.014045854083093667,-1.663961339011002,-0.048880485936489526,-0.05889148282009285
1950-03,4.9298,12.8636,15.4745,25.7783,14.9594,14.5409,,,,,,,,,23.64,,19734.83,0.19123836715376885,-1.6542346334651985,-14.712450446037352,0.859900798160354,1.4034979389293656,-1.129234629861986,,,,,5.519953589638993,0,0,-0.15093824736435169,-0.11884566592109569,-1.5353889675441028,-0.2937075322094225,0.007756416701722557,-1.661991050166921,-0.0026903389745033257,-0.007363879163676368
1950-04,5.0765,13.3946,16.5891,26.1896,15.378,15.0255,,,,,,,,,23.65,,20148.38,0.19383648471148854,-1.640740337638883,-12.107405022966011,0.8710235401222526,3.697250146078229,-1.1287625418060276,,,,,9.387232678554547,0,0,-0.13808627594805653,-0.10807429070245345,-1.5326660469364295,-0.25553311653267197,0.019280423683956993,-1.66002076132284,0.009204973102406117,0.010273185565814608
1950-05,5.2917,13.7807,17.4445,26.3725,15.7409,15.3756,,,,,,,,,23.77,,20621.68,0.20065219452080765,-1.6061822452704226,-6.069384771646935,0.875470907000235,6.868598514021968,-0.5855290673358438,,,,,13.078127815888063,0,0,-0.1329933579622935,-0.07682898543608685,-1.5293532598343358,-0.23049534431718754,0.05186822720833639,-1.658050472478759,0.01330024876076541,-0.009387164270475215
1950-06,5.4971,14.3117,18.896,26.601,16.2432,15.8334,,,,,,,,,23.88,,21118.84,0.20665012593511523,-1.5767281286119745,-1.2490549196431333,0.8810887017336485,8.968633983224011,-0.1672240802675695,,,,,16.211703053837965,0,0,-0.12659697510206497,-0.05125003244328408,-1.5254780961686905,-0.18412682370156652,0.07935205502270337,-1.656080183634678,0.01867855708251659,0.008832576241875723
1950-07,5.6829,14.6978,19.6736,27.1495,16.7177,16.345,,,,,,,,,24.07,,22086.29,0.2093187719847511,-1.5638969641838967,2.315555809314618,0.8791759632006796,9.367202245077106,1.561181434599157,,,,,19.592482866843675,0,0,-0.1287702156651347,-0.04282358296732336,-1.5210733812165733,-0.20137097374396196,0.0902129306067001,-1.6541098947905968,0.015486436918454277,-0.0061616476348091975
1950-08,5.9959,15.1322,20.2698,28.155,17.3596,16.8566,,,,,,,,,24.2,,22728.26,0.21296039779790443,-1.5466490563904967,6.111341285607841,0.8716905919491232,7.616209844099423,2.1097046413502074,,,,,21.677026581270866,0,0,-0.13732074378512585,-0.03047355710540156,-1.516175499285095,-0.19672625505901076,0.10549054955601922,-1.6521396059465159,0.005934554161494049,-0.003613741791447078
1950-09,5.8492,15.3012,19.3626,27.7437,17.0247,16.7489,,,,,,,,,24.34,,23171.57,0.21082984605514044,-1.556703887635293,6.057745284115046,0.8987647359424836,9.608916809784676,2.4842105263158,,,,,20.049159526108042,0,0,-0.10673397403958783,-0.04588007909399883,-1.5108238085412942,-0.18568760652660488,0.09346542946714176,-1.6501693171024348,0.035554748813617046,0.02071737065974212
1950-10,5.9666,15.4943,18.9479,27.5608,16.9968,16.8566,,,,,,,,,24.5,,23242.15,0.2164886360337871,-1.5302172223685417,13.274064848389822,0.9116010072484233,21.59715831788076,3.50654837346851,,,,,24.494219540599758,0,0,-0.092552876687542,-0.025157438997089443,-1.5050597833714523,-0.12120361713208117,0.11798180588981189,-1.6481990282583536,0.048820893073515614,0.03439378498683121
1950-11,6.0155,15.3253,18.5591,27.6065,17.0247,16.8297,,,,,,,,,24.6,,23258.56,0.217901581149367,-1.5237117807505607,16.676814244877413,0.9001803262318867,9.871304192962514,3.797468354430378,,,,,21.715723882321658,0,0,-0.10516017324783307,-0.024783696472105765,-1.498928084278455,-0.10987222649592843,0.12251695866371204,-1.6462287394142727,0.035364638800280165,0.01776224287459513
1950-12,6.1133,15.5666,18.3776,28.4292,17.3875,17.1259,,,,,,,,,24.98,,23229.16,0.21503594895389244,-1.5369500603948691,14.41160203827996,0.895275341480949,3.668329476139719,5.80262600592969,,,,,21.687307155822033,0,0,-0.11062396390723615,-0.04447494158530607,-1.492475118809563,-0.13738459708709438,0.10730839017532245,-1.6442584505701916,0.029128868845273923,0.013703807725416975
1951-01,6.1915,15.3977,18.0406,28.7949,17.555,17.1797,,,,,,,,,25.38,,23797.6,0.21502071547392074,-1.5370209044544458,14.343257490952954,0.8771119339219596,4.33097192891791,7.9540621012335055,,,,,20.2587582419699,0,0,-0.13112066200408146,-0.051271888852376435,-1.4857490156020694,-0.09706066783595846,0.10526725727166486,-1.6422881617261107,0.007945697030610516,-0.010964162219409157
1951-02,6.2796,15.4942,18.1184,28.7492,17.6945,17.2875,,,,,,,,,25.83,,24109.42,0.2184269475324531,-1.5213036565852247,12.86118283426836,0.8756506259007035,6.523478418690598,9.402795425667088,,,,,20.500820004039213,0,0,-0.13278809647961182,-0.042502664754347164,-1.4788009918308775,-0.0963932332663775,0.11901421629680486,-1.6403178728820296,0.005683798737376677,-0.009725591243549297
1951-03,6.3676,15.808,17.9888,28.2007,17.6945,17.3682,,,,,,,,,25.88,,24280.96,0.22579581357909556,-1.4881241678321815,16.611046563301702,0.8933849501257453,3.820053154131378,9.475465313028764,,,,,17.767557953877855,0,0,-0.1127377158230379,-0.01643834261345356,-1.471685825218728,-0.0035293282911246227,0.15022341620576696,-1.6383475840379484,0.02523767801417534,0.02952089607461489
1951-04,6.5241,15.9287,17.1593,28.0636,17.6387,17.3952,,,,,,,,,25.92,,24076.15,0.23247551989053433,-1.4589703502915914,18.176998734729157,0.9030540799492025,3.611343779139289,9.598308668076116,,,,,14.644554835678658,0,0,-0.10197283815666364,0.0054908947707110745,-1.4644612450623025,0.03259939376648213,0.17740694490227615,-1.6363772951938675,0.035609574568270574,0.0409665594065772
1951-05,6.5828,16.0493,16.278,27.7893,17.4712,17.3413,,,,,,,,,25.99,,23994.88,0.2368825411219426,-1.440190867781199,16.599137748922367,0.9186146343697055,4.810478191162246,9.339503575936048,,,,,12.030910238574144,0,0,-0.08488857605067104,0.01699525442865424,-1.4571861222098532,0.07579764603491768,0.19421613856858744,-1.6344070063497864,0.0524081810425196,0.07614957180579948
1951-06,6.6611,16.1217,15.5263,27.7436,17.4433,17.2605,,,,,,,,,25.93,,23841.03,0.24009501290387694,-1.4267205468832804,15.00075817286941,0.9242345198442955,4.780754491276484,8.584589614740379,,,,,8.629902105954868,0,0,-0.07878943018930012,0.02319839931421508,-1.4499189461974955,0.08515233932198196,0.20571617062242487,-1.6324367175057053,0.058330329078598836,0.0869309882960504
1951-07,6.7197,15.8321,13.8674,27.5151,17.1363,16.9913,,,,,,,,,25.91,,23706.57,0.2442186290436887,-1.4096914342049711,15.420552997892557,0.9238925555691719,4.961071971187763,7.644370585791438,,,,,3.877940817790826,0,0,-0.07915949595325707,0.03302559213037126,-1.4427170263353424,0.1125126477620666,0.22077499445665327,-1.6304664286616244,0.05788961616470163,0.09512466514741995
1951-08,6.8078,15.5666,12.9602,27.2409,16.941,16.8297,,,,,,,,,25.86,,23940.11,0.24991097944634724,-1.386650506746827,15.999854964366955,0.9188713771324007,5.271161776864167,6.859504132231398,,,,,-0.15970887700818004,0,0,-0.08460912601648418,0.04898555418672679,-1.435636060933554,0.148998118617238,0.24184563307071616,-1.6284961398175433,0.05246933177848806,0.08861281963897727
1951-09,6.9545,15.6632,13.5046,27.2409,17.1922,16.9374,,,,,,,,,26.03,,24098.29,0.25529626407350714,-1.3653305883180438,19.13732993172492,0.9110643198659858,1.3592193410149056,6.943303204601481,,,,,1.119161009064218,0,0,-0.09314178062943877,0.06339886654034843,-1.4287294548583922,0.17495804653478797,0.2611952626554186,-1.6265258509734624,0.044055637708869486,0.08160657134358106
1951-10,7.0719,15.446,13.4009,27.1952,17.248,16.9105,,,,,,,,,26.16,,24288.01,0.2600422133317644,-1.3469113021770756,18.330592019146614,0.8955241187384044,-1.779324789197255,6.775510204081625,,,,,0.31924592741541247,0,0,-0.11034612457951455,0.07513590902444767,-1.4220472112015232,0.2497080775194267,0.2776442599523057,-1.6245555621293812,0.02704584750422516,0.11931964363641794
1951-11,7.199,15.4943,13.6601,27.5608,17.6108,17.0451,,,,,,,,,26.32,,24639.74,0.2612043191779629,-1.3424523458131974,18.12594349373633,0.8798180661866581,-2.287996260603227,6.991869918699178,,,,,1.2717589663873152,0,0,-0.12804013585386534,0.0731825845423506,-1.415634930355548,0.26324531260011885,0.2801329274721027,-1.6225852732853001,0.00960490209388884,0.05237444674120689
1951-12,7.2871,15.5184,13.8156,27.7436,17.7503,17.1528,,,,,,,,,26.47,,24627.95,0.2626587753571995,-1.3368995213000163,20.005053909485284,0.8742612800910408,-2.375203662267082,5.964771817453962,,,,,0.15694880798795552,0,0,-0.13437600052990697,0.07263347364159123,-1.4095329949416076,0.24225646018477143,0.2837154631412029,-1.6206149844412192,0.0035616561330778784,0.03778837190413087
1952-01,7.4729,15.8804,13.7638,28.0179,18.0015,17.3413,,,,,,,,,26.45,,24801.92,0.26671877621092227,-1.3215604482815626,21.54604561728832,0.882170930200261,0.5751218665243529,4.215918045705291,,,,,0.9362485468799697,0,0,-0.12536944333883793,0.08221625717535308,-1.4037767054569157,0.2341031014669983,0.2970842473155755,-1.618644695597138,0.012880758616137189,0.04365916355794863
1952-02,7.5609,15.7356,13.7378,28.3378,18.1411,17.449,,,,,,,,,26.41,,25151.92,0.26681323179639915,-1.3212063717311548,20.009728485406985,0.8674005435172067,-0.9466324496421402,2.245451025938827,,,,,0.9298643425216468,0,0,-0.14225442097603322,0.07718994667630752,-1.3983963184074624,0.19379411433790095,0.29546803502190233,-1.6166744067530572,-0.003691620763996345,0.04624341373204194
1952-03,7.6294,15.7356,14.023,28.3835,18.2527,17.5029,,,,,,,,,26.39,,25195.58,0.2687970123487237,-1.3137987851690054,17.43253826631761,0.8620971143995134,-3.5649637124887725,1.9706336939721905,,,,,0.7725633545720978,0,0,-0.14838735294792563,0.07961759566792836,-1.3934163808369338,0.20839016985907777,0.30090533273997067,-1.614704117908976,-0.009532669622569684,0.03142405305603277
1952-04,7.6001,15.446,13.8934,28.4292,18.2527,17.3413,,,,,,,,,26.46,,25548.05,0.2673342900960984,-1.3192553808770504,13.9714969414541,0.8462309685690336,-6.499010598743163,2.083333333333326,,,,,-0.31033663874429074,0,0,-0.16696294414409527,0.06960069849900052,-1.388856079376051,0.1860487377908553,0.2934784481878445,-1.612733829064895,-0.027857604595424135,0.009686608375295697
1952-05,7.6392,15.2288,14.3081,28.1093,18.3364,17.1798,,,,,,,,,26.47,,26146.47,0.27176770677320317,-1.3028075967844743,13.738327099672464,0.8305228943522174,-10.081120730778595,1.8468641785302164,,,,,-0.9356664662326875,0,0,-0.18569978335845702,0.0819214748713617,-1.384729071655836,0.16082974040945852,0.3079559434363397,-1.610763540220814,-0.04640486423178983,-0.036866125031433855
1952-06,7.6881,14.3599,14.4636,29.1148,18.7272,17.0182,,,,,,,,,26.53,,26762.43,0.2640615769299463,-1.3315729570866612,9.51475897966192,0.7667937545388526,-18.6747982491694,2.313922097956045,,,,,-1.4137294328867345,0,0,-0.2655374126809941,0.049471224838809835,-1.381044181925471,0.10614729271277468,0.27722029429007167,-1.608793251376733,-0.12613190582109052,-0.10747468838409988
1952-07,7.3164,14.0462,13.0639,29.2062,18.3085,16.7489,,,,,,,,,26.68,,27210.19,0.25050845368449165,-1.3842626117831633,2.5428822421807773,0.7671955649015485,-18.585404036589622,2.9718255499807,,,,,-1.436886388127423,0,0,-0.2650135363191533,-0.006458066340335078,-1.3778045454428283,0.060119886119273325,0.22256035074948866,-1.606822962532652,-0.1255911262101975,-0.10961383273017242
1952-08,7.4435,15.8321,14.3599,29.2976,18.6713,17.826,,,,,,,,,26.69,,27468.78,0.25406517940036044,-1.3701644330703373,1.64860736764898,0.8479377440242513,-8.033893493450908,3.209590100541382,,,,,5.751288297662693,0,0,-0.16494806095099326,0.004845428893717418,-1.3750098619640547,0.06783807207952308,0.23468824061823357,-1.6048526736885709,-0.025608365556467477,-0.0120778240608721
1952-09,7.6196,16.8699,15.8374,29.2977,19.1179,18.4723,,,,,,,,,26.63,,27869.82,0.2600750229540203,-1.346785139765948,1.854544855209572,0.8824138634473453,-3.1952319467755466,2.3050326546292688,,,,,8.674811815374595,0,0,-0.12509410009719424,0.025875139956178517,-1.3726602797221266,0.1561982934162096,0.2560972450785417,-1.6028823848444897,0.014066050746108033,0.013810785619719768
1952-10,7.6979,16.7734,16.3558,29.5262,19.4249,18.6608,,,,,,,,,26.69,,28496.56,0.26071421313951676,-1.344330440389874,0.2580861787201627,0.8634999407976359,-3.6415325376822754,2.0259938837920544,,,,,9.849033617851344,0,0,-0.1467614499563373,0.02642517007202838,-1.3707556104619023,0.15695012326876778,0.2565816556105349,-1.6009120960004088,-0.007873107015644143,-0.023673452158754396
1952-11,7.7957,17.2802,17.4185,29.8461,19.7877,19.0378,,,,,,,,,26.69,,29049.11,0.2611966052516074,-1.342481878403954,-0.0029532590756664,0.8732798657752038,-0.7459059310211014,1.4057750759878471,,,,,11.056370407298166,0,0,-0.13549919516407635,0.02681199063956763,-1.3692938690435217,0.1632620137060703,0.25645992875237367,-1.5989418071563277,0.0030286661989504804,-0.019082270249676278
1952-12,7.8739,17.3285,17.4704,29.8004,19.8993,19.1455,,,,,,,,,26.71,,29685.58,0.26422128562032726,-1.3309683238245658,0.5931197475450567,0.8708095259632247,-0.3956009827803169,0.9066868152625585,,,,,10.99062754759852,0,0,-0.13833201035771014,0.0373029114213026,-1.3682712352458684,0.21383017647114122,0.26600319448768106,-1.5969715183122468,-0.0002491678275357012,-0.017022655565473555
1953-01,7.9326,17.2319,18.1443,29.7547,20.0389,19.1993,,,,,,,,,26.64,,30479.45,0.2665998985034297,-1.3220062519449167,-0.0445803663354116,0.8599224508331295,-2.554362391146514,0.7183364839319584,,,,,10.178288032864646,0,0,-0.15091306725030307,0.045675774959115456,-1.3676820269040322,0.21197842109594145,0.27299497752324897,-1.5950012294681657,-0.01335585471233755,-0.01688660284117316
1953-02,7.962,17.6422,18.3258,29.9375,20.2343,19.307,,,,,,,,,26.59,,30886.61,0.2659540709812108,-1.3244316505930087,-0.3225278861853864,0.8718957413896204,0.516899612811314,0.6815600151457879,,,,,10.11853840375867,0,0,-0.13708542484792008,0.04308632078013441,-1.3675179713731431,0.202139946199422,0.26859929003107585,-1.5930309406240846,-0.00013051006236916574,-0.011438845813376536
1953-03,8.0206,17.8594,18.5072,29.8004,20.2622,19.4686,,,,,,,,,26.63,,31639.33,0.2691440383350559,-1.3125085841924118,0.1290200976593603,0.8814146538875345,2.216025193042617,0.9094353921940136,,,,,10.643632981706297,0,0,-0.12622710101749945,0.05525903988710201,-1.3677676240795138,0.16522318996497898,0.2785520675875919,-1.5910606517800037,0.010053719144492601,-0.013955327385730187
1953-04,8.0304,18.0042,18.3258,29.9375,20.2622,19.5494,,,,,,,,,26.69,,32117.35,0.26823883089770356,-1.3158775352526018,0.337784562444865,0.8885609657391597,4.881092687892449,0.8692365835222926,,,,,11.985365571619111,0,0,-0.11815201726517077,0.05253901309124531,-1.368416548343847,0.11125332719386094,0.2732128276833208,-1.5890903629359225,0.017387791354378346,-0.010974488908762584
1953-05,7.9815,18.3662,18.4294,30.0289,20.3738,19.6571,,,,,,,,,26.7,,32431.82,0.2657939518264072,-1.3250338875653163,-2.222629078084193,0.9014616811787688,8.196204049097645,0.86890819795995,,,,,13.470432116418696,0,0,-0.10373774286748058,0.04441258248820401,-1.3694464700535203,0.06617785195704129,0.26208618652652516,-1.5871200740918414,0.030998319068061136,-0.007509597368605639
1953-06,7.9326,18.3904,17.7296,29.9375,20.1505,19.5763,,,,,,,,,26.77,,32501.58,0.2649720250521921,-1.328131024409165,0.3441932677496151,0.9126522915064141,17.413710003166536,0.9046362608367886,,,,,14.003629128994444,0,0,-0.09140031264932877,0.04270444214416913,-1.3708354665533342,0.05130135148361625,0.25701876083859543,-1.5851497852477605,0.04247224175245007,0.0036016238719312477
1953-07,8.05,18.6076,17.6259,29.8461,20.2901,19.8187,,,,,,,,,26.79,,32792.3,0.2697169814481624,-1.310382086605926,7.388052517723742,0.9170777867038606,17.845055337191756,0.4122938530734643,,,,,16.829335196507998,0,0,-0.08656298294723576,0.06217644437504655,-1.3725585309809725,0.04419359373978082,0.27279740979775347,-1.5831794964036794,0.04638712470178742,0.009150716760300964
1953-08,8.0206,18.1249,17.4704,29.7547,20.2064,19.7109,,,,,,,,,26.85,,33060.61,0.2695574144588922,-1.310973870659232,5.919056241110532,0.8969880829836092,5.623535852536389,0.5994754589734086,,,,,10.05137165140777,0,0,-0.10871270242562937,0.0636138202286256,-1.3745876908878576,0.03763660048250772,0.2702353369003663,-1.5812092075595983,0.02325389142117519,-0.015619922356642862
1953-09,7.9326,17.6663,16.7705,29.5719,19.9552,19.307,,,,,,,,,26.89,,33255.74,0.2682478974972863,-1.3158437353499994,3.094140441594861,0.8852980676715843,0.3263209047632068,0.9763424708974844,,,,,4.419541173648378,0,0,-0.12183089104956217,0.06104692066677586,-1.3768906560167753,0.0013754012685518457,0.2633951833655179,-1.5792389187155174,0.00908577278698626,-0.027013145331237998
1953-10,7.9326,17.1113,16.615,29.709,19.9552,19.1455,,,,,,,,,26.95,,33482.28,0.26700999697061495,-1.3204691794453065,2.386126094456742,0.8574857681205901,-0.6989247067353849,0.9741476208317668,,,,,2.5642634113078877,0,0,-0.15375069702369115,0.058961539038800526,-1.379430718484107,-0.014540722410605555,0.2567994504261297,-1.5772686298714362,-0.023957343417581795,-0.050437424626322835
1953-11,7.6587,16.6768,16.0188,29.4805,19.4249,18.6877,,,,,,,,,26.85,,33558.31,0.25978867386916776,-1.347886771272674,-0.5404892868720035,0.8585269422236408,-1.703802106831498,0.5994754589734086,,,,,-1.8560923033980714,0,0,-0.15253721623239133,0.034280159764069396,-1.3821669310367435,-0.012851340266685218,0.22741156975468124,-1.5752983410273553,-0.023948148045492834,-0.04242643683259162
1953-12,7.5316,16.2907,15.4486,29.1605,19.1179,18.2299,,,,,,,,,26.87,,33696.92,0.25828089367466267,-1.3537075511297227,-2.2739227305156984,0.852117648904953,-2.169866575885216,0.5990265818045737,,,,,-4.900459785572231,0,0,-0.1600306761165623,0.03134670074053103,-1.3850542518702538,-0.0038473715063760405,0.21962050105355146,-1.5733280521832742,-0.032732799801831386,-0.04449024789521411
1954-01,7.3066,16.0976,15.2153,29.5262,19.0062,18.0953,,,,,,,,,26.94,,34064.9,0.24746157649816097,-1.3964999554974498,-7.449370355253304,0.8469657269733034,-1.5181981920544123,1.1261261261261255,,,,,-5.92215839919934,0,0,-0.1660950491708472,-0.008454696883892554,-1.3880452586135572,-0.059186725714120314,0.17485780784174332,-1.571357763339193,-0.04017953937958907,-0.05528095239655029
1954-02,7.2186,16.0735,15.5782,29.709,19.0062,18.1492,,,,,,,,,26.99,,33701.35,0.2429768756942341,-1.4147890019218785,-9.03573513288698,0.8456977196914691,-3.0507863705985017,1.5043249341857745,,,,,-6.1841241849231565,0,0,-0.1675932885539051,-0.023698649880523392,-1.3910903520413551,-0.08280414083931276,0.15459847257323367,-1.5693874744951122,-0.04315331502467604,-0.04947680067132443
1954-03,7.111,15.9045,15.5782,29.7547,18.9783,18.0414,,,,,,,,,26.93,,33507.66,0.23898745408288438,-1.4313442218055048,-11.8835637613093,0.8380360727778569,-5.046703213472664,1.1265490048817162,,,,,-7.613379435830181,0,0,-0.1766941331522261,-0.037203701745427864,-1.394140520060077,-0.11713321214799066,0.13607296384552625,-1.567417185651031,-0.05382207046504317,-0.056277537829983904
1954-04,6.9838,15.8804,15.7596,29.5719,18.7551,17.9337,,,,,,,,,26.86,,33706.5,0.23616338483492774,-1.4432314048690178,-12.735386961641604,0.8467243576413882,-4.822805374732478,0.6369426751592355,,,,,-8.62629710360614,0,0,-0.16638007101249555,-0.04608300855329106,-1.3971483963157267,-0.11867573596733516,0.12221549193793235,-1.5654468968069501,-0.045164501830848774,-0.031917408449698814
1954-05,6.9741,16.0976,16.0707,29.6176,18.783,18.0414,,,,,,,,,26.93,,33704.8,0.23547147641942628,-1.4461654920992968,-12.113160453398052,0.85703029335037,-5.054427000815337,0.8614232209737782,,,,,-8.576947926414702,0,0,-0.15428201287563395,-0.04609629405459059,-1.4000691980447062,-0.14728563742553447,0.11731111586357224,-1.563476607962869,-0.034803990302703966,-0.009736929054997623
1954-06,6.886,16.2907,16.1744,29.7547,18.783,18.0953,,,,,,,,,26.94,,33815.39,0.2314256235149405,-1.4634967377905534,-13.536571338138836,0.8673108662088058,-5.095749994329038,0.635039223010847,,,,,-7.866741486677498,0,0,-0.14235781259261915,-0.060635395098209255,-1.4028613426923442,-0.11906188831179132,0.09800958132823445,-1.561506319118788,-0.024687723747538942,0.04537296942117075
1954-07,6.8665,16.3631,15.9929,30.0289,18.8109,18.1222,,,0.8,,,,,,26.86,,34057.2,0.22866305459074426,-1.4755057362995132,-16.512364969358728,0.8698733181293824,-5.284470633417056,0.2612915266890558,,,,0.537304542069994,-8.948823038946063,0,0,-0.13940768928140632,-0.07001928746401154,-1.4054864488355017,-0.06684979673597446,0.08403029397519379,-1.559536030274707,-0.02360283835549022,0.050125234828864274
1954-08,6.8273,16.2665,16.1225,30.0289,18.7551,18.0953,,,1.22,,,,,,26.85,,34009.56,0.22735764546819898,-1.4812309706502045,-17.02570999909725,0.8673107581404526,-3.3645234768634,0.0,,,,1.2199999999999989,-8.551954617881519,0,0,-0.14235793719426337,-0.07332062480783819,-1.4079103458423663,-0.11764244026213233,0.07633477078042139,-1.5575657414306259,-0.028460831025746786,0.01152472523112233
1954-09,6.7491,16.1459,16.2262,30.3489,18.7551,18.1222,,,1.07,,,,,,26.81,,34137.28,0.22238367782687346,-1.5033511103651822,-18.75073750151828,0.8608805071687169,-2.796867691237433,-0.2975083674228385,,,,1.3715889593435282,-6.333001840525254,0,0,-0.1497995679619365,-0.09324738483353823,-1.410103725531644,-0.19317498147232293,0.05224434222136276,-1.555595452586545,-0.03783627694997897,-0.014754584544774685
1954-10,6.7295,16.4838,16.4595,30.4403,18.783,18.3377,,,0.85,,,,,,26.72,,34363.37,0.2210720656498129,-1.509266541706638,-18.879736226133147,0.8775914390672416,2.3176572017941077,-0.8534322820037077,,,,1.7180950598802314,-4.310865104596973,0,0,-0.13057412500575008,-0.09722417027454244,-1.4120423714320955,-0.20926030569507237,0.044358622035825856,-1.5536251637424638,-0.020552306663836395,0.013547122222371893
1954-11,6.8567,16.7975,16.9261,30.9431,19.0621,18.6338,,,0.83,,,,,,26.78,,34608.56,0.22159059693437308,-1.5069237576159165,-15.903698634324236,0.8811988185981606,2.606521150364513,-0.2607076350093162,,,,1.0935586258401742,-0.28884175327235084,0,0,-0.1264720047287462,-0.09321521503059826,-1.4137085425853182,-0.2087151274047072,0.04473111728246626,-1.5516548748983827,-0.01837827616545365,0.023570423407985708
1954-12,6.8762,17.0871,17.5741,31.2173,19.2574,18.8762,,,1.28,,,,,,26.77,,35028.27,0.2202688893658324,-1.512906254547816,-15.919870341809329,0.887300466314248,4.04590665185162,-0.372162262746567,,,,1.65833395592081,3.4838766061145776,0,0,-0.1195716095980461,-0.09781500483641725,-1.4150912497113988,-0.24930738623212534,0.036778331506485795,-1.5496845860543018,-0.013370120273526118,0.042676410242066184
1955-01,6.9251,17.6905,18.8183,31.3544,19.5923,19.307,,,1.39,,,,,,26.77,,35372.51,0.22086533309519557,-1.5102021157055066,-11.370216020805678,0.9029312536047324,6.398618959432207,-0.6310319227913919,,,,2.0338662682106934,6.481548840989149,0,0,-0.10210885957652512,-0.09401613889626104,-1.4161859768092455,-0.26298271677890117,0.03751218150471414,-1.5477142972102207,0.0022599849666747884,0.052849292932089856
1955-02,7.0327,18.1249,19.0256,31.3544,19.6761,19.5494,,,1.29,,,,,,26.82,,35925.41,0.22429706835404284,-1.4947839077418235,-7.999490581994495,0.9211632386499357,8.547527078405812,-0.6298629121896937,,,,1.9320320656226464,7.431811281887812,0,0,-0.08211801776984698,-0.07778890715538789,-1.4169950005864356,-0.2480006647914339,0.05096010062431633,-1.5457440083661398,0.020502448847663862,0.06196942961523219
1955-03,7.1012,18.6076,19.544,31.8572,19.9831,20.0071,,,1.35,,,,,,26.79,,36530.32,0.22290722348480094,-1.5009996322746642,-6.965541046915935,0.9311668359764002,10.53773162265468,-0.519866320089124,,,,1.879637924598732,10.341809361155185,0,0,-0.0713168169256793,-0.08347250562558317,-1.417527126649081,-0.26563924396385263,0.04277408724739451,-1.5437737195220587,0.029664054076551538,0.07329534407157527
1955-04,7.3457,18.9696,19.8551,32.04,20.2343,20.2495,,,1.43,,,,,,26.79,,37235.21,0.2292665418227216,-1.4728700141881919,-2.963860931917406,0.937497220066916,10.183858460857175,-0.2606105733432673,,,,1.695027995520726,12.144847750242205,0,0,-0.06454148640392378,-0.05507345157745713,-1.4177965626107347,-0.24379421908415067,0.06893341648978568,-1.5418034306779775,0.034931662967044155,0.07252189480228195
1955-05,7.4533,19.3316,20.3735,32.3143,20.4296,20.5726,,,1.43,,,,,,26.77,,37736.78,0.23065020749327694,-1.466852969376384,-2.0687477277087307,0.946254454321181,9.903824597482208,-0.5941329372447068,,,,2.036230855435184,13.129097639901044,0,0,-0.05524376690081186,-0.049029656589653525,-1.4178233127867306,-0.2025674712468093,0.07298017245751254,-1.5398331418338966,0.04287456649276298,0.07672434514083767
1955-06,7.5414,19.3799,19.9588,32.2228,20.3738,20.5996,,,1.64,,,,,,26.71,,38536.67,0.23403925170996936,-1.4522664353413142,1.1230302449239282,0.9512167587784311,9.23444973962216,-0.8537490720118779,,,,2.5152227630101054,12.961942208749733,0,0,-0.05001331519639753,-0.03463522930366425,-1.41763120603765,-0.13338541228820833,0.08559641764850134,-1.5378628529898155,0.046921713733578514,0.07474269589311311
1955-07,7.5609,19.6212,20.2439,32.1771,20.4575,20.7611,,,1.68,,,,,,26.76,,39029.43,0.23497767045507517,-1.4482647886927071,2.7240947606806065,0.9591201270927534,9.766874020841074,-0.3723008190617993,,,,2.059970104633768,13.59433373580492,0,0,-0.041738949072995586,-0.03101731263137042,-1.4172474760613367,-0.16301774875640707,0.08762777545302747,-1.5358925641457346,0.05419991536664948,0.06709691394841161
1955-08,7.6098,19.5971,20.2179,32.2228,20.4575,20.7342,,,1.96,,,,,,26.72,,39732.77,0.23616197226808347,-1.4432373861987222,3.7993584451482265,0.9579420750336063,9.93899698806219,-0.484171322160154,,,,2.456062874251508,13.613227480270007,0,0,-0.04296796731364146,-0.026535624418830173,-1.416701761779892,-0.17065915623119832,0.09068488910293127,-1.5339222753016535,0.05217424261607139,0.07054604289014768
1955-09,7.6587,19.8143,20.2957,32.4971,20.625,20.8688,,,2.18,,,,,,26.85,,40394.19,0.23567333700545584,-1.4453085980292388,5.8042512335943375,0.9606933333333333,10.9699534986938,0.1491980604252152,,,,2.027776536312853,14.111751458545463,0,0,-0.040100032974998506,-0.02928274193377778,-1.416025856095461,-0.1629025482584192,0.08664338842833352,-1.5319519864575724,0.054453638549300284,0.08036618051222723
1955-10,8.0109,20.0315,20.4253,33.3198,21.0436,21.2189,,,2.24,,,,,,26.82,,40833.66,0.24042461239263138,-1.425348700560699,8.391784114593893,0.9519046170807276,8.128368365331754,0.374251497005984,,,,1.8587919463087357,14.593324393166585,0,0,-0.049290441352432546,-0.010095305898815132,-1.415253394661884,-0.1340751513984395,0.10463299705279239,-1.5299816976134915,0.044887790783797024,0.08568308262367694
1955-11,8.05,19.935,20.218,33.594,21.0995,21.2727,,,2.35,,,,,,26.88,,41366.82,0.23962612371256772,-1.4286753881643393,7.82483694515772,0.9448091186994952,6.9699642043279,0.3734129947722042,,,,1.969233630952405,13.244742460517767,0,0,-0.056772362685467204,-0.014255341507592778,-1.4144200466567465,-0.10495229322651767,0.09933602060507107,-1.5280114087694103,0.037244730490187644,0.07386575884371407
1955-12,8.1869,20.0798,20.1402,33.8683,21.239,21.3535,,,2.48,,,,,,26.87,,41869.03,0.24172751510999962,-1.4199441578264465,9.296209672136955,0.9454211591882856,6.344682992649957,0.3735524841240289,,,,2.0986081131373124,12.331379139193288,0,0,-0.056124779671546526,-0.0063819755059013605,-1.413562182320545,-0.10196271163366633,0.10609696209888275,-1.5260411199253292,0.03794355917348441,0.08106387867896167
1956-01,8.2456,20.1763,19.9328,34.0511,21.2948,21.4882,,,2.45,,,,,,26.83,,42120.13,0.2421537042856178,-1.4181826127664525,9.201950293905403,0.9474754400135246,4.8154596384965735,0.2241314904743996,,,,2.2208907938874534,10.703622280436376,0,0,-0.05395426319155938,-0.0054654509184046685,-1.4127171618480479,-0.034856943895303694,0.10588821831479578,-1.5240708310812483,0.04037320371563739,0.08309846415591238
1956-02,8.363,19.7902,19.57,34.1425,21.2948,21.2997,,,2.5,,,,,,26.86,,42561.07,0.24494398476971516,-1.406725728171054,8.805817957076956,0.9293442530570843,0.8841971992408354,0.1491424310216205,,,,2.3473566641846637,8.574839268582357,0,0,-0.07327604577743863,0.005197060455710778,-1.4119227886267647,-0.022972172773984667,0.11537481406611327,-1.5221005422371672,0.021511294378165666,0.06785956369830937
1956-03,8.4608,19.7178,19.6218,34.1425,21.3506,21.2997,,,2.5,,,,,,26.89,,43205.25,0.24780844987918288,-1.3950992107753217,10.59004214993424,0.9235243974408214,-0.8241244313691803,0.3732736095558131,,,,2.1188174042394703,6.260577755274976,0,0,-0.0795580612393711,0.01611803481408658,-1.4112172455894083,0.0042742987748787264,0.12503104261776432,-1.520130253393086,0.015879956449631707,0.06812948102904613
1956-04,8.7053,19.8626,19.9069,34.1425,21.5739,21.4612,,,2.62,,,,,,26.93,,43383.97,0.254969612652852,-1.3666109069917978,10.625910719639409,0.92067729988551,-1.8104197866397969,0.5225830533781339,,,,2.086513182324534,5.8116551736465905,0,0,-0.08264568427032175,0.04402744776991696,-1.4106383547617147,0.03911552322692291,0.15154905755720738,-1.5181599645490051,0.013622380495932576,0.062275677306793634
1956-05,8.676,19.5006,19.4403,34.2339,21.4623,21.2728,,,2.75,,,,,,27.03,,43799.61,0.2534330006221903,-1.3726557882319603,9.419718114442375,0.908597866957409,-4.060890637333992,0.9712364587224576,,,,1.7616537180910052,3.346916801304678,0,0,-0.09585267327415178,0.03756703062948619,-1.4102228188614465,0.02470044230515489,0.1435338874729637,-1.516189675704924,0.0014122705973155375,0.044122956067143115
1956-06,8.7053,19.2351,18.9738,34.3253,21.4344,21.0843,,,2.71,,,,,,27.15,,44053.63,0.25361176741354047,-1.3719506560226298,8.031577931868439,0.8973939088567909,-5.824705781225538,1.647323099962561,,,,1.0454548802946606,2.325702955953579,0,0,-0.10826037300865292,0.03805362712208549,-1.4100042831447153,0.021867054126206265,0.14226873083821334,-1.5142193868608431,-0.009845201518548174,0.0287287494754168
1956-07,8.7053,17.6905,18.9997,34.4624,21.5181,20.438,,,2.75,,,,,,27.29,,44173.42,0.2526028367147964,-1.375936839062309,7.232794963039812,0.82212184161241,-15.412772003146932,1.9805680119581397,,,,0.7544888237449809,-1.5685130216458898,0,0,-0.1958666691044649,0.03407694498375258,-1.4100137840460616,0.01277679372224827,0.13631225895445298,-1.512249098016762,-0.09616150307118247,-0.05710614330611982
1956-08,8.8129,19.3075,18.9997,34.691,21.6577,21.2727,,,2.73,,,,,,27.31,,44498.86,0.2540399527254908,-1.3702637301381897,7.297365606053252,0.8914843219732475,-7.189946064080469,2.208083832335328,,,,0.5106407909190924,2.564004966073874,0,0,-0.11486742795444616,0.04001598524884198,-1.4102797153870317,0.013739787903482847,0.14001507903449117,-1.5102788091726809,-0.013745398347779922,0.028350804641962768
1956-09,8.8521,20.3453,18.7146,34.7367,21.6855,21.7574,,,2.95,,,,,,27.35,,44778.98,0.2548342243218268,-1.3671420459295176,7.816655209972123,0.9381983352931683,-2.369387447678492,1.862197392923659,,,,1.0679159049360232,4.169870892080585,0,0,-0.06379390745178343,0.043686058605141076,-1.4108281045346587,0.03123759151237926,0.14116647439908236,-1.5083085203286,0.03886563474629626,0.0865463177731248
1956-10,8.9205,20.659,18.9478,34.9652,21.9088,21.9459,,,2.96,,,,,,27.51,,44934.15,0.2551250958095478,-1.36600128231257,5.934741824812906,0.9429544292704302,-0.94468814339079,2.572706935123037,,,,0.3775790621592279,3.3688039965779737,0,0,-0.058737322786340446,0.045680917655541275,-1.4116821999681113,0.04454779786702945,0.14033694917194883,-1.5063382314845188,0.04557511555055786,0.07969139928484442
1956-11,9.0672,20.2005,18.6886,34.8738,21.9925,21.7574,,,2.88,,,,,,27.51,,45400.79,0.2600003440978614,-1.347072324514172,8.160306365016723,0.9185176764806184,-2.8221766883156154,2.34375,,,,0.5239694656488547,2.2529369047460612,0,0,-0.08499412956862336,0.06578989189831663,-1.4128622164124887,0.045395875569919975,0.1572956181262659,-1.504367942640438,0.02107862398146139,0.0522653793721438
1956-12,9.1748,20.5625,19.4663,34.7824,22.2437,22.0806,,,2.94,,,,,,27.63,,45448.24,0.26377708266249594,-1.3326509163828542,8.729324144359229,0.924419048989152,-2.246501425428023,2.828433196873825,,,,0.1084980094100851,3.3483734287650613,0,0,-0.07858979392582675,0.08173427992408744,-1.4143851963069416,0.088010636206874,0.16974673741350266,-1.5023976537963568,0.029339564500194912,0.0511419557091541
1957-01,9.302,20.1763,19.5181,34.9652,22.3554,21.9998,,,2.84,,,,,,27.67,,45700.5,0.26603594431034283,-1.3241238503432857,9.40587624231668,0.9025246696547591,-4.860499115961346,3.130823704808061,,,,-0.2819949403686461,2.3529415149858846,0,0,-0.10255925435117284,0.09213976300484106,-1.4162636133481268,0.09549884971037237,0.17630351460898996,-1.5004273649522757,0.007310405408586879,0.01956141843026285
1957-02,9.5074,20.297,19.8551,35.3309,22.6345,22.2152,,,3.0,,,,,,27.8,,46042.24,0.26909589056604843,-1.3126874923950573,9.403823577599656,0.8967284455145906,-3.5726153306895547,3.499627699180952,,,,-0.4827338129496539,4.208375116414675,0,0,-0.10900219908433417,0.10581677284598201,-1.4185042652410393,0.08798022800934757,0.18576958371313745,-1.4984570761081948,0.0028768277922585073,0.0026627228349845877
1957-03,9.4585,20.2246,19.7514,35.5594,22.6903,22.1883,,,2.96,,,,,,27.86,,46245.3,0.26599155216342235,-1.3242907294888853,7.080848128643646,0.891332419580173,-3.5479773902646934,3.607288955001864,,,,-0.6247523330940363,4.087213481449892,0,0,-0.11503783514201804,0.0968168216071359,-1.4211075510960212,0.08973317694054783,0.1721960577752284,-1.4964867872641137,-0.001095513707246018,-0.01320794910766497
1957-04,9.2727,19.9591,19.2071,35.4223,22.4391,21.8921,,,3.0,,,,,,27.93,,46517.42,0.26177577401806207,-1.3402669660063278,2.634394098547,0.8894786332785183,-3.447410894163242,3.713330857779429,,,,-0.6877909058360165,1.9879187523763164,0,0,-0.11711979321195418,0.0837995556300839,-1.4240665216364117,0.027004944158785404,0.15424953241370498,-1.4945164984200328,-0.0010755878991127038,-0.023961860897753234
1957-05,9.1064,19.8626,19.1034,35.5137,22.2995,21.8113,,,3.0,,,,,,28.0,,46838.04,0.25641935365788415,-1.3609410744992267,1.1714713732733584,0.890719522859257,-1.9873016952766485,3.588605253422128,,,,-0.5682142857142858,2.499892276574922,0,0,-0.11572569022691827,0.06642642969593338,-1.4273675041951601,0.014627948839468274,0.1316051350767249,-1.4925462095759516,0.0024437262397671716,-0.0287442316666065
1957-06,9.1455,19.9591,19.4144,35.6051,22.4112,21.8652,,,3.0,,,,,,28.11,,47000.29,0.2568592701607354,-1.359226930990599,1.2723725032030675,0.8905859570214892,-0.7615281207627861,3.53591160220994,,,,-0.5176093916755553,3.6367644170875124,0,0,-0.11587565421628078,0.0717640757010316,-1.4309910066916307,0.0041667664857365505,0.1313489897412714,-1.4905759207318705,0.004427113329511581,-0.03614959477209467
1957-07,9.1846,20.0798,19.233,35.925,22.467,21.9998,,,2.99,,,,,,28.19,,47368.47,0.25566040361865,-1.3639052635114024,1.2031575550906617,0.8937463835848133,8.353343778368837,3.297911322828884,,,,-0.2980808797445999,7.363744921788484,0,0,-0.11233323132077654,0.07100766058727848,-1.4349129240986809,0.0059794422475722975,0.1247003683763872,-1.4886056318877896,0.010095670175663082,-0.04119737205437014
1957-08,9.1651,20.128,19.7514,35.8336,22.5228,21.9998,,,3.24,,,,,,28.28,,47646.21,0.2557683291659225,-1.3634832084254984,0.6780521712691279,0.8936721899586197,0.2451179004408804,3.551812522885389,,,,-0.3011173974540315,3.360880190067528,0,0,-0.11241624895003735,0.07562095934730007,-1.4391041677727985,0.022997365687363214,0.12315213461821006,-1.4866353430437085,0.012115904876441597,-0.04384405627477064
1957-09,9.0477,19.8626,19.6995,35.8794,22.4112,21.8113,,,3.47,,,,,,28.32,,47741.48,0.25216976872522956,-1.3776527328772907,-1.051068694777313,0.88628007424859,-5.692835998773689,3.546617915904937,,,,-0.0739936440678046,0.24742545679670158,0,0,-0.12072226743952032,0.06587798510564058,-1.4435307179829313,0.025330077561556585,0.10701232132233685,-1.4846650541996276,0.005873891516035082,-0.05934708660277964
1957-10,8.8031,19.5488,18.9738,35.6051,21.9926,21.4882,,,3.5,,,,,,28.32,,47879.0,0.24724267029161553,-1.3973849538464782,-3.13836715339082,0.8888808053618036,-5.905480687936436,2.944383860414379,,,,0.5397245762711833,-2.1076386661159408,0,0,-0.1177921296657048,0.05076834969603827,-1.4481533035425165,-0.017644558229203078,0.08530981150906825,-1.4826947653555465,0.010811580255326123,-0.05491429283529772
1957-11,8.5782,18.8489,18.9219,35.4223,21.6855,20.9765,,,3.28,,,,,,28.41,,47959.67,0.2421694808072881,-1.418117464030396,-7.104513951622393,0.8691937008600217,-5.51951481122372,3.271537622682663,,,,0.0081942977824711,-3.655116605160691,0,0,-0.14018927768086056,0.03481061437451882,-1.4529280784049148,-0.017525057478908312,0.06260701248106937,-1.4807244765114653,-0.009652085829726209,-0.07829736042569155
1957-12,8.3141,18.2214,18.0925,35.7422,21.4065,20.5726,,,2.98,,,,,,28.47,,48078.27,0.23261298968726046,-1.4583791948538691,-12.572827847101497,0.8512087450073574,-8.250809278185827,3.040173724212813,,,,-0.0583983140147514,-7.073930160887532,0,0,-0.16109788670768502,-0.0005715239102219716,-1.4578076709436472,-0.06226350187471841,0.02037499281351529,-1.4787541876673844,-0.028719647637774876,-0.10244772441760927
1958-01,8.1478,17.6905,17.3667,35.6508,21.1553,20.1956,,,2.72,,,,,,28.64,,48292.47,0.22854466098937473,-1.4760236348387605,-15.189978449547482,0.8362207106493408,-7.63034384364729,3.5056017347307566,,,,-0.7589944134078097,-8.556860350953155,0,0,-0.17886269278764574,-0.01328134271030268,-1.4627422921284579,-0.08561509204865758,0.0007602639845427639,-1.4767838988233033,-0.044753536602504806,-0.12484495172360655
1958-02,7.8544,17.1113,16.7446,35.6965,20.9041,19.7648,,,1.67,,,,,,28.7,,48097.52,0.22003277632260865,-1.5139787604420982,-20.12912680470409,0.8185619089078219,-9.120404891845563,3.237410071942448,,,,-1.5182578397212598,-11.68741614728841,0,0,-0.20020624800278983,-0.046296567823846946,-1.4676821926182513,-0.12613565451601372,-0.03916515046287583,-1.4748136099792224,-0.0644920057782056,-0.13840366543499968
1958-03,7.6881,16.6768,16.2003,35.6965,20.7366,19.5225,,,1.2,,,,,,28.87,,47773.44,0.21537405628002745,-1.5353789658962727,-21.108823640738738,0.8042205568897505,-10.284388779149618,3.625269203158665,,,,-2.340422583997237,-12.799747636895553,0,0,-0.2178817229335142,-0.06280042050887436,-1.4725785453873983,-0.17894360609977755,-0.06253564476113138,-1.4728433211351413,-0.0807008188330304,-0.15460830760594563
1958-04,7.5316,16.2666,15.5523,35.6508,20.5133,19.1993,,,1.26,,,,,,28.94,,47662.5,0.21126033637393835,-1.5546640843610935,-21.43971183547657,0.7929782141342446,-11.483973723119789,3.616183315431432,,,,-2.2739530062197644,-13.125202111413437,0,0,-0.23195953044315204,-0.07727834591139193,-1.4773857384497016,-0.23492953174825693,-0.08379105207003334,-1.4708730322910601,-0.0934585031065562,-0.1639824701794938
1958-05,7.3457,16.4596,16.1225,35.9707,20.6529,19.3878,,,0.63,,,,,,28.94,,47618.28,0.20421342926326147,-1.5885896101678725,-22.764853566864574,0.7969631383486095,-11.122116153821796,3.3571428571428585,,,,-2.638562543192813,-11.778418185190276,0,0,-0.2269468517651362,-0.10652708920859655,-1.482062520959276,-0.258776822949323,-0.11968686672089346,-1.468902743446979,-0.08727475008492963,-0.15380235751852012
1958-06,7.3457,17.1595,16.5891,36.5649,20.9878,19.8994,,,0.93,,,,,,28.91,,47507.36,0.20089484724421508,-1.604973655851472,-24.57467248608729,0.8175940308179038,-8.551370620179586,2.8459622909996485,,,,-1.8629436181252124,-9.420675133956147,0,0,-0.20138936041807665,-0.11840064722943455,-1.4865730086220375,-0.2696093677241833,-0.13804120124857389,-1.4669324546028981,-0.06069125336564746,-0.12218072426907274
1958-07,7.3946,17.5939,16.8224,37.022,21.2111,20.1956,,,0.68,,,,,,28.89,,47552.28,0.19973529252876668,-1.6107623264394375,-24.68570629280351,0.8294666471800144,-7.463914718159597,2.483150053210359,,,,-1.759460020768444,-8.556860350953155,0,0,-0.1869723785023725,-0.1198736115810064,-1.490888714858431,-0.26459861805918905,-0.14580016068062052,-1.464962165758817,-0.045383294381461964,-0.059956573720022804
1958-08,7.5218,18.149,17.1334,37.0677,21.3506,20.5995,,,1.53,,,,,,28.94,,47592.98,0.2029206020335764,-1.5949404994362038,-23.145729101070533,0.850046368720317,-5.004813059994592,2.333804809052342,,,,-0.785473393227365,-6.5766558751592985,0,0,-0.16246437954998327,-0.09995112408013318,-1.4949893753560706,-0.24799626954350784,-0.13194862252146766,-1.462991876914736,-0.020105091326313218,-0.07516972228911213
1958-09,7.5903,18.5834,15.967,37.2505,21.2948,20.7881,,,1.76,,,,,,28.91,,47712.92,0.203763707869693,-1.5907942512361568,-21.31415183588661,0.8726731408606797,-1.547193490589542,2.083333333333326,,,,-0.3167346938775406,-4.804747652045194,0,0,-0.13619420234541574,-0.09193120087722728,-1.4988630503589295,-0.2575032277576341,-0.12977266316550184,-1.461021588070655,0.00683192397097665,-0.05985535525024327
1958-10,7.6881,18.8972,16.7446,37.2962,21.4623,21.0304,,,1.8,,,,,,28.91,,47823.17,0.20613628198046988,-1.579217765916909,-18.183281207043088,0.8804834523792885,-0.949201499312631,2.083333333333326,,,,-0.277551020408151,-2.1534937277341015,0,0,-0.12728414465883112,-0.07671302475564357,-1.5025047411612655,-0.23564469012118106,-0.12016646669033526,-1.4590512992265738,0.016324256882828736,-0.06488637326922157
1958-11,7.825,19.4281,19.6218,37.7076,22.2158,21.6497,,,2.27,,,,,,28.95,,47987.48,0.20751784786090868,-1.572537929222846,-15.442046519245013,0.874517235481054,0.6106001918054438,1.9007391763463444,,,,0.3623730569948247,3.158883403647872,0,0,-0.13408327576280613,-0.06662209605433933,-1.5059158331685067,-0.2600473388237423,-0.11545691884035314,-1.457081010382493,0.01004116684008391,-0.052398198207419686
1958-12,7.8837,19.4764,19.6995,37.7533,22.3275,21.6767,,,2.42,,,,,,28.97,,48394.35,0.20882148050633983,-1.5662755522768075,-10.789635742293836,0.8723054529168067,2.4482260339503763,1.7562346329469625,,,,0.6523092854677337,5.2277857619716706,0,0,-0.13661562636818125,-0.057172513197338626,-1.5091030390794689,-0.2657618828405117,-0.11116483073839567,-1.4551107215384118,0.007975818206369112,-0.04887930744056204
1959-01,8.0402,19.8143,19.7514,38.2561,22.5507,21.9998,1657.0,,2.48,,,,,,29.01,286.6,48961.16,0.21016779023475993,-1.5598490661782307,-8.382543133947017,0.878655651487537,4.950048443789842,1.2918994413407825,,,,1.172947259565671,8.556860350953155,0,0,-0.12936220834974732,-0.047771368050815166,-1.5120776981274155,-0.2733552274255526,-0.1067086334838998,-1.453140432694331,0.015663696878108146,-0.023949249043774212
1959-02,8.1478,20.4418,19.8551,38.6217,22.7461,22.4306,1667.0,,2.43,,,,,,29.0,287.7,49513.71,0.21096430245173053,-1.556066342512297,-4.208758207019869,0.8986947212928811,9.339436995334395,1.0452961672473782,,,,1.370379310344827,12.65235202624746,0,0,-0.10681187804944588,-0.04121122265326971,-1.5148551198590272,-0.2833100805307669,-0.10489619866204714,-1.4511701438502498,0.038631890408309846,-0.01594530384626343
1959-03,8.2358,20.9728,20.2439,38.4389,22.8577,22.7538,1620.0,,2.8,,,,,,28.97,289.2,50007.73,0.21425691161817845,-1.5405794624298121,-0.5200496533539489,0.9175376350201463,13.18200421343697,0.3463803255975062,,,,2.445150155333109,15.31645178608465,0,0,-0.08606168079914452,-0.023125531152713652,-1.5174539312770985,-0.265832888525827,-0.09137960742364348,-1.4491998550061687,0.059798209603329336,0.01772979302647558
1959-04,8.451,21.552,20.3735,39.0788,23.1926,23.2384,1590.0,,2.96,,,,,,28.98,290.1,50463.43,0.21625536096297737,-1.5312953428971876,2.3368741463905884,0.9292619197502652,15.85948878364576,0.1382170006910765,,,,2.8178881987577897,19.093226276204334,0,0,-0.07336464260669445,-0.011399721622300518,-1.519895621274887,-0.2228401276976062,-0.08406577673509985,-1.4472295661620878,0.07292180182337077,0.029522573129857288
1959-05,8.7249,22.1071,20.7882,39.0788,23.4159,23.5885,1498.0,,2.9,,,,,,29.04,292.2,51007.24,0.22326427628279272,-1.4993991137547749,8.919049641309762,0.9441063550835116,16.943039686573705,0.3455425017277136,,,,2.545661157024792,19.61153028617728,0,0,-0.05751645489939916,0.02280417093053866,-1.5222032846853135,-0.15642892924337848,-0.05413983643676823,-1.4452592773180066,0.0892149963557414,0.04762044001750146
1959-06,8.9303,21.9623,20.9437,38.8045,23.5834,23.6155,1503.0,,3.39,,,,,,29.11,294.1,51675.44,0.23013568014018995,-1.4690862303366015,13.588742551487057,0.9312609717004333,13.017363275204572,0.6918021445866396,,,,2.6796599106836183,17.121369558507425,0,0,-0.07121572766603089,0.05531457765203185,-1.5244008079886333,-0.12734474222321635,-0.025797241862675735,-1.4432889884739257,0.07598213991226425,0.03931565029260668
1959-07,8.9499,20.659,21.3585,39.1245,23.7787,23.05,1547.0,,3.47,,,,,,29.15,295.2,52356.85,0.22875436107809685,-1.4751065101859564,13.565581625348113,0.8688027520427946,4.633321633162354,0.8999653859466772,,,,2.5471114922813065,13.220101054428701,0,0,-0.14063916217074895,0.05140398385616396,-1.5265104940421204,-0.12940090978317653,-0.0337878105561118,-1.4413186996298446,0.007043292443517174,-0.03634304914684042
1959-08,8.8716,19.0903,20.7623,39.5815,23.7229,22.2691,1430.0,,3.5,,,,,,29.18,296.4,53038.53,0.22413501256900323,-1.4955066740156402,9.943382542056357,0.804720333517403,-5.479609415466688,0.8293020041465038,,,,2.648732008224819,7.793326368452558,0,0,-0.21726047370465015,0.03304413039729237,-1.5285508044129326,-0.1545622223114369,-0.056158263229876715,-1.4393484107857635,-0.06908377666435339,-0.11757207800761456
1959-09,8.8031,19.0661,20.1402,39.8101,23.6392,22.2421,1540.0,,3.76,,,,,,29.25,296.7,53683.75,0.221127301865607,-1.509016716762782,8.177753447337487,0.8065459067988764,-7.880025967605148,1.1760636457972984,,,,2.5539008547008635,6.7606181782901675,0,0,-0.21499446202146721,0.0215199141843454,-1.5305366309471273,-0.14717900372683124,-0.07163859482109936,-1.4373781219416826,-0.06632287160536776,-0.10855621424176341
1959-10,8.7347,18.8731,20.6068,39.3073,23.5276,22.0806,1355.0,,3.98,,,,,,29.35,296.5,54365.95,0.22221572074398396,-1.5041066538563304,7.511111206057874,0.8021685169758072,-9.315242761163429,1.5219647180906293,,,,2.4211856899488904,4.873038497203153,0,0,-0.2204365722704654,0.02837391690315272,-1.532480570759483,-0.13369035763770998,-0.0686988207587289,-1.4354078330976014,-0.07127364448458837,-0.11250911352971818
1959-11,8.5977,19.6212,18.0666,39.8558,23.1368,22.2152,1416.0,,4.0,,,,,,29.35,297.1,54794.81,0.21572017121723813,-1.533773214812155,3.876471441069107,0.8480515888108987,-3.0730533415945005,1.3816925734024157,,,,2.582623509369686,2.578514173373714,0,0,-0.16481380917875113,0.0006205117141386829,-1.5343937265262937,-0.15437163150947142,-0.10033567055863446,-1.4334375442535205,-0.015162701229946257,-0.04392082586760629
1959-12,8.7249,21.7209,20.3735,39.9929,23.695,23.5885,1601.0,,3.99,,,,,,29.41,297.8,56010.68,0.21816122361719206,-1.522520931654189,4.375462062261848,0.9166870647815994,4.962650161998611,1.5188125647221271,,,,2.4342162529751743,8.452135416894935,0,0,-0.08698912474819515,0.013764298858768953,-1.536285230512958,-0.10118585957181292,-0.09105367624474958,-1.4314672554094394,0.06315235451450818,0.04526654722300866
1960-01,9.0477,22.3484,22.6026,40.1757,24.3928,24.2078,1460.0,1092.0,3.99,,,,,,29.37,298.2,56015.58,0.22520329452878235,-1.4907517534773291,6.909731270090158,0.9161883834574137,4.182893169317251,1.2409513960703222,,,,2.7153524004085883,9.564153287231036,0,0,-0.08753327665657482,0.04741241841645416,-1.5381641718937833,-0.07491042210942722,-0.06125478691197084,-1.4294969665653583,0.06310716639418115,0.05693004880205235
1960-02,9.1064,22.0588,22.2916,39.7643,24.309,23.9924,1503.0,1088.0,3.97,,,,,,29.41,298.4,56364.63,0.22900943811408728,-1.4739920618051936,8.207428070710332,0.9074334608581184,0.967684114970714,1.4137931034482687,,,,2.520571234274072,6.73110154689156,0,0,-0.09713503689973874,0.06604662218379698,-1.5400386839889906,-0.010167128183290242,-0.046465384083916206,-1.4275266777212774,0.05401497815623291,0.060076938794788426
1960-03,9.1259,21.6968,21.851,40.13,24.2811,23.777,1109.0,955.0,3.84,,,,,,29.41,299.3,56862.88,0.22740842262646396,-1.4810076595369162,5.957180289289599,0.8935674248695488,-2.6471804908988137,1.5188125647221271,,,,2.286460387623257,4.398656245472576,0,0,-0.11253348570813265,0.06090594805282823,-1.5419136075897444,-0.001167611274392577,-0.05545127065971989,-1.4255563888771963,0.03913434287111581,0.05502020798792848
1960-04,9.0281,21.19,21.825,40.5413,24.309,23.5885,1289.0,1016.0,3.92,,,,,,29.54,300.1,57711.4,0.22268896162678553,-1.501979272059579,2.9316070837608565,0.8716936114196389,-6.395263725979569,1.9323671497584405,,,,1.9499526066350856,1.4953222334699756,0,0,-0.13731727986649014,0.0418099248566437,-1.5437891969162227,0.0016037151743384381,-0.07839317202646368,-1.4235861000331154,0.01487048601484467,0.040587960222629005
1960-05,9.0575,20.9969,22.0324,40.6785,24.4765,23.5616,1271.0,1052.0,3.85,,,,,,29.57,300.9,57951.03,0.22266061924603905,-1.5021065535570903,-0.270743980231547,0.8578391518395195,-9.582221088774102,1.8250688705234277,,,,1.988637132228588,-0.11410369402642395,0,0,-0.15333866578714017,0.04355492305178732,-1.5456614766088776,0.023063342369568307,-0.08049074236805609,-1.4216158111890342,-0.0006376742268604241,0.028063562979487783
1960-06,8.9401,20.659,21.7991,40.45,24.1974,23.2654,1247.0,958.0,3.32,,,,,,29.61,302.3,58387.06,0.22101606922126077,-1.5095198686993108,-4.04336383627093,0.8537694132427451,-8.687840189871203,1.7176228100309163,,,,1.5753191489361609,-1.4935997749716545,0,0,-0.15809412956474292,0.03800369914184598,-1.5475235678411567,0.012602729284454384,-0.08987434635435765,-1.4196455223449531,-0.00489649202325057,0.014611912499705781
1960-07,8.8325,20.6831,20.9696,40.5414,24.0578,23.1846,1197.0,999.0,3.23,,,,,,29.55,304.1,58746.71,0.2178637146225833,-1.523885573970197,-4.877906378424068,0.8597253281679954,-1.0503164429526284,1.3722126929674117,,,,1.8326395939086249,0.5822495717973997,0,0,-0.15114232660027524,0.025479993168875836,-1.549365567139073,-0.022875973715218212,-0.10621034046932487,-1.4176752335008722,0.0025255534330389517,0.01947467732992869
1960-08,8.7151,20.5866,21.2029,40.5414,24.0578,23.1577,1344.0,994.0,2.98,,,,,,29.61,306.9,58947.15,0.21496790934698848,-1.5372665208459015,-4.175984683026135,0.855714155076524,6.1441584111519285,1.473612063056895,,,,1.4845119891928382,3.9127271278765807,0,0,-0.15581888959313087,0.01390841103696383,-1.5511749318828654,-0.08139669347835898,-0.12156157618911045,-1.415704944656791,-0.001716654314875693,0.006471745583959521
1960-09,8.6369,20.2487,20.9437,40.4042,23.9183,22.9153,1097.0,984.0,2.6,,,,,,29.61,308.4,59364.65,0.21376243063839898,-1.5428900178227603,-3.387330105997832,0.8465777250055397,4.844119965969301,1.2307692307692353,,,,1.3525835866261329,2.981792035151143,0,0,-0.1665532623617742,0.010047332186043256,-1.5529373500088035,-0.09680071139134783,-0.12915536201005007,-1.4137346558127102,-0.012062218228604177,-0.012193487532551506
1960-10,8.5684,20.1763,21.177,40.8156,24.0299,22.8884,1246.0,972.0,2.47,,,,,,29.75,309.5,59628.99,0.20992953674575407,-1.56098334387651,-5.687669002017959,0.8396331237333489,4.564633225906848,1.362862010221466,,,,1.0922521008403183,3.593083704921529,0,0,-0.17479024001139692,-0.006345800285232128,-1.5546375435912778,-0.13742646437957284,-0.14921897690788088,-1.411764366968629,-0.01996547334437826,-0.02203418029467971
1960-11,8.5488,19.6454,20.4772,40.4042,23.7508,22.5653,1246.0,979.0,2.44,,,,,,29.78,310.9,59874.01,0.21158196425124118,-1.553142817738267,-1.9369602926111893,0.8271468750526297,-2.4959190726874554,1.465076660988074,,,,0.9608462055070488,1.5636588843061183,0,0,-0.18977299990562568,0.0031167192350107786,-1.5562595369732777,-0.1188530317882126,-0.14334873961371897,-1.409794078124548,-0.03467829930282107,-0.03460275646326216
1960-12,8.3532,19.1144,19.7773,40.3585,23.4438,22.1344,1063.0,951.0,1.98,,,,,,29.81,312.4,60025.31,0.2069749866818638,-1.575157330303863,-5.263639864967407,0.8153285730129075,-11.717496516800315,1.3600816048962905,,,,0.6116001341831767,-6.3626345708396315,0,0,-0.2041640899161983,-0.017369535125494995,-1.557787795178368,-0.14758831340716294,-0.16733354102339626,-1.4078237892804668,-0.048870559761462484,-0.04804630987855457
1961-01,8.4119,19.2833,19.0515,40.4956,23.388,22.1613,1183.0,969.0,1.45,,,,,,29.84,314.1,60671.85,0.2077238020920791,-1.5715459562447878,-8.079420276745864,0.824495467761245,-10.545035729523764,1.6002723867892366,,,,-0.1479054959785508,-8.832737086188214,0,0,-0.19298363395181245,-0.012339389453509986,-1.5592065667912778,-0.12779660498538492,-0.16569245580840186,-1.405853500436386,-0.03756728619956287,-0.04066283075507732
1961-02,8.3336,19.1385,18.9478,40.7699,23.388,22.1344,1226.0,961.0,2.54,,,,,,29.84,316.5,60310.13,0.2044057012649038,-1.5876485283561421,-11.365646655094851,0.8183042585941508,-10.338602036591483,1.4620877252635056,,,,1.062379356568388,-8.06041541076743,0,0,-0.20052105726565359,-0.027147221741689265,-1.5605013066144529,-0.13204241210060053,-0.18376531676383734,-1.4038832115923048,-0.04505941765199806,-0.06437231927243117
1961-03,8.3239,19.3075,18.9479,40.7699,23.4159,22.2691,1312.0,1000.0,2.02,,,,,,29.84,318.3,60455.46,0.20416778064209135,-1.588813169040088,-10.78055095031718,0.8245465687844584,-8.038817162683529,1.4620877252635056,,,,0.5498726541555143,-6.551865952943059,0,0,-0.19292165733496794,-0.027154842687703074,-1.5616583263523849,-0.14182391955289853,-0.18690024629186408,-1.4019129227482239,-0.03749115653838522,-0.0704054085229057
1961-04,8.4119,19.8867,20.3216,41.1355,23.8066,22.7268,1166.0,1002.0,1.49,,,,,,29.81,319.9,60075.87,0.2044924700076576,-1.5872241256556547,-8.52448535960757,0.8353439802407736,-4.259440670971859,0.9140148950575576,,,,0.570768198591054,-3.721446028497155,0,0,-0.17991168657620873,-0.024558302722357706,-1.562665822933297,-0.11844073150934609,-0.18728149175151199,-1.3999426339041428,-0.024584531091322692,-0.06854066827201247
1961-05,8.4217,20.4901,20.9696,41.4098,24.002,23.0769,1228.0,1027.0,1.98,,,,,,29.84,322.2,60179.69,0.20337456350912103,-1.5927058596818897,-9.059930612479938,0.8536830264144656,-0.4856651753732371,0.9130875887723988,,,,1.0572587131367328,-2.0786150998096,0,0,-0.15819531754087254,-0.02919198064351236,-1.5635138790383774,-0.15089913619377904,-0.19473351462182809,-1.3979723450600616,-0.003036886125914795,-0.06000685874988572
1961-06,8.4902,20.8038,21.6695,41.5926,24.2253,23.4,1382.0,1070.0,1.73,,,,,,29.84,324.3,60334.75,0.20412765732365853,-1.5890097096566664,-7.948984095735567,0.8587633589676907,0.5832250292421209,0.7767646065518496,,,,0.9458880697051032,0.5768744006163118,0,0,-0.1522618792723217,-0.024815426870163027,-1.5641942827865034,-0.16984866623642025,-0.1930076534406857,-1.3960020562159807,0.002670984309971952,-0.051801914788193654
1961-07,8.5391,21.0934,22.0583,41.7754,24.3927,23.6693,1335.0,1083.0,1.17,,,,,,29.92,325.6,60395.98,0.20440498475179172,-1.587652033710266,-6.376645974006889,0.8647423204483308,0.5818614734902638,1.25211505922167,,,,-0.0810995989304896,2.06905846284271,0,0,-0.1453237118653726,-0.022951184192833818,-1.5647008495174322,-0.15446311316005223,-0.19362026633836638,-1.3940317673718996,0.009335486011886801,-0.018277955972267
1961-08,8.5782,21.5037,22.1101,42.1411,24.5602,23.8847,1312.0,1159.0,2.0,,,,,,29.94,327.6,60619.48,0.20355899584965748,-1.5917994102189588,-5.4532889373057225,0.8755506876979829,2.291665637543758,1.1144883485309176,,,,0.8757515030060059,3.091074795922877,0,0,-0.1329022332176933,-0.026770292354505676,-1.565029117864453,-0.1159086262346456,-0.19973793169114007,-1.3920614785278187,0.02144376148750582,0.026412764336552624
1961-09,8.7053,21.552,20.866,41.9126,24.4486,23.8578,1429.0,1098.0,1.88,,,,,,29.98,329.5,60883.09,0.20770126405901804,-1.57165446213391,-2.876444431114966,0.8815228683851019,4.044892746200282,1.249577845322536,,,,0.6226417611741031,4.0306398155651735,0,0,-0.12610433489977138,-0.006478241840819576,-1.5651762202930903,-0.07487817767127214,-0.18156327245017234,-1.3900911896837376,0.027896831274045825,0.03349103255819372
1961-10,8.6956,21.9381,22.0324,42.6439,24.923,24.3156,1415.0,1123.0,2.26,,,,,,29.98,331.1,61158.22,0.20391193113200248,-1.5900670884888133,-2.908374461230334,0.8802351241824821,4.722401938453927,0.7731092436974896,,,,1.4754836557705042,6.048788767519753,0,0,-0.12756622062685766,-0.02492594017186467,-1.5651411483169486,-0.10222909370989197,-0.20194618764915684,-1.3881209008396564,0.026064914613857237,0.036874591516875777
1961-11,8.9303,22.2277,23.0174,43.0552,25.4254,24.6926,1385.0,1152.0,2.61,,,,,,29.98,333.4,61748.29,0.20741513220238209,-1.5730330244095871,-1.9890206671320243,0.8742320671454529,5.536358438373515,0.671591672263272,,,,1.925476984656438,9.00902754882833,0,0,-0.13440941552189054,-0.00810968108204757,-1.5649233433275396,-0.036066072778734526,-0.1868824124140116,-1.3861506119955755,0.01883097206165324,-0.003043710879204492
1961-12,8.9597,22.5415,23.4321,43.0552,25.5929,24.908,1365.0,1161.0,2.33,,,,,,30.01,335.5,62248.53,0.20809797655103215,-1.5697462690751258,0.5411061228737246,0.8807716202540548,7.720717540343208,0.6709158000671067,,,,1.648027324225243,11.805607758607728,0,0,-0.12695691451276622,-0.005222291390685196,-1.5645239776844406,-0.05565489135516666,-0.1855659459236314,-1.3841803231514944,0.025874684303674372,-0.0232175260560709
1962-01,8.9303,22.3725,22.9137,42.8724,25.4533,24.6925,1361.0,1122.0,2.15,4.083181818181818,,,,,30.04,337.5,62282.8,0.2082995120403803,-1.5687782732989421,0.2767682945845617,0.8789626492439094,6.397075942427977,0.6702412868632601,,,,1.46990679094543,10.815202938181478,0,0,-0.12901287452753268,-0.004833486379414831,-1.5639447869195273,-0.10039611106319213,-0.18656823899152863,-1.3822100343074135,0.023393262319616248,-0.02095984722112859
1962-02,9.0575,22.7346,23.0433,43.1466,25.7045,25.0964,1278.0,1194.0,2.37,4.039444444444444,,,,,30.11,340.1,62640.35,0.20992384104425377,-1.561010475736354,2.663805261978802,0.8844599194693537,7.774297652011726,0.9048257372654244,,,,1.4520358684822376,12.559145013225459,0,0,-0.12277808074553632,0.0021773934874462775,-1.5631878692238004,-0.1264237766497336,-0.1807707302730217,-1.3802397454633324,0.029185491984799403,-0.012005780663271168
1962-03,9.1748,22.7587,23.3803,43.4208,25.9557,25.2311,1443.0,1134.0,2.85,3.930454545454545,,,,,30.17,343.1,63128.57,0.21129965362222713,-1.5544779936315731,3.433517540851483,0.8768285964162015,6.1477908540517126,1.1058981233244003,,,,1.7250248591315742,12.487729325193753,0,0,-0.1314437487944508,0.007777664815464158,-1.5622556584470373,-0.10663347235525422,-0.17620853701232186,-1.3782694566192513,0.02005810419411158,-0.0076847276309000845
1962-04,9.2335,22.7346,23.9246,43.4665,26.2068,25.285,1524.0,1235.0,2.78,3.843,,,,,30.21,345.5,63866.91,0.21242796176365702,-1.5491523515574734,3.80717740981813,0.8675076697650991,3.778076060378244,1.3418316001341912,,,,1.4191261171797365,10.666648968439318,0,0,-0.1421309259724263,0.011998085673660563,-1.561150437231134,-0.08957691615511254,-0.17285318378230308,-1.3762991677751704,0.008885971401687315,-0.007007205849242221
1962-05,9.2335,22.4208,24.1319,43.7408,26.3185,25.258,1483.0,1142.0,2.36,3.873636363636364,,,,,30.24,347.5,64601.04,0.21109581900651106,-1.5554431300724065,3.726272960948318,0.8519026540266352,-0.2087696976926761,1.3404825737265424,,,,1.0060317460317547,9.031082002981394,0,0,-0.1602830145177993,0.004430818029967698,-1.5598739481023742,-0.12855211012007906,-0.1811142511413173,-1.3743288789310892,-0.009779781802427667,-0.02531321924150773
1962-06,9.3216,22.3484,23.6913,43.6037,26.2906,25.2042,1404.0,1154.0,2.68,3.909047619047619,,,,,30.21,349.3,65137.42,0.21378002325490725,-1.5428077213567228,4.62019882999436,0.8500528706077457,-1.019485144484253,1.2399463806970434,,,,1.422416418404504,7.42746249330426,0,0,-0.16245673071716424,0.01561937902992483,-1.5584271003866477,-0.10156318645364837,-0.1704491312697145,-1.3723585900870083,-0.012501961957792823,-0.018899117204410898
1962-07,9.3998,22.5415,24.2097,44.1521,26.6255,25.4465,1450.0,1189.0,2.71,4.014285714285714,,,,,30.22,350.8,65512.18,0.21289587584735498,-1.5469520785838338,4.069995512643221,0.8466132091416124,-2.118763657474956,1.0026737967914423,,,,1.6903772336201106,7.239935919214702,0,0,-0.16651134844012216,0.009858417130314656,-1.5568104957141484,-0.07104456633322709,-0.17656377734090656,-1.3703883012429272,-0.017145254035460217,-0.01953818421576778
1962-08,9.4976,22.5897,23.8727,43.7408,26.5697,25.4734,1517.0,1200.0,2.93,3.9756521739130433,,,,,30.28,352.8,66055.12,0.21713366010681104,-1.527242169865382,6.45572403535768,0.8502053090550514,-2.937518538142025,1.135604542418167,,,,1.7742470277410938,6.439668388432862,0,0,-0.16227741859911354,0.02778148117058965,-1.5550236510359716,-0.02022014524242266,-0.1588241574665359,-1.368418012398846,-0.013544751857518605,-0.01697923714040786
1962-09,9.4878,22.7828,24.1838,44.015,26.6813,25.635,1324.0,1223.0,2.9,3.978947368421052,,,,,30.42,354.9,66438.33,0.21555833238668634,-1.5345237221376806,3.713073999622929,0.8538864298216354,-3.185274529457444,1.4676450967311627,,,,1.4116370808678225,7.18473973433964,0,0,-0.15795708019434582,0.01854167655323069,-1.5530653986909113,-0.031523937455197215,-0.16807599858291544,-1.3664477235547652,-0.00990594669118236,-0.00668524999168385
1962-10,9.527,22.7828,24.2875,43.8322,26.7092,25.6619,1533.0,1181.0,2.9,3.925454545454545,,,,,30.38,357.2,67028.88,0.21735162734245597,-1.5262388343774997,6.382825411131354,0.8529944738142663,-3.1435989414168337,1.33422281521014,,,,1.545161290322583,5.388928197567955,0,0,-0.159002210041026,0.0246938073707359,-1.5509326417482356,0.0234808218362188,-0.1617613996668157,-1.364477434710684,-0.011683127010897743,-0.006608199235412893
1962-11,9.527,22.9759,24.3134,44.015,26.8209,25.7696,1622.0,1236.0,2.94,3.91578947368421,,,,,30.38,359.8,67642.1,0.21644893786209246,-1.5304006121882272,4.263241222135994,0.8566416488633863,-2.0326178326942665,1.33422281521014,,,,1.5846346280447676,4.269189901444781,0,0,-0.1547355938488332,0.018220383472558055,-1.5486209956607853,-0.007534181527427242,-0.16789346632162405,-1.3625071458666032,-0.00820080227261838,0.0009035950970970597
1962-12,9.4683,22.8552,24.4948,44.2436,26.9046,25.7696,1564.0,1236.0,2.93,3.864500000000001,,,,,30.38,362.7,68126.72,0.21400383332278564,-1.541761351397419,2.798491767770672,0.8494904217122723,-3.616169862722132,1.2329223592135952,,,,1.6764088215931672,3.4006465608883207,0,0,-0.16311861313998754,0.004363009636248583,-1.5461243610336677,-0.016982061783004543,-0.18122449437489707,-1.360536857022522,-0.01742126641657432,0.0017335631427878861
1963-01,9.4292,22.9518,24.754,44.8377,27.2953,25.9581,1244.0,1248.0,2.92,3.833636363636364,,,,,30.44,365.2,68656.46,0.2102962462392139,-1.5592380459847905,0.9540227314151606,0.8408700398969785,-4.430528686626067,1.331557922769644,,,,1.5675689881734511,4.998414583491817,0,0,-0.17331816139379336,-0.01580267281720804,-1.5434353731675825,-0.06927746082202191,-0.20067147780634964,-1.358566568178441,-0.028511755839921965,-0.009992568721479689
1963-02,9.5661,23.2897,25.0132,45.3405,27.5186,26.2544,1456.0,1212.0,3.0,3.921111111111111,,,,,30.48,367.9,69376.75,0.2109835577463857,-1.5559750739149898,0.5035401821364305,0.8463257578510535,-4.407285618410121,1.2288276320159497,,,,1.749671916010498,4.510918448236589,0,0,-0.16685093692963754,-0.01542870953854214,-1.5405463643764477,-0.045401069802567307,-0.1993787945806298,-1.35659627933436,-0.022988101969732416,0.00643698047682828
1963-03,9.5074,23.6275,25.0651,45.569,27.5465,26.4159,1534.0,1258.0,2.98,3.928571428571429,,,,,30.51,370.7,70073.41,0.20863745089863722,-1.5671572180205695,-1.267922438899638,0.8577314722378524,-2.2020449104626083,1.1269472986410234,,,,1.8324024909865733,4.588874099334017,0,0,-0.1534641978990769,-0.029706453638552732,-1.5374507643820168,-0.05191431002208868,-0.21253122753029063,-1.3546259904902789,-0.010594716082202194,0.018069883790427038
1963-04,9.5954,23.8447,25.2725,45.7062,27.686,26.6582,1689.0,1288.0,2.9,3.970952380952381,,,,,30.48,373.3,70801.61,0.20993650751976753,-1.5609501391241403,-1.1797787566666829,0.861254785812324,-0.7233973876005495,0.893743793445867,,,,1.9884842519685144,5.288546106002956,0,0,-0.1493648998484318,-0.026807064779933665,-1.5341430743442066,-0.05748463935506898,-0.2082944374779423,-1.352655701646198,-0.007534110452321302,0.02225952484431018
1963-05,9.5661,24.3998,25.6872,45.569,27.686,26.9814,1641.0,1350.0,3.0,3.93,,,,,30.51,376.1,71335.14,0.20992560732076632,-1.5610020618798184,-0.5558931807411849,0.8813046304991692,3.393107979650739,0.8928571428571619,,,,2.0884955752212164,6.600480249848006,0,0,-0.12635193472129191,-0.03038220350871601,-1.5306198583711024,-0.05211524235124099,-0.21031664907770153,-1.3506854128021168,0.014400001991823341,0.036507568754330755
1963-06,9.6052,24.4964,26.1278,45.6148,27.7977,27.0622,1588.0,1345.0,2.99,3.993,,,,,30.61,378.4,71875.59,0.21057200733095396,-1.5579276067731682,-1.5119885416445378,0.8812383758368499,3.602961523476492,1.3240648791790657,,,,1.644165305455747,7.112727295421983,0,0,-0.12642711548239932,-0.03104806460065923,-1.526879542172509,-0.05388569433017665,-0.2092124828151325,-1.3487151239580357,0.013211510503107232,0.033432266885765116
1963-07,9.7422,24.255,26.1019,45.4319,27.7977,26.9545,1614.0,1321.0,3.02,4.0204545454545455,,,,,30.69,381.1,72716.45,0.21443523163239928,-1.5397475366419808,0.7204541941852938,0.8725542041248017,3.0180846676290924,1.5552614162806178,,,,1.4423069403714406,5.757205031614099,0,0,-0.13633050176383124,-0.016824875308505405,-1.5229226613334754,-0.02973721080543079,-0.19300270152802623,-1.3467448351139546,0.002165057666932313,0.01938975185060854
1963-08,9.9769,24.0378,26.1537,45.9347,28.1047,27.0083,1639.0,1310.0,3.49,4.002272727272727,,,,,30.75,383.6,73576.16,0.21719745638917856,-1.5269484019063142,0.0293767959067769,0.8552946660167161,0.5968187795532487,1.5521796565389767,,,,1.908201626016237,5.850945570860233,0,0,-0.15630923080358106,-0.008196494351666583,-1.5187519075546476,-0.015112950918048318,-0.1821738556364405,-1.3447745462698737,-0.018982709003222797,-0.003225524287579995
1963-09,9.9476,24.5205,26.6203,45.7976,28.1884,27.2776,1763.0,1413.0,3.48,4.0775,,,,,30.72,386.0,74169.77,0.2172078886229846,-1.5269003719548975,0.7623350182783151,0.8698790992039278,1.8556036771841975,0.9861932938855844,,,,2.4694531250000207,6.210724732984518,0,0,-0.13940104342250384,-0.012529231024105858,-1.5143711409307916,-0.031990406525699955,-0.1840961145291049,-1.3428042574257926,-0.003265895927967999,0.00755254973232708
1963-10,10.1236,24.6653,26.6462,46.1632,28.3838,27.4661,1779.0,1414.0,3.5,4.106086956521739,,,,,30.75,388.3,75112.95,0.21930022182171077,-1.517313612059897,0.8925222317602843,0.868992171590837,1.8581047757624536,1.2179065174456882,,,,2.254634146341461,6.794511531370562,0,0,-0.14042116228340146,-0.007528821302227318,-1.5097847907576696,-0.0019154572317066076,-0.17647964347818523,-1.3408339685817117,-0.00549477312617927,0.005475236680390239
1963-11,10.2019,24.8101,26.9054,46.1175,28.4396,27.6007,1622.0,1357.0,3.48,4.121764705882353,,,,,30.78,391.5,75606.92,0.2212153737735133,-1.5086185100605105,2.1782102127716696,0.8723786551146993,1.8203882038706904,1.3166556945358954,,,,2.135230669265731,6.8645632101238085,0,0,-0.1365317118101263,-0.0036203536439793904,-1.5049981564165311,-0.0053945253267513316,-0.16975483032287997,-1.3388636797376305,-0.002826285579454746,0.010547384682576932
1963-12,10.1823,24.6653,26.9832,46.5289,28.5512,27.5469,1491.0,1423.0,3.38,4.128571428571429,,,,,30.88,393.2,76581.45,0.2188381844402081,-1.5194227061095018,2.233864528791729,0.8638971391745355,1.6817043993343717,1.6458196181698526,,,,1.706101036269425,6.669450396265697,0,0,-0.14630156914664383,-0.019405645986062092,-1.5000170601234397,-0.019920029375209092,-0.1825293152159524,-1.3368933908935494,-0.0138237494080386,-0.005493934109657872
1964-01,10.4464,24.8584,27.035,46.9859,28.8582,27.7892,1603.0,1296.0,3.48,4.166818181818182,,,,,30.94,395.2,77461.36,0.22233052894591782,-1.5035901352508245,5.564791073396602,0.8613981468005627,2.411970364853349,1.6425755584756896,,,,1.8077310924369705,6.8163756371412365,0,0,-0.14919845774525986,-0.008742559742918488,-1.494847575507906,0.006586976935394562,-0.168667033201356,-1.3349231020494685,-0.017949130770683414,-0.00988641694127318
1964-02,10.3975,25.2445,27.1906,46.8031,28.7466,27.9777,1820.0,1442.0,3.48,4.145555555555556,,,,,30.91,397.6,78336.23,0.222154088083909,-1.504384047411184,5.159102650380576,0.8781734187695239,3.693974776179188,1.4107611548556331,,,,2.040452927855063,6.357417024729983,0,0,-0.12991118916784566,-0.014886923597438928,-1.489497123813745,-3.312102889307944e-05,-0.17143123420579665,-1.3329528132053874,0.00011547604689049473,0.0011592070874379967
1964-03,10.5247,25.2445,26.9832,46.666,28.6908,27.9777,1517.0,1313.0,3.43,4.2195238095238095,,,,,30.94,399.8,79240.41,0.22553250760725152,-1.4892909725256016,7.78662454949679,0.8798813556959025,2.549599422690649,1.4093739757456536,,,,1.992543632837762,5.744166269993611,0,0,-0.1279682036721704,-0.005317239118625361,-1.4839737334069762,0.008606091905944968,-0.15830844816429512,-1.3309825243613065,0.000849594530479475,0.005860798527247413
1964-04,10.7692,25.5341,27.709,47.7629,29.3327,28.4355,1448.0,1264.0,3.47,4.232272727272727,,,,,30.95,401.7,79908.16,0.22547207141944897,-1.4895589795081239,7.139115961601639,0.8704994766932468,1.0676778917834833,1.5419947506561726,,,,1.8987269789983772,6.454156897561658,0,0,-0.13868812093059696,-0.011272513040367027,-1.4782864664677569,0.007176336831916652,-0.16054674399089852,-1.3290122355172254,-0.011057439267883745,-0.0034188273000921865
1964-05,10.8866,25.7513,27.8645,48.22,29.4722,28.597,1467.0,1299.0,3.5,4.2,,,,,30.98,404.2,80834.52,0.22576939029448362,-1.4882411975962795,7.2760864283538895,0.8737488209227678,-0.8610400158350406,1.5404785316289749,,,,1.9297934151065064,5.8154077496577194,0,0,-0.13496233487964232,-0.015796443167319207,-1.4724447544289603,0.024085056294649965,-0.16119925092313525,-1.3270419466731442,-0.008489122559940665,0.009172984065207251
1964-06,10.9257,25.9203,28.1496,47.9,29.4443,28.6778,1550.0,1280.0,3.5,4.170000000000001,,,,,31.01,407.1,81428.18,0.22809394572025055,-1.4779976922612725,7.992991451189568,0.8803163940049518,-0.104678200402436,1.3067624959163693,,,,2.1649467913576137,5.79853840305824,0,0,-0.12747389748642368,-0.011538880724407452,-1.466458811536865,0.014601525693187511,-0.1529260344322092,-1.3250716578290633,-0.0021198427103061857,0.015858759790414012
1964-07,11.0724,25.9685,28.6162,48.5399,29.7792,28.8663,1562.0,1304.0,3.42,4.185909090909092,,,,,31.02,410.1,82294.5,0.22810924620775896,-1.477930614749388,6.18169218925928,0.8720348431119708,-0.0595396410399517,1.0752688172043,,,,2.3197872340425585,6.852456544373897,0,0,-0.13692589817423076,-0.017590665736418654,-1.4603399490129694,0.03420659775010493,-0.15482924576440582,-1.3231013689849822,-0.012643435017367671,0.009290263877505284
1964-08,11.0626,26.4995,28.8235,48.22,29.7513,29.0548,1569.0,1306.0,3.5,4.1938095238095245,,,,,31.05,413.4,82973.05,0.229419328079635,-1.472203822911811,5.4744578994503135,0.8907005744286804,4.056226717730444,0.9756097560975618,,,,2.499999999999991,7.303947583480053,0,0,-0.11574696362627662,-0.018103543521877263,-1.4541002793899338,-0.006275463628870881,-0.15107274277090976,-1.3211310801409013,0.007520875171863423,0.026586321983816802
1964-09,11.1604,26.9098,28.1496,47.9458,29.6397,29.1625,1455.0,1265.0,3.45,4.203809523809523,,,,,31.08,416.9,83921.97,0.23277117078033946,-1.4576994076474825,6.920096430741496,0.9078971784464754,4.277689703318023,1.171875,,,,2.2517374517374567,6.681778478203926,0,0,-0.09662414638932361,-0.009946270873054663,-1.4477531367744279,0.046188643527861784,-0.13853861635066234,-1.3191607912968202,0.02569631466314702,0.04740803774311016
1964-10,11.0724,26.403,25.2206,48.5857,29.249,28.7586,1524.0,1230.0,3.36,4.188095238095238,,,,,31.12,419.1,84530.18,0.22789421578777294,-1.4788737235362526,3.8439888523644328,0.9026975281206195,3.805341728393256,1.2032520325203189,,,,2.1311053984576,4.598433598102147,0,0,-0.1023677449994689,-0.03756061107260811,-1.4413131124636445,0.0012400372865000175,-0.16168322108351352,-1.317190502452739,0.019082341989910184,0.04396642411117281
1964-11,11.4441,27.2235,28.668,48.7228,30.1979,29.6472,1486.0,1254.0,3.52,4.152777777777778,,,,,31.21,422.1,84944.03,0.23488182124180057,-1.4486727796614882,5.994573039902229,0.9015030846515818,3.283989715334064,1.3970110461338558,,,,2.093739186158272,7.152655118824969,0,0,-0.10369181465678566,-0.01387729119345571,-1.4347954884680325,0.04227874922615471,-0.13345256605283007,-1.3152202136086582,0.016972874555307896,0.04211239760444398
1964-12,11.6495,27.5614,30.3529,48.997,30.7282,29.9973,1484.0,1164.0,3.85,4.179545454545455,,,,,31.25,424.8,85959.57,0.23775945466048942,-1.4364958111107844,8.292689499871742,0.8969415715857095,3.753701251615013,1.1981865284974136,,,,2.620416000000003,8.521737103016669,0,0,-0.1087645566304937,-0.00827765593697527,-1.4282181551738091,0.07453291160583908,-0.12324588634620737,-1.313249924764577,0.011206358530710378,0.04261612784453314
1965-01,11.6299,27.8752,30.8713,49.6826,31.0631,30.3204,1361.0,1264.0,3.9,4.189500000000001,,,,,31.28,427.5,87182.59,0.2340839650098827,-1.4520754031581098,5.151473209271473,0.8973734108958862,4.0915242822025535,1.098901098901095,,,,2.770652173913035,8.717329729281031,0,0,-0.10828321492323432,-0.030475436490141394,-1.4215999666679684,0.08018454840180045,-0.14079576723761367,-1.3112796359204961,0.011091018682222162,0.048465953763526234
1965-02,11.8256,27.9717,31.286,49.5912,31.2585,30.5089,1433.0,1185.0,3.98,4.211111111111111,,,,,31.28,430.4,88152.04,0.23846166255303358,-1.4335467255868823,7.083732182430169,0.8948510005278564,1.881313474411063,1.1970236169524415,,,,2.750057544757034,8.661068003970973,0,0,-0.11109805442373503,-0.018586373712159876,-1.4149603518747225,0.08792129768782608,-0.12423737851046734,-1.309309347076415,0.007781280670519253,0.04418892708233631
1965-03,11.9821,28.4061,32.1414,49.6369,31.6492,30.9128,1423.0,1211.0,4.05,4.210434782608695,,,,,31.31,433.2,88916.07,0.24139501056673565,-1.4213206392699391,6.7970333255662485,0.8975297953818737,1.9859242698493125,1.195862960568839,,,,2.8204088150750595,9.976257332636385,0,0,-0.10810896097367728,-0.012999783201899096,-1.40832085606804,0.1091108994858041,-0.11398158103760525,-1.3073390582323339,0.01038117899369298,0.04308480649282323
1965-04,12.0897,28.6958,32.0895,49.4998,31.705,31.0474,1438.0,1162.0,4.09,4.203809523809523,,,,,31.38,435.5,90047.41,0.24423735045394124,-1.4096147787393918,7.99442007687321,0.9050875256268728,3.896449437180612,1.3893376413570246,,,,2.6636551943913345,8.787670439602557,0,0,-0.09972362655879084,-0.007910463497105225,-1.4017043152422866,0.11504735328404991,-0.10424600935113881,-1.305368769388253,0.018486401639073113,0.04988096501981097
1965-05,12.2657,28.8164,32.3228,49.774,32.0399,31.2898,1478.0,1207.0,4.1,4.2115,,,,,31.48,437.1,90885.88,0.24642785389962632,-1.4006860102878906,8.755518730838885,0.8993910717574024,2.8925003297362544,1.61394448030987,,,,2.446569250317654,8.999034862285482,0,0,-0.10603733158227978,-0.005551542133340748,-1.39513446815455,0.111443149889773,-0.09728752974371879,-1.3033984805441718,0.012004327261307221,0.0315962001868615
1965-06,12.4418,29.1543,32.6079,49.8197,32.2632,31.5321,1488.0,1241.0,4.05,4.213181818181819,,,,,31.61,440.1,91830.09,0.24973654999929748,-1.3873487167603118,9.064897550096074,0.9036394406010564,2.614905044245079,1.9348597226700903,,,,2.074992091110417,9.48827702925863,0,0,-0.10132484704397289,0.0012868861393480202,-1.3886356028996598,0.12133028662078815,-0.08592052506022085,-1.301428191700091,0.01666156014052661,0.03945481876759792
1965-07,12.657,29.4198,32.8412,49.6826,32.4585,31.8283,1529.0,1237.0,4.09,4.204761904761905,,,,,31.58,442.9,92694.63,0.25475719869733066,-1.367444349389126,11.048626536026209,0.90638199547114,3.86314649300723,1.8052869116698789,,,,2.2441988600379936,9.768100639271937,0,0,-0.09829443324415846,0.014788043707078868,-1.3822323930962048,0.09376035636977731,-0.06798644653311614,-1.2994579028560098,0.01975038162256551,0.04339428925474989
1965-08,12.657,29.7094,32.5043,49.8198,32.4865,31.963,1432.0,1249.0,4.12,4.252272727272727,,,,,31.55,445.8,93287.1,0.25405561644165575,-1.3702020735636378,10.20017493481733,0.9145152601849998,2.638583925218248,1.6103059581320522,,,,2.4699207606972973,9.539528182041801,0,0,-0.08936112437409414,0.005747349432043691,-1.3759494229956815,0.08011125513207151,-0.07271445955170908,-1.2974876140119287,0.02885514210950131,0.061633115554629817
1965-09,12.9015,29.4681,33.1004,50.4596,32.933,32.0438,1482.0,1227.0,4.02,4.29047619047619,,,,,31.62,449.5,94126.48,0.25567979135783875,-1.3638294324330382,9.386997521444428,0.8947894209455561,-1.4542725861261625,1.737451737451745,,,,2.2435673624288333,9.42200795677941,0,0,-0.11116687225058523,0.005980817469067645,-1.3698102499021059,0.08016118257267713,-0.06831210726519066,-1.2955173251678476,0.007331902823584327,0.030443443019275054
1965-10,13.0874,29.7818,33.4115,50.5968,33.2121,32.3669,1452.0,1279.0,4.08,4.3495,,,,,31.65,452.6,94804.53,0.25866062675900453,-1.352238397898135,12.663532563811764,0.8967153537415581,-0.6649053675929371,1.7030848329048665,,,,2.337112164297017,11.819944271845273,0,0,-0.10901679867539826,0.011599634099870526,-1.3638380319980055,0.08401838902086434,-0.05869136157436827,-1.2935470363237667,0.009871551172790455,0.032718144184071624
1965-11,13.3319,29.6611,33.6448,50.9167,33.5191,32.5015,1460.0,1306.0,4.1,4.448947368421052,,,,,31.75,455.7,95405.27,0.2618374717921625,-1.3400313043805776,10.864147528091062,0.8849014442511881,-1.858718794671349,1.7302146747837144,,,,2.3294803149606302,9.191855620821299,0,0,-0.12227900260349915,0.01802420775078395,-1.3580555121313616,0.09485577096864639,-0.04845455690089184,-1.2915767474796858,-0.0028985117480221922,0.01202586105169677
1965-12,13.6155,29.999,34.3446,50.871,33.8819,32.9054,1656.0,1315.0,4.32,4.615454545454546,,,,,31.85,459.2,95954.72,0.2676475791708439,-1.3180841669404455,11.84116441703389,0.8853989888406494,-1.2952344091018573,1.9200000000000104,,,,2.354788069073765,9.252940042954716,0,0,-0.12171690072151227,0.03440046067956404,-1.3524846276200095,0.1548210884208352,-0.028477708304840865,-1.2896064586356046,-0.001746888100040922,0.021803626085019914
1966-01,13.8894,30.4093,34.4483,51.1452,34.2726,33.2286,1370.0,1325.0,4.42,4.612380952380953,,,,,31.88,462.0,97030.72,0.27156800638183054,-1.303542687063026,14.85327160950838,0.8872773002340063,-1.131450351115547,1.9181585677749304,,,,2.4547553324968607,9.159019757482278,0,0,-0.1195977184343898,0.04360337703766537,-1.3471460641006914,0.14678266419041397,-0.015906517271502496,-1.2876361697915235,0.0010542125227573085,0.023620598669719356
1966-02,13.8503,30.7472,34.3964,51.4194,34.3843,33.444,1378.0,1159.0,4.6,4.832105263157895,,,,,32.08,464.6,97758.36,0.269359424652952,-1.311708640109651,12.18380854772314,0.8942220722829896,-0.0703077230698262,2.557544757033248,,,,1.9915211970074955,9.185395396205331,0,0,-0.1118011316544333,0.03034947817961675,-1.3420581182892677,0.15912561564835204,-0.02604275916220855,-1.2856658809474424,0.009620251330719726,0.0216322497462217
1966-03,14.1242,31.3022,34.6557,51.7851,34.7192,33.9018,1394.0,1234.0,4.66,4.8734782608695655,,,,,32.18,467.2,98446.39,0.2727464077504919,-1.2992128248396777,12.210781443026145,0.9015818336828038,0.4504495537631339,2.778664963270528,,,,1.8304723430702108,9.22977727095109,0,0,-0.10360446543604594,0.038023234049627375,-1.337236058889305,0.14804233099431308,-0.015517232736316222,-1.2836955921033615,0.018668967182888935,0.026194514622046014
1966-04,14.2318,31.2298,35.3037,51.6937,34.9704,33.9556,1352.0,1145.0,4.67,4.75,,,,,32.28,469.3,98805.09,0.2753101441761762,-1.289857019796576,11.975775894281584,0.8930352526708303,-1.340559565096869,2.8680688336520044,,,,1.75169144981413,8.953871989219486,0,0,-0.11312922220975953,0.04283602720514401,-1.33269304700172,0.17015967199293724,-0.008131716537295608,-1.2817253032592804,0.010073253489169876,0.019629790462800042
1966-05,14.4176,31.5919,34.7334,52.0136,35.1937,34.2787,1265.0,1078.0,4.9,4.7785714285714285,,,,,32.35,470.1,99305.44,0.27718904286571205,-1.2830555403491086,11.763046993878202,0.8976578194392746,-0.1928999109681056,2.763659466327839,,,,2.078887171561039,9.123200418142963,0,0,-0.10796633069196084,0.04538406287595498,-1.3284396032250636,0.17948264636424316,-0.003300525933909171,-1.2797550144151995,0.016235280917558173,0.023585326647637447
1966-06,14.5545,31.7849,34.7334,52.2878,35.4449,34.4403,1194.0,956.0,5.17,4.814545454545455,,,,,32.38,471.2,99788.67,0.27835365037350973,-1.2788628501094952,10.848586665081662,0.89674113906373,-0.7663196741326705,2.4359379943056148,,,,2.6690457072266804,8.822131574889802,0,0,-0.1089880437852996,0.045620423324280956,-1.3244832734337761,0.16045515829421153,-0.0010781245383768567,-1.2777847255711183,0.016275196418294127,0.0227168177453151
1966-07,14.7893,31.8573,34.0854,52.6078,35.6402,34.6288,1086.0,932.0,5.3,5.018,,,,,32.45,470.8,100061.44,0.2811237116929429,-1.2689604513972204,9.84838979919056,0.8938586203219959,-1.3913225886917526,2.754908169727699,,,,2.47685670261939,8.432987464432262,0,0,-0.11220765913107598,0.05186800043404416,-1.3208284518312645,0.1674500004748416,0.006853985329816847,-1.2758144367270372,0.014170974752903867,0.022127145793196898
1966-08,14.848,32.1228,33.5411,52.6992,35.6681,34.6557,1119.0,877.0,5.53,5.224347826086956,,,,,32.65,472.6,100586.7,0.2817500075902481,-1.2667350991225956,10.346697444104214,0.9006030598770328,-1.5329549148039203,3.4865293185419866,,,,1.9746248085757976,8.088323044443824,0,0,-0.10469067352213335,0.05074126541338608,-1.3174763645359817,0.16536169507662501,0.00710904876036067,-1.2738441478829563,0.02284726130939685,0.015457422529455533
1966-09,15.0143,32.4366,33.7484,52.8363,35.9193,34.9789,1046.0,774.0,5.4,5.182380952380952,,,,,32.75,475.4,100672.45,0.28416637803934036,-1.2581953741904266,10.563405824261164,0.9030409835380979,0.9179531633481314,3.5736875395319334,,,,1.7632977099236724,8.764130563978023,0,0,-0.10198734061710392,0.05622926153147989,-1.3144246357219065,0.15360091860082847,0.01367848484844858,-1.2718738590388752,0.02674296051452464,0.012572777425495021
1966-10,14.9653,32.5814,35.4851,53.2477,36.3937,35.2212,843.0,739.0,5.53,5.0115,,,,,32.85,475.7,100953.07,0.28105063692891896,-1.2692204232889108,8.301797460922412,0.8952483534238068,-0.1637310666071492,3.791469194312813,,,,1.6750228310502102,8.451187837188767,0,0,-0.11065410934146976,0.04244694257511905,-1.3116673658640299,0.17252414360472024,0.0006831469058834472,-1.2699035701947943,0.01928919491282023,0.0027416729956538516
1966-11,14.7502,32.0987,34.4224,53.5676,36.2822,34.9788,961.0,736.0,5.76,5.155263157894737,,,,,32.88,477.3,101437.35,0.2753567454954114,-1.289687765678631,5.034353870194663,0.8846955256296476,-0.0232729402202605,3.5590551181102548,,,,2.1253041362530256,7.345592156790115,0,0,-0.12251173200570176,0.01950698494888292,-1.309194750627514,0.11861372552983651,-0.021754484327917822,-1.2679332813507131,0.008650926513792095,-0.009899569298821659
1966-12,14.9556,32.0987,34.0595,53.6133,36.3938,35.0596,990.0,743.0,5.4,4.842857142857143,,,,,32.92,480.2,101788.22,0.27895317020217,-1.2767113599866893,4.137280695375623,0.8819826453956444,-0.3865998869588674,3.3594976452119285,,,,1.9741798298906543,6.341269237342528,0,0,-0.12558289959110094,0.030282677986485762,-1.306994037973175,0.11139113480244633,-0.010748367480057253,-1.265962992506632,0.006789839128693992,-0.008454147126821382
1967-01,14.8504,31.9639,33.2094,54.856,36.6559,35.225,1067.0,995.0,4.94,4.579047619047619,,,,,32.9,481.6,102198.55,0.2707160565845122,-1.3066847690691867,-0.3142082006160729,0.8719987778229424,-1.7369538218944296,3.19949811794229,,,,1.686541033434663,5.83451069106351,0,0,-0.1369672566533341,-0.0016336478590901482,-1.3050511212100966,0.11216956453131455,-0.042692065406635615,-1.2639927036625511,-0.003409937764371679,-0.024286143374980182
1967-02,14.8686,31.3561,32.2865,54.4213,36.4377,34.8255,1123.0,907.0,5.0,4.626666666666667,,,,,33.0,485.1,102362.59,0.27321287804591216,-1.2975040146002885,1.4204625509362412,0.8605400450632176,-3.839399578830195,2.8678304239401653,,,,2.0727272727272705,4.047747877678454,0,0,-0.15019512744273525,0.005845776083324594,-1.3033497906836131,0.08773199300795209,-0.03548159978181853,-1.26202241481847,-0.015495425898575999,-0.04002641207005868
1967-03,14.8438,30.7761,32.5843,54.4565,36.5364,34.6292,1056.0,955.0,4.53,4.541818181818182,,,,,33.0,489.7,102732.16,0.27258086729775144,-1.2998199481778994,-0.060712333822166,0.8423407889118797,-6.79661437628271,2.5481665630826544,,,,1.9325878787878723,2.1229146468361826,0,0,-0.17157060919887304,0.0020540020089285793,-1.301873950186828,0.07585372091864717,-0.03976782220351027,-1.260052125974389,-0.03578718319509097,-0.06241877625467203
1967-04,14.8325,31.0692,32.8359,55.5777,36.9348,34.9558,1091.0,1035.0,4.05,4.593500000000001,,,,,33.1,492.1,102885.94,0.26687862218119857,-1.3209613225154349,-3.110430271885889,0.8411904220410019,-5.980799907498609,2.5402726146220638,,,,1.4723262839879014,2.9030617414687487,0,0,-0.17293722128474562,-0.020354224959263423,-1.3006070975561714,0.040901501169690935,-0.06287948538512689,-1.258081837130308,-0.0361441136272751,-0.06832437206808949
1967-05,14.8881,30.7288,32.3777,54.3788,36.5934,34.6508,1304.0,1076.0,3.94,4.847727272727273,,,,,33.1,497.2,103151.4,0.2737850044502637,-1.295412135888166,-1.2356595539057436,0.8397361272797826,-6.670123999403215,2.3183925811437467,,,,1.584864048338375,1.0796643369155756,0,0,-0.17466757068599298,0.0041204521008788575,-1.299532587989045,0.05982586760417341,-0.03930058760193922,-1.2561115482862268,-0.03695172357007345,-0.06899155996032254
1967-06,14.8075,30.6653,32.0273,54.8322,36.5855,34.6465,1248.0,1169.0,3.98,5.0227272727272725,,,,,33.3,502.0,103741.04,0.2700511743099857,-1.3091438034617244,-3.0280953352229245,0.8381817933334244,-6.753222109015809,2.841260037059889,,,,1.1072792792793162,0.5969320110053467,0,0,-0.1765202648754577,-0.010508613291029922,-1.2986351901706945,0.03402725202192869,-0.05500254401957849,-1.254141259442146,-0.03797900987774294,-0.07334118749044465
1967-07,14.5097,30.6538,32.4566,54.4372,36.3789,34.5676,1364.0,1177.0,3.79,5.159000000000001,,,,,33.4,506.3,104094.25,0.2665401600376214,-1.3222303524044539,-5.32699010072335,0.8426258078171687,-5.9024641986722095,2.9275808936825687,,,,0.83788922155692,-0.17688786109553156,0,0,-0.17123230111779808,-0.024330965760595236,-1.2978993866438586,-0.0013366378641144205,-0.07005938180638904,-1.2521709705980648,-0.03197079310444162,-0.07067381538917206
1967-08,14.7775,31.5654,32.8246,54.9368,36.7801,35.2299,1407.0,1229.0,3.9,5.275652173913044,,,,,33.5,510.8,104677.52,0.2689909131947984,-1.3130776798958406,-4.6342580773244935,0.8582195263199394,-4.820468051641647,2.6033690658499253,,,,1.2637313432835695,1.6432939587777362,0,0,-0.1528953540385498,-0.015767290179752536,-1.297310389716088,0.012973172481090645,-0.06287699814185665,-1.250200681753984,-0.013023933733963405,-0.05933137663429948
1967-09,14.7017,31.3599,32.7226,55.1644,36.7913,35.1727,1421.0,1279.0,3.99,5.3020000000000005,,,,,33.6,514.7,105172.29,0.2665070226450392,-1.3223546843349145,-6.415931014448795,0.852372707678174,-5.774405686272146,2.595419847328251,,,,1.3593005952381,0.5525190958514781,0,0,-0.15973139747982537,-0.025499582989580993,-1.2968551013453335,0.02420170826904866,-0.07412429142501176,-1.2482303929099028,-0.019363371272713537,-0.05534358297124792
1967-10,14.5798,31.7559,33.3267,55.804,37.0386,35.4591,1491.0,1280.0,3.88,5.480952380952381,,,,,33.7,518.2,105440.72,0.2612680094616873,-1.342208542340559,-7.298811905164815,0.8573731188543843,-4.322796789924503,2.587519025875196,,,,1.2598813056379663,0.673174557541234,0,0,-0.1538820772407148,-0.04568702390030577,-1.2965215184402532,-0.023618008556772985,-0.09594843827473731,-1.2462601040658217,-0.013132812744232142,-0.05190893179349754
1967-11,14.963,32.1092,35.1887,56.2375,37.7749,35.9663,1538.0,1297.0,4.13,5.7535,,,,,33.9,521.2,106296.61,0.26606801511446987,-1.3240033069660084,-3.431554128737746,0.8500141628435813,-3.9990535461966346,3.10218978102188,,,,0.9968849557522086,2.7840225234670335,0,0,-0.1625022674676681,-0.027703898252130488,-1.296299408713878,-0.025441850488536977,-0.07971349174426767,-1.2442898152217408,-0.021487848840858803,-0.04972657633294188
1967-12,15.112,32.5319,36.5969,56.6168,38.2411,36.3536,1308.0,1315.0,4.51,5.699,,,,,34.0,524.8,106842.64,0.2669172401124755,-1.3208166307556362,-4.410527076894688,0.8507051313900489,-3.6106807465418473,3.280680437424044,,,,1.1902705882353093,3.6243765799716776,0,0,-0.16168970705651942,-0.024634918166402064,-1.296181712589234,-0.026953854890581885,-0.07849710437797652,-1.2423195263776596,-0.020526023003432148,-0.05350041704618534
1968-01,15.178,32.6748,35.5193,56.2615,37.9745,36.3145,1380.0,1179.0,4.61,5.528636363636363,,,,,34.1,527.4,106772.4,0.26977595691547507,-1.3101634536513354,-0.3478684582148617,0.8604405587960341,-1.3343486580853074,3.647416413373872,,,,0.9287096774193372,3.046105276334643,0,0,-0.15031074323418717,-0.014000159280164848,-1.2961632943711705,-0.03585460399156393,-0.06981421611775662,-1.2403492375335787,-0.00911199479215008,-0.040789137274521145
1968-02,15.1918,32.6768,36.0843,56.3267,38.172,36.4446,1520.0,1342.0,4.71,5.563684210526316,,,,,34.2,530.4,107928.42,0.2697086816731674,-1.3104128592426878,-1.2908844642399275,0.8560410772293828,-0.5241789131515684,3.6363636363636376,,,,1.0359649122806849,4.544342226690201,0,0,-0.15543691657425093,-0.014172130119946669,-1.2962407291227411,-0.018872140075651966,-0.0720339105531902,-1.2383789486894976,-0.014314191695607492,-0.05054527898484014
1968-03,15.3234,32.8018,36.0074,56.866,38.2923,36.5584,1466.0,1370.0,5.05,5.74,,,,,34.3,533.2,108689.05,0.269465058207013,-1.3113165511872857,-1.1496603009386377,0.8566160820843878,1.6805169543960996,3.939393939393932,,,,1.0685131195335318,5.421372516185752,0,0,-0.15476543965491205,-0.01490498704700216,-1.2964115641402836,-0.03593236602426986,-0.07490789134186926,-1.2364086598454165,-0.013826080429604787,-0.05204055532550153
1968-04,15.2475,33.0523,36.0412,56.718,38.1002,36.6113,1554.0,1286.0,5.76,5.6385,,,,,34.4,535.7,109597.58,0.2688300010578652,-1.3136760654828281,0.728525703260674,0.8675098818378907,3.080884522634131,3.92749244712991,,,,1.7632558139534904,4.627252965485473,0,0,-0.1421283760584043,-0.017001734586989947,-1.2966743308958382,-0.046199352464311394,-0.07923769448149276,-1.2344383710013354,-0.001474984672884927,-0.03526786005213026
1968-05,15.4767,33.5553,36.498,56.8563,38.4556,37.022,1408.0,1297.0,6.12,5.869545454545454,,,,,34.5,538.9,110377.01,0.2722073015655257,-1.301191364857358,-0.577922896919203,0.8725725251978906,3.835806576185461,4.229607250755274,,,,1.8136811594202884,6.6191517145017364,0,0,-0.13630950492413837,-0.004162768927368221,-1.2970285959299899,-0.04245877599521419,-0.06872328270010364,-1.2324680821572545,0.003961016483106539,-0.030352909463813416
1968-06,15.4418,33.6908,36.8532,57.1258,38.6018,37.158,1405.0,1300.0,6.07,5.718,,,,,34.7,542.6,111067.85,0.2703121881881742,-1.3081777353801214,0.0966068081603044,0.872777953359688,4.044616042276589,4.2042042042042205,,,,1.7905187319884552,6.998238075094054,0,0,-0.1360741044526918,-0.010702628920784774,-1.2974751064593366,-0.05893950264912862,-0.07767994206694784,-1.2304977933131735,0.0037224473152482063,-0.029241003842534335
1968-07,15.2924,33.7244,36.5367,57.1399,38.4445,37.101,1512.0,1344.0,6.03,5.495454545454546,,,,,34.9,545.6,112123.7,0.26763084989648217,-1.3181466737535683,0.4083678650885547,0.8772230097933386,4.023826928992702,4.491017964071853,,,,1.4728366762177814,7.072709626085727,0,0,-0.13099403182787106,-0.020131774971916316,-1.298014898781652,-0.07057766299320867,-0.08961916928447589,-1.2285275044690924,0.008242978046600763,-0.024150056609137938
1968-08,15.429,33.4718,37.0097,57.7916,38.8152,37.2045,1495.0,1357.0,6.03,5.420454545454546,,,,,35.0,549.4,112844.95,0.2669765156181867,-1.3205945809364783,-0.7516901040637736,0.8623374348193492,0.478672482821163,4.477611940298498,,,,1.485857142857161,5.453456784583466,0,0,-0.14810862921033818,-0.02194482850364854,-1.2986497524328298,-0.07034265016587105,-0.094037365311467,-1.2265572156250113,-0.009511464579916473,-0.04364736394664631
1968-09,15.5948,33.609,37.3908,57.8564,39.0096,37.3454,1556.0,1464.0,5.78,5.46,,,,,35.1,553.5,113754.24,0.2695432138881783,-1.3110265531083722,1.1328131226542304,0.8615571551618064,1.071751603960844,4.464285714285721,,,,1.2594871794871842,5.993953117657691,0,0,-0.14901388144021693,-0.011643708119680518,-1.2993828449886917,-0.07206408300421496,-0.08643962632744207,-1.2245869267809302,-0.011132168929876979,-0.04507293385419614
1968-10,15.7289,33.6482,37.8858,58.0397,39.0974,37.4196,1569.0,1421.0,5.91,5.582608695652175,,,,,35.3,557.6,115228.26,0.27100243454049555,-1.305627474598524,3.6581067742035063,0.8606250031971436,0.3785671456406098,4.7477744807121525,,,,1.109546742209644,5.381471170463348,0,0,-0.1500964057843087,-0.005408596627040296,-1.3002188779714836,-0.04856950073461652,-0.08301083666167464,-1.2226166379368493,-0.013000395277158266,-0.04160880957554225
1968-11,15.7401,34.1858,38.7661,58.5272,39.4526,37.9036,1630.0,1436.0,5.82,5.696111111111112,,,,,35.4,562.4,116196.05,0.2689364944846157,-1.313280007234405,1.0723299731603353,0.8665030948530643,1.921266930597823,4.424778761061954,,,,1.3361016949152482,5.246370546544643,0,0,-0.14328959816168987,-0.01211664574011273,-1.3011633614942923,-0.037378308973249785,-0.09263365814163671,-1.2206463490927684,-0.007043409480626095,-0.03039566414303685
1968-12,15.9059,34.3644,39.1081,57.8184,39.3992,38.0233,1548.0,1389.0,6.02,6.031904761904762,,,,,35.6,566.9,117399.09,0.27510100590815384,-1.290616954540104,3.01996762155321,0.87221060326098,2.496534032382927,4.705882352941182,,,,1.2550561797752824,4.490589350202523,0,0,-0.13672436673269014,0.011605226727088302,-1.3022221812671924,-0.04714381377432453,-0.07194089429141681,-1.2186760602486872,-0.0013850868351718282,-0.020798020011847204
1969-01,16.1281,34.5333,39.0106,58.3144,39.672,38.2533,1769.0,1459.0,6.3,6.041818181818181,,,,,35.7,569.3,118225.98,0.2765714814865625,-1.2852859688755653,2.487748477577001,0.8704703569267997,1.158916995319631,4.692082111436946,,,,1.5358543417366866,5.201272051282713,0,0,-0.13872157328099086,0.018116095558425194,-1.3034020644339905,0.015648127486885377,-0.06858019747095923,-1.2167057714046061,-0.004338767133380161,-0.018235931785990728
1969-02,16.1216,34.905,38.9839,59.0126,39.8133,38.4981,1705.0,1495.0,6.61,6.1889473684210525,,,,,35.8,571.9,119449.04,0.2731891155448159,-1.297590992691108,1.2821866551579797,0.8767170769566954,2.3865974674596417,4.678362573099393,,,,1.8453072625698617,5.481559009510617,0,0,-0.13157094189965451,0.007117939528862527,-1.3047089322199705,-0.026961853730953056,-0.08285551013058301,-1.214735482560525,0.0018134437093688116,-0.006396475808041646
1969-03,16.2816,35.0689,39.2035,59.4516,40.0984,38.8,1561.0,1438.0,6.79,6.296,,,,,36.1,574.4,120431.48,0.27386310881456516,-1.2951269003037125,1.618965088357327,0.8745710552041976,2.074370420822061,5.247813411078739,,,,1.465290858725754,5.950926467708495,0,0,-0.13402173544669144,0.0110205474845122,-1.3061474477882247,-0.02477014691661572,-0.08236170658726838,-1.212765193716444,-0.001669797683979568,0.005070009464600983
1969-04,16.4492,35.1706,38.1716,58.8652,39.8172,38.6573,1524.0,1441.0,7.41,6.173333333333333,,,,,36.3,575.7,121523.69,0.2794384458049918,-1.2749732403191256,3.870282516370249,0.8833016887174387,1.8039902653261728,5.523255813953476,,,,1.7879889807162597,5.437869578840759,0,0,-0.12408847340514258,0.032748539681363154,-1.3077217800004888,0.014494897369919268,-0.06417833544676244,-1.2107949048723632,0.007204782750898517,0.01713188914353299
1969-05,16.339,35.0874,37.6611,58.5672,39.5504,38.5111,1583.0,1328.0,8.67,6.323333333333333,,,,,36.4,576.5,122564.81,0.27897867748500865,-1.2766199248662093,2.4571439991148747,0.8871566406408026,1.6575788647721037,5.507246376811592,,,,2.997664835164837,3.943418089072903,0,0,-0.11973371627641734,0.03281540753649148,-1.3094353324027008,-0.0349917546999603,-0.06779530883792728,-1.208824616028282,0.010482534018130887,0.025726153207752497
1969-06,16.5034,35.5575,38.9284,58.6851,39.8523,38.8874,1528.0,1349.0,8.9,6.574285714285715,,,,,36.6,578.5,123380.66,0.2812195940707266,-1.2686194412785612,3.95582941015602,0.8922320669070543,2.20450889076058,5.475504322766556,,,,3.246721311475431,4.549119951605851,0,0,-0.114029015545086,0.042669793058093264,-1.3112892343366545,-0.013147194156228892,-0.06176511409436025,-1.206854327184201,0.015099313806549039,0.03320146420424182
1969-07,16.6708,35.5741,38.9347,60.1526,40.3565,39.0927,1368.0,1278.0,8.61,6.71952380952381,,,,,36.8,579.5,124003.98,0.27714180268184585,-1.2832259807435409,3.4920693010027426,0.881496165425644,0.4859404618206497,5.4441260744985565,,,,3.002418478260882,5.2291825365268885,0,0,-0.12613462720966456,0.03005635555285613,-1.313282336296397,-0.020996928482416966,-0.07834194240342107,-1.2048840383401198,0.0019015473372875624,0.02198177527905279
1969-08,16.6052,35.9381,39.3429,59.7268,40.1968,39.1825,1358.0,1317.0,9.19,6.691428571428572,,,,,36.9,580.1,124608.68,0.278019247640925,-1.280064931569774,4.052964936670422,0.8940537555228276,3.61192528141913,5.428571428571427,,,,3.567750677506787,5.180049684105681,0,0,-0.11198937639614688,0.03534559402612936,-1.3154105255959034,-0.04064629512297202,-0.07715118207373517,-1.202913749496039,0.014956042140544343,0.030730722153046994
1969-09,16.7696,36.0321,38.9567,59.3316,40.107,39.1737,1507.0,1263.0,9.15,7.159523809523809,,,,,37.1,582.1,125319.14,0.2826419648214442,-1.2635743242803315,4.745222882804079,0.8983992819208617,4.18732065953306,5.698005698005693,,,,3.265902964959566,4.779585857240987,0,0,-0.10714067484488633,0.05409327802190389,-1.3176676023022353,-0.010669416276777088,-0.06263086362837367,-1.2009434606519578,0.018720887080259388,0.04292436658931191
1969-10,16.8176,36.025,39.1673,59.2284,40.1069,39.1852,1381.0,1216.0,9.0,7.095454545454545,,,,,37.3,583.4,126019.72,0.28394486428807797,-1.2589751994992187,4.665227509930525,0.8982244950370135,4.27611583342489,5.665722379603411,,,,3.1554959785522696,4.610449316773835,0,0,-0.10733524745005979,0.061069712428095,-1.3200449119273137,0.03629371925438751,-0.060002027691341775,-1.1989731718078769,0.017453819252511618,0.039762025079897706
1969-11,16.4323,35.8355,37.5579,59.5542,39.5533,38.8158,1229.0,1191.0,8.85,7.144117647058824,,,,,37.5,585.4,126569.23,0.27592176538346586,-1.287637912202572,2.564209503183301,0.9060053143479811,4.457949093157736,5.932203389830515,,,,2.7544000000000013,2.3781285849131084,0,0,-0.09871010723011252,0.03489213130284696,-1.322530043505419,-0.037757814731702366,-0.09063502923877631,-1.1970028829637958,0.02502098756750873,0.05791047162058245
1969-12,16.3713,35.6253,37.3374,59.8148,39.49,38.7116,1327.0,1155.0,8.97,7.654090909090908,,,,,37.7,587.9,127156.18,0.2736998201114106,-1.295723320183032,-0.510636564292799,0.902134717650038,3.373295104012149,5.89887640449438,,,,2.9000530503978883,1.7940167007636898,0,0,-0.10299141569256866,0.029383024935548896,-1.325106345118581,-0.029688914675444655,-0.10069072606331742,-1.1950325941197146,0.019698180375598145,0.052485894440667966
1970-01,16.1431,34.8066,35.3774,59.6933,38.881,37.9948,1085.0,1062.0,8.98,7.794761904761905,,,,,37.9,589.6,127802.99,0.2704340353104955,-1.3077270725031986,-2.2441103627633296,0.895208456572619,2.802289782547509,6.162464985994376,,,,2.653984168865464,-0.6780522803530253,0,0,-0.11069867545551576,0.020027669280955562,-1.3277547417841542,-0.0678051121873664,-0.11466476722756513,-1.1930623052756335,0.010966107347982812,0.040817387146054485
1970-02,16.2115,34.611,35.8932,60.1679,39.0821,37.9698,1305.0,1118.0,8.98,7.238333333333333,,,,,38.1,586.3,128191.15,0.26943769019693226,-1.3114181205713176,-1.3827127880209569,0.8855972427274891,1.0077930855753023,6.424581005586605,,,,2.40115485564305,-1.3817782513068089,0,0,-0.12149301104390149,0.01903599746033313,-1.3304541180316507,-0.06798567787898802,-0.12032610413976497,-1.1910920164315526,-0.0008375116801872251,0.03321969397527082
1970-03,16.2443,34.5296,36.2342,59.8379,38.978,37.9205,1319.0,1132.0,7.76,7.072857142857143,,,,,38.3,587.3,128280.0,0.27147175953701586,-1.3038971614564792,-0.877026115276669,0.8858740828159475,1.2841278251921189,6.094182825484751,,,,1.5701305483028838,-2.2928383675328234,0,0,-0.12118045719477025,0.029284806123736296,-1.3331819675802155,-0.04115053994046525,-0.11477543386900746,-1.1891217275874717,-0.0015206286210910497,0.032460975092943184
1970-04,16.2368,34.2909,36.2175,60.1851,38.9681,37.823,1264.0,1224.0,8.1,7.390909090909091,,,,,38.5,588.4,128374.72,0.269781058767037,-1.3101445423911209,-3.517130207199526,0.8799736194477021,-0.377487645442702,6.060606060606077,,,,1.922857142857115,-2.1818248519896777,0,0,-0.1278633498595696,0.02576991981360477,-1.3359144622047257,-0.06632630964905983,-0.1229931036477303,-1.1871514387433906,-0.009187438440777629,0.01959612198431021
1970-05,16.2204,34.1773,36.2533,60.6153,38.989,37.7789,1290.0,1328.0,7.95,7.906190476190476,,,,,38.6,591.5,128534.04,0.2675958050195248,-1.3182776271606365,-4.165770229442711,0.8765882684859834,-1.1984157783432328,6.043956043956045,,,,1.7974093264248705,-1.9195765713092783,0,0,-0.13171787405984967,0.020348112852329514,-1.338625740012966,-0.08258289033564381,-0.133096477261327,-1.1851811498993094,-0.01401587957618862,0.01360692602956265
1970-06,16.1219,34.0234,36.9566,60.3596,38.906,37.6567,1385.0,1322.0,7.61,7.841818181818183,,,,,38.8,595.2,129185.43,0.26709752881066146,-1.3201414108346616,-5.152196955610044,0.8745026474065698,-2.007094164556124,6.010928961748618,,,,1.508402061855696,-3.2159397438942694,0,0,-0.13409995719064724,0.021146738700295042,-1.3412881495349567,-0.059478036780668875,-0.1369305497794333,-1.1832108610552283,-0.01736299482119401,0.006751988894241001
1970-07,16.08,34.1944,37.0225,60.5198,38.8645,37.7491,1517.0,1324.0,7.21,7.457272727272727,,,,,38.9,599.1,129856.91,0.26569816820280306,-1.3253943204712106,-4.216833972766976,0.8798363545137594,-0.1884722372888891,5.706521739130444,,,,1.4223136246786616,-3.4974114442070103,0,0,-0.12801934958255345,0.018478305766114866,-1.3438726262373255,-0.05562533377988865,-0.14415374826006322,-1.1812405722111474,-0.012238676580247479,0.009002576873447465
1970-08,16.0358,34.6081,35.895,59.8219,38.3992,37.6818,1399.0,1394.0,6.62,7.527142857142857,,,,,39.0,604.9,130184.6,0.26805902186323066,-1.31654809188558,-3.6483160315806007,0.9012713806537637,0.8040509064661028,5.691056910569103,,,,0.8789230769230771,-3.9052999278270217,0,0,-0.10394886733148585,0.029800545177599336,-1.3463486370631794,-0.03735939257024601,-0.13727780851851357,-1.1792702833670665,0.010885322740400105,0.04295969041183105
1970-09,15.6935,34.3693,34.9392,60.1403,38.0307,37.4221,1534.0,1426.0,6.29,7.38952380952381,,,,,39.2,611.2,130850.83,0.260948149576906,-1.3434335520199607,-7.985922773962928,0.9037251483669771,0.5910670608510943,5.660377358490565,,,,0.5958928571428546,-4.5744164269259535,0,0,-0.10123000423637539,0.00525081371998648,-1.3486843657399472,-0.06080488168427678,-0.16613355749697534,-1.1772999945229854,0.012669422939580344,0.04208621387952237
1970-10,15.1801,33.4621,32.8477,60.5041,37.3316,36.6735,1580.0,1564.0,6.2,7.326666666666667,,,,,39.4,616.4,131113.07,0.25089374108531487,-1.3827257717745807,-12.3750572275362,0.8963478661509284,-0.2091450432123887,5.630026809651478,,,,0.5395939086294543,-6.624470108855318,0,0,-0.10942669788218368,-0.03187984526182652,-1.3508459265127541,-0.12159503384201398,-0.2073960660956764,-1.1753297056789043,0.003550844104903833,0.036322260945151896
1970-11,15.0958,33.2619,32.9548,59.8882,37.0889,36.4514,1647.0,1502.0,5.6,6.841111111111111,,,,,39.6,621.1,130807.43,0.25206635029939123,-1.3780629312878627,-9.042501908529063,0.8968154892703746,-1.019502843228466,5.600000000000005,,,,0.0,-6.284751373772002,0,0,-0.10890513566239718,-0.025263862300979545,-1.3527990689868832,-0.10372060403960459,-0.20470351445303958,-1.1733594168348231,0.003163676694418971,0.03130552781313223
1970-12,15.2884,34.0146,36.7899,60.8748,38.1475,37.2885,1893.0,1767.0,4.9,6.391363636363636,,,,,39.8,626.6,131551.55,0.2511449729608968,-1.3817249250688415,-8.600160488580944,0.8916600039321056,-1.167896488116429,5.570291777188308,,,,-0.6349246231155625,-3.7454328604056286,0,0,-0.11467038057373295,-0.027213168423081635,-1.3545117566457598,-0.15209942784402242,-0.21033579707809924,-1.1713891279907422,-0.0034971110234526814,0.0209176775949053
1971-01,14.954,34.4894,38.2532,61.1841,38.2969,37.5753,1828.0,1643.0,4.14,6.2385,,,,,39.9,633.0,134164.06,0.2444099038802565,-1.4089085292641026,-10.118145676090396,0.9005794202663924,0.5981752943174699,5.277044854881274,,,,-1.080050125313281,-1.1102388618285275,0,0,-0.10471692251234106,-0.05295482185641043,-1.3559537074076922,-0.1820803582292223,-0.23948969011744126,-1.1694188391466613,0.00557380262050701,0.032153692543914106
1971-02,15.0373,34.285,39.1194,60.5654,38.2443,37.5037,1741.0,1588.0,3.72,6.112222222222222,,,,,39.9,641.0,134932.92,0.2482820224088341,-1.3931899917922628,-8.17718712209452,0.896473461404706,1.2206422220052402,4.724409448818889,,,,-0.959097744360904,-1.2351512137739995,0,0,-0.10928658882384909,-0.03609346279791281,-1.35709652899435,-0.14530115089023932,-0.22574144148968256,-1.1674485503025802,0.0001346447009708679,0.02496952236779776
1971-03,14.8865,34.3505,39.1648,60.7848,38.1745,37.4631,1910.0,1759.0,3.71,5.7034782608695656,,,,,40.0,649.9,135736.29,0.24490497624406102,-1.406884995736533,-10.298783428005386,0.8998284194946887,1.562927835597336,4.438642297650142,,,,-0.6976750000000198,-1.213541442335675,0,0,-0.10555117883879689,-0.04896948919094424,-1.3579155065455888,-0.1563736722275948,-0.24140673427803394,-1.165478261458499,0.0030132832380729974,0.028369901567107364
1971-04,14.7976,34.5777,39.4181,61.3298,38.3136,37.6735,1986.0,1745.0,4.16,5.833809523809524,,,,7.31,40.1,658.4,136992.53,0.24127911716653241,-1.421800853127577,-11.16563107364561,0.9024915434728138,2.526739092734304,4.155844155844157,,,,0.0039900249376723,-0.3960453674311193,0,0,-0.10259595893222656,-0.06341242143584047,-1.3583884316917365,-0.21138551083946977,-0.258292880513159,-1.163507972614418,0.005124109857118822,0.025163336618309384
1971-05,14.6962,34.9848,40.0305,61.0034,38.3121,37.8646,2049.0,1972.0,4.63,6.3925,,,,7.425,40.3,666.7,137840.93,0.24090788382286887,-1.4233406433593745,-10.506301619873804,0.9131527637482675,4.086578232046696,4.404145077720201,,,,0.2163275434243328,0.22658929496190972,0,0,-0.0908520917393827,-0.06484414663728177,-1.3584964967220927,-0.20084721162772445,-0.26180295958903743,-1.161537683770337,0.016035410667430847,0.03459604551521993
1971-06,14.7694,35.142,40.3475,61.4456,38.4796,38.0234,2026.0,1903.0,4.91,6.522272727272727,,,,7.529999999999999,40.5,673.0,138768.93,0.2403654614813754,-1.425594757685289,-10.545334685062734,0.9132631316333851,4.336872279326541,4.381443298969079,,,,0.506370370370357,0.9690866418436528,0,0,-0.09073123439738183,-0.06736946011895428,-1.3582252975663347,-0.20033399762299764,-0.2660273627590328,-1.1595673949262562,0.01533462143549734,0.030242616423869773
1971-07,14.7935,34.294,41.1031,62.3121,38.8419,37.9131,2083.0,2069.0,5.31,6.729523809523809,,,,7.604000000000001,40.6,679.6,139908.02,0.23740974866839668,-1.4379677333346192,-11.25734128634086,0.8829125248764863,0.349020047198964,4.370179948586128,,,,0.9004679802955495,0.4335064453178106,0,0,-0.12452914911056381,-0.08040280011474121,-1.357564933219878,-0.18057177761990761,-0.2803706272524442,-1.157597106082175,-0.019276040709602024,0.0037927190054385107
1971-08,15.019,34.0922,40.7,61.5563,38.7118,37.693,2158.0,2004.0,5.57,6.582727272727272,,,,7.6975,40.7,685.5,141252.09,0.24398802397155125,-1.4106361369773064,-9.40880450917263,0.8806668767662573,-2.312697666771783,4.358974358974366,,,,1.1604422604422515,0.029718155358082754,0,0,-0.12707584399920369,-0.054125955864438025,-1.3565101811128684,-0.16561146561814177,-0.2550093197392125,-1.155626817238094,-0.022629669458989088,-0.008074145941046385
1971-09,15.3642,34.7446,40.6319,62.4187,39.1343,38.3056,2041.0,1996.0,5.55,6.13952380952381,,,,7.6875,40.8,692.5,142766.57,0.2461473885229907,-1.401824782125327,-5.839123010536618,0.8878298576951675,-1.774515180617242,4.081632653061207,,,,1.4107843137255216,2.3334660604212853,0,0,-0.11897515604254781,-0.046763379922089676,-1.3550614022032372,-0.18262288538221938,-0.24816825373131413,-1.1536565283940128,-0.01533184874881885,-0.0007150514264746832
1971-10,15.5146,34.8485,41.3683,63.1412,39.5436,38.5924,2128.0,2026.0,5.2,5.925789473684211,,,,7.628,40.9,698.4,143926.76,0.24571278341241534,-1.4035919722678822,-2.0866200493301568,0.8812677652009429,-1.6967068083398262,3.8071065989847774,,,,1.341809290953555,5.1000942496335355,0,0,-0.12639376596558194,-0.050369256072030355,-1.3532227161958519,-0.17736430458800245,-0.25190573271795036,-1.1516862395499319,-0.023549434756162224,-0.013881326660643081
1971-11,15.5855,34.9073,41.7807,63.5901,39.756,38.7561,2182.0,2079.0,4.91,5.8100000000000005,,,,7.55,41.0,704.6,145634.84,0.24509318274385478,-1.4061168030174507,-2.805387172958796,0.8780385350638897,-2.115966105333583,3.535353535353525,,,,1.327707317073168,6.130829626884982,0,0,-0.130064796715733,-0.05511531276493287,-1.3510014902525178,-0.14970507123145604,-0.2564008523115999,-1.1497159507058508,-0.028014661168812627,-0.022053929832253988
1971-12,15.6728,35.6254,41.9658,64.0836,39.9241,39.2035,2295.0,2133.0,4.14,5.926363636363636,,,,7.479999999999999,41.1,710.3,146930.18,0.24456803300688476,-1.4082617551656749,-2.6536830096833386,0.8923281927457349,0.0749095589443318,3.266331658291466,,,,0.8460340632603369,5.008106040476301,0,0,-0.11392128498428963,-0.05985316576562982,-1.348408589400045,-0.14575486193253018,-0.260516093303905,-1.1477456618617699,-0.012658040041011509,-0.00386440057909615
1972-01,16.1745,36.731,43.2151,64.6342,40.6717,40.1408,2494.0,2238.0,3.51,5.947619047619048,,,,7.4375,41.2,717.7,147660.48,0.25024677338003715,-1.3853077544561951,2.3600774807907454,0.9031095331643378,0.2805488776351339,3.2581453634085378,,,,0.2439077669902589,6.604635377463097,0,0,-0.10191143373598972,-0.039849048338676196,-1.345458706117519,-0.09806754498148496,-0.23953238143850641,-1.1457753730176887,-0.001423304237868489,0.009521404135294578
1972-02,16.4423,37.1317,43.387,65.0878,41.0175,40.5459,2390.0,2169.0,3.3,6.081,,,,7.324999999999999,41.4,725.7,148924.54,0.25261723395167757,-1.3758798451393792,1.7310146652883551,0.9052648259889072,0.9758836137283248,3.759398496240607,,,,-0.4427536231884188,7.799507093263092,0,0,-0.09952775268656584,-0.03370915578551026,-1.342170689353869,-0.08845336881217891,-0.23207476096577162,-1.1438050841736076,0.00020238565507055273,0.01534349783510057
1972-03,16.6359,37.4944,43.0952,65.2896,41.1452,40.8263,2334.0,2105.0,3.83,6.068636363636363,,,,7.298,41.4,733.5,150771.06,0.25480168357594474,-1.3672697478650444,3.9615247871488624,0.9112703304395166,1.2635493426692443,3.499999999999992,,,,0.3188405797101445,8.597003305231388,0,0,-0.09291568541210445,-0.028703592511995835,-1.3385661553530486,-0.11115788226676426,-0.2254349525355177,-1.1418347953295267,0.006079034032477906,0.021663815351976784
1972-04,16.9249,37.8426,44.3637,65.5021,41.6887,41.2348,2249.0,2139.0,4.17,6.1945,,,,7.29,41.5,738.4,152321.95,0.25838713567961946,-1.3532962928345773,6.850456029299967,0.907742385826375,0.5801302246122255,3.4912718204488824,,,,0.6558313253012038,9.032563050542608,0,0,-0.0967946566861043,-0.01862723156196977,-1.3346690612726075,-0.08842429954385711,-0.21343178634913174,-1.1398645064854456,0.0014926500370540802,0.019771847258689523
1972-05,16.9105,37.9347,43.9608,65.3804,41.5207,41.2405,2221.0,2067.0,4.27,6.126363636363636,,,,7.3725,41.6,743.3,154199.49,0.2586478516497299,-1.3522877885801377,7.105285477923684,0.9136334406693529,0.0526254173604343,3.2258064516129226,,,,1.011562499999985,8.5404144561823,0,0,-0.09032583756577836,-0.021782431005006764,-1.3305053575751309,-0.0899497594135159,-0.21439357093877298,-1.1378942176413647,0.007287074372644281,0.026383641734528437
1972-06,16.966,37.9937,43.9836,65.4242,41.5774,41.3497,2254.0,2183.0,4.46,6.1068181818181815,,,,7.372,41.7,749.7,156153.01,0.2593230028032441,-1.3496808792142179,7.591387847107112,0.9138065391294309,0.0594840493238491,2.9629629629629672,,,,1.4539568345323772,8.386340662479341,0,0,-0.09013639390414334,-0.023578590933267307,-1.3261022882809506,-0.07670203192512814,-0.21375695041693432,-1.1359239287972835,0.0068400492910372646,0.031046372066052805
1972-07,16.9652,37.6886,44.9415,65.4251,41.779,41.3035,2252.0,2195.0,4.55,6.113,,,,7.395,41.8,759.5,157279.92,0.25930720778416844,-1.3497417897387425,8.822594359587676,0.9020943536226333,2.149298962348023,2.9556650246305383,,,,1.548564593301438,8.565054333457311,0,0,-0.10303615948708358,-0.028253179659523786,-1.3214886100792187,-0.07790130405654905,-0.21578814978554006,-1.1339536399532024,-0.006653856935677285,0.014424459808053
1972-08,17.3231,38.2923,45.3038,66.2434,42.3108,41.879,2382.0,2263.0,4.81,6.210434782608695,,,,7.4,41.9,768.7,158939.36,0.26150680671583887,-1.3412949663098452,6.934117066746115,0.9050242491278822,2.728230297446779,2.9484029484029284,,,,1.808281622911712,10.531010714992073,0,0,-0.0997935410247359,-0.024600249248610817,-1.3166947170612344,-0.10240282887606256,-0.20931161520072394,-1.1319833511091213,-0.003959123963085148,0.006679481483675545
1972-09,17.4734,38.7,45.8167,66.4198,42.6057,42.2132,2481.0,2393.0,4.87,6.5495,,,,7.42,42.1,778.3,160553.29,0.2630751673446774,-1.3353154802453147,6.650930188001225,0.908329167224104,2.282670893685641,3.1862745098039325,,,,1.6317339667458295,9.713686874238459,0,0,-0.0961484471056914,-0.023562514900653087,-1.3117529653446616,-0.06483915660134842,-0.20530241798027427,-1.1300130622650404,-0.0008112712518280885,0.009483380712932199
1972-10,17.8256,39.0668,46.8638,67.1036,43.2675,42.7494,2485.0,2354.0,5.05,6.4795,,,,7.42,42.2,786.9,162225.03,0.26564297593571734,-1.3256020674823092,7.798990478557299,0.902913272086439,2.426499158682648,3.1784841075794823,,,,1.8138625592416744,10.2299794303097,0,0,-0.10212877437875546,-0.018904648084502984,-1.3066974193978063,0.017053704910373613,-0.19755929406134976,-1.1280427734209595,-0.00723353138359796,0.006485831787968563
1972-11,18.1344,39.6462,47.9665,67.0402,43.7401,43.2548,2421.0,2234.0,5.06,6.2805,,,,7.4275,42.4,793.9,164101.59,0.27050038633536294,-1.3074817524697706,9.863505054768009,0.906403963411149,3.179460013327476,3.4146341463414664,,,,1.5910377358490546,10.982004711365967,0,0,-0.09827019658245825,-0.00591797249503867,-1.301563779974732,0.02084629445536379,-0.18140926789289225,-1.1260724845768784,-0.003756857691530044,0.012216754252785816
1972-12,18.3618,40.2606,48.96,67.2198,44.1757,43.7367,2366.0,2419.0,5.33,6.3585,,,,7.442,42.5,802.3,166189.1,0.27316058661287296,-1.2976954273850638,11.056632778061104,0.9113743528682058,2.111974406754935,3.406326034063256,,,,1.8603058823529304,10.942153806128596,0,0,-0.09280154091674028,-0.0013063667327779527,-1.2963890606522859,0.03543505578553097,-0.1735932316522666,-1.1241021957327972,0.0013951453583983253,0.022125658911166163
1973-01,18.663,40.6389,48.8199,67.1437,44.3652,44.0529,2481.0,2271.0,5.94,6.464545454545455,,,,7.4375,42.7,810.3,169294.67,0.27795608523212156,-1.2802921445604973,10.50156098956978,0.9160084931432744,1.41817913754725,3.640776699029136,,,,2.2184543325526773,9.299791108070243,0,0,-0.08772964236051722,0.010918541417130667,-1.291210685977628,0.08645278089789032,-0.15816023767178122,-1.1221319068887161,0.006221126414129863,0.01962155023026238
1973-02,19.0479,41.2252,49.7104,67.796,45.0111,44.6827,2289.0,2226.0,6.58,6.635555555555555,,,,7.439999999999999,43.0,814.1,171601.83,0.28095905363148266,-1.2695463368800293,10.633350825934995,0.9158896361119813,1.16683465258004,3.864734299516903,,,,2.614232558139551,9.715173638924135,0,0,-0.08785940616076544,0.016519834337800354,-1.2860661712178296,0.05534255660987997,-0.14938471883539406,-1.1201616180446352,0.005921566970452291,0.021188637812657937
1973-03,19.1972,41.0946,49.7785,68.0405,45.1823,44.7045,2365.0,2062.0,7.09,6.709090909090909,,,,7.458,43.4,815.3,173908.94,0.28214372322366826,-1.2653386810534317,10.193106681161268,0.9095287313837499,-0.1913005804331916,4.830917874396135,,,,2.154976958525334,9.07476861106069,0,0,-0.09482869121643636,0.015653592354488044,-1.2809922734079198,0.07443786666743901,-0.14714735185287742,-1.1181913292005543,-0.0011364371524893446,0.012076622238074486
1973-04,19.3515,41.1573,49.0238,67.5418,44.9527,44.6387,2084.0,1908.0,7.12,6.6685,,,,7.542499999999999,43.7,819.7,175762.68,0.28651146401191563,-1.2499767296246858,10.331956320989155,0.9155690314486116,0.8585141978175642,5.301204819277117,,,,1.7272311212814584,7.9318635760225575,0,0,-0.08820951470792866,0.026047872747523293,-1.276024602372209,0.10323550284735972,-0.13375568926821257,-1.1162210403564732,0.0054796403640741675,0.018121338365808856
1973-05,19.5585,41.4368,48.9013,68.277,45.2736,44.9429,2266.0,1931.0,7.84,6.847272727272727,,,,7.6525,43.9,826.8,178127.95,0.28645810448613734,-1.2501629856803866,10.2124802899751,0.9152530392988407,0.1771131309247081,5.528846153846145,,,,2.190068337129847,8.597201193370063,0,0,-0.08855470625653128,0.021034695199597664,-1.2711976808799843,0.09727954272738626,-0.13591223416799458,-1.114250751512392,0.005221592317268486,0.010504151776201703
1973-06,19.7565,41.5408,48.8693,67.6458,45.257,45.0035,2067.0,2051.0,8.49,6.9,,,,7.734,44.2,833.2,180429.27,0.2920580435148967,-1.2308027173072096,11.887816190700828,0.917886735753585,0.445511639832695,5.995203836930463,,,,2.353687782805425,8.467509821923835,0,0,-0.08568127750581639,0.035741505513271044,-1.2665442228204806,0.11138622319718272,-0.11852225463889865,-1.112280462668311,0.008276648951355159,0.012505170945209351
1973-07,19.9965,41.699,48.8106,67.3923,45.3733,45.1636,2123.0,1819.0,10.4,7.130952380952381,,,,8.05,44.2,836.5,182318.2,0.29671787429721197,-1.2149735098288494,13.476827990989303,0.919020657523257,1.8589480870522448,5.741626794258381,,,,4.405429864253385,8.934421052861552,0,0,-0.08444667861656113,0.04712197151136155,-1.262095481340211,0.12462335718486228,-0.10466333600461941,-1.11031017382423,0.009791239382813136,0.026114890246775796
1973-08,20.0495,41.7523,47.3485,67.4822,45.1466,45.1019,2051.0,1809.0,10.5,7.404782608695652,,,,8.496,45.0,838.8,184326.51,0.2971079781038555,-1.2136596436130758,12.763532269676949,0.9248160437330829,2.16331081375269,7.398568019093088,,,,2.887777777777778,7.413986625303481,0,0,-0.07816043288720899,0.044220583923619605,-1.2578802275366954,0.09482517457911421,-0.10531975863292664,-1.1083398849801491,0.016459144823166794,0.03440308803116077
1973-09,20.3896,41.9386,48.971,67.9582,45.8347,45.4624,1874.0,1704.0,10.78,7.090526315789473,,,,8.815,45.2,839.3,185345.51,0.3000314899452899,-1.2038678433502323,13.144763689508231,0.9149967164615456,0.7313644826019872,7.3634204275534465,,,,3.182256637168135,7.415264235565866,0,0,-0.08883480227967153,0.05005611679808819,-1.2539239601483205,0.12094552604200559,-0.09749824721416434,-1.106369596136068,0.006270727873293053,0.022692365861964645
1973-10,20.7135,42.2974,48.6193,68.6087,46.2368,45.847,1677.0,1411.0,10.01,6.7942857142857145,,,,8.77,45.6,842.6,187476.09,0.30190777554450093,-1.1976336872366455,12.79683802456637,0.9147994670911482,1.307837500369771,8.056872037914697,,,,1.8075000000000063,6.995460561277822,0,0,-0.08905039937505775,0.05261541980294315,-1.2502491070395887,0.12434476820277851,-0.09323437994465866,-1.1043993072919869,0.0066468575187031,0.023402889391426818
1973-11,20.8569,42.5352,48.589,69.0008,46.4163,46.0553,1724.0,1402.0,10.03,6.7285,,,,8.581999999999999,45.9,848.9,189308.8,0.30227040845903236,-1.1964332699833289,11.104848248644172,0.9163849768292605,1.0951474362678415,8.25471698113207,,,,1.639912854030512,6.273463849096617,0,0,-0.08731872221977983,0.050441349972449645,-1.2468746199557785,0.13073254263224876,-0.09400425153542313,-1.1024290184479058,0.009077081812391433,0.025703448959902717
1973-12,20.9435,42.6651,47.5856,67.913,45.9367,45.923,1526.0,1288.0,9.95,6.743684210526316,,,,8.5375,46.3,855.5,190086.31,0.3083872012722159,-1.176399138568474,12.129628881658984,0.9287802563092256,1.8918434888671232,8.94117647058823,,,,0.9260259179265652,4.87785143015298,0,0,-0.07388310602806905,0.06741665822509835,-1.2438157967935723,0.17657808901924277,-0.07594040896464915,-1.1004587296038248,0.023318650052205805,0.03520664170506252
1974-01,20.9333,42.3489,45.1592,68.2319,45.5309,45.6204,1451.0,1331.0,9.65,6.988636363636363,,,,8.54,46.8,859.7,191312.47,0.3067963811648217,-1.1815710049796528,9.87211395808445,0.9301133955182085,1.52808727574828,9.601873536299754,,,,0.0439102564102622,3.4963800407540546,0,0,-0.07244876960303442,0.05951342759847367,-1.2410844325781265,0.12056553457990327,-0.0830825642199089,-1.098488440759744,0.025666297594212586,0.03358920878733061
1974-02,20.8576,42.2358,45.0591,68.0267,45.4226,45.4759,1752.0,1360.0,8.97,6.957222222222223,,,,8.455,47.3,864.2,192515.36,0.30660902263376,-1.1821818849481955,8.736445193183373,0.9298410923196821,1.5117830252789246,9.999999999999986,,,,-0.936363636363613,1.7596113204684016,0,0,-0.0727415759079762,0.056505755674025826,-1.2386876406222214,0.12409836515127326,-0.08566373303253272,-1.0965181519156628,0.026392496283588834,0.02813262286013564
1974-03,21.0406,42.072,45.104,68.2528,45.6186,45.4777,1555.0,1440.0,9.35,7.209047619047618,,,,8.406,47.8,870.1,193357.99,0.30827453232687896,-1.1767645542913958,8.857412676203591,0.9222553958253871,1.389559941274049,10.138248847926269,,,,-0.7156903765690448,1.7147928230222043,0,0,-0.08093309180369587,0.05986384707032455,-1.2366284013617204,0.13361712335441744,-0.08221669121981412,-1.0945478630715817,0.019322231686233038,0.01841935763263232
1974-04,20.8023,42.0175,44.7731,68.1673,45.3842,45.3451,1607.0,1254.0,10.51,7.512380952380952,,,,8.5825,48.1,872.9,194603.55,0.3051653798815561,-1.1869014202079593,6.3075309416726455,0.9258177956205023,1.1131686022542429,10.068649885583516,,,,0.4009771309771315,1.5700926426701844,0,0,-0.07707782868538623,0.04800435101371647,-1.2349057712216758,0.11387410476411475,-0.09432384598045873,-1.0925775742275006,0.024395712021410387,0.02509544572960183
1974-05,21.1407,42.2951,44.9766,68.9452,45.8689,45.7044,1426.0,1138.0,11.31,7.57590909090909,,,,8.972,48.6,874.6,195869.9,0.30663048334039206,-1.1821118936758404,6.805109200454629,0.922086642583537,0.7438618849192863,10.70615034168565,,,,0.5454526748971178,1.6801778192784056,0,0,-0.08111608740733842,0.05140275573969744,-1.2335146494155378,0.12645782860237365,-0.09150460829242069,-1.0906072853834197,0.021666014227642846,0.01571300617134115
1974-06,21.181,42.0765,45.611,68.8857,45.9668,45.6238,1513.0,1086.0,11.93,7.535500000000001,,,,9.085,49.0,877.8,196887.8,0.30748036239742066,-1.1793440558970458,5.145866141016375,0.915367178050245,-0.2748729208482695,10.859728506787311,,,,0.9654285714285836,1.3689245663342398,0,0,-0.08843000671429908,0.053102545624223785,-1.2324466015212696,0.14609539166667096,-0.09070705935770729,-1.0886369965393385,0.015742683206328656,0.010382476852359102
1974-07,21.2473,42.336,45.5252,68.92,46.0166,45.7221,1316.0,1002.0,12.92,7.805000000000001,,,,9.28,49.3,881.4,198293.54,0.3082893209518282,-1.1767165831854887,3.825692664336078,0.9200158203778637,0.1082265592554768,11.53846153846152,,,,1.23862068965519,1.2290316962713987,0,0,-0.08336441302400636,0.054973040295530406,-1.231689623481019,0.13733037622254063,-0.09004987549023102,-1.0866667076952576,0.022271071601553283,0.01992518763132725
1974-08,21.163,41.5863,45.4633,68.7673,45.931,45.2366,1142.0,917.0,12.01,8.04409090909091,,,,9.586,49.9,884.1,199316.8,0.30774801395430673,-1.1784739673768811,3.518567623619462,0.9054081121682525,-2.120905137149803,10.888888888888882,,,,1.0110220440881834,0.29821194689820807,0,0,-0.09936948425870702,0.052754056183273335,-1.2312280235601545,0.12058291886308137,-0.09377754852570463,-1.0846964188511765,0.007790087311004251,0.00021945850645581355
1974-09,21.5287,41.6636,45.3295,68.0589,45.9083,45.2365,1150.0,840.0,11.34,8.0375,,,,9.9575,50.6,887.9,199617.12,0.31632453654114306,-1.1509865780429718,5.288126530726056,0.9075395952365913,-0.8183280400567885,11.94690265486724,,,,-0.542134387351767,-0.49813276041117405,0,0,-0.09701808268023941,0.08005571440882875,-1.2310422924518005,0.14969372559843963,-0.06826044803587639,-1.0827261300070954,0.01171440729058297,0.0017477246419551201
1974-10,21.5796,41.4778,44.7539,68.4171,45.9815,45.1133,1070.0,824.0,10.06,7.896818181818181,,,,9.9775,51.0,893.3,199534.77,0.3154123749764313,-1.1538743694066977,4.37593178299478,0.9020540869697596,-1.4030397961079064,11.842105263157896,,,,-1.5934117647058876,-1.6132662553496768,0,0,-0.10308079733613681,0.0772348879662601,-1.2311092573729578,0.14216602809502055,-0.07311852824368326,-1.0807558411630145,0.00726044073221048,-0.0032127955912417266
1974-11,21.2576,39.7039,42.6004,67.0957,44.9529,43.6278,1026.0,783.0,9.45,7.681111111111111,,,,9.788,51.5,898.6,199254.68,0.3168250722475509,-1.1494054799778926,4.702779000543633,0.88323333978453,-3.68471331017585,12.200435729847502,,,,-2.451359223300975,-5.414828652567927,0,0,-0.12416585532153833,0.08199470613812276,-1.2314001861160153,0.13229868599696282,-0.07061992765895919,-1.0787855523189334,-0.01219385472030432,-0.029514441179847584
1974-12,20.391,38.114,39.0101,66.2774,43.4304,42.0533,975.0,869.0,8.53,7.433809523809523,,,,9.615,51.9,902.1,198917.84,0.3076614351196637,-1.1787553372367183,-0.2356198668244324,0.8775880489242558,-5.66948819934113,12.095032397408213,,,,-3.180366088631992,-8.802821954568829,0,0,-0.13057798802148035,0.05312564570275735,-1.2318809829394757,0.08104674211293106,-0.10194007376186587,-1.0768152634748525,-0.01696752991032291,-0.037172621700871156
1975-01,19.9029,37.8189,37.3279,65.2096,42.4707,41.4676,1032.0,726.0,7.13,7.501363636363636,,,,9.432,52.3,906.3,199063.6,0.30521426293061144,-1.186741247601499,-0.5170242621846066,0.8904703713383579,-4.355667914186749,11.752136752136757,,,,-4.136061185468465,-9.544258547972362,0,0,-0.11600544874490192,0.04577061042352781,-1.2325118580250267,0.04893102435722363,-0.11189627297072757,-1.0748449746307713,-0.0007623108096427161,-0.02610227701181718
1975-02,19.2462,36.9279,36.2454,64.5765,41.5427,40.5165,904.0,729.0,6.24,7.392222222222222,,,,9.105,52.6,914.1,199507.75,0.29803721167917124,-1.210536928865903,-2.835504391770738,0.8889142978188707,-4.501287511072241,11.205073995771686,,,,-4.464790874524727,-11.547321675031563,0,0,-0.11775445101869861,0.02271240340750169,-1.2332493322734046,0.016362845563736572,-0.1376622430792127,-1.0728746857866902,-0.0008967053073296594,-0.029486181517729096
1975-03,18.919,36.4189,36.6619,64.4489,41.4027,40.0638,993.0,709.0,5.54,7.728,,,,8.9025,52.8,925.0,199109.94,0.2935503941882639,-1.2257059536410813,-4.894139934968544,0.8796262079526214,-4.732513363404231,10.460251046025103,,,,-4.454318181818195,-12.674891247129194,0,0,-0.12825822543773818,0.008340794429651632,-1.234046748070733,-0.005850845392155524,-0.15480155669847218,-1.070904396942609,-0.009816185422171081,-0.03537262169847573
1975-04,18.8291,36.2439,38.1155,65.3363,41.8847,40.1573,1005.0,866.0,5.49,8.226818181818182,,,,8.82,53.0,935.1,198742.86,0.28818742414247517,-1.2441442322380618,-5.724281203010251,0.8653255245948996,-6.757168514742859,10.187110187110182,,,,-4.262849056603779,-12.149788016424168,0,0,-0.14464951383281482,-0.009288361685162894,-1.234855870552899,-0.03607772073442428,-0.17521012413953363,-1.0689341080985282,-0.02466567213767891,-0.05556151063306004
1975-05,18.5583,35.9914,39.031,65.126,41.9423,40.0253,1121.0,914.0,5.22,8.05952380952381,,,,8.906,53.1,947.9,198737.21,0.284959923839941,-1.2554067267066094,-7.3294833030769,0.8581169845239769,-7.189875578201208,9.259259259259256,,,,-3.696949152542373,-13.268281918293967,0,0,-0.1530148431893505,-0.019778841072654263,-1.235627885633955,-0.0350808898393824,-0.18844290745216208,-1.0669638192544473,-0.03154318991244956,-0.06384032077746674
1975-06,18.4132,36.2111,39.4187,66.1955,42.2825,40.2772,1087.0,946.0,5.55,7.860952380952382,,,,8.8925,53.5,963.0,196043.36,0.27816392352954505,-1.279544686084537,-10.020063018749116,0.8564086797138296,-6.657758048710129,9.183673469387754,,,,-3.3280373831775623,-12.464395815886942,0,0,-0.15500758720140037,-0.04323006183146649,-1.2363146242530705,-0.07732760030012353,-0.21455115567417082,-1.0649935304103662,-0.0321118970198143,-0.06799354197376013
1975-07,18.5292,36.3577,41.428,67.2511,43.0263,40.6994,1226.0,1020.0,6.1,8.061363636363636,,,,8.89,54.0,975.1,197579.36,0.2755226308565957,-1.2890855090928177,-11.236892590732904,0.8450110746218011,-8.504113262553737,9.533468559837743,,,,-3.1346296296296483,-11.636841930516661,0,0,-0.16840554564954374,-0.052216218212773224,-1.2368692908800445,-0.10036877537923816,-0.2260622675265327,-1.063023241566285,-0.044157187320329014,-0.08214838678046464
1975-08,18.4154,36.9658,41.977,67.4506,43.1132,41.0998,1260.0,994.0,6.14,8.397619047619047,,,,8.942,54.2,983.1,198211.59,0.2730205513368303,-1.2982082070084568,-11.97342396315757,0.8574125789781321,-5.446656959400699,8.617234468937895,,,,-2.280701107011096,-9.59032383830336,0,0,-0.153836053852714,-0.06096011493615383,-1.237248092072303,-0.10200268258588774,-0.23715525428625295,-1.061052952722204,-0.028311760220055104,-0.07113128359289254
1975-09,18.6789,37.4403,42.8098,68.3128,43.7757,41.6304,1264.0,1064.0,6.24,8.426666666666668,,,,9.13,54.6,991.5,199428.96,0.2734319190547013,-1.296702612952732,-14.571603490976017,0.8552758722304841,-5.931312182838634,7.905138339920947,,,,-1.543150183150177,-8.307361347534492,0,0,-0.15633120450862575,-0.05929175243919582,-1.237410860513536,-0.1080724848082153,-0.23761994907460893,-1.059082663878123,-0.029610006032493447,-0.0680235933744751
1975-10,18.7433,37.6547,42.633,68.5922,43.8785,41.8135,1344.0,1096.0,5.82,8.137727272727274,,,,9.224,54.9,997.8,200434.28,0.27325701756176357,-1.2973424704189815,-14.34681010122838,0.8581583235525371,-4.988587289591057,7.647058823529407,,,,-1.6972677595628372,-7.595784936040673,0,0,-0.15296667023204738,-0.06002080819023203,-1.2373216622287495,-0.1185475575042485,-0.24023009538493945,-1.057112375034042,-0.025127928893738938,-0.06718843904037984
1975-11,18.7124,37.7482,42.6487,68.9351,43.8659,41.8697,1360.0,1110.0,5.22,8.052941176470588,,,,9.145,55.3,1007.0,201492.88,0.2714495228120362,-1.303979076554358,-15.457359657646542,0.8605363163641916,-2.603360510619347,7.37864077669903,,,,-2.010307414104884,-4.113214687326305,0,0,-0.1501994604277318,-0.0670303958286016,-1.2369486807257564,-0.12395669836065526,-0.248836990364397,-1.055142086189961,-0.021320813479452028,-0.06364669967628114
1975-12,19.0464,38.341,43.424,69.3711,44.4312,42.4414,1321.0,1091.0,5.2,7.996818181818182,,,,9.0975,55.6,1016.3,204002.0,0.2745581373223143,-1.29259224693372,-11.383690969700178,0.862929653036605,-1.684411764165239,7.129094412331405,,,,-1.8007194244604283,0.9186439607008712,0,0,-0.14742210566313274,-0.05632797930967093,-1.2362642676240492,-0.14430660512658955,-0.23942044958784026,-1.0531717973458798,-0.017577720632931948,-0.06999082511467479
1976-01,19.2197,38.9405,44.0958,70.0061,44.8854,43.0012,1367.0,1195.0,4.87,7.742380952380953,,,,9.016,55.8,1026.7,205520.79,0.2745432183766843,-1.29264658643035,-10.590533882885111,0.8675538148262019,-2.6072285958484667,6.692160611854692,,,,-1.7078673835125513,3.6315622858661634,0,0,-0.14207773470338658,-0.05740115699862991,-1.23524542943172,-0.13238494658505218,-0.2414450779285513,-1.0512015085017987,-0.011336828783113373,-0.06517154784773202
1976-02,19.3505,39.4581,44.6675,70.1743,45.1416,43.4229,1538.0,1190.0,4.77,7.792777777777778,,,,8.8125,55.9,1040.3,206709.29,0.27574909902913175,-1.28826388820062,-7.772695933471718,0.8740961773619014,-1.681041561399113,6.273764258555126,,,,-1.4149910554561609,6.927765316571666,0,0,-0.13456486663268974,-0.05439080387852879,-1.2338730843220913,-0.12137464840833068,-0.23903266854290228,-1.0492312196577178,-0.0029904860029470737,-0.05846693239571908
1976-03,19.4763,39.6438,44.6409,70.0235,45.1571,43.5168,1421.0,1164.0,4.84,7.734347826086956,,,,8.754999999999999,56.0,1049.9,208338.57,0.27813948174541403,-1.2796325582201917,-5.392660457911047,0.8779084573632939,-0.1954728029189167,6.060606060606055,,,,-1.1508571428571424,8.267388698010913,0,0,-0.13021295346692735,-0.04750042156024836,-1.2321321366599434,-0.12382168923722459,-0.23237162740655481,-1.047260930813637,0.002138813982703991,-0.048724690778497115
1976-04,19.6274,39.8932,44.5817,70.3726,45.2824,43.7327,1395.0,1132.0,4.82,7.564285714285714,,,,8.73,56.1,1060.8,210500.06,0.2789068472672603,-1.2768774336738709,-3.2733201435809045,0.8809868734872709,1.793696111543877,5.849056603773595,,,,-0.9721925133689856,8.529186398203459,0,0,-0.12671255271737605,-0.046866165724655184,-1.2300112679492157,-0.09787875694603021,-0.23158679170431506,-1.0452906419695558,0.006367679626224504,-0.04892657710552456
1976-05,19.7818,39.9733,44.7301,70.9272,45.5627,43.9186,1459.0,1194.0,5.29,7.895,,,,8.765,56.4,1072.1,211407.42,0.27890287506062555,-1.276891675830204,-2.1484949123594665,0.8773250926744903,2.213717509197319,6.214689265536721,,,,-0.8705851063829817,9.282616638467012,0,0,-0.1308776680973773,-0.049389217495970916,-1.227502458334233,-0.11617397088917003,-0.23357132270472936,-1.0433203531254747,0.0028891246491855316,-0.05093197767475395
1976-06,19.8675,40.1216,44.561,70.7742,45.498,43.9637,1495.0,1188.0,5.48,7.861363636363635,,,,8.8475,56.7,1077.6,213240.1,0.2807167018489789,-1.2704092966755305,0.9135389409006488,0.8818321684469648,2.925406091200461,5.981308411214958,,,,-0.4730158730158806,8.75787413904372,0,0,-0.12575352628939576,-0.0458083541213683,-1.2246009425541622,-0.12048093558220319,-0.22905923239413695,-1.0413500642813935,0.008664497604060878,-0.04503205165211864
1976-07,20.0144,40.2651,44.7833,71.1613,45.7098,44.2141,1401.0,1245.0,5.31,7.831904761904762,,,,8.934000000000001,57.0,1086.3,215272.7,0.28125399620299235,-1.2684971168426995,2.058839225011821,0.8808854993896275,4.157791751658604,5.555555555555558,,,,-0.2326315789473731,8.283039241227153,0,0,-0.1268276281329577,-0.04719173168775925,-1.2213053851549402,-0.12197055853697769,-0.22911734140538687,-1.0393797754373126,0.008212672252606551,-0.047717427297356715
1976-08,20.3443,40.6667,45.4419,70.9964,45.9941,44.5182,1550.0,1309.0,5.29,7.768636363636364,,,,9.0,57.3,1098.7,216509.86,0.28655396611659184,-1.2498283971568047,4.837980985165213,0.884172100334608,3.0732502196254923,5.719557195571956,,,,-0.4063176265270529,7.989483901283156,0,0,-0.12310355165645909,-0.03221076533859679,-1.217617631818208,-0.10322836901416821,-0.21241891056357298,-1.0374094865932317,0.01253584346648634,-0.034557101485927555
1976-09,20.2897,40.7867,45.181,71.2425,45.9721,44.6721,1720.0,1481.0,5.25,7.594285714285713,,,,8.977500000000001,57.6,1110.8,218708.78,0.28479769800329857,-1.2559761823305693,4.072643062216264,0.8872055007276154,3.665256164218041,5.494505494505497,,,,-0.2317708333333334,7.051847605991934,0,0,-0.11967864286644535,-0.04243337690137472,-1.2135428054291946,-0.1551421088502769,-0.22053698458141868,-1.0354391977491506,0.016541867814752656,-0.033671078583014075
1976-10,20.3166,40.5366,45.7832,71.589,46.2241,44.6585,1629.0,1425.0,5.02,7.411,,,,8.93,57.9,1125.0,220867.1,0.28379499643800027,-1.2595031450035807,3.78393254154008,0.8769581235762297,2.1670632854027287,5.464480874316946,,,,-0.4214507772020814,6.582540484996802,0,0,-0.1312960373780201,-0.05041487927174737,-1.2090882657318334,-0.14643094070019158,-0.22603423609851125,-1.0334689089050695,0.00549194171321446,-0.04034976869482415
1976-11,20.9881,41.1083,47.2501,72.3831,47.1634,45.3392,1641.0,1531.0,4.95,7.291052631578947,,,,8.8125,58.1,1138.3,222804.91,0.2899585676767091,-1.2380172362888329,6.59618402655251,0.8716144298333028,1.279133994728618,5.063291139240511,,,,-0.1078313253011997,7.960958548891606,0,0,-0.13740812048044562,-0.033752917056490306,-1.2042643192323426,-0.14557329054567347,-0.2065186162278445,-1.0314986200609884,-6.31368372983887e-05,-0.03715877095366772
1976-12,21.3339,41.5673,48.4745,72.6683,47.6819,45.8294,1804.0,1511.0,4.65,6.869090909090909,,,,8.792,58.4,1152.1,225721.59,0.2935791810184083,-1.2256078940938089,6.698435283991122,0.871762660464453,1.018403517626837,5.035971223021574,,,,-0.367465753424645,7.6801505625000654,0,0,-0.13723807048686437,-0.026523120623584306,-1.1990847734702246,-0.07798070965889403,-0.19607956287690143,-1.0295283312169075,0.0006562557553226878,-0.03302116949729357
1977-01,21.3669,41.1551,48.2268,72.4632,47.5675,45.5087,1527.0,1466.0,4.61,7.213333333333333,,,,8.7225,58.7,1165.2,225733.15,0.2948655317457689,-1.2212358511525405,7.14107352778095,0.8651936721501023,-0.2724163968961302,5.197132616487465,,,,-0.5581260647359532,5.667549418912854,0,0,-0.14480189867234788,-0.027670071214985992,-1.1935657799375545,-0.06476541747390963,-0.1936778087797142,-1.0275580423728263,-0.006363085494240306,-0.04441408542846692
1977-02,21.9072,41.7635,48.8419,73.4647,48.3754,46.2277,1943.0,1560.0,4.68,7.3910526315789475,,,,8.67,59.3,1177.5,228528.21,0.29820036017298107,-1.2099896688286835,7.827421937193657,0.8633210268028791,-1.2403801094052092,6.082289803220031,,,,-1.321888701517704,6.259223380096524,0,0,-0.14696866772674183,-0.022264336818898833,-1.1877253320097847,-0.02371605333009774,-0.1844019152999381,-1.0255877535287454,-0.00798746255939578,-0.04292075204330792
1977-03,22.257,42.5799,50.1466,72.8035,48.6072,46.8185,2063.0,1660.0,4.69,7.460000000000001,,,,8.6875,59.6,1188.4,232348.27,0.3057133242220498,-1.1851074650945603,9.45250931256314,0.8759998518737966,-0.2176403672672078,6.428571428571428,,,,-1.633557046979872,7.313135352627409,0,0,-0.13238935713959943,-0.0035241204994695963,-1.1815833445950907,0.02646959917985403,-0.16149000040989603,-1.0236174646846643,0.007135347667677372,-0.02537399894888856
1977-04,22.5696,42.945,50.5885,73.2282,49.045,47.2684,1892.0,1660.0,4.73,7.3705,,,,8.751999999999999,60.0,1199.6,235594.05,0.30820913254729737,-1.176976724649033,9.990070902483785,0.8756244265470486,-0.6105464080714829,6.951871657754016,,,,-2.077450000000014,7.774589009596244,0,0,-0.13281801679809088,-0.0018154459128829625,-1.17516127873615,0.051301123592717435,-0.15532954880844985,-1.0216471758405832,0.007255052582083199,-0.01157090182606585
1977-05,23.0294,43.284,50.7989,73.1517,49.3721,47.6411,1971.0,1668.0,5.35,7.456666666666667,,,,8.8275,60.2,1209.0,239018.09,0.31481701723951727,-1.1557637065952395,12.11279692349645,0.8766894663180217,-0.0724767512371882,6.737588652482285,,,,-1.3000000000000012,8.135791350621657,0,0,-0.13160243560974919,0.012717133610991027,-1.1684808402062306,0.07749669731166486,-0.13608681959873725,-1.0196768869965023,0.009027125048308271,-0.002985110524225537
1977-06,23.5478,43.4838,51.8013,73.2732,49.9454,48.0116,1893.0,1752.0,5.39,7.275454545454545,,,,8.8575,60.5,1217.8,242408.58,0.3213698869436574,-1.1351625234607035,13.524677321482702,0.8706267243830264,-1.2788427534040945,6.701940035273357,,,,-1.2295371900826302,8.807835495939909,0,0,-0.1385419538234367,0.026401337390528745,-1.1615638608512322,0.11781593509175314,-0.1174559253082823,-1.0177065981524211,0.0026549827664138492,-0.008570285776053094
1977-07,23.6919,43.4666,51.8242,73.4646,50.0927,48.073,2058.0,1687.0,5.42,7.330000000000001,,,,8.941999999999998,60.8,1226.8,245481.06,0.3224940991987978,-1.1316704399716944,13.682667687100514,0.8677232411109802,-1.5054833677564856,6.666666666666665,,,,-1.1687499999999962,8.367694620798938,0,0,-0.14188246181052255,0.022760849411082917,-1.1544312893827773,0.12419470780946584,-0.11593413066335412,-1.0157363093083402,-0.0001051335697294653,-0.0031438039031468357
1977-08,23.7762,43.3976,51.8723,73.6269,50.2035,48.1205,2020.0,1780.0,5.9,7.396521739130435,,,,8.94,61.1,1237.1,248474.53,0.3229281689165237,-1.1303253677465375,11.950302941026724,0.8644337546187019,-2.25770536882455,6.631762652705064,,,,-0.6862520458265187,7.78101874193049,0,0,-0.1456806053447046,0.01677687333974287,-1.1471022410862803,0.09750771382219892,-0.11655934728227835,-1.0137660204642591,-0.003307923042383032,-0.011903904623336986
1977-09,23.8757,43.6684,52.0611,73.6909,50.334,48.3189,1949.0,1674.0,6.14,7.343809523809524,,,,8.896,61.3,1246.3,251261.8,0.3239979427581967,-1.1270181127217045,12.89580696088648,0.8675726149322525,-2.2377421824048933,6.423611111111094,,,,-0.2664926590538297,7.847364279068936,0,0,-0.14205606469049428,0.012576137910909502,-1.139594250632614,0.0832503941490983,-0.1152223811015265,-1.011795731620178,0.0009288880763205498,-0.0018302273045682216
1977-10,23.777,43.8381,52.0773,74.4487,50.2802,48.3871,2042.0,1758.0,6.47,7.5235,,,,8.9225,61.6,1254.0,255415.64,0.3193742805448584,-1.141391570723822,11.811157427975871,0.8718760068575702,-0.5812021776334858,6.390328151986191,,,,0.0748863636363506,8.018859052641991,0,0,-0.13710805915435495,-0.009467883091819784,-1.1319236876320022,0.04761056960947485,-0.13156612794772515,-1.0098254427760969,0.0065082641891748005,0.00294925331405102
1977-11,23.7836,43.933,52.0902,74.5891,50.3117,48.4761,2042.0,1771.0,6.51,7.577368421052632,,,,8.9225,62.0,1262.4,258772.91,0.3188616031028662,-1.1429981164082483,9.501911988058453,0.8732163691546896,0.1836212167297152,6.712564543889843,,,,-0.1898225806451603,6.6898892520920406,0,0,-0.13557190831314847,-0.018892068056490352,-1.124106048351758,0.06637601662956394,-0.13514296247623236,-1.007855153932016,0.008697004922458146,0.006604877332444609
1977-12,24.1337,43.5966,52.4224,75.2797,50.9514,48.5629,2142.0,1754.0,6.56,7.685238095238095,,,,8.959999999999999,62.3,1270.4,260562.7,0.3205870905436658,-1.1376013061686645,8.800658792514437,0.855650678882229,-1.8655001061001792,6.67808219178081,,,,-0.1106902086677408,5.793405832807341,0,0,-0.15589307154786616,-0.02144381961758879,-1.1161574865510757,0.04511083747947198,-0.13171644108072944,-1.005884865087935,-0.010948681864471316,-0.014868822319078767
1978-01,23.6143,43.1535,49.574,74.3435,49.827,47.8481,1718.0,1740.0,6.7,7.956190476190477,,,,9.015,62.7,1279.7,262765.32,0.3176377221949464,-1.1468437840079562,7.439206714458435,0.8660665904027938,0.1008419525990261,6.814310051107331,,,,-0.1070175438596554,5.012789322154276,0,0,-0.14379347914635762,-0.03874831606963558,-1.1080954679383206,0.04765481396269666,-0.14292920776410223,-1.003914576243854,0.0018503368222110572,-0.004080746048865852
1978-02,24.2087,43.0593,50.8451,75.283,50.6233,48.1044,1738.0,1736.0,6.78,8.033333333333333,,,,9.145,63.0,1285.4,265738.02,0.32156927858879164,-1.1345422730164443,7.544739581223925,0.8505826368490399,-1.486504147157569,6.239460370994943,,,,0.5087936507936597,3.97944635007903,0,0,-0.16183370919831752,-0.03460332564044655,-1.0999389473759977,0.05604106463841907,-0.13259798561667147,-1.0019442873997728,-0.015464693500385707,-0.025796813162658694
1978-03,24.9195,43.6839,52.4154,76.4313,51.9238,49.0265,2032.0,1799.0,6.79,8.03590909090909,,,,9.202000000000002,63.4,1292.1,270262.81,0.3260378928527972,-1.1207416686255034,6.4365796469056935,0.8413078395649009,-4.040828893515164,6.375838926174482,,,,0.3893375394321996,4.608254428993597,0,0,-0.17279764607475107,-0.029032098043608734,-1.0917095705818947,0.0697842826671684,-0.1207676700698116,-0.9999739985556918,-0.025675962092075816,-0.03587534142289464
1978-04,25.4686,44.9877,53.4828,76.4715,52.4985,50.0206,2197.0,1948.0,6.89,8.154,,,,9.355,63.9,1300.3,274136.98,0.33304695213249375,-1.0994718015460156,7.750492310301738,0.8569330552301494,-2.157746188812229,6.499999999999995,,,,0.3661971830985822,5.659292445378661,0,0,-0.15439547868621317,-0.016040415263491425,-1.0834313862825242,0.09268856949256499,-0.10146809183440486,-0.9980037097116108,-0.006490888815174567,-0.0207222732008831
1978-05,25.625,45.4168,52.6576,76.4116,52.4417,50.254,2075.0,1766.0,7.36,8.345714285714285,,,,9.5725,64.5,1310.5,279256.57,0.3353548414115134,-1.0925660796492542,6.31976269459853,0.866043625588034,-1.221756011107242,7.14285714285714,,,,0.2026666666666621,5.339431170016118,0,0,-0.1438199957208216,-0.017435620326934353,-1.0751304593223199,0.11978803822032158,-0.09653265878172446,-0.9960334208675298,0.004902289743362903,-0.007830790270425575
1978-06,26.0171,45.6182,52.943,76.8334,52.8998,50.5801,2070.0,1983.0,7.6,8.462272727272728,,,,9.708,65.0,1318.5,285100.77,0.3386170597682779,-1.0828854273028037,5.227709615789977,0.8623510863935214,-0.9550844616296128,7.438016528925617,,,,0.1507692307692432,5.211556992802624,0,0,-0.14809279843973283,-0.0160514588393621,-1.0668339684634416,0.13003435992423595,-0.08882229527935492,-0.9940631320234488,0.0014869751797105535,-0.01549302172491876
1978-07,26.2179,45.6278,53.0154,76.0902,52.8136,50.5384,2092.0,1786.0,7.81,8.64,,,,9.74,65.5,1324.2,288805.54,0.34456342603909573,-1.0654770950563919,6.619334491530249,0.8639403486980626,-0.436909160971255,7.7302631578947345,,,,0.0740152671755867,5.001275442091657,0,0,-0.1462515534202351,-0.00690679178137521,-1.0585703032750167,0.15510439642347307,-0.07338425187702424,-0.9920928431793676,0.004230163337122811,-0.01508789930598639
1978-08,26.713,45.8207,52.7404,75.9808,53.096,50.7458,1996.0,1691.0,8.04,8.410869565217391,,,,9.785,65.9,1333.5,292813.11,0.35157566121967654,-1.0453303384918293,8.499502925470814,0.862978378785596,-0.168503641872364,7.855973813420625,,,,0.1706221547799646,5.312057413408633,0,0,-0.14736564176342823,0.005038629518984372,-1.0503689680108137,0.14993096819928042,-0.055207784156542705,-0.9901225543352866,0.004067032272877219,-0.02038339239598902
1978-09,26.9931,45.8566,52.4476,76.4607,53.3517,50.8744,1970.0,1751.0,8.45,8.416500000000001,,,,9.756,66.5,1345.1,296179.42,0.3530323421051599,-1.041195605551256,8.58225071704486,0.8595152544342541,-0.9330641593360528,8.482871125611746,,,,-0.0303007518796971,5.153706161464733,0,0,-0.1513867062838548,0.0010643410116635277,-1.0422599465629194,0.1717527041383362,-0.05304334006005029,-0.9881522654912056,0.0010502045694657236,-0.026767634788093672
1978-10,27.5189,46.2883,52.5912,76.2209,53.6128,51.2559,1981.0,1781.0,8.96,8.642380952380952,,,,9.8575,67.1,1352.4,298812.49,0.36104139415829517,-1.018762661964379,12.2628908759443,0.8633815059090366,-0.9790557008742928,8.92857142857142,,,,0.028852459016404,5.759748407189402,0,0,-0.14689861616309788,0.01551021095421401,-1.034272872918593,0.2097431197998647,-0.03258068531725444,-0.9861819766471246,0.006599794009543164,-0.01798803567436394
1978-11,27.9733,46.6904,52.7512,76.4747,53.9942,51.6514,2094.0,1795.0,9.76,8.805,,,,10.1075,67.5,1359.2,302730.2,0.36578502432830723,-1.0057094833705043,13.728863303774409,0.8647299154353615,-0.9766148983983148,8.870967741935477,,,,0.816592592592591,6.344640773562027,0,0,-0.14533805729713162,0.020727823782019872,-1.0264373071525241,0.1858312215213218,-0.021497795567460787,-0.9842116878030435,0.009283024730500355,-0.014701867597795154
1978-12,28.2657,46.8702,52.9263,76.6123,54.2603,51.909,2044.0,1818.0,10.03,9.006499999999999,,,,10.346,67.9,1366.1,306100.39,0.3689446733749019,-0.997108582836616,14.049272333204854,0.8638028171609814,0.9482314444943324,8.988764044943842,,,,0.9553608247422574,6.663232064044022,0,0,-0.14641075710292284,0.02167314940480347,-1.0187817322414194,0.18330363807288919,-0.014867183877653511,-0.9822413989589625,0.00939762102970712,-0.016109638110438584
1979-01,28.5991,46.3327,53.3212,76.0579,54.4264,51.6278,1630.0,1461.0,10.07,9.099545454545456,,,,10.39,68.5,1371.6,309903.09,0.37601748141876123,-0.9781196435380115,16.872414046994464,0.8512909176429087,-1.720787581166805,9.250398724082933,,,,0.7502043795620583,7.602887740695863,0,0,-0.16100135495802567,0.033213548191766584,-1.011333191729778,0.20058599574315505,0.0021514665768699315,-0.9802711101148814,-0.003938249410549238,-0.02776202342635234
1979-02,28.9054,46.6876,52.6521,75.7691,54.4349,51.8752,1520.0,1492.0,10.06,9.098333333333333,,,,10.4075,69.2,1377.7,313523.78,0.3814932472472288,-0.9636621289457921,17.088014407065224,0.8576777030912155,0.8306821711907386,9.84126984126985,,,,0.1991329479768655,7.546718494560789,0,0,-0.15352688748641014,0.040455095136487706,-1.0041172240822798,0.2019304181368855,0.014638692325008362,-0.9783008212708004,0.004860531233031207,-0.021111280839996388
1979-03,29.1234,46.7473,52.5477,76.2969,54.6778,52.0446,1847.0,1720.0,10.09,9.117272727272727,,,,10.425999999999998,69.9,1387.7,317200.74,0.38171144568127935,-0.9630903336148218,15.765133501068163,0.8549594168017002,1.6096369173835223,10.252365930599373,,,,-0.1472675250357658,5.974007503254075,0,0,-0.15670127690091584,0.0340667276523795,-0.9971570612672013,0.16968689933227266,0.013240198811897641,-0.9763305324267194,0.0030824686844211913,-0.029637179648163814
1979-04,28.501,46.3931,49.8491,75.9838,53.6433,51.4193,1748.0,1597.0,10.01,9.182,,,,10.4975,70.6,1402.1,320944.87,0.375093111952811,-0.9805809852918779,11.889081625413777,0.8648442582764295,0.9189642189984498,10.485133020344284,,,,-0.430042492917837,2.7578667785622457,0,0,-0.14520583649622867,0.009892140579335518,-0.9904731258712134,0.15379511644973065,-0.006220741709239586,-0.9743602435826383,0.016048340048855886,-0.01602091193377994
1979-05,29.3607,46.6679,51.3799,75.7847,54.4319,51.8856,1876.0,1684.0,10.24,9.252380952380951,,,,10.69,71.4,1410.2,325177.39,0.3874225272383476,-0.9482393798848338,14.432669976442048,0.8573630536505249,-1.0073821172932371,10.697674418604652,,,,-0.4134453781512559,3.1951149265062817,0,0,-0.15389381689375398,0.03584409485117779,-0.9840834747360115,0.16159126987529915,0.024150574853723517,-0.9723899547385573,0.008906771044525696,-0.02764591846742026
1979-06,29.4715,46.6999,50.8233,75.7514,54.4281,51.8965,1913.0,1640.0,10.29,8.913809523809524,,,,11.036,72.2,1423.0,328172.74,0.38905551580564846,-0.9440332313930488,13.885219590975485,0.8580108436634752,-0.5045742831885913,11.076923076923071,,,,-0.7084487534625983,2.569313221236591,0,0,-0.15313854127161874,0.03397224635603491,-0.9780054777490838,0.1511914342984304,0.026386434501427414,-0.9704196658944763,0.011285200364840459,-0.02071012201499986
1979-07,29.7583,46.5245,50.1556,75.4725,54.4333,51.8097,1760.0,1534.0,10.47,8.95,,,,11.0925,73.0,1434.8,331989.99,0.39429328563384014,-0.9306602668161019,13.481682824028995,0.854706585858289,-1.0745489957713017,11.45038167938932,,,,-0.8796575342465807,2.484394705565629,0,0,-0.15699704337794812,0.04159374880856204,-0.972254015624664,0.15929828553627812,0.03778911023429332,-0.9684493770503952,0.009126737607444924,-0.022771116347871795
1979-08,29.3953,46.2745,48.0026,75.5815,53.8844,51.4684,1778.0,1591.0,10.94,9.029565217391305,,,,11.094,73.7,1446.6,335785.46,0.3889218922619953,-0.9443767466251917,10.095359186663766,0.8587735968109509,-0.488431596831082,11.836115326251884,,,,-0.8012754409769229,1.413917123540287,0,0,-0.15224995773173905,0.022464863268019886,-0.9668416098932116,0.16418015676432363,0.022102341581122453,-0.9664790882063141,0.015650107904642246,-0.016483480835557007
1979-09,30.1057,45.9344,49.6866,75.1307,54.5351,51.4597,1832.0,1638.0,11.43,9.334736842105263,,,,11.3,74.4,1454.2,339449.75,0.40071102758259936,-0.9145147409236214,12.668086462763451,0.8422905614915898,-2.024353307718135,11.879699248120312,,,,-0.401948924731188,1.14391269844889,0,0,-0.17163023936103616,0.04726315270678605,-0.9617778936304074,0.20958027545352587,0.04999405843861171,-0.9645087993622331,-0.0018789179215348562,-0.03742062407772445
1979-10,29.8672,46.4403,49.4112,75.6294,54.6002,51.8334,1681.0,1481.0,13.77,10.299090909090909,,,,11.6375,75.2,1460.4,343251.3,0.3949152049335311,-0.9290842081804958,8.96784537838833,0.8505518294804781,-1.497131282756986,12.071535022354718,,,,1.5155186170212387,1.1203995780271647,0,0,-0.16186992899066774,0.02798673167148713,-0.9570709398519829,0.21200619120822561,0.03345430233765634,-0.9625385105181521,0.009805258441113851,-0.028268695934989263
1979-11,29.8092,46.3283,48.5983,75.8818,54.523,51.7531,1524.0,1276.0,13.18,10.65315789473684,,,,12.830000000000002,76.0,1465.9,346389.41,0.3928372811398781,-0.9343597957533787,7.134968761712557,0.8497019606404635,-1.7531568227938277,12.5925925925926,,,,0.5217105263157773,0.1967033016776476,0,0,-0.1628696255250699,0.018365743656908573,-0.9527255394102873,0.20855388604066394,0.02620842592069239,-0.9605682216740711,0.010799807605591905,-0.03091166830825215
1979-12,30.0298,46.2308,48.5099,76.0046,54.7433,51.7878,1498.0,1254.0,13.78,10.386,,,,12.9,76.9,1473.9,348589.11,0.3951050331164167,-0.9286036428040759,6.8504940032540045,0.8445015189073367,-2.25979870452484,13.254786450662737,,,,0.4637451235370626,-0.23375852521865248,0,0,-0.16900874414817124,0.020140896830561195,-0.9487445396346371,0.21167386584764813,0.02999429002591414,-0.9585979328299901,0.0067224029846853495,-0.02524533674679827
1980-01,30.5763,46.6124,47.5026,76.2267,55.0142,52.0679,1341.0,1280.0,13.82,10.802272727272728,,,,12.8775,78.0,1482.7,350475.7,0.40112322847506193,-0.9134865959531132,6.46330475848983,0.8472794296745204,-0.4723378614077095,13.868613138686126,,,,-0.0426923076923158,0.8488348938411328,0,0,-0.16572473357210277,0.03164291650237061,-0.9451295124554838,0.2397073376432869,0.043141048032795726,-0.9566276439859089,0.012131934476338646,-0.028589743005175
1980-02,30.725,46.5261,47.1324,76.7034,55.2884,52.082,1350.0,1199.0,14.13,12.414736842105263,,,,13.04,79.0,1494.4,353056.23,0.4005689447925385,-0.9148693804914338,4.8792748454358215,0.8415164844705217,-1.902278866811816,14.161849710982644,,,,-0.0278987341772007,0.39785656555983984,0,0,-0.1725496761545283,0.02701125063845411,-0.941880631129888,0.20279021396164687,0.039787974650394076,-0.9546573551418279,0.007492191499422957,-0.02432935022439689
1980-03,30.4631,46.4715,46.2979,76.4186,54.9181,51.87,1047.0,988.0,17.19,12.74904761904762,,,,15.2825,80.1,1499.7,353042.11,0.39863462560162055,-0.9197100069340535,4.3380326680768295,0.8461964270431788,-1.0302486159192186,14.592274678111572,,,,2.266928838951321,-0.33604549179448995,0,0,-0.16700376306010803,0.019285864556098598,-0.9389958714901521,0.1774275401299784,0.03297705936369344,-0.9526870662977469,0.015278012170363231,-0.017582790798220838
1980-04,30.1642,45.3336,44.3379,75.9699,54.257,50.8397,1051.0,808.0,17.61,11.473333333333333,,,,16.325000000000003,80.9,1502.2,351287.21,0.39705462294935234,-0.9236814184664064,5.689956682547148,0.835534585399119,-3.4477700454876525,14.589235127478762,,,,2.636168108776249,-1.133604292668977,0,0,-0.1796835369511052,0.012789915120878126,-0.9364713335872845,0.1276918863705585,0.027035358987259506,-0.9507167774536659,0.004887362816905161,-0.03574901794094279
1980-05,29.6816,43.9976,41.5108,75.545,53.3203,49.589,927.0,861.0,10.98,10.181428571428572,,,,14.262,81.7,1512.4,348644.54,0.39289959626712556,-0.9342011799898325,1.403819989500121,0.8251566476557708,-3.828821783146924,14.425770308123242,,,,-3.011358629130967,-4.527226008442664,0,0,-0.19218203472522322,0.00010059818631114048,-0.9343017781761437,0.09884070347964691,0.014545308619752229,-0.9487464886095848,-0.005279345441713157,-0.05091708950290669
1980-06,29.3228,43.2201,40.7926,75.4346,52.9795,48.9482,1196.0,1118.0,9.47,9.778095238095238,,,,12.71,82.5,1529.2,346696.96,0.3887181744186355,-0.9449006852871735,-0.0867453894124681,0.8157891259826915,-5.046084018447688,14.265927977839322,,,,-4.197163636363621,-5.848875443440704,0,0,-0.20359938145609563,-0.012419607464136062,-0.9324810778230375,0.07626942664145342,0.0018755144783302313,-0.9467761997655038,-0.014329129062379348,-0.061430850467606296
1980-07,29.3286,42.5703,40.7543,75.4254,53.035,48.6039,1269.0,1259.0,9.03,10.247727272727271,,,,12.1925,82.6,1545.5,347071.37,0.38884248542268257,-0.9445809391592469,-1.392067234314498,0.8026831337795797,-6.279820254790621,13.15068493150684,,,,-3.6417675544794026,-6.387361582155915,0,0,-0.21979524592585434,-0.013577841050958384,-0.9310030981082885,0.05682842967301893,0.0002249717621758407,-0.9448059109214227,-0.028128181589268136,-0.07831302296883189
1980-08,29.2585,42.7093,41.1187,75.5658,53.1327,48.7563,1436.0,1367.0,9.61,11.101904761904764,,,,12.56,83.2,1561.5,347546.01,0.3871923542131494,-0.9488336701250141,-0.4456923499822407,0.8038232576172488,-6.61259050715991,12.890094979647216,,,,-2.9055649038461477,-5.413360724841576,0,0,-0.21837586280333815,-0.01897110304005456,-0.9298625670849595,0.028964034236832137,-0.005998048047672344,-0.9428356220773417,-0.024288267374854094,-0.07124800425107922
1980-09,29.8319,43.5492,43.0108,75.3827,53.7761,49.5608,1471.0,1484.0,10.87,11.508571428571427,,,,13.1975,83.9,1574.0,348163.14,0.39573934072406536,-0.9269995149512433,-1.2484774027621937,0.8098244387376549,-3.9307557745814634,12.768817204301076,,,,-1.6838140643623325,-3.759877838520831,0,0,-0.2109377971068508,0.002055640760498356,-0.9290551557117417,0.06989904938415026,0.013865818282017273,-0.9408653332332606,-0.014409527775132991,-0.06547436338959656
1980-10,30.39,44.1779,43.7446,75.6639,54.4194,50.1908,1523.0,1366.0,12.81,11.751363636363635,,,,13.791999999999998,84.7,1584.7,349597.72,0.40164464163227115,-0.9121875573394644,1.689665084103131,0.8118042462798193,-4.662611490335856,12.632978723404252,,,,0.1571664698937436,-3.220298615400896,0,0,-0.2084960438940263,0.016390295045573544,-0.928577852385038,0.06717509226488316,0.02670748704971515,-0.9388950443891796,-0.009508847500196621,-0.06612002568746203
1980-11,30.8726,45.1694,44.8195,75.4702,54.9671,51.0311,1510.0,1383.0,15.85,12.68470588235294,,,,14.205,85.6,1595.7,350004.49,0.40907007004089024,-0.8938688172196233,4.049097853375539,0.821753376110437,-3.344533248133988,12.631578947368416,,,,2.857476635514033,-1.4049082941949287,0,0,-0.19631495800640977,0.03455868552879682,-0.9284275027484201,0.07733094236968152,0.043055938325475274,-0.9369247555450986,0.005148529617603176,-0.051688782070264255
1980-12,31.0012,45.6344,44.209,75.8714,55.0352,51.3708,1482.0,1249.0,18.9,12.844090909090909,,,,14.79,86.4,1599.9,351920.05,0.40860192378155674,-0.8950138883826879,3.3589754421388007,0.8291856847980928,-1.83024182924528,12.353706111833551,,,,5.826504629629636,-0.8084682640715712,0,0,-0.18731116244062404,0.03358592584783826,-0.9285998142305262,0.0882662378495298,0.039940578318329645,-0.9349544667010176,0.016645751927468838,-0.04426153651095896
1981-01,31.0175,45.0898,43.968,75.9881,55.0064,51.0415,1547.0,1221.0,19.08,12.568571428571428,,,,14.904,87.2,1607.0,353029.32,0.40818891379044875,-0.8960251877443101,1.7461408208803153,0.8197191599522964,-3.306875167715134,11.794871794871796,,,,6.516513761467868,-1.9909608717527227,0,0,-0.1987934852492541,0.0330629066069672,-0.9290880943512773,0.06748821102289271,0.03695899011262649,-0.9329841778569365,0.007673405185861626,-0.04727228777021816
1981-02,30.6441,44.9613,43.8526,75.88,54.735,50.824,1246.0,1199.0,15.93,13.194444444444445,,,,15.1325,88.0,1618.6,354744.99,0.4038494992092779,-0.9067129971360074,0.8156383355426455,0.8214360098657166,-2.415156264382812,11.392405063291132,,,,4.073522727272727,-2.445071565648327,0,0,-0.1967012387983564,0.023170321138625827,-0.9298833182746332,0.043919318276308794,0.02430089187684803,-0.9310138890128554,0.012290434880776302,-0.04812038300884605
1981-03,30.9418,45.2304,44.4373,75.5098,55.0148,51.0826,1306.0,1183.0,14.7,13.115909090909092,,,,15.4,88.6,1636.5,357127.13,0.4097719766176046,-0.8921544285863214,2.7555578347732035,0.822149676087162,-2.882904974452427,10.611735330836458,,,,3.696049661399536,-1.52966579461995,0,0,-0.1958328128046323,0.038819736543051486,-0.9309741651293729,0.05721740243681395,0.03688917158245297,-0.9290436001687744,0.015696176274202472,-0.046050096642899274
1981-04,31.2893,44.6356,44.9872,75.4089,55.3605,50.858,1360.0,1190.0,15.72,13.67952380952381,,,,15.58,89.1,1659.2,359132.87,0.4149284766121771,-0.8796491191174596,4.403229934894681,0.8062716196566143,-3.5651059202596147,10.13597033374536,,,,5.070123456790121,0.035989014889237225,0,0,-0.21533459615370135,0.052698585876735926,-0.9323477049941955,0.1084678952471092,0.04742419220723382,-0.9270733113246934,-0.0012588880432106708,-0.07494174742012175
1981-05,31.2759,44.8603,45.7261,75.9784,55.6834,51.1495,1140.0,1173.0,18.52,14.0995,,,,16.402,89.7,1664.3,361232.8,0.41164199298748066,-0.8876012564472068,4.6599923542625765,0.8056314808362995,-2.394682611321258,9.79192166462668,,,,7.949654403567452,3.0983682236992216,0,0,-0.2161288608384358,0.046387055685555456,-0.9339883121327622,0.05315979621948974,0.037501766033405604,-0.9251030224806124,0.00049875139969216,-0.06868411578444761
1981-06,31.139,45.5055,45.3279,75.4554,55.3753,51.4101,1045.0,976.0,19.1,13.472272727272726,,,,16.695,90.5,1670.4,362743.46,0.41268086843353824,-0.8850807003770229,5.981998491015061,0.8217652996913786,0.7298933270739161,9.696969696969692,,,,8.571823204419893,4.907205512852242,0,0,-0.19630044818535647,0.050796000807691866,-0.9358767011847148,0.0535321456419785,0.038052033259508344,-0.9231327336365313,0.022880122163198513,-0.05042650278194155
1981-07,31.1908,45.7819,45.6003,76.043,55.7723,51.7471,1041.0,935.0,19.04,14.280909090909091,,,,16.832,91.5,1681.9,364677.73,0.41017319148376574,-0.8911757902241696,5.340514893507731,0.8208716513394642,2.2406732067168784,10.774818401937058,,,,7.461245901639324,6.266461732749473,0,0,-0.19738851385868555,0.046814575242213774,-0.9379903654663834,0.02114033591708664,0.029986654568280646,-0.9211624447924502,0.024341902834380813,-0.046642536809028384
1981-08,31.1286,45.714,45.277,76.2535,55.802,51.6826,940.0,889.0,17.82,14.937142857142858,,,,17.285,92.2,1694.3,365154.46,0.4082251962205013,-0.8959363053263519,5.289736479866214,0.8192179491774488,1.8970748483413349,10.817307692307686,,,,6.319132321041221,5.82867479428737,0,0,-0.1994051143199248,0.044366965467690034,-0.940303270794042,0.052812263748295396,0.023255850622017293,-0.9191921559483692,0.024866282305659487,-0.05300442156239479
1981-09,31.1485,45.352,44.2418,76.1892,55.6778,51.4337,911.0,847.0,15.87,15.323809523809524,,,,18.16,93.1,1706.0,369595.74,0.4088309104177495,-0.8944536303832481,3.254588456799523,0.8145436780907291,0.5810570377541652,10.96543504171632,,,,4.419903329752972,3.70934009644337,0,0,-0.20512722672930914,0.04833250158854696,-0.9427861319717951,-0.003996404222191274,0.022768236721040114,-0.9172218671042882,0.02166883836080266,-0.047740662619014024
1981-10,31.0378,44.7364,44.0329,76.751,55.8095,51.0281,873.0,731.0,15.08,15.14809523809524,,,,18.454,93.4,1721.7,370456.71,0.4043960339278967,-0.9053605991838714,0.6826958155593088,0.801591126958672,-1.266057398210743,10.271546635182991,,,,4.360556745182032,1.6544718412542458,0,0,-0.22115661787613372,0.04004598358060718,-0.9454065827644785,0.01028263067105295,0.009890979076335848,-0.9152515782602072,0.00813863232935813,-0.07118841764115486
1981-11,30.53,43.9271,43.2773,77.0955,55.573,50.435,837.0,748.0,13.31,13.392777777777775,,,,17.825,93.8,1736.0,371759.91,0.39600236070847195,-0.9263351063603953,-3.2466289140771987,0.7904396019649831,-3.88510720965812,9.579439252336464,,,,3.404434968017034,-1.1749872284237295,0,0,-0.23516603010299097,0.02179379415281124,-0.9481289005132065,-0.002385030382421549,-0.013053816944269214,-0.9132812894161261,-0.0034077547928652863,-0.07932001785623738
1981-12,30.1188,43.3765,41.4023,77.0869,55.058,49.8987,910.0,796.0,12.37,13.724545454545456,,,,16.945999999999998,94.1,1755.5,371301.44,0.3907123000146588,-0.9397837954236758,-4.476990704098793,0.7878328308329399,-5.115819280229364,8.912037037037024,,,,3.175005313496282,-2.907496733581638,0,0,-0.23846935524291768,0.01113078616433505,-0.9509145815880109,-0.032965204967284834,-0.02847279485163079,-0.9113110005720451,-0.0042954566833038055,-0.08229869042661439
1982-01,28.9116,42.5983,40.2121,76.0694,53.7297,48.8685,843.0,794.0,13.22,14.594,,,6.3945071,17.485,94.4,1770.4,375167.36,0.38006872671534153,-0.9674031828376488,-7.137799509333876,0.7928259417044949,-3.3358089627199523,8.25688073394495,,6.41526812430715,10.42393371828496,4.584576271186447,-4.35060101855278,0,0,-0.23215157487645363,-0.0136795739366522,-0.9537236089009966,-0.09056328388560009,-0.058062471109684766,-0.909340711727964,0.004379539882741562,-0.07616936984230052
1982-02,29.9602,43.0508,41.7272,78.0126,55.395,49.8636,866.0,808.0,14.78,14.425555555555556,,,6.4321077,17.5975,94.7,1774.4,376377.07,0.38404309047512836,-0.9570005179110375,-5.028752077503008,0.7771603935373229,-5.540728443022927,7.613636363636367,,7.843396584356088,10.490624061934263,6.659345300950359,-1.9077406309206513,0,0,-0.2521085232285857,-0.0004853255180309324,-0.9565151923930065,-0.0752074896974666,-0.04963009502715443,-0.907370422883883,-0.013289306218874225,-0.09111847779383159
1982-03,29.6208,42.8026,41.5732,77.4971,55.0148,49.5323,931.0,891.0,14.68,13.861304347826088,,,6.3877317,17.16,94.7,1786.4,376885.41,0.38221817332519537,-0.9617636990515661,-6.960927046524468,0.7780197328718818,-5.517057873222655,6.884875846501148,,7.794383964669116,10.125479816015282,7.293009503695869,-3.08189483919743,0,0,-0.25100339153685886,-0.0025142070762701474,-0.959249491975296,-0.045735725541119265,-0.056363565011764205,-0.9054001340398019,-0.009976197259568498,-0.09313492715940597
1982-04,29.1526,42.284,42.3584,76.8711,54.6564,49.075,917.0,888.0,14.94,13.871904761904762,,,6.1406276,16.892,95.0,1804.0,378634.28,0.3792400525034766,-0.9695858904884568,-8.99367713709972,0.7736330969474755,-4.132295658037758,6.621773288439958,,8.290296184380196,10.129365769832699,7.80162105263158,-3.5687695424750476,0,0,-0.2566575527340789,-0.007699189226175851,-0.9618867012622809,-0.07358337466711429,-0.06615604529273589,-0.9034298451957209,-0.013512594337531852,-0.09195157195410059
1982-05,28.9739,41.7816,42.366,76.9314,54.5878,48.7483,1025.0,953.0,14.45,13.6225,,,5.4881669,16.677500000000002,95.9,1815.7,380438.8,0.37661994972144014,-0.9765186909240926,-8.891743447688583,0.765401793074643,-5.122550249134333,6.911928651059096,,8.495581412932873,10.607192663236997,7.050729927007304,-4.808239213784349,0,0,-0.26735436332977913,-0.012131502458001653,-0.964387188466091,-0.0643145373505265,-0.07505913457245272,-0.9014595563516399,-0.022191249336205865,-0.09540764668191401
1982-06,28.4449,41.6544,42.6676,77.4453,54.4644,48.6214,902.0,913.0,14.15,14.299545454545454,,,5.4452325,16.697499999999998,97.0,1826.2,381985.62,0.36729020353720626,-1.0016029980689563,-11.652229769193331,0.7648004935333907,-7.18398237494014,7.182320441988943,,8.25524994693334,10.671196063795474,6.500773195876297,-5.577088800428598,0,0,-0.26814027193475787,-0.034891141604182274,-0.966711856464774,-0.08802269636175941,-0.10211373056139739,-0.8994892675075589,-0.021067067865690653,-0.088669316239638
1982-07,28.3754,41.3508,42.9211,77.5562,54.515,48.4616,1166.0,1044.0,12.59,13.946190476190475,,,6.3748846,16.816,97.5,1831.6,382447.1,0.36586887959956776,-1.0054802622287116,-11.430447200454196,0.7585215078418783,-7.899561097962588,6.557377049180335,,5.84265301285225,9.815395277994021,5.661384615384613,-6.559666016340682,0,0,-0.27638412483831143,-0.03665781162688486,-0.9688224506018267,-0.07953095627437046,-0.10796128356523382,-0.8975189786634777,-0.02751581215560256,-0.08821752443330871
1982-08,27.6407,40.8902,42.2912,77.8106,53.9818,48.0192,1046.0,926.0,10.12,13.055,,,6.367801,16.27,97.7,1845.1,382862.64,0.3552305212914436,-1.0349883444963959,-13.905203917004394,0.7574812251536629,-7.835141286154062,5.965292841648595,,3.5275703405770242,9.309395237004093,3.9208188331627314,-7.352023687716658,0,0,-0.27775652718146543,-0.0643052052797054,-0.9706831392166905,-0.1319136736199551,-0.13943965467699915,-0.8955486898193967,-0.027213540296463112,-0.087420643499868
1982-09,27.5299,40.7138,41.7021,78.0571,53.8886,47.9008,1144.0,1042.0,10.31,12.33904761904762,,,6.339422,15.43,97.7,1858.3,384355.25,0.3526892492803345,-1.0421679234058983,-14.771429302265016,0.7555178646318517,-7.52246247152282,4.940923737916236,,3.7338720911986867,8.54864341843049,5.116284544524041,-7.116139390635512,0,0,-0.28035185144453734,-0.06990728707572802,-0.9722606363301702,-0.16431314573971179,-0.14858952243058254,-0.8935784009753157,-0.0282581668977972,-0.09259436547533398
1982-10,26.8839,40.2109,41.1158,78.4965,53.4976,47.4371,1173.0,1149.0,9.71,10.9065,,,5.1327583,14.608,98.1,1869.4,384967.19,0.3424853337409948,-1.0715264433908862,-16.616584420701486,0.7516393258763011,-6.434207205589554,5.032119914346889,,4.353773052295162,9.012644444238838,4.453761467889916,-7.297183840978372,0,0,-0.28549868993202926,-0.09800032178855989,-0.9735261216023263,-0.2086264906771298,-0.1799183312596515,-0.8916081121312347,-0.03197993656412712,-0.0961121182324548
1982-11,26.7819,40.0611,41.0815,78.2947,53.3397,47.283,1372.0,1229.0,9.2,10.550526315789474,,,4.6539145,13.825,98.0,1883.4,386766.65,0.3420652994391702,-1.072753626112453,-14.641851975205778,0.7510559676938566,-5.110907566562956,4.47761194029852,,4.343923035960606,8.763251278097206,4.519999999999991,-6.4534555645284986,0,0,-0.28627510576862053,-0.09829799674652007,-0.974455629365933,-0.23948916372689555,-0.18311580282529938,-0.8896378232871537,-0.03145660234745107,-0.10112630464024144
1982-12,27.0802,39.7244,41.0727,76.8805,53.0234,46.9485,1303.0,1351.0,8.95,10.54,,,4.5710148,13.624,97.7,1905.9,389848.74,0.3522375634913925,-1.0434494347417542,-10.366563931807836,0.7491862083532931,-5.029836183673147,3.825717321997879,,4.187570722513434,8.657260539466428,4.935465711361298,-6.0943694051796005,0,0,-0.28876771707964916,-0.06841743521008803,-0.9750319995316662,-0.2143938565625345,-0.15578190029868166,-0.8876675344430726,-0.03277225147149804,-0.10432143783117886
1983-01,27.0976,40.5964,42.8485,78.0936,53.7711,47.8234,1586.0,1426.0,8.68,10.457142857142856,,,4.8633048,13.2475,97.9,1959.4,391827.73,0.34698874171507016,-1.0584629441867741,-9.105976134912533,0.7549854847678401,-4.890518051452994,3.7076271186440746,,3.6396861678919867,7.995356636900497,4.794606741573015,-2.16179576730271,0,0,-0.28105675539098357,-0.08321804592679849,-0.9752448982599756,-0.2242744786375952,-0.17276569858778257,-0.8856972455989915,-0.024002400074253305,-0.08956741938127949
1983-02,26.9911,40.4557,42.6914,76.8311,53.1859,47.5233,1699.0,1471.0,8.51,10.724736842105264,,,4.5956615,13.0425,98.0,1996.7,392360.96,0.3513043546168153,-1.0461023240661023,-8.91018061550648,0.7606470887960908,-2.1477252109884217,3.484688489968324,,3.7423526405060414,8.075706371434933,4.856091836734677,-4.8071160567345395,0,0,-0.2735857753384699,-0.0710135811440129,-0.9750887429220894,-0.1882621120190573,-0.16237536731119173,-0.8837269567549105,-0.015583611552883181,-0.08420283074402887
1983-03,27.2848,40.8504,43.3035,76.8217,53.4636,47.9244,1606.0,1475.0,8.77,10.506521739130434,,,4.0629447,12.8,98.1,2015.2,395583.05,0.35517047917450406,-1.035157381750125,-7.339368269855884,0.7640787376832088,-1.8081043794277607,3.590285110876445,,4.523277054642105,8.395933177931703,5.000193679918441,-3.300021273361242,0,0,-0.26908443533113646,-0.060593651829922046,-0.9745637299202029,-0.19437858642115624,-0.15340071383929543,-0.8817566679108295,-0.010236886244397614,-0.07615936139561477
1983-04,27.3351,41.3503,44.2691,78.3598,54.1546,48.5311,1472.0,1566.0,8.8,10.4,,,4.6289199,12.782,98.8,2028.9,398426.71,0.34884085972654344,-1.0531394500966809,-8.355355960822408,0.7635602515760433,-1.3105689737644866,4.000000000000004,,3.986546075393438,7.792377201057188,4.615384615384621,-1.1144910610356273,0,0,-0.2697632424717238,-0.07946446294147802,-0.9736749871552028,-0.21659918171506187,-0.17335307102993247,-0.8797863790667484,-0.010162990984271925,-0.0680265219269221
1983-05,27.6613,41.6032,45.1307,78.2567,54.4665,48.8239,1776.0,1669.0,8.63,10.38,,,4.6186334,12.6325,99.2,2043.6,399953.72,0.3534687764753689,-1.0399601243489025,-6.34414334248099,0.7638309786749653,-0.2054383062099318,3.44108446298228,,3.834275472384463,7.660075781490772,5.016300403225804,0.15496220261175253,0,0,-0.26940874639187845,-0.0675282739284383,-0.9724318504204642,-0.17315605862235484,-0.16214403412623513,-0.8778160902226674,-0.00913802424200949,-0.06825645706484812
1983-06,27.8529,41.92,45.9379,78.0985,54.6587,49.123,1733.0,1769.0,8.98,10.848636363636365,,,4.1399507,12.87,99.4,2053.8,404832.6,0.35663809164068455,-1.0310337602991018,-2.9430762230145517,0.766941035919259,0.2794915118670027,2.4742268041237248,,4.647639323301522,8.38299734282475,6.34869215291749,1.0263593684363137,0,0,-0.26534535681608784,-0.06018458642425817,-0.9708491738748436,-0.1631463773420596,-0.1551879589205154,-0.8758458013785864,-0.004475238816691818,-0.06980665840355957
1983-07,28.4278,42.5883,47.0342,78.8217,55.3982,49.8546,1785.0,1795.0,9.37,11.377,,,4.9603809,13.422,99.8,2064.9,409475.21,0.3606595645615357,-1.0198208000415772,-1.4340537812865597,0.7687668552407839,1.3416590253008287,2.358974358974364,,4.201222463360921,8.06172674626795,6.849448897795574,2.8339037216588814,0,0,-0.26296753458530314,-0.05087429890091211,-0.968946501140665,-0.130473207491826,-0.1459452875070718,-0.8738755125345053,-0.0015573040388472403,-0.0679291255539834
1983-08,28.7006,43.2083,47.9007,79.2558,55.9124,50.4443,1910.0,1713.0,9.56,11.846086956521738,,,5.1924267,13.81,100.1,2073.9,413993.57,0.3621261787780832,-1.0157625677288957,1.922577676750015,0.7727856432562366,2.0002953358089828,2.456499488229258,,4.151984545860832,8.192199353454033,6.93318681318682,4.9268826335687965,0,0,-0.2577535738233756,-0.04901501240347517,-0.9667475553254206,-0.13615003153236582,-0.1438573440384714,-0.8719052236904243,0.004149588258569092,-0.06594051568177814
1983-09,29.4732,43.7861,48.7488,80.0392,56.7935,51.178,1710.0,1585.0,9.45,11.653809523809525,,,5.1037494,13.726,100.4,2083.0,417820.94,0.3682345650631191,-0.9990351388067081,4.313278459919012,0.7709702694850642,2.0246384303071627,2.763561924257929,,4.135200337581879,8.203561385032753,6.506623505976106,6.617754646455554,0,0,-0.2601054671414657,-0.03475554633268185,-0.9642795924740263,-0.12901298464061584,-0.12910020396036492,-0.8699349348463432,0.0022556559014066946,-0.06176604210967104
1983-10,29.8051,44.3491,49.4072,79.0881,56.8505,51.5693,1715.0,1716.0,9.48,11.541,,,5.1155348,13.535,100.8,2098.8,423773.0,0.37685947696303235,-0.9758829011701113,9.564354222077489,0.7801004388703706,3.716609012619679,2.752293577981657,,4.152064876332617,8.00972493363561,6.547499999999995,8.352191121480024,0,0,-0.24833259980583247,-0.01430962871840702,-0.9615732724517043,-0.10462708995840031,-0.10791825516784914,-0.8679646460022622,0.01446343589456503,-0.042271135700341494
1983-11,30.1323,44.6002,49.4364,79.2276,57.046,51.7993,1785.0,1668.0,9.34,11.69,,,5.2028781,13.435,101.1,2111.9,429977.38,0.38032579555609414,-0.9667270368554857,10.60265892569674,0.7818286996458998,4.015548917467407,3.1632653061224536,,3.932517792970902,7.824996852438781,5.987339268051417,9.122581279910191,0,0,-0.24611961659394646,-0.008065368152202379,-0.9586616687032833,-0.06557733597671112,-0.10073267969730448,-0.8659943571581812,0.01710004908896115,-0.035847228610605686
1983-12,30.4409,44.8002,50.6165,78.6278,57.4406,52.0594,1688.0,1627.0,9.47,11.82952380952381,,,5.1980904,13.419999999999998,101.4,2123.4,437068.86,0.3871518724929351,-0.9489382275527188,9.45112071890354,0.779939624586094,4.02289504084736,3.787103377686796,,4.06082428279515,7.815645292359763,5.475532544378692,10.333411807462456,0,0,-0.24853876667117555,0.006640620845089762,-0.9555788483978086,-0.03244899652680788,-0.08491415923861867,-0.8640240683141002,0.015104007542344394,-0.03450354992774715
1984-01,31.1009,45.7298,51.7734,80.1259,58.6214,53.0985,1897.0,1816.0,9.56,11.674285714285714,,,5.2475146,13.3675,102.1,2138.0,441991.13,0.38815039831065856,-0.9463623899538299,11.21005542329442,0.780087135414712,3.270710192329884,4.290091930541351,,4.097470060352371,7.715132685898141,5.053124387855057,10.463361980045072,0,0,-0.24834965346768473,0.005997048845506003,-0.9523594387993359,0.013642132378427818,-0.08430861048381089,-0.862053779470019,0.015725281544258063,-0.03573843373361696
1984-02,31.361,45.9598,51.9306,79.7727,58.7448,53.3318,2260.0,1987.0,9.59,11.842105263157896,,,5.0622947,13.2325,102.6,2158.2,451907.03,0.39312947913258545,-0.9336162579323446,11.248606613375769,0.7823637155969551,2.815023823078816,4.693877551020398,,4.309543507429225,7.7765342203210075,4.676608187134512,11.531265906474797,0,0,-0.24543553710768173,0.015421348085351116,-0.9490376060176957,-0.01343983406762006,-0.07353276730640657,-0.860083490625938,0.019089135800790136,-0.022839251236898173
1984-03,31.6763,46.1834,52.0547,80.1113,59.0579,53.5929,1663.0,1725.0,9.91,12.319090909090908,,,4.8302654,13.386,102.9,2175.3,456550.16,0.39540364467933986,-0.9278481505861815,10.730923116394342,0.7820020691558623,2.318654287017349,4.892966360856277,,4.845675607723865,8.161511913905727,4.783002915451884,11.179182732471027,0,0,-0.24589789246096297,0.017798949114811058,-0.9456470997009926,-0.018374008321223045,-0.06973494880432451,-0.858113201781857,0.019101528238999493,-0.021040328822121118
1984-04,31.9374,46.4651,51.9449,80.547,59.4451,53.91,1851.0,1776.0,10.29,12.6335,,,5.4205543,13.6525,103.3,2192.1,462141.22,0.39650638757495626,-0.9250631281379904,12.807632195869044,0.7816472678151775,2.341153809988661,4.5546558704453455,,4.619066682331052,7.808672373865533,5.485498547918688,10.511115991140896,0,0,-0.24635170437183718,0.017157470432390798,-0.9422205985703812,-0.00908859637305115,-0.06892021520021441,-0.856142912937776,0.019153581177001944,-0.013138079870316233
1984-05,32.1147,46.8171,51.5005,80.4161,59.4997,54.2026,1774.0,1741.0,10.32,13.408636363636363,,,5.4580169,13.9425,103.5,2204.8,472444.28,0.39935659650244165,-0.917900535657148,12.205958869175449,0.7868459840973989,2.9685996672095207,4.3346774193548265,,4.610349447980178,8.04536568144021,5.736657004830925,10.450893070769185,0,0,-0.23972274971978325,0.020889009651734902,-0.9387895453088829,-0.0028302368887310747,-0.06372791156345314,-0.8541726240936949,0.026324298402726154,-0.003345045885330189
1984-06,32.4432,46.9343,51.6777,80.2786,59.7508,54.4014,1843.0,1814.0,11.06,13.562857142857142,,,5.5883874,14.416,103.7,2215.6,480994.54,0.40413260819197144,-0.9060122167803873,12.50215435187144,0.7855007799058757,2.391152840739694,4.325955734406439,,5.182021181242136,8.36040100371871,6.454811957569917,10.206253193241066,0,0,-0.2414338284086909,0.02937197432812977,-0.9353841911085171,0.03992138036956139,-0.053809881530773485,-0.8522023352496139,0.025194330569886098,-0.0024755345893919534
1984-07,32.9152,47.0344,52.2353,80.0393,59.9817,54.5521,1732.0,1605.0,11.23,13.362380952380953,,,5.692377,14.6675,104.1,2223.6,487148.8,0.41123797934264794,-0.8885832068916977,13.123759314987948,0.784145831145166,1.9807267769755856,4.308617234468937,,5.239377859767513,8.491741083654514,6.635485110470718,9.00454393489376,0,0,-0.24316026681554728,0.0434501296439348,-0.9320333365356325,0.0501093598165403,-0.038351160486164826,-0.8502320464055328,0.024089973782820268,0.003805903872414057
1984-08,33.2202,47.0434,52.5544,79.1599,60.1008,54.6083,1586.0,1530.0,11.64,12.716086956521735,,,5.224781,14.47,104.4,2230.2,494117.63,0.41965944878656997,-0.8683117328326697,14.7450834896226,0.7827416606767298,1.280100111266122,4.295704295704317,,6.096680780927466,8.786161313084628,7.0418007662835125,7.931612858491199,0,0,-0.24495257271071438,0.06045200960346897,-0.9287637424361387,0.10358292138536873,-0.02004997527121788,-0.8482617575614518,0.022960593146202718,0.005697602800067397
1984-09,33.2563,46.7665,51.8001,79.2942,60.1052,54.4466,1698.0,1523.0,11.3,12.522631578947369,,,5.1047828,14.35,104.7,2244.2,498496.4,0.4194039412718711,-0.8689207631529624,13.011437565374573,0.778077437559479,0.9176241522674432,4.2828685258964105,,5.894324725249334,8.796190766686983,6.728939828080227,6.191065261811657,0,0,-0.2509292256187913,0.05667838913286882,-0.9255991522858312,0.10047551982304748,-0.022629294435591585,-0.8462914687173708,0.01768590909562434,0.003814512786721014
1984-10,33.5486,46.3976,51.3921,80.4814,60.6481,54.4406,1590.0,1490.0,9.99,12.160454545454543,,,5.4138126,14.13,105.1,2258.4,504658.66,0.41684911047770046,-0.8750309680423879,10.085193312772343,0.7650297371228447,-1.9507974049261383,4.265873015873023,,4.341164869318104,8.268543927041305,5.489933396764979,5.418366484285775,0,0,-0.26784057385509386,0.04752814346189538,-0.9225591115042833,0.1440763362541132,-0.030709788169098196,-0.8443211798732897,0.001512178790323948,-0.0062292749578184425
1984-11,33.8332,46.5561,52.1616,80.3594,60.8748,54.624,1689.0,1643.0,9.43,11.572631578947368,,,4.9376646,13.638,105.3,2280.9,510154.08,0.4210235516940146,-0.8650665045983978,10.166053225708785,0.7647844428236314,-2.2041642354187903,4.154302670623156,,4.280956143939196,8.29095580996948,5.065270655270648,5.309671095141466,0,0,-0.26816125894813436,0.054592724913424706,-0.9196592295118226,0.14333742022179807,-0.022715613569189164,-0.8423508910292087,0.0019601379882125403,-0.004603685692751214
1984-12,34.0347,46.4048,52.7575,80.5088,61.2224,54.6416,1612.0,1626.0,8.38,11.4995,,,4.8509702,13.18,105.5,2306.3,517278.98,0.42274509121984183,-0.8609859028147014,8.79523247380174,0.7579709387413758,-2.8571466794887894,4.043392504930954,,3.365757887855958,7.943684053769484,4.168075829383899,4.841012307394443,0,0,-0.27711023346606345,0.055925912348557705,-0.9169118151632591,0.11298120761079722,-0.020605300629573775,-0.8403806021851277,-0.0061938936048533955,-0.010613064038919873
1985-01,33.9972,46.5696,52.1243,80.2382,60.9932,54.6322,1711.0,1660.0,8.35,11.384285714285712,,,4.8807597,13.075,105.7,2332.1,523979.36,0.42370342305784525,-0.8587215424163737,8.764084753745626,0.7635211794101637,-2.1464761345075134,3.52595494613126,,3.307794785166873,7.812910893703218,4.659744560075652,2.8474773248868157,0,0,-0.26981441481275986,0.0556038437355767,-0.9143253861519504,0.12180991555556553,-0.02031122907532701,-0.8384103133410467,0.0019183027605607084,-0.003662853397143173
1985-02,33.7474,46.6624,51.6357,81.1708,61.1324,54.7825,1632.0,1662.0,8.5,11.508888888888889,,,4.6573474,12.92,106.3,2353.9,532448.43,0.4157578833767808,-0.8776521992685945,5.59640586637501,0.7633006392682113,-2.4667765564536537,3.606237816764146,,3.67165105505054,7.894957024297766,4.723424270931309,2.683802373499322,0,0,-0.27010330267221827,0.03425237715874585,-0.9119045764273404,0.07305792055434368,-0.04121217477162897,-0.8364400244969655,0.0024627936852738563,-0.006599471867565154
1985-03,34.1174,46.5659,52.1963,80.7898,61.3702,54.8653,1800.0,1727.0,8.58,11.855238095238096,,,4.9883735,13.169999999999998,106.8,2366.3,541757.18,0.4222983594463658,-0.8620432018559281,6.580494873025344,0.7587705433581772,-3.0157969247863097,3.790087463556846,,3.4209754663929504,7.7928881334655475,4.6150000000000135,2.3464493778408535,0,0,-0.27605586170882607,0.047606956704907444,-0.9096501585608355,0.07597889656071488,-0.027573466203043573,-0.8344697356528845,-0.002643952425757101,-0.013370827348916647
1985-04,33.8015,46.5662,51.4318,80.5395,60.9659,54.7459,1821.0,1664.0,8.27,11.434761904761904,,,4.7725855,13.195,107.0,2375.8,549348.71,0.4196884758410469,-0.8682425671061889,5.682056103180155,0.7638073086758336,-2.308803103010942,3.581800580832528,,3.3381007859159872,8.038757905807348,4.52608411214952,1.5386490584199386,0,0,-0.2694397354019466,0.039317959380350875,-0.9075605264865397,0.09051456698905702,-0.035743120297385356,-0.8324994468088035,0.004825682990109492,-0.0048233190081447
1985-05,33.8862,46.5932,51.4622,80.7317,61.0861,54.8255,1680.0,1709.0,7.97,10.84681818181818,,,4.7029389,12.913999999999998,107.2,2390.4,555842.05,0.41973846704578255,-0.8681234591713808,4.977707648576724,0.7627463530983317,-3.11069869312407,3.5748792270531515,,3.120314610385777,7.8422451043540065,4.243423507462674,1.1426536414647526,0,0,-0.27082973665102394,0.037507308928516614,-0.9056307680998974,0.08743833703387383,-0.0375943012066583,-0.8305291579647225,0.004292332683241806,-0.005977952084806171
1985-06,33.9402,46.4449,51.3222,81.1653,61.3112,54.7989,1676.0,1716.0,7.53,10.156,,,4.716909,12.215,107.5,2413.3,561206.6,0.4181614556959686,-0.8718876633898037,3.4124553390583623,0.7575271728493326,-3.626204208500392,3.6644165863066513,,2.6863770396431397,7.16034408540458,3.728939534883713,0.7280231934935877,0,0,-0.2776958704936948,0.031965577492703345,-0.9038532408825071,0.07225343536890672,-0.04332879426916225,-0.8285588691206415,-0.0017188978510589425,-0.013978321626540002
1985-07,33.8304,46.1804,51.3943,80.812,61.087,54.5396,1684.0,1697.0,7.88,10.306818181818182,,,4.407939,12.0325,107.7,2429.6,567653.0,0.4186308964015245,-0.8707656628035725,1.7817544088125192,0.7559775402295087,-3.658334511949477,3.458213256484166,,3.325476044498865,7.3026640244282515,4.273983286908067,-0.02291650062233863,0,0,-0.27974361193504205,0.03145203483816328,-0.9022176976417358,0.0780888024185804,-0.044177082527012135,-0.8265885802765603,-0.0029186711635962315,-0.018622790017329305
1985-08,33.8397,46.2598,51.9264,80.9418,61.3113,54.7055,1743.0,1808.0,7.9,10.331818181818182,,,4.4287764,12.186,107.9,2443.9,573299.31,0.418074468321683,-0.8720957084452742,-0.3783975612604462,0.7545069179743374,-3.6738259153482806,3.3524904214559337,,3.3240106028858962,7.428243313209992,4.400000000000004,0.17783669695310422,0,0,-0.2816908318641972,0.028615962907905912,-0.9007116713531801,0.0836575855414925,-0.04747741701279484,-0.8246182914324793,-0.004029926321315935,-0.023863619714348472
1985-09,33.7185,46.4684,51.8427,81.5492,61.4295,54.8906,1676.0,1916.0,7.92,10.373157894736842,,,4.4613628,12.1925,108.1,2456.2,582148.37,0.4134743197971286,-0.8831598709279007,-1.4239107774938309,0.7564508908586266,-2.818843848977054,3.2473734479465,,3.3109248312429562,7.4009538003078745,4.525661424606864,0.8121708633418656,0,0,-0.2791176641085618,0.016160639895450468,-0.8993205108233512,0.07585391502368566,-0.060511868339502395,-0.8226480025883983,-0.000637662643936554,-0.020228261614904708
1985-10,33.7002,46.2163,51.5558,81.5278,61.4304,54.7199,1834.0,1743.0,7.99,10.23681818181818,,,4.4118946,12.135,108.5,2467.6,588307.45,0.4133583881817,-0.8834402943196451,-0.8409326277257212,0.7523359769755691,-1.673170305968502,3.2350142721217834,,3.4269135846137777,7.396767800821036,4.605981566820283,0.511724679685166,0,0,-0.2845722769147789,0.014587283319468791,-0.8980275776391139,0.05298459713834025,-0.0627625805753278,-0.8206777137443173,-0.005294634014423261,-0.032687135667863354
1985-11,34.0099,46.2822,52.8187,81.4549,61.8312,54.9124,1698.0,1692.0,8.05,9.781578947368422,,,4.2730751,11.784,109.0,2477.3,594477.75,0.41753043708849935,-0.87339783414255,-0.8331329544152166,0.748525016496526,-2.148939455978055,3.5137701804368597,,3.6221478040979083,7.203129755976678,4.382247706422016,0.5265841609220168,0,0,-0.2896506535079149,0.023417276978123236,-0.8968151111206732,0.03636284681799096,-0.05469040924231383,-0.8187074249002362,-0.009601365012036844,-0.03890694740443379
1985-12,33.9216,46.9233,52.8938,82.4489,62.1446,55.4412,1942.0,1794.0,8.27,9.25904761904762,,,4.0037965,11.26,109.5,2492.0,599711.23,0.4114257437030694,-0.8881267278750061,-2.7140825060304685,0.7550664096317299,-0.3839340358157583,3.791469194312791,,4.101969008410178,6.976864060919152,4.314931506849318,1.452750225836752,0,0,-0.28094957382422103,0.007537609707442328,-0.8956643375824485,0.018965731067577374,-0.07138959181885096,-0.8167371360561552,-0.0001588092443052247,-0.0325015009276822
1986-01,34.0051,47.0214,54.1764,82.9934,62.6151,55.7481,1972.0,1847.0,8.14,9.193809523809524,,,3.9759159,10.886,109.9,2501.6,605703.02,0.4097325811450067,-0.892250573195293,-3.3529030778919333,0.7509594331079883,-1.658923103068244,3.973509933774833,,4.004854454953644,6.6458506666542405,4.00726114649681,2.0219876531786696,0,0,-0.2864036458434423,0.0023042839437751317,-0.8945548571390681,0.017883591782646646,-0.07748372598321884,-0.8147668472120742,-0.004905081600791006,-0.0389705837374586
1986-02,33.6456,46.8264,53.7843,82.2492,61.999,55.3568,1848.0,1767.0,7.86,8.704210526315789,,,3.9713373,10.71,109.7,2512.5,610678.29,0.40906902437956844,-0.8938713734141114,-1.621917414551688,0.7552766980112582,-1.0567806768879473,3.19849482596426,,3.740129540490189,6.481269621988384,4.517028258887867,1.0428706283099665,0,0,-0.28067110944109774,-0.0004056269540692048,-0.8934657464600422,-0.003602957845998178,-0.08107481504611824,-0.8127965583679931,0.001498082161588865,-0.03567118151994492
1986-03,33.6202,46.278,53.7267,81.9056,61.7994,54.9625,1876.0,1780.0,7.48,7.778499999999999,,,3.4802235,10.08,109.1,2533.1,613376.62,0.41047498583735414,-0.8904402877871117,-2.839708593118362,0.7488422217691434,-1.317110778990771,2.153558052434445,,3.8652569203235343,6.377814307677854,5.214152153987173,0.17700441122876498,0,0,-0.2892269694987338,0.0019356344080490029,-0.8923759221951607,0.023703116486082254,-0.07961401826319958,-0.8108262695239121,-0.006427478089443217,-0.045135174173542875
1986-04,33.4084,46.2297,53.665,82.6561,61.8867,55.0413,1933.0,1858.0,6.99,7.29909090909091,,,3.0175747,9.9375,108.7,2558.1,619657.73,0.4041855350058859,-0.9058812613776527,-3.7638694271463824,0.7470054147336989,-2.224310983415462,1.5887850467289688,,3.856065638866202,6.717227929459302,5.316743330266793,0.538133248442918,0,0,-0.2916828452361012,-0.014616932214900347,-0.8912643291627523,0.007043437515556028,-0.09702528069782168,-0.808855980679831,-0.008296640857852644,-0.04977695089614653
1986-05,33.3318,46.222,53.7396,83.1904,61.9954,55.1226,1854.0,1797.0,6.85,7.70952380952381,,,2.8514107,10.144,109.0,2585.7,625819.96,0.40066882717236607,-0.9146200602925122,-4.649660112113141,0.7455714456233851,-2.2774576872023724,1.679104477611948,,3.8877340357180046,7.090412518765787,5.085504587155953,0.5404381214857423,0,0,-0.29360431352304767,-0.024510282530422645,-0.8901097777620895,-0.005953214549215713,-0.10773436845676221,-0.80688569183575,-0.009677795945056689,-0.054704748771830264
1986-06,32.9819,45.9353,54.3496,82.9218,61.768,54.9005,1847.0,1790.0,6.92,7.7995238095238095,,,3.4637795,10.6825,109.4,2605.7,630055.83,0.3977470339524709,-0.9219390688568572,-5.005140546705345,0.7436747183007382,-1.8455675843045136,1.7674418604651132,,3.3405125124005286,6.9770508431890255,5.063071297989019,0.18523351823329648,0,0,-0.29615154633673996,-0.033046975399674716,-0.8888920934571825,-0.027192044258300352,-0.1170236658651882,-0.804915402991669,-0.011733352104176642,-0.0574082894655317
1986-07,33.2651,46.2966,55.0303,83.1726,62.1652,55.2592,1782.0,1780.0,6.56,7.303181818181818,,,3.5734378,10.5075,109.5,2626.6,635150.95,0.39995262863010167,-0.9164091673121005,-4.564350450852805,0.7447349964288702,-1.4983221438612582,1.671309192200554,,2.883521357828278,6.694826730951675,4.808328767123271,1.3107799048934776,0,0,-0.29472683337365463,-0.028816363497106035,-0.8875928038149945,-0.03857638169641442,-0.11346405316451258,-0.802945114147588,-0.009867163738480789,-0.057136246753001024
1986-08,33.2114,46.0651,55.238,83.0634,62.1361,55.1567,1807.0,1726.0,6.17,7.1657142857142855,,,3.388122,10.2,109.6,2646.5,638904.39,0.3998319356058143,-0.9167109811519784,-4.461527270670418,0.7413580833042306,-1.758069522075878,1.575532900834098,,2.690713349063456,6.588646614550164,4.523202554744543,0.8213972355266996,0,0,-0.29927152708495597,-0.030515249820642132,-0.8861957313313362,-0.06618089933263127,-0.11573615584847152,-0.8009748253035068,-0.01402133318980664,-0.06038681916533101
1986-09,33.2793,46.2618,55.7205,82.8937,62.2027,55.2975,1687.0,1686.0,5.89,7.447619047619048,,,3.4035122,10.0075,110.0,2667.9,646023.16,0.4014695929847504,-0.9126234820006088,-2.946361107270812,0.7437265584934416,-1.6964176502449355,1.757631822386685,,2.404645400429639,6.386618461495552,4.060990909090889,0.7385586094907914,0,0,-0.29608184061101117,-0.027936782362236845,-0.884686699638372,-0.06533618355877924,-0.11361894554118301,-0.7990045364594258,-0.010492138269490414,-0.055448318962734805
1986-10,33.1864,46.519,55.717,83.3837,62.3693,55.5332,1681.0,1675.0,5.85,7.426363636363636,,,3.4713896,9.974,110.2,2687.1,653787.29,0.3979962510658558,-0.9213126931745856,-3.7872398854940537,0.7458637502745741,-0.8640058926991545,1.5668202764977046,,2.298809757165965,6.284452567166454,4.217105263157883,1.4753594274121262,0,0,-0.2932123358417704,-0.03825904169174854,-0.8830536514828371,-0.059247699529144326,-0.12427844555924084,-0.7970342476153448,-0.007333231834757814,-0.045065482980592486
1986-11,33.1979,46.7099,56.5013,83.7456,62.6838,55.7557,1623.0,1644.0,6.04,7.250555555555555,,,3.2203774,9.695,110.4,2701.0,653767.3,0.39641366232972236,-0.9252970111017715,-5.189917695922153,0.7451670128486148,-0.4496253898579216,1.2844036697247765,,2.7316530621404045,6.272620545562946,4.69528985507246,1.5240459045071653,0,0,-0.29414690740649413,-0.04401054143597338,-0.8812864696657982,-0.08403218686122393,-0.13023305233050775,-0.7950639587712638,-0.008026870861431556,-0.04588569774354029
1986-12,33.5564,47.1201,57.5614,84.2742,63.2798,56.2845,1833.0,1903.0,6.91,7.112727272727272,,,3.6377004,9.31,110.8,2728.0,654750.24,0.3981811752588574,-0.9208481630580245,-3.27214351830184,0.7446309880878258,-1.3916927491759046,1.187214611872145,,3.1574413436135984,5.473200947249102,5.655640794223826,1.5096186736803574,0,0,-0.2948665013159801,-0.041470469191807635,-0.8793776938662169,-0.07732901303490913,-0.12775449313084186,-0.7930936699271827,-0.008551854454661223,-0.039812785003353446
1987-01,33.5884,47.0515,57.0908,83.2716,62.8814,56.0882,1774.0,1690.0,6.43,7.0845,,,3.4766992,9.204,111.4,2743.3,653267.48,0.40335960879819766,-0.9079267854006988,-1.5676212205405826,0.748257831409606,-0.360402015981448,1.364877161055511,,2.854073257876011,5.534870018350935,4.996921005386001,0.6082122681462465,0,0,-0.2900076660032568,-0.03060386535004367,-0.8773229200506552,-0.06883270559017507,-0.11680340431759717,-0.7911233810831017,-0.003542026720239233,-0.04037390615642547
1987-02,34.3404,47.6194,58.1115,84.2396,63.8073,56.8275,1784.0,1689.0,6.1,7.2505263157894735,,,3.5699365,9.0825,111.8,2747.0,652532.3,0.4076515083167537,-0.8973426158512295,-0.347124243711816,0.7463001882229776,-1.1956253195532118,1.914311759343668,,2.4428551233108164,5.322551781230445,4.107066189624331,2.6220857320979896,0,0,-0.29262736263662986,-0.022221991771860905,-0.8751206240793686,-0.023890074675220974,-0.1081895236122089,-0.7891530922390206,-0.006051050620453691,-0.03994406429413988
1987-03,34.3027,47.7047,57.8313,84.6082,63.848,56.9098,1726.0,1704.0,6.13,7.248636363636364,,,3.0945875,9.035,112.2,2753.5,651197.67,0.4054299701447378,-0.9028071203540109,-1.2366832566899189,0.7471604435534395,-0.2248363539926912,2.8414298808432603,,2.944298603454798,5.76209929546494,3.197709447415331,3.481642378107086,0,0,-0.2914753330386607,-0.030035713272970832,-0.8727714070810401,-0.05336453452104617,-0.11562431695907127,-0.7871828033949396,-0.004825123797770836,-0.03527812094409555
1987-04,34.5974,48.1368,57.4798,84.7542,63.9921,57.2701,1614.0,1601.0,6.37,8.022857142857143,,,3.6402938,9.8325,112.7,2767.8,656401.42,0.4082086787439443,-0.895976767823232,0.990449355442069,0.752230353434252,0.6970164353274244,3.679852805887762,,2.6338271534309454,5.974709230320618,2.59466725820765,3.9694859986929565,0,0,-0.284712680882827,-0.02569935444500715,-0.8702774133782248,-0.03472995932272327,-0.11076425327237338,-0.7852125145508586,0.0019786144662754523,-0.029930128901093644
1987-05,34.8892,48.3551,57.8923,85.3829,64.4271,57.6322,1628.0,1500.0,6.85,8.613,,,3.9085461,10.596,113.0,2773.7,658470.03,0.40862046147413594,-0.8949685208232161,1.9651539469296095,0.7505397573381388,0.6641658679202855,3.669724770642202,,2.8308103716215838,6.435903639306151,3.0676991150442534,4.4521643877541095,0,0,-0.2869626548438448,-0.02732564771631607,-0.8676428731069,-0.04136477000488825,-0.11172629511643861,-0.7832422257067775,-0.0002587850330456054,-0.02972864253670021
1987-06,35.1095,48.7132,57.3178,85.9853,64.6236,57.9307,1594.0,1522.0,6.73,8.402272727272727,,,3.9808006,10.5375,113.5,2775.3,662897.5,0.40831979419738024,-0.8957046022887674,2.623446656808981,0.7537989217561387,1.3521917775549286,3.7477148080438782,,2.643949059957529,6.305682743512175,2.874555066079276,5.372501264250218,0,0,-0.28262962856119067,-0.03083080120833248,-0.8648738010804349,-0.0449768840337762,-0.11443266542607089,-0.7812719368626965,0.004062466130992037,-0.021379057679614732
1987-07,35.4158,49.0215,57.2176,86.8826,65.1033,58.3258,1575.0,1516.0,6.58,8.44681818181818,,,4.0066156,10.278,113.8,2779.0,667659.79,0.40762822475386323,-0.897399733824245,1.9009433487855556,0.75298026367327,1.1010571586654585,3.926940639269394,,2.4742506860304214,6.029793743235712,2.5528119507908897,5.400969168586212,0,0,-0.28371626178700005,-0.035421624097621174,-0.8619781097266238,-0.06650646945732142,-0.11809808580562953,-0.7793016480186155,0.00294388824363806,-0.021125101153590342
1987-08,35.9198,49.4201,57.7568,87.1355,65.6269,58.7636,1605.0,1511.0,6.73,8.76047619047619,,,4.126315,10.33,114.3,2788.3,672225.14,0.4122292291890218,-0.8861757028286732,3.053527832330516,0.7530463879902904,1.5643078242022934,4.2883211678832245,,2.5005062361037167,5.957845526368621,2.3412773403324483,6.334439042182716,0,0,-0.28362844884293303,-0.02720985032755019,-0.858965852501123,-0.054876838340362166,-0.10884434365413875,-0.7773313591745344,0.002983484904913958,-0.016749755149077283
1987-09,36.4961,49.6207,58.3042,86.5529,65.8508,58.9951,1695.0,1514.0,7.22,9.421904761904765,,,4.2771388,10.8875,114.7,2799.6,676211.16,0.4216623590890658,-0.8635503821398591,4.907309986074971,0.7535322273989078,1.3098349051416491,4.2727272727272725,,2.82215376626731,6.339223799262905,2.826503923278123,6.4726690059571546,0,0,-0.2829834915595947,-0.007700839445264229,-0.8558495426945949,-0.008166795214875955,-0.08818931180940581,-0.7753610703304533,0.0035676477692127007,-0.016591558002184648
1987-10,37.2178,50.2691,60.177,87.4914,66.8768,59.781,1515.0,1447.0,7.29,9.52,,,4.3834831,11.26,115.0,2814.7,681184.46,0.4253880952870796,-0.8547533613582163,6.6559331816369305,0.751667244844251,0.7750789322132023,4.355716878402904,,2.7844605426852187,6.587744244376537,2.811808695652162,7.37068446171909,0,0,-0.2854615465196384,-0.002109778187574407,-0.8526435831706419,-0.011879462615839387,-0.08136257987184403,-0.7733907814863723,0.0010197065524272797,-0.016257992165984003
1987-11,37.464,50.734,60.0872,87.5909,67.0088,60.0726,1656.0,1457.0,6.69,8.860526315789473,,,3.9721739,10.65,115.4,2818.9,684710.04,0.42771566452679444,-0.8492966393865327,7.600037171523888,0.7571244373873284,1.5919250634326645,4.528985507246386,,2.6139937235649224,6.42270508494196,2.067383015597901,7.457418349576361,0,0,-0.2782276567721675,6.627218685040237e-05,-0.8493629115733831,-0.02567403131175494,-0.07787614674424137,-0.7714204926422913,0.008177856750683221,-0.004918340272277
1987-12,37.9095,51.0115,59.6152,88.1903,67.4227,60.4095,1400.0,1345.0,6.77,8.987727272727271,,,4.083687,10.64,115.6,2826.7,686318.77,0.4298602000446762,-0.844295239331422,7.6552923726602495,0.7565923642927381,1.5935842349593998,4.332129963898912,,2.5809164504328352,6.299078356054033,2.3366435986159395,7.072719093518209,0,0,-0.2789306589663861,0.0017273727278893647,-0.8460226120593114,-0.0038336245874697195,-0.07484503553321176,-0.7694502037982103,0.007396429447050323,-0.00950631776958405
1988-01,37.9579,50.8811,59.2852,88.6605,67.6592,60.3976,1271.0,1244.0,6.83,8.66578947368421,,,3.6629208,10.3825,116.0,2846.9,692270.95,0.428126392249085,-0.8483368180022692,5.958996739842959,0.7520204199872302,0.5015864840627993,4.129263913824044,,3.0551707163551267,6.482143420369479,2.593637931034509,7.402391732852998,0,0,-0.2849918011626288,-0.005699053819583799,-0.8426377641826854,0.01252168951811905,-0.08085690304813997,-0.7674799149541293,0.0012567764067492604,-0.011937209314811736
1988-02,38.2621,51.0641,59.2188,89.427,68.0058,60.7003,1473.0,1438.0,6.58,8.212,,,3.7866556,9.8925,116.2,2869.6,696387.29,0.42785847674639643,-0.8489627998884949,4.837981596273466,0.750878601531046,0.6116073258856936,3.935599284436497,,2.6914292438189102,5.883072698220748,2.544268502581759,6.592827690111225,0,0,-0.2865112893777729,-0.009739472347170097,-0.8392233275413248,-0.0016899693710894503,-0.08345317377844674,-0.7655096261100481,-0.0003392222024758418,-0.01699622497743586
1988-03,38.7031,51.2687,59.6574,88.9756,68.1129,60.8501,1532.0,1525.0,6.58,8.373478260869565,,,3.6808433,9.93,116.5,2890.2,700701.2,0.4349855465992924,-0.8324424746539789,7.036464570003198,0.7527017642766642,0.7389140024997964,3.832442067736186,,2.796231789522885,6.027301188048884,2.64614592274679,6.694590452956017,0,0,-0.2840861930136627,0.003352182846696472,-0.8357946575006754,0.009075277063663956,-0.06890313738801179,-0.7635393372659671,0.0020133631260128015,-0.008675259142299385
1988-04,39.1416,51.5855,61.0344,89.2446,68.631,61.2031,1573.0,1429.0,6.87,8.7185,,,3.9816855,10.202,117.2,2910.4,705868.05,0.43858788094741863,-0.8241950745989342,7.178169322429784,0.751635558275415,-0.0791021573426364,3.9929015084294575,,2.777714638988038,5.9821250925962355,2.766629692832767,6.641916931106628,0,0,-0.28550370245625334,0.008172711179495695,-0.8323677857784298,0.03923085527253467,-0.06262602617704804,-0.7615690484218861,0.0005293644718394885,-0.008904918096956538
1988-05,39.3022,51.6168,60.999,88.4342,68.4034,61.0797,1421.0,1444.0,7.09,9.08904761904762,,,4.0994026,10.455,117.5,2926.6,710045.85,0.4444230851865002,-0.8109782757015419,8.399024512167419,0.754594069885415,0.5387324741127519,3.9823008849557473,,2.8728285900845307,6.105315920420096,2.9886808510638296,5.8098129465209425,0,0,-0.2815753301027173,0.017980235600263073,-0.828958511301805,0.06366292950751706,-0.05137951612373681,-0.7595987595778051,0.004399152086527414,-0.0022908238647375567
1988-06,39.6241,51.8002,61.2732,88.4632,68.5889,61.2569,1478.0,1485.0,7.51,8.921363636363637,,,3.9480755,10.46,118.0,2939.0,713189.19,0.4479161956610206,-0.8031491273223156,9.255547496645178,0.755227157747099,0.1892924763629622,3.96475770925111,,3.4266382353562497,6.2645936143377545,3.410042372881339,5.582902755654295,0,0,-0.28073670379756105,0.02243293812631475,-0.8255820654486303,0.07511268868318133,-0.04552065658859161,-0.757628470733724,0.005188944012843866,-0.0005764500212175894
1988-07,39.2813,51.8828,59.9188,89.0529,68.43,61.2659,1467.0,1439.0,7.75,9.056,,,4.2701061,10.432,118.5,2947.2,716113.02,0.4411007389989546,-0.8184819965179545,7.891773730629048,0.7581879292707876,0.6892265516089957,4.130052724077338,,3.3373840596868654,5.909549851316398,3.476371308016857,4.9178873514835075,0,0,-0.2768239962709101,0.0037704344513087573,-0.8222524309692633,0.044489809117485346,-0.06282381462831155,-0.755658181889643,0.009064107911264385,0.0038103181092712934
1988-08,39.4489,52.163,60.309,89.6196,68.7598,61.5731,1493.0,1460.0,8.01,9.260434782608696,,,4.362807,10.5975,119.0,2952.1,721535.58,0.4401816120580766,-0.8205678825521626,6.560782027651058,0.758626406708571,0.7382608302222038,4.111986001749779,,3.494724897539414,5.974056447140197,3.744058823529417,4.670247125523463,0,0,-0.276245840540711,-0.00158584978102716,-0.8189820327711355,0.04779680747663162,-0.06687998950660068,-0.7536878930455619,0.0096171908111094,0.00635766211395844
1988-09,39.8533,51.9022,61.4324,88.3202,68.7125,61.3807,1492.0,1436.0,8.19,8.977142857142857,,,4.414214,10.48,119.5,2957.2,722947.69,0.45123652346801746,-0.7957636346718311,6.778674746802804,0.7553531016918319,0.2413536856280984,4.184829991281602,,3.616160918474187,5.8093489072282845,3.844292887029299,3.9641063883454564,0,0,-0.2805699547033137,0.02001939925412166,-0.8157830339259527,0.06398511612114843,-0.04404603047035016,-0.7517176042014809,0.005281025211357593,0.0023962498225395534
1988-10,40.0921,52.0451,62.0592,88.8469,69.14,61.6453,1522.0,1516.0,8.3,8.7955,,,4.3720582,10.3025,119.9,2965.4,726105.33,0.45124928388047303,-0.7957353563047864,5.901800505342991,0.7527494937807347,0.1438762405906513,4.260869565217407,,3.7634036041266805,5.682020554424594,3.874061718098387,3.0709105164859807,0,0,-0.2840227841137319,0.016932351329091877,-0.8126677076338783,0.06402934653467629,-0.04598804094738662,-0.7497473153573998,0.0018290484918510597,-0.001734602762355264
1988-11,40.1873,52.2069,62.8116,88.6865,69.2574,61.7944,1569.0,1508.0,8.35,8.9625,,,4.2504516,10.265,120.3,2980.3,729660.07,0.45313886555450944,-0.7915566539969289,5.773998538960379,0.7538097012016044,-0.4387671730902376,4.246100519930662,,3.932403492820935,5.769325991101981,3.9367414796342537,2.825891470905173,0,0,-0.28261532850306986,0.018090282862086804,-0.8096469368590157,0.08101057092426955,-0.043779627483610084,-0.7477770265133188,0.0032497769184792746,-0.00017848479296705966
1988-12,40.3328,52.467,63.5292,88.9259,69.5758,62.0743,1563.0,1501.0,8.76,9.105714285714283,,,4.4612583,10.612,120.7,2988.8,731917.76,0.45355515097401317,-0.7906384049709831,5.365683436043889,0.7540984077797165,-0.3301746227338531,4.41176470588236,,4.115154048455483,5.888060128795147,4.164507042253507,2.7185677308185774,0,0,-0.2822324051937246,0.016092023736754335,-0.8067304287077375,0.07389004987847958,-0.04483166730174537,-0.7458067376692378,0.0036577821485827555,0.0012304857139758263
1989-01,40.7232,52.5982,64.9709,88.2686,69.7708,62.2574,1621.0,1466.0,9.12,9.0915,,,4.4802056,10.73,121.2,2991.2,749023.08,0.4613554536947453,-0.7735864838618509,7.475033414041832,0.7538712469973112,0.2458115656791881,4.482758620689653,,4.4408358246951884,5.9817975702758375,4.438283828382827,3.032803472972123,0,0,-0.2825336855058369,0.030340150154922196,-0.8039266340167731,0.07074479263814903,-0.029750035036694156,-0.7438364488251568,0.003392556162805427,-0.0011422395452814205
1989-02,40.5492,52.2486,64.2816,88.5827,69.6484,61.9819,1425.0,1383.0,9.36,9.168947368421051,,,4.4007674,10.645,121.6,2991.2,752893.0,0.4577552953341905,-0.7814205273148745,6.754227257362033,0.750176601328961,-0.0935342353734991,4.647160068846801,,4.750187880323953,5.981021744865056,4.503552631578955,2.0893766547148473,0,0,-0.2874466317315079,0.019822358806328877,-0.8012428861212034,0.04290644686848799,-0.0395543673337988,-0.7418661599810757,-0.0014744540428182629,-0.003347194742069126
1989-03,40.3479,52.4178,63.318,89.4098,69.6239,62.1369,1422.0,1214.0,9.85,9.357727272727272,,,4.5305051,11.032,122.2,2998.9,760018.34,0.4512693239443551,-0.7956909471065459,3.675152754743305,0.7528707814414303,0.0224522114137537,4.892703862660941,,5.088940204499215,6.219710594319139,4.7260638297872415,2.0926552551783217,0,0,-0.2838616708995252,0.0029934642946914947,-0.7986844114012374,0.05268947401454338,-0.055795075969551244,-0.7398958711369946,0.002164998196881762,-0.0016015117336165563
1989-04,40.9464,52.3456,63.7892,88.8194,69.8636,62.1276,1339.0,1376.0,9.84,9.1755,,,4.7028561,11.05,123.1,3005.5,764712.45,0.4610073925291096,-0.77434120025916,4.985387433977417,0.749254261160318,-0.3173183110958377,5.034129692832767,,4.906402834984358,6.062054213629042,4.575532087733558,1.4992492817497372,0,0,-0.2886768855672117,0.02191385942522872,-0.7962550596843887,0.07065269769241311,-0.03641561796624637,-0.7379255822929136,-0.002588393588817961,-0.0084825562861498
1989-05,40.4072,52.1651,62.4817,88.4913,69.253,61.7744,1331.0,1381.0,9.81,8.85909090909091,,,4.852568,10.7725,123.7,3012.1,769275.7,0.456623419477395,-0.7838962551868993,2.708202051464259,0.753254010656578,-0.1777446413780747,5.276595744680845,,4.728002465328274,5.645958046540178,4.306184316895734,1.1309470413555012,0,0,-0.28335277651649804,0.0100622177318066,-0.7939584729187059,0.07023513739697829,-0.047940961738066834,-0.7359552934488325,0.002803495557654523,-0.002158957134190176
1989-06,40.9241,51.9533,61.7327,88.8834,69.4912,61.7697,1397.0,1322.0,9.53,8.277272727272727,,,4.3841384,10.196,124.1,3028.6,773227.11,0.4604245562163464,-0.7756062668574851,2.754286046483045,0.7476241596058205,-1.011818390566238,5.16949152542372,,4.929735186663176,5.567763157395578,4.146172441579377,0.8336456828265781,0,0,-0.29085488770322343,0.01619050439895897,-0.7917967712564441,0.07671836511956454,-0.04162126225273355,-0.7339850046047516,-0.004626072830482608,-0.013256986992411124
1989-07,40.3952,51.7451,59.6725,87.3072,68.3279,61.1738,1427.0,1283.0,9.24,8.0185,,,4.3266076,9.8825,124.5,3052.5,776260.08,0.46267890849781007,-0.7707219676443229,4.776002887363163,0.7573055808827727,-0.116443717086534,5.063291139240511,,4.709625389947014,5.325479786807508,3.975421686746983,-0.1504414293248324,0,0,-0.27798843344177543,0.019049408440415916,-0.7897713760847388,0.08914003097763445,-0.03870725188365243,-0.7320147157606705,0.008316297734248856,0.0011383884121758392
1989-08,40.9776,52.0699,61.9407,88.1884,69.3919,61.7732,1332.0,1334.0,8.99,8.112608695652174,,,4.127378,9.985,124.5,3074.6,778876.5,0.46465975116908803,-0.7664498591469364,5.41180234052262,0.7503743232279271,-1.0937258781633596,4.621848739495804,,4.669878463664001,5.625438873530442,4.175180722891558,0.32445265976672744,0,0,-0.2871830993223446,0.021432725303205502,-0.7878825844501419,0.07449722890029908,-0.03640543223034687,-0.7300444269165896,-0.0008001462814180571,-0.009182653313998868
1989-09,40.8332,51.8577,61.9088,87.7557,69.1262,61.5796,1279.0,1314.0,9.02,8.1905,,,4.0212728,10.126,124.8,3092.9,781822.09,0.46530538757026607,-0.7650613414960823,3.07022931757488,0.7501887851494803,-0.6860435890362948,4.435146443514637,,4.805485517958408,5.868729573937692,4.390144230769244,0.3235193366993627,0,0,-0.28743039059367664,0.02106802902753724,-0.7861293705236195,0.05272962236467704,-0.03698720342357387,-0.7280741380725084,-0.0009685555899817122,-0.010700921006002673
1989-10,40.2457,51.9574,60.8172,88.5894,68.722,61.4966,1410.0,1365.0,8.84,8.007619047619048,,,4.2239744,9.9475,125.4,3114.3,785545.65,0.45429475761208454,-0.7890090457680956,0.6726310536690816,0.7560519193271442,0.4377555311671055,4.587155963302747,,4.428947971494757,5.491563369128238,4.066315789473696,-0.24151011520370247,0,0,-0.27964522880206083,-0.004499825675659541,-0.7845092200924361,0.028729579709740105,-0.0629051965396683,-0.7261038492284273,0.006894558364230086,-0.0020504057351731775
1989-11,40.5311,52.0974,61.2492,88.88,68.9935,61.7044,1351.0,1344.0,8.55,7.874285714285714,,,3.9988063,9.7675,125.9,3133.6,790297.25,0.4560204770477048,-0.7852175646696163,0.633908932731253,0.7551059157746745,0.1718074725096441,4.655029093931851,,4.376198017957433,5.546884531885232,3.7217235901508823,-0.14575042985427444,0,0,-0.2808972537779734,-0.002199408783331469,-0.7830181558862849,0.029645033984205038,-0.061084004285269944,-0.7241335603843464,0.005718033113507381,-0.007208922617674918
1989-12,41.0819,52.0623,61.8994,90.327,70.0146,62.0428,1251.0,1422.0,8.45,7.836,,,3.6603593,9.744,126.3,3153.4,794612.18,0.4548130680748835,-0.787868783844674,0.2769621126309185,0.7435920508008329,-1.403030815314138,4.639602319801162,,4.620513311302021,5.868820773033923,3.641448931116398,-0.050758518651061735,0,0,-0.296262713346866,-0.006216270721921213,-0.7816525131227527,0.018640566622234234,-0.06570551230440869,-0.7221632715402653,-0.009576380593610379,-0.02299672965585392
1990-01,40.7348,51.9504,58.49,89.6266,68.9877,61.729,1551.0,1748.0,8.23,8.206666666666667,,,4.1516909,9.895,127.5,3166.3,797714.86,0.4544945362202739,-0.7885693869544117,-1.4982903092560784,0.7530385851390899,-0.1105125104645499,5.198019801980203,,3.9157396915578957,5.514369522348295,2.882164705882362,-0.8523567085913619,0,0,-0.2836388106104824,-0.008160607198264058,-0.7804087797561476,0.021123323903030622,-0.06837640425822733,-0.7201929826961844,0.0031117156294909742,-0.00792733861093442
1990-02,41.4352,52.4238,62.0869,89.2553,69.8445,62.2896,1437.0,1329.0,8.24,8.473157894736843,,,4.4318376,10.1975,128.0,3178.2,798773.19,0.46423237611660034,-0.767370041523533,1.4050485791341494,0.75057878573116,0.0535975969561286,5.263157894736836,,3.646553089093585,5.520981467437069,2.8280000000000083,0.4952070729176583,0,0,-0.28691065576194663,0.011913833902710946,-0.779283875426244,0.05479123392622709,-0.04914734767142981,-0.7182226938521032,-0.00010452189552462299,-0.01070905725828053
1990-03,42.142,52.5338,63.2506,89.3804,70.4324,62.5999,1289.0,1246.0,8.28,8.588636363636363,,,3.9925157,10.268,128.6,3189.2,798748.09,0.4714903938671119,-0.7518565506747861,4.383439643175979,0.745875477763075,-0.9334941700165578,5.237315875613735,,4.122877758211585,6.034553792412978,2.8912597200622114,0.7423665291343973,0,0,-0.29319661259969076,0.02641873580686349,-0.7782752864816496,0.04658639635143236,-0.03560414566676395,-0.7162524050080221,-0.006345406543664334,-0.01814597560307807
1990-04,41.8715,52.5558,61.7961,89.6143,70.0557,62.4359,1248.0,1136.0,8.26,8.7855,,,4.1347922,10.37,128.9,3201.2,798747.01,0.4672412773407815,-0.7609095008982297,1.343169936093025,0.7502001978425737,0.1261707952599888,4.711616571892785,,3.961411659685443,5.987631672635141,3.3887199379363686,0.495009580710537,0,0,-0.2874151776146118,0.016470171023165947,-0.7773796719213957,0.03271339762454717,-0.04662738473428851,-0.7142821161639412,-0.000531377123935306,-0.012191283394872132
1990-05,42.4971,52.683,62.3129,89.2902,70.3104,62.6258,1212.0,1067.0,8.18,8.758181818181818,,,4.2465017,10.4775,129.1,3201.3,799751.03,0.4759436085931043,-0.7424559011109817,4.144035407591762,0.749291712179137,-0.5274125907729577,4.365400161681476,,3.7732664749938527,5.977177361722452,3.655042602633629,1.368829461396448,0,0,-0.2886269024242276,0.03413595499910127,-0.776591856110083,0.040654266543322604,-0.030144073791121606,-0.7123118273198601,-0.0017244869187331702,-0.01676667154725381
1990-06,42.5244,52.8093,63.163,90.0474,70.7198,62.8382,1177.0,1108.0,8.29,8.48,,,4.1908762,10.164,129.9,3214.6,802892.74,0.47224461783460714,-0.7502581695217737,2.5348097335711417,0.7467399511876447,-0.1183391002202938,4.673650282030639,,3.934244484259364,5.732866463791186,3.454880677444172,1.7150215832036686,0,0,-0.29203827870542637,0.025647350128661595,-0.7759055196504353,0.034826734870915144,-0.039916631045994744,-0.710341538475779,-0.00513269236863495,-0.018853330013462843
1990-07,42.7135,52.7727,61.2544,90.0733,70.4716,62.7284,1171.0,1078.0,8.15,8.471428571428572,,,4.0715514,10.035,130.5,3224.7,806887.5,0.4742082281874873,-0.746108753777442,2.4613213866880868,0.7488506008094041,-1.1227346792865578,4.819277108433728,,3.9188890192713988,5.730142887059908,3.1775862068965437,2.509530236575852,0,0,-0.289215780234641,0.029203218815304077,-0.7753119725927461,0.06354158309678137,-0.03773750414574395,-0.7083712496316981,-0.0023238122577260434,-0.018580103683100035
1990-08,42.9357,53.0942,61.155,90.4852,70.6174,62.9475,1115.0,1069.0,8.13,8.752608695652174,,,4.1266926,10.1,131.6,3242.1,808758.57,0.47450522295358794,-0.7454826537143613,2.096720543257513,0.7518571910039169,0.1974220675801719,5.702811244979911,,3.844650492624968,5.736576521206049,2.296238601823708,1.8831432193610276,0,0,-0.2852088786465429,0.029318090206965852,-0.7748007439213271,0.05345232101418684,-0.03908169292674435,-0.7064009607876169,0.0016516932086397818,-0.014765145770789356
1990-09,42.9137,52.9765,61.2993,91.1374,70.8593,62.9523,1110.0,976.0,8.2,8.893157894736841,,,4.7322385,10.175,132.5,3254.7,810436.23,0.4708681616987099,-0.7531771356159533,1.188420588012895,0.7476294572483781,-0.34174111643962,6.169871794871806,,3.311073600322234,5.196834879071166,1.9121509433962287,2.204664989717564,0,0,-0.29084780175807284,0.021182199003230484,-0.7743593346191838,0.006101483296627963,-0.048746463672417306,-0.704430671943536,-0.0040372309813098695,-0.01850536399745062
1990-10,42.8545,52.7434,59.2547,90.6025,70.252,62.5845,1014.0,925.0,8.11,8.719545454545456,,,5.0042957,10.1775,133.4,3259.2,812655.11,0.47299467453988575,-0.7486711494544618,4.033789631363383,0.7507743551785003,-0.7004902712635097,6.379585326953752,,2.9576926156174244,4.926659681409573,1.626641679160401,1.753575488191661,0,0,-0.2866501315146959,0.025302060236372714,-0.7739732096908345,0.01384810482698251,-0.04621076635500687,-0.7024603830994549,9.089133121126247e-05,-0.013162262558499505
1990-11,41.8103,52.0664,55.9453,90.917,69.1516,61.7887,1145.0,941.0,7.81,8.392,,,4.9594235,10.014,133.7,3262.8,813662.66,0.4598732910236809,-0.7768042817398451,0.8413282929771282,0.7529312409257342,-0.2884115085243777,6.195393169181873,,2.715884295991766,4.815743390587501,1.5204113687359966,0.1365258675895653,0,0,-0.2837813688632172,-0.003177918585088979,-0.7736263631547561,-0.017890804671514715,-0.07631418748447127,-0.7004900942553738,0.0028698976669120357,-0.011063171798315896
1990-12,41.4194,51.6537,54.9231,90.5397,68.6695,61.3352,969.0,861.0,7.31,8.075,,,4.8876822,9.6725,134.2,3272.5,808230.57,0.45747224698115857,-0.7820390584428604,0.582972540181359,0.7522073118342204,1.1519400952258396,6.254948535233562,,2.3094397256115506,4.561849112917082,0.992943368107313,-1.147056620234732,0,0,-0.2847433123946076,-0.008738026500951901,-0.7733010319419085,-0.012643585789120393,-0.08351925303156749,-0.6985198054112929,0.001797321590437495,-0.011667585432260763
1991-01,41.3223,51.4239,54.967,90.9948,68.7445,61.1355,798.0,786.0,6.91,8.091904761904763,,,4.0730006,9.6375,134.7,3287.4,806600.5,0.4541171583431141,-0.7894000562075534,-0.083066925314168,0.7480438435074807,-0.6654877800115533,5.647058823529405,,2.725970601062877,5.346727170274379,1.1954342984409785,-0.9661124511985975,0,0,-0.29029368841059794,-0.016420382535511258,-0.7729796736720421,-0.040979764539412655,-0.09285053964034162,-0.6965495165672118,-0.0038854303427763304,-0.018008843437566424
1991-02,40.9864,51.1368,53.6147,90.5749,68.098,60.6838,965.0,853.0,6.25,7.854736842105264,,,3.7918137,9.365,134.8,3303.6,807030.43,0.45251388629741796,-0.7929368283629268,-2.556678683939373,0.7509295427178478,0.0467206190498448,5.312500000000009,,2.368381679026399,5.369581763075026,0.8902077151335286,-2.6117701550173678,0,0,-0.2864434495714482,-0.020291475590623165,-0.7726453527723036,-0.036319497706071235,-0.09835760063979593,-0.6945792277231309,-0.0001903027498218468,-0.011296850823369398
1991-03,40.9198,50.7298,53.8286,90.4395,68.0297,60.3346,921.0,911.0,6.12,8.11,,,3.7886339,9.5,134.8,3321.0,808351.83,0.4524549560756086,-0.7930670653813376,-4.121051470655157,0.7457007748086496,-0.0234252797901568,4.821150855365497,,2.246263403222226,5.502882045352764,1.2391097922848315,-3.6857943808214166,0,0,-0.29343086539759233,-0.02078479140715528,-0.7722822739741824,-0.01593286563580798,-0.10045812650228791,-0.6926089388790497,-0.0073562872864139095,-0.019783527856851724
1991-04,40.9153,51.0089,54.9461,89.8445,67.9086,60.4938,1001.0,916.0,5.91,8.039090909090909,,,3.7570386,9.4925,135.1,3331.9,807818.95,0.45540127665021235,-0.7865763219962771,-2.566682109804741,0.7511405035591956,0.1252621525138997,4.809930178432875,,2.07500274588599,5.527780550976513,1.049585492228,-3.1599550008218458,0,0,-0.28616255608947283,-0.01470027085685921,-0.7718760511394179,-0.050943814371707474,-0.09593767196130853,-0.6906386500349686,-0.00029071307280698067,-0.009817911956589542
1991-05,41.1567,51.4823,55.8159,91.305,68.6398,61.0633,996.0,991.0,5.78,8.067727272727273,,,3.6422551,9.472,135.6,3343.6,807832.16,0.4507606374240184,-0.7968188177894435,-5.436291667846183,0.7500356935771958,0.0992420276271277,5.034856700232382,,2.0626190523714394,5.624872687665006,0.7094247787610586,-2.526630272674968,0,0,-0.28763448214795634,-0.02540507627140176,-0.7714137415180418,-0.04805020595597864,-0.10815045659855582,-0.6886683611908877,-0.001989738676395958,-0.015088311012141087
1991-06,41.591,51.7818,57.1802,91.9958,69.3541,61.5581,1036.0,964.0,5.9,8.284,,,3.5765848,9.615,136.0,3352.8,805994.66,0.45209672615488966,-0.7938591261258687,-4.360095660409503,0.7466292547953185,-0.0148250535882854,4.695919938414161,,2.243185759104116,5.829903748670406,1.150073529411766,-2.058172450464557,0,0,-0.2921865292413092,-0.02297570291364115,-0.7708834232122276,-0.04539590940570637,-0.10716105377906215,-0.6866980723468066,-0.006793427643567773,-0.014649878126386184
1991-07,41.8345,52.203,58.1493,91.2408,69.3158,61.7305,1063.0,973.0,5.82,8.272727272727273,,,3.8492682,9.575,136.2,3356.2,804027.56,0.45850650147740923,-0.7797808075008529,-3.367205372341086,0.7531183366562891,0.5682870299074549,4.367816091954024,,1.8976848216249564,5.513502308916607,1.3914096916299634,-1.6036159483543422,0,0,-0.28353290993556646,-0.009505868935295925,-0.770274938565557,-0.02543396573931711,-0.0950530239981272,-0.6847277835027257,0.0015839677578189937,-0.01332768713404664
1991-08,41.6231,52.1683,57.2418,91.6895,69.1935,61.7298,1049.0,944.0,5.66,7.9,,,3.7712021,9.244,136.6,3355.0,802021.92,0.4539571052301518,-0.7897525672763946,-4.426991356203336,0.7539479864438134,0.2776981796622446,3.7993920972644313,,1.820156133663997,5.273908164546559,1.792503660322109,-1.9534249158160932,0,0,-0.2824318968499204,-0.02017284181985879,-0.7695797254565359,-0.06239700271031634,-0.1069950726177501,-0.6827574946586445,0.002384606972556935,-0.00502335866903042
1991-09,42.1732,52.4226,59.5628,92.1806,70.0549,62.2195,1015.0,974.0,5.45,7.65,,,3.5858551,9.0075,137.0,3355.0,800889.34,0.4575062431791505,-0.7819647480664457,-2.878761245049233,0.7483073989114252,0.0906377440554884,3.396226415094339,,1.7996133721156937,5.233962585688978,1.9863138686131432,-1.1708841321056873,0,0,-0.28994142431751796,-0.01317486617298802,-0.7687898818934576,-0.05180181661042682,-0.10117754225188225,-0.6807872058145634,-0.005449122266276918,-0.014884795928325034
1991-10,41.9511,52.5164,59.2753,92.1282,69.908,62.1855,1079.0,991.0,5.21,7.527272727272727,,,3.5977558,8.855,137.2,3360.0,798616.98,0.45535568913752783,-0.7866764310581565,-3.800528160369476,0.751221605538708,0.0595541379769026,2.8485757121439192,,1.5562539820964005,5.074669966933776,2.29602040816328,-0.6395790015674585,0,0,-0.2860545901349269,-0.01877752428174817,-0.7678989067764084,-0.01900704042614354,-0.10785951408767402,-0.6788169169704825,-0.001910161286732881,-0.012097247482216467
1991-11,41.9091,52.3095,59.4002,92.1087,69.8692,62.0871,1103.0,984.0,4.81,7.417368421052632,,,3.4862803,8.712,137.8,3365.8,798274.98,0.45499610785951816,-0.7874664142226787,-1.0662132482833653,0.748677528868228,-0.5665554865181,3.0665669409125185,,1.2791257895854669,5.049673913151564,1.6915602322205905,0.48177380435889816,0,0,-0.2894469237283982,-0.020565200295942776,-0.7669012139267359,-0.02984413735648106,-0.11061978609627732,-0.6768466281264014,-0.005673504635275828,-0.01606109408087214
1991-12,41.8256,52.2688,58.8578,90.8014,69.1641,61.7852,1079.0,1061.0,4.43,7.088571428571429,,,3.5525591,8.497499999999999,138.2,3373.0,798028.97,0.46062725905107194,-0.7751661117334453,0.6872946709415073,0.7557215376185044,0.466100525599894,2.980625931445613,,0.8473386921830306,4.77529569812436,1.4074240231548352,0.7309950322199832,0,0,-0.28008230713860865,-0.009373590572915091,-0.7657925211605302,-0.02570137871382505,-0.10028977245112503,-0.6748763392823203,0.00329763317729298,0.0005967964733347708
1992-01,41.1127,52.2047,56.2584,91.0892,68.3905,61.4616,1176.0,1077.0,4.03,7.032380952380953,,,3.2724393,8.431999999999999,138.3,3380.9,798982.71,0.45134549430667953,-0.7955221699915128,-0.6122113783959438,0.7633326266074967,2.023229146650052,2.672605790645899,,0.733555540214681,4.9960674260939975,1.3220607375270976,0.5319877372008008,0,0,-0.2700613969440974,-0.030952195558722417,-0.7645699744327904,-0.044289943669759135,-0.12261611955327345,-0.6729060504382394,0.01290365709568747,0.003869601168852932
1992-02,41.9651,52.4673,58.6443,90.946,69.151,61.8955,1250.0,1146.0,4.06,7.337894736842105,,,3.3409544,8.7625,138.6,3399.3,799640.38,0.4614287599234711,-0.773427603317953,1.9509225044973768,0.7587352315946263,1.0341048647892148,2.818991097922829,,0.6957992638782828,5.246270107991191,1.2069841269841453,1.9770703029326597,0,0,-0.27610240092355604,-0.010196232675647066,-0.763231370642306,-0.03866464700187744,-0.10249184172379477,-0.6709357615941582,0.006427191862165171,0.0032309279574924132
1992-03,42.4448,52.9097,59.8421,91.4478,69.775,62.4232,1297.0,1082.0,3.98,7.542272727272728,,,3.5870624,8.935,139.1,3403.1,799442.11,0.4641423850546432,-0.7675639094872106,2.5503155894126994,0.758290218559656,1.674177286950218,3.189910979228472,,0.3793307686269509,5.162746655898998,0.7656649892164191,3.4031264296117136,0,0,-0.27668909252809015,-0.005787253341318577,-0.7617766561458921,-0.07175764653808026,-0.09859843673713331,-0.6689654727500773,0.0053844004592712436,0.0011641778476696452
1992-04,42.8548,53.3262,60.9334,91.9941,70.2921,62.897,1099.0,1054.0,3.73,7.480476190476191,,,3.3684803,8.8525,139.4,3399.2,797658.14,0.4658429181871446,-0.7639067871178691,2.266953487840806,0.7586371725983432,0.9930906741273448,3.182827535159149,,0.34973881685285146,5.305311332897666,0.5302941176470677,3.8957587368800617,0,0,-0.2762316493481994,-0.003700301745791612,-0.7602064853720775,-0.043079883932956475,-0.09691160321187287,-0.6669951839059962,0.0053645953973886495,0.00030773316888527136
1992-05,43.196,53.3687,62.851,91.7674,70.6871,63.104,1214.0,1056.0,3.82,7.392,,,3.4097229,8.672,139.7,3399.1,797667.9,0.4707118214093458,-0.753509216360246,4.330960142919748,0.7549991441154044,0.6595818792220487,3.023598820059004,,0.39674905656286175,5.088764337071838,0.773027916964919,3.287312793238595,0,0,-0.28103866335573585,0.005012698281736672,-0.7585219146419827,-0.06357566216224575,-0.08848432129833095,-0.6650248950619151,5.830088884917206e-05,-0.0014602508959256078
1992-06,43.2947,53.5681,61.9688,91.7131,70.4994,63.1363,1145.0,1057.0,3.76,7.261818181818182,,,3.5547337,8.51,140.1,3394.0,797276.31,0.4720666949432524,-0.7506350005330148,4.322412559285393,0.7598376723773537,1.753607174900862,3.0147058823529305,,0.19822010319168193,4.7851663781546705,0.7234832262669633,2.531443717931481,0,0,-0.2746504574923006,0.006089256709113089,-0.7567242572421279,-0.0477167237945616,-0.08758039431518061,-0.6630546062178342,0.005923937634888521,0.0042535314488508225
1992-07,43.7523,54.0124,63.6212,92.4218,71.2898,63.7176,1139.0,1089.0,3.25,6.844545454545455,,,3.2800719,8.128,140.5,3393.9,798068.16,0.47339805110915384,-0.7478186987059243,3.196210879492856,0.7576455537818875,0.5993300085579245,3.1571218795888534,,-0.029116846499788185,4.693962746941116,0.090035587188586,3.16826833866779,0,0,-0.2775396098499872,0.0069957796490612845,-0.7548144783549856,-0.053894020816599775,-0.08673438133217126,-0.6610843173737531,0.0024876671375770876,0.00016983607001047618
1992-08,43.5382,53.4438,63.0459,92.6349,71.1597,63.3613,1226.0,1075.0,3.3,6.585714285714286,,,3.113691,7.975,140.8,3398.7,799823.8,0.4699978086012939,-0.755027246839341,3.4725320437053675,0.7510402657684054,-0.386411560244243,3.074670571010252,,0.1806830869820919,4.71451361390991,0.2186079545454466,2.608646848765961,0,0,-0.28629601245236286,-0.0022341265413616807,-0.7527931202979793,-0.057775300630813375,-0.09591321830966881,-0.6591140285296722,-0.006842074417046096,-0.008009431257010369
1992-09,43.7417,53.8403,62.8464,92.3016,71.0813,63.5703,1186.0,1114.0,3.22,6.415238095238095,,,3.0056291,7.922499999999999,141.1,3410.4,800198.9,0.4738996940464738,-0.7467595956165812,3.520515244986444,0.7574467546316682,1.2139389333093498,2.9927007299270114,,0.20811571355181524,4.773400194688993,0.2206945428773865,2.147792470843868,0,0,-0.27780203498442446,0.003900643953919869,-0.7506602395705011,-0.014508503649153348,-0.0896158559309902,-0.657143739685591,0.0010504987409659106,0.0011923674423141573
1992-10,43.8838,54.1596,64.231,93.1949,71.7662,63.9995,1244.0,1132.0,3.1,6.589047619047619,,,2.9535204,8.088,141.7,3423.9,799555.99,0.4708819903235048,-0.7531477676890861,3.352866336907045,0.7546672388951902,0.4576220060810099,3.279883381924198,,0.14227740773784525,4.987182157590397,-0.1741707833451067,2.875341723153202,0,0,-0.2814783700741168,-0.004731719869467188,-0.7484160478196189,-0.02828650494965812,-0.09797431684757618,-0.6551734508415099,-0.0032566754173310453,-0.004715838333222422
1992-11,44.2094,54.4684,64.7845,93.0801,71.9784,64.2422,1214.0,1118.0,3.09,6.873157894736842,,,3.0830561,8.305,142.1,3426.9,802697.98,0.4749608133209999,-0.7445229766222446,4.294343760043407,0.7567325753281541,1.070156671818323,3.12046444121914,,0.006736218601499644,5.065763567325998,-0.0295425756509426,3.412207773536924,0,0,-0.27874535701021497,0.0015375091921039363,-0.7460604858143486,0.03136870809268988,-0.09131981462481564,-0.653203161997429,-0.0011853785330128153,-0.00019147713059358695
1992-12,44.6459,54.4183,65.483,92.7959,72.2088,64.3507,1227.0,1176.0,2.92,6.77,,,3.0122331,8.206,142.3,3425.3,806118.69,0.4811193166939487,-0.731639979983306,4.35261317501393,0.7536242120074008,-0.2779120637556254,2.966714905933454,,-0.08953606501325151,5.0418933205322425,-0.0453689388615896,4.068395841129213,0,0,-0.2828614277761649,0.011953842932057701,-0.7435938229153637,0.048147532245375824,-0.08040710682995811,-0.6512328731533479,-0.005995258783810964,-0.006364806743134943
1993-01,44.7924,54.6276,66.4244,93.0307,72.5463,64.5978,1210.0,1177.0,3.02,6.6000000000000005,,,3.0462732,7.9925,142.8,3418.9,809325.43,0.4814797695814393,-0.7308910640338161,6.463110595769672,0.7530032544733501,-1.3624332237724746,3.2537960954446943,,-0.025496506747990644,4.800005518297579,-0.2264285714285829,4.976776492529211,0,0,-0.28368572918182217,0.010125157678049779,-0.7410162217118659,0.044293323204930624,-0.08162847972454934,-0.6492625843092668,-0.007546596855913024,-0.004436811097128512
1993-02,44.8549,55.0264,66.1573,93.3385,72.5935,64.9089,1210.0,1148.0,3.03,6.258947368421053,,,2.9146659,7.6825,143.1,3413.8,814058.92,0.48056161176792,-0.7327998345089486,4.062776880900443,0.7580072596031325,-0.0959915149231771,3.2467532467532534,,0.11206770093590279,4.632803360244875,-0.2099371069182454,4.753726921232637,0,0,-0.2770623160727878,0.00552718015612641,-0.738327014665075,0.025258114334462567,-0.08550753904376274,-0.6472922954651859,-0.0016841651338365682,0.0011778937361524022
1993-03,44.9589,54.8593,66.5533,93.2072,72.5915,64.8522,1083.0,1056.0,3.07,5.975217391304348,,,2.9762001,7.495,143.3,3410.9,813656.29,0.4823543674737574,-0.7290762328325908,3.848767665461983,0.7557262213895566,-0.3387016882513249,3.0194104960460155,,0.0910889117183622,4.3881983367145105,0.0491067690160385,3.817383347945924,0,0,-0.2800761094106034,0.006448598267670191,-0.735524831100261,0.0342094443024622,-0.0837542262114861,-0.6453220066211047,-0.005493078048813549,0.0018922508468026678
1993-04,45.2556,55.0541,66.8915,93.209,72.7859,65.0301,1258.0,1104.0,2.96,5.9695238095238095,,,2.9080126,7.471999999999999,143.8,3410.7,819756.94,0.4855282215236726,-0.7225178641581458,4.1388922959723295,0.7563841348393027,-0.2974267634249294,3.1563845050215145,,0.05051832086397923,4.435016559633764,-0.1903755215577063,3.335177181629856,0,0,-0.2792059169824487,0.010090052352593415,-0.7326079165107392,0.009797037398824315,-0.07916614638112196,-0.6433517177770238,-0.005452219901801947,-0.002968428433437531
1993-05,45.3119,54.8856,66.9957,92.1682,72.3873,64.784,1260.0,1112.0,3.0,6.0355,,,2.8227684,7.465,144.2,3437.5,819759.05,0.4916218392026751,-0.7100454775360079,4.346373882423816,0.7582214007153188,0.4258812743751505,3.2211882605583497,,0.17236610408166708,4.514789547331444,-0.2142857142857224,2.6274500309635407,0,0,-0.27677985061198435,0.019528591034492337,-0.7295740685705002,0.038213234625830594,-0.06866404860306519,-0.6413814289329427,-0.003889397566487318,0.0024366159551761357
1993-06,44.9868,55.1641,66.3822,92.7777,72.3553,64.9301,1280.0,1130.0,3.04,5.962727272727273,,,2.8107258,7.4175,144.3,3442.7,823811.81,0.4848880711636525,-0.7238371957845822,2.679780474843263,0.7624057947379114,0.3374131474355279,2.9978586723768963,,0.22300610973802204,4.480830345426878,0.0409147609147453,2.801542516318545,0,0,-0.2712763260179453,0.002583188470872466,-0.7264203842554546,0.011127574789645212,-0.08442605569572059,-0.6394111400888616,0.0007176568147526097,0.008556469187370297
1993-07,44.9981,55.1456,66.2899,93.7994,72.8084,65.1052,1254.0,1174.0,3.06,5.805238095238095,,,2.8204755,7.206,144.5,3441.9,829518.73,0.4797269492128947,-0.7345381927465202,1.328050595940411,0.7574071123661555,-0.0314763206624102,2.8469750889679624,,0.23295408704855358,4.265224877315421,0.2071280276816578,2.1543603587566906,0,0,-0.2778543730566113,-0.01139558835716259,-0.7231426043893576,-0.027690955886797264,-0.09709734150173954,-0.6374408512447807,-0.006789132940951514,-0.0017757381708095599
1993-08,44.5706,55.2049,65.5626,93.9803,72.4754,65.0267,1300.0,1230.0,3.03,5.677727272727273,,,2.8309168,7.1125,144.8,3445.6,834235.53,0.4742547108276947,-0.7460107370003334,0.9016509839007592,0.7617053510570484,1.4100535974677195,2.840909090909083,,0.19360247500972427,4.163711978108098,0.1838674033149301,2.5944689811367994,0,0,-0.27219547647768566,-0.02627444659245659,-0.7197362904078768,-0.018580407563323242,-0.11054017459963383,-0.6354705624006995,-0.0020903477471715948,0.004312381542657728
1993-09,45.3463,55.398,66.943,93.6981,73.0136,65.3717,1343.0,1251.0,3.09,5.36,,,2.6860327,6.915,145.0,3452.6,840602.98,0.48396178791245503,-0.7257493259763688,2.1010269640212464,0.7587353588920421,0.1699801836661407,2.763997165131116,,0.39340043565632143,4.118347148881529,0.3172344827586215,2.7943062955201547,0,0,-0.27610223314776305,-0.009551530869387315,-0.7161977951069814,-0.020154032553275858,-0.09224905241975012,-0.6335002735566186,-0.006987209166805564,0.0028836626909372054
1993-10,46.2986,55.83,68.6608,93.4849,73.6075,65.8509,1392.0,1287.0,2.99,5.334,,,2.7698057,6.8340000000000005,145.6,3456.9,847616.63,0.4952521744153334,-0.7026882028723106,5.04595648167755,0.7584824915939272,0.5042806679316059,2.752293577981657,,0.21425972200703747,3.954657958451313,0.2313392857142826,2.851782469270603,0,0,-0.27643556339480074,0.009837093024677612,-0.7125252958969882,0.03517398790636561,-0.07115821815977308,-0.6315299847125375,-0.008339117061075763,-0.00026135291686407713
1993-11,46.549,56.2418,69.2862,93.3627,73.771,66.1518,1376.0,1357.0,3.02,5.724,,,2.8056918,7.155,146.0,3470.7,856523.42,0.49858241032018136,-0.6959863866533926,4.853658996885201,0.7623835924685852,0.7439909240093245,2.744546094299793,,0.2084594697508768,4.230610313348415,0.2680958904109465,2.9291785447660423,0,0,-0.2713054477701217,0.012731246835575583,-0.7087176334889682,0.04317407389400718,-0.06642669078493624,-0.6295596958684564,-0.004254046291711555,0.009088332757251849
1993-12,46.8626,56.644,69.6572,93.5536,74.0219,66.5436,1533.0,1461.0,2.96,5.774090909090909,,,2.6618748,7.172,146.3,3475.0,865650.58,0.5009171213079988,-0.6913146181126906,4.032536187061542,0.765232991857815,1.528650077022481,2.8109627547435068,,0.2903952422267819,4.393184138499673,0.1449624060150478,3.3509559928289967,0,0,-0.2675749270059401,0.01345834734984186,-0.7047729654625324,0.03733318471005442,-0.06372521108831508,-0.6275894070243755,-0.00159245279598208,0.00630347509341761
1994-01,47.06,56.7306,70.6958,93.8342,74.3685,66.7351,1272.0,1390.0,3.05,5.750500000000001,,,2.8546535,7.0600000000000005,146.3,3474.8,872021.82,0.5015228989004009,-0.6901060118042235,4.0785052229592615,0.7628310373343553,1.2967011790314842,2.450980392156854,,0.18992480490929164,4.08863027281503,0.58468899521531,3.255069690797363,0,0,-0.2707187173915073,0.010582553478704626,-0.7006885652829281,0.07541284686063854,-0.06448689362392912,-0.6256191181802944,-0.005826172648312367,-0.00172723288682064
1994-02,46.6225,56.9375,70.6057,94.134,74.191,66.774,1337.0,1269.0,3.25,5.9731578947368416,,,2.8042649,7.1525,146.7,3475.1,880352.86,0.49527800794611937,-0.7026360418554092,3.016379265353941,0.7674448383227076,1.2373642076857094,2.515723270440251,,0.4335764673124798,4.229625204975318,0.7162576687116617,2.8329034858925795,0,0,-0.2646886739959307,-0.006175270047461878,-0.6964607718079473,0.02609634899612412,-0.07898721251919594,-0.6236488293362132,-0.0009040701159837017,0.007684138783732197
1994-03,47.1393,57.5369,71.2786,94.9129,74.9161,67.4552,1564.0,1342.0,3.34,6.482608695652174,,,3.2724485,7.675,147.1,3479.2,891333.16,0.4966585153335321,-0.6998525809255582,2.9223651907032577,0.7680178226042199,1.6133769822782862,2.6517794836008246,,0.06541096002001812,4.2630455304834,0.6704418762746744,3.9352839197925427,0,0,-0.26394233958782054,-0.0077673919297232,-0.692085188995835,0.021220014327374526,-0.0781740404334259,-0.6216785404921323,-0.0012802925704575863,0.0071550388371581786
1994-04,47.4577,57.9858,72.1835,94.8446,75.1985,67.8541,1465.0,1392.0,3.56,6.972105263157895,,,3.2195329,8.315999999999999,147.2,3480.5,900989.53,0.5003732421244858,-0.6924009747917618,3.011688936638401,0.7711031470042621,1.9272786019151775,2.364394993045882,,0.3298475496201325,4.937502579998565,1.16798913043481,4.250957223694218,0,0,-0.2599331309632969,-0.004843125148727867,-0.6875578496430339,0.030874125505959804,-0.07269272314371056,-0.6197082516480512,0.0015952013719416902,0.01190594744973339
1994-05,47.5858,58.3489,72.4115,95.4694,75.4562,68.1663,1526.0,1396.0,4.01,7.183333333333333,,,3.2434833,8.5975,147.5,3491.4,912863.7,0.4984403379512179,-0.6962713798898486,1.3774097646159331,0.7732817184008737,1.9668001947504177,2.288488210818307,,0.742435915081141,5.185815635881386,1.6829966101694849,5.0891648537369605,0,0,-0.25711184866448017,-0.013396053941644892,-0.6828753259482037,0.01735287503808669,-0.07853341708587824,-0.6177379628039703,0.0032751582580959893,0.016651077140318715
1994-06,47.8533,58.7944,73.0921,96.1102,75.9023,68.6265,1409.0,1357.0,4.25,7.101363636363636,,,3.4229273,8.3975,147.9,3479.8,924216.02,0.49790032691639385,-0.6973553687437479,2.648182704083424,0.7746063031028046,1.5875951319093529,2.494802494802495,,0.799699565262646,4.8099322170317205,1.7124746450304151,5.536745087497241,0,0,-0.2554003746988518,-0.019320842305608377,-0.6780345264381396,0.004095091268826345,-0.08158769478385874,-0.6157676739598892,0.0038411323916529017,0.011995550010191591
1994-07,48.41,59.0212,73.2996,95.3181,75.8293,68.7178,1439.0,1335.0,4.26,7.298,,,3.2848815,8.614,148.4,3488.1,931134.74,0.5078783567863816,-0.677513315222534,5.702487752398621,0.778342936041873,2.7266312960287253,2.69896193771626,,0.9441057450407353,5.159630744214994,1.520013477088944,5.400384005715786,0,0,-0.25058806009632406,-0.004480025301373702,-0.6730332899211603,0.030874230049370732,-0.06371593010672594,-0.6137973851158081,0.007506981612283747,0.019458438146509938
1994-08,48.6056,59.3881,74.5531,96.4857,76.505,69.1785,1450.0,1377.0,4.47,7.236086956521739,,,3.2882372,8.5125,149.0,3485.6,944803.17,0.5037596244832137,-0.6856560602298821,6.035467677045125,0.7762642964512124,1.893324790209422,2.900552486187835,,1.1441407386125757,5.057945552777809,1.5252080536912738,6.18921659229148,0,0,-0.25326222857559144,-0.0177852632991371,-0.667870796930745,0.03543381407870416,-0.07382896395815497,-0.6118270962717272,0.003688324325572423,0.02068820638430091
1994-09,49.0994,59.7088,74.8332,95.6197,76.4951,69.3961,1474.0,1412.0,4.73,7.457142857142857,,,3.251555,8.64,149.3,3486.7,957375.6,0.5134862376685977,-0.6665320510075416,5.921727496882712,0.7805571860158363,2.8354959875082826,2.965517241379323,,1.4318864253424435,5.21875433256187,1.7136637642330754,5.974122686873162,0,0,-0.24774727327268023,-0.00398551189430052,-0.6625465391132411,0.04632841897268314,-0.05667524357989562,-0.609856807427646,0.008063188201603316,0.021372185630280677
1994-10,49.9541,60.0628,75.8168,96.4584,77.3498,69.9544,1450.0,1397.0,4.76,7.744,,,3.4983836,8.925,149.4,3484.8,968468.71,0.5178823202541198,-0.6580072435087637,4.468095936354688,0.7765087951100068,2.3488253543836657,2.609890109890123,,1.2189720806422333,5.243189517792612,2.09542168674699,6.045050568428678,0,0,-0.2529473098509641,-0.0009460003060387523,-0.657061243202725,0.07355573222933554,-0.05012072492519859,-0.6078865185835651,0.0017296222494799784,0.01971335117756784
1994-11,50.6184,60.6078,75.7647,96.6829,77.7694,70.4326,1511.0,1340.0,5.29,7.955,,,3.5738487,9.17,149.8,3487.8,981426.11,0.5235507002789531,-0.6471214046906777,4.886498196271494,0.7793270875177125,2.198100781401588,2.602739726027403,,1.6569349517664422,5.403054313651268,2.6190921228304243,6.270412308772322,0,0,-0.24932443995610584,0.00429450801425435,-0.651415912704932,0.06072731288676991,-0.04120517495119369,-0.605916229739484,0.004227129552391545,0.018903763482396724
1994-12,51.1411,61.392,76.5506,97.3586,78.425,71.1523,1455.0,1396.0,5.45,7.813809523809524,,,3.9072213,9.198,150.1,3486.7,997301.74,0.5252859018104205,-0.643812589740609,4.750202837208162,0.7828116034427798,2.271170643379489,2.597402597402576,,1.4847656213861082,5.091829647454915,2.7803797468354707,6.696527816292619,0,0,-0.2448632205721452,0.0017990270794543406,-0.6456116168200633,0.06955288169573637,-0.039866648845206076,-0.6039459408954029,0.007572637742494059,0.025704199126589444
1995-01,51.4472,61.5689,76.9074,96.9063,78.4473,71.2734,1407.0,1282.0,5.53,7.7795,,,3.7001702,9.1475,150.5,3492.2,1010395.04,0.5308963400728333,-0.6331884932327491,5.691751857147443,0.7848440927858575,2.844852855050972,2.8708133971291794,,1.7645388589728528,5.252961291668168,2.584976744186052,6.579213489393609,0,0,-0.2422701888409976,0.006460633285847672,-0.6396491265185967,0.06675269470737544,-0.031212841181427087,-0.601975652051322,0.009060800743404485,0.029973807514119988
1995-02,51.4895,61.4344,76.5124,97.4286,78.5076,71.193,1316.0,1254.0,5.92,7.469473684210525,,,3.5637152,8.8275,150.9,3489.2,1018559.11,0.528484449124795,-0.6377418986557583,6.489414319965093,0.7825280609775359,1.946317745929063,2.862985685071595,,2.275203043314522,5.082653504496926,2.9719284294234205,6.40807157586476,0,0,-0.24522549653664008,-0.004212810817183943,-0.6335290878385743,0.06451074034598181,-0.037736535448517405,-0.6000053632072408,0.005012131969057004,0.02405858606469294
1995-03,52.0024,61.4978,76.4049,97.4276,78.6863,71.3113,1249.0,1226.0,5.98,7.204782608695653,,,3.474127,8.462,151.2,3489.9,1033632.09,0.5337542954973745,-0.6278196667014292,7.203291422412905,0.7815566369240896,1.7474679913012796,2.7872195785180187,,2.4217387212167596,4.820405974529263,3.106203703703714,5.559112631030327,0,0,-0.24646765967480774,-0.0005679685384807343,-0.6272516981629485,0.07132225219313304,-0.029784592338269245,-0.59803507436316,0.0026881513693541026,0.023758246802730337
1995-04,51.9555,61.5656,76.1798,96.8933,78.38,71.1882,1267.0,1259.0,6.05,7.062631578947368,,,3.4644238,8.32,151.8,3498.2,1043695.17,0.5362135462410714,-0.6232227900882189,6.917818470354287,0.7854758867057924,1.846761118628143,3.125000000000022,,2.4990002408924683,4.692991099419808,2.8363636363636147,4.7967262477434325,0,0,-0.24146551977701547,-0.0024053426572409053,-0.620817447430978,0.05907212529310357,-0.027158004569140082,-0.5960647855190788,0.006619705323698211,0.02884274603629977
1995-05,52.6284,61.7886,75.6128,97.7093,78.9069,71.5378,1314.0,1271.0,6.01,6.632727272727274,,,3.4662409,7.955,152.1,3525.1,1057470.83,0.5386222191746334,-0.6187408458821435,7.753053400770504,0.7830569950156451,1.2562053593192095,3.1186440677966054,,2.458540174914181,4.338380384707685,2.8039119000657475,4.8275673504005745,0,0,-0.24454979507128807,-0.004513980857962174,-0.6142268650241813,0.04785877913250802,-0.024646349207145812,-0.5940944966749977,0.0024755768278033607,0.02435076750498441
1995-06,53.2969,61.8438,76.0623,97.9845,79.3772,71.7749,1281.0,1305.0,6.0,6.168181818181818,,,3.0571159,7.566,152.4,3549.4,1069377.91,0.5439319484204135,-0.6089311347666199,8.842423397712807,0.7791128938788469,0.5801052626307396,3.0425963488843744,,2.855585540406147,4.3751312664087605,2.8700787401575,4.485607524907298,0,0,-0.2495993220725444,-0.001450487404859202,-0.6074806473617607,0.08221348972774767,-0.01680692693570307,-0.5921242078309168,-0.003624029111268884,0.017433954488041165
1995-07,53.0342,61.5627,74.4278,98.0443,78.9756,71.4748,1461.0,1354.0,5.85,6.2780000000000005,,,3.2567759,7.6075,152.6,3567.5,1077737.0,0.5409207878479422,-0.614482428881806,6.303088634072795,0.779515445276769,0.1505283754099057,2.8301886792452717,,2.511432375645195,4.21349985226489,2.9366972477064435,3.933667682946851,0,0,-0.249082776342225,-0.013902624547995068,-0.600579804333811,0.10137548808556973,-0.024328509894970374,-0.5901539189868357,-0.004148918448036415,0.020899428969691297
1995-08,54.0974,62.324,76.7473,98.8883,80.1794,72.4223,1416.0,1386.0,5.74,6.488260869565217,,,3.2675624,7.86,152.9,3588.9,1089602.05,0.5470556172974963,-0.6032048047682197,8.245125546166243,0.7773068893007431,0.1342188907221264,2.617449664429538,,2.3942054431605353,4.447125015124809,3.042903858731183,4.582414230899268,0,0,-0.2519200396683702,-0.009679358209500943,-0.5935254465587188,0.12390109449654385,-0.01502117462546515,-0.5881836301427545,-0.00801985169492872,0.013707128785733491
1995-09,54.6223,62.5879,77.5568,98.745,80.4803,72.7144,1369.0,1421.0,5.8,6.1975,,,3.2099157,7.636,153.1,3602.9,1106612.68,0.553165223555623,-0.5920985453114155,7.443350569612617,0.7776797551698987,-0.3693192017829111,2.54521098459477,,2.5095304869045654,4.288429333539323,3.174003919007196,4.670876923491996,0,0,-0.25144046529050934,-0.005778895196506761,-0.5863196501149087,0.10706323313751664,-0.00588520401274184,-0.5862133412986736,-0.008566772696527697,0.01827115470269952
1995-10,54.5738,62.6911,76.646,98.0084,79.9387,72.5866,1369.0,1400.0,5.76,6.044761904761905,,,3.1309968,7.475,153.5,3614.1,1113528.51,0.5568277821084724,-0.5854992751785453,7.250796833021845,0.7842396736499343,0.990671068676066,2.7443105756358666,,2.549188199061425,4.21212180119257,2.935140065146591,3.6936730586155875,0,0,-0.24304059916420342,-0.006534111920086572,-0.5789651632584587,0.07691985886278907,-0.0012562227239527601,-0.5842430524545925,-0.0011862610793011708,0.024191669240583663
1995-11,54.7972,62.9059,76.6915,98.3019,80.0812,72.7779,1452.0,1430.0,5.8,5.93047619047619,,,2.9833163,7.377499999999999,153.7,3620.4,1132160.17,0.557437852167659,-0.5844042577942171,6.271714689646057,0.7855264406627274,0.7923279035944669,2.603471295060067,,2.735087392014779,4.266888907713295,3.115419648666262,3.2756113524103014,0,0,-0.24140116092016117,-0.012939122236604206,-0.5714651355576129,0.0635820159052014,-0.002131494183705507,-0.5822727636105116,-0.0005584752300941409,0.024317110237437878
1995-12,55.2327,63.1358,77.1919,98.4684,80.4264,73.0305,1431.0,1442.0,5.6,5.7115,,,2.7518619,7.2,153.9,3629.8,1140744.36,0.5609180204004534,-0.5781805153311317,6.563207440947727,0.785013378691574,0.2808702146390174,2.5316455696202667,,2.7718603316131185,4.329009730576949,2.992592592592591,2.6054512024954235,0,0,-0.24205451842575504,-0.014357344992743548,-0.5638231703383881,0.06713972287837522,0.0021219594352988036,-0.5803024747664305,-0.0022151393931737207,0.021401398561243068
1996-01,54.6301,63.1231,75.0853,97.875,79.5142,72.6125,1467.0,1387.0,5.56,5.652380952380953,,,3.0038319,7.029999999999999,154.7,3647.4,1153270.3,0.5581619412515965,-0.5831061414089518,5.008235182379728,0.7938594615804473,1.142135491115015,2.7906976744185963,,2.481624278290573,3.9087556508662358,2.694117647058847,1.861389703564864,0,0,-0.23084883392984745,-0.027062371931995233,-0.5560437694769566,0.06820030832450541,-0.004773955486602421,-0.5783321859223494,0.00799626658870517,0.03331579799251527
1996-02,55.9869,63.9686,77.0734,98.8902,80.9324,73.6752,1491.0,1420.0,5.22,5.8055,,,2.9196834,7.075,155.0,3660.8,1163093.78,0.5661521566343278,-0.5688924089308756,6.884948972488269,0.7903954411335881,1.0003596174953473,2.717031146454607,,2.2350599263503135,4.037436244192727,2.4367612903225755,3.427174426712565,0,0,-0.2352219003616866,-0.02075997704353827,-0.5481324318873373,0.10132245956600705,0.0074694881473929,-0.5763618970782685,0.0026387860215264514,0.025094299408444598
1996-03,55.8602,63.9414,74.6177,99.2111,80.5749,73.585,1424.0,1437.0,5.31,6.268571428571428,,,2.6168022,7.624,155.5,3685.4,1171684.26,0.5630438529559696,-0.5743977623021795,5.342190439924965,0.7935647453487377,1.5247511972864198,2.8439153439153486,,2.624519320677088,4.879510657758557,2.3978906752411437,3.1386400479798127,0,0,-0.23122014770194355,-0.034301226487245984,-0.5400965358149336,0.09055834943190888,-6.154067992203416e-06,-0.5743916082341873,0.005666269863560114,0.030311219764387
1996-04,57.2628,64.5363,78.0926,98.836,81.6807,74.3172,1516.0,1463.0,5.22,6.511363636363637,,,3.1333648,7.925000000000001,156.1,3696.4,1180903.1,0.5793718887854628,-0.5458107126260145,7.741207746220436,0.7901046391620051,0.587563212005443,2.832674571805005,,2.0232397188305606,4.64605727670393,2.3215631005765625,4.301534453053524,0,0,-0.23558988765696104,-0.013865811455793464,-0.5319449011702211,0.09987481005758325,0.026610606764091882,-0.5724213193901064,0.0003325040983752914,0.021312041648144153
1996-05,58.0292,65.1132,78.4791,98.8829,82.0869,74.8726,1504.0,1457.0,5.24,6.736818181818182,,,3.2478188,8.07,156.4,3710.7,1191113.69,0.5868476753816888,-0.5329899896235569,8.575085625858659,0.7932227919436597,1.2898646491993433,2.827087442472065,,1.9295140789937992,4.670492080167787,2.346572890025578,4.556202116834029,0,0,-0.23165114857929464,-0.009301259730264522,-0.5236887298932924,0.13316549011160939,0.03746104092246838,-0.5704510305460253,0.003317164572365444,0.023546070460922608
1996-06,58.9167,65.5845,80.1636,99.0797,82.7867,75.4433,1467.0,1429.0,5.27,6.912000000000001,,,3.2261356,8.32,156.7,3723.3,1200950.02,0.5946394670149384,-0.519799994881022,8.913113988559784,0.792210584550417,1.6671289146322348,2.8215223097112663,,1.979987324062904,4.934665402702532,2.381289087428229,4.984654797732091,0,0,-0.23292803292622205,-0.00445980805320878,-0.5153401868278132,0.16030908833844992,0.04868074682092216,-0.5684807417019442,0.001095829936639564,0.021350867736799117
1996-07,59.6567,65.5719,80.4775,98.2565,82.8337,75.4549,1472.0,1450.0,5.4,6.865454545454545,,,3.144873,8.245000000000001,157.0,3737.5,1211897.36,0.6071527074544687,-0.49897494220794186,11.55074866738642,0.7916089707449988,1.539504344596332,2.8833551769331667,,2.1863684877483136,4.944624828807531,2.446114649681519,5.419018675313669,0,0,-0.23368773289626169,0.007937140530321962,-0.5069120827382638,0.1658574892337657,0.06753551064992142,-0.5665104528578633,-0.0005992412575848427,0.01714884775133399
1996-08,59.964,66.1862,79.6105,98.1876,82.7749,75.8411,1557.0,1413.0,5.22,6.635454545454545,,,3.1073244,8.001999999999999,157.2,3744.1,1220503.0,0.6107084805005927,-0.493135552324833,11.006925244338667,0.7995926301330476,2.826714632784028,2.8122956180510084,,2.0490063264603675,4.7471657600301365,2.341844783715019,4.612609904526099,0,0,-0.2236528933405299,0.00528198577318395,-0.498417538098017,0.1745878583868699,0.07140461168894913,-0.5645401640137822,0.008508680789010598,0.027729796132339835
1996-09,60.6349,66.4445,80.5695,99.1208,83.5848,76.3158,1475.0,1392.0,5.3,6.832000000000001,,,3.1347765,8.23,157.7,3754.2,1225271.76,0.6117273064785596,-0.4914686734184424,10.062987189297306,0.7949352035298284,2.1945792647065114,3.004572175048992,,2.099411637353943,4.940354430302185,2.228471781864294,4.834055497599632,0,0,-0.22949467264344423,-0.0015995512283114577,-0.48986912219013096,0.13017665527166428,0.07110120175125861,-0.562569875169701,0.0017478539564193263,0.018218503222825783
1996-10,60.5957,66.6085,78.8932,99.2404,83.3212,76.3384,1392.0,1358.0,5.24,6.533636363636364,,,3.1805381,7.915,158.2,3773.4,1231336.1,0.6105950802294228,-0.4933212559863011,9.217801919224415,0.7994183953183583,1.9169777601033973,3.0618892508143203,,1.9959790265912547,4.588522203103329,2.1134007585335235,5.039575643692018,0,0,-0.22387082156316945,-0.012042218493204415,-0.4812790374930967,0.11792710781455745,0.06727833033931901,-0.5605995863256201,0.006459352870277102,0.02547464724859977
1996-11,61.5285,67.0461,80.1256,100.3612,84.3387,77.0397,1489.0,1412.0,5.31,6.203684210526316,,,3.0987135,7.618,158.7,3795.5,1242421.91,0.613070589032415,-0.4892751962784811,9.512906151573604,0.7949624549583998,1.194076900972965,3.253090435914108,,2.1448245326552984,4.3834557644601535,1.9921045998739784,5.690853571435639,0,0,-0.22946039191043152,-0.016615598713129565,-0.47265959756535153,0.10464903726764413,0.0693541012030579,-0.558629297481539,-3.717027508848281e-05,0.01612362478671653
1996-12,62.6574,67.5228,81.453,100.1067,84.9218,77.5333,1370.0,1411.0,5.29,6.302380952380952,,,2.9632444,7.5975,159.1,3818.7,1253437.09,0.6259061581292761,-0.4685548262609686,10.962568907016308,0.7951173903520651,1.278900401737168,3.378817413905133,,2.2597924274421866,4.5008834239881335,1.8487177875549987,5.983035938372883,0,0,-0.22926551440838336,-0.004530874030462595,-0.464023952230506,0.12731675654903757,0.08810418237648948,-0.5566590086374581,-0.0007455907639482562,0.014552918876288401
1997-01,62.9882,67.7744,80.9873,99.9861,84.8739,77.6562,1355.0,1382.0,5.25,6.579047619047619,,,3.1574043,7.824,159.4,3834.0,1258365.28,0.629969565769642,-0.4620837690655978,12.1022372343354,0.7985305258742675,0.5866750894318207,3.0381383322559907,,2.028546292144351,4.523762236619211,2.1466436637390007,6.715430854896454,0,0,-0.22498208303552925,-0.006697363892405495,-0.4553864051731923,0.13587357335840888,0.09260495072777919,-0.554688719793377,0.0026364554453445765,0.015523638147845215
1997-02,64.0498,68.7093,82.4882,100.1356,85.6843,78.5833,1486.0,1445.0,5.19,6.419473684210526,,,3.1308768,7.65,159.7,3845.0,1261850.81,0.6396306608239228,-0.44686436167298715,12.20280472578884,0.8018890275114579,1.443684998563427,3.032258064516125,,1.9966117460566535,4.381930358997987,2.094239198497183,6.449296542209559,0,0,-0.22078505037605234,-0.0001027869509147572,-0.4467615747220724,0.16420806059947168,0.1058540692763087,-0.5527184309492958,0.0059323255658943475,0.020668876792742708
1997-03,65.0236,68.9998,83.6663,100.5692,86.5171,79.082,1457.0,1436.0,5.39,6.6945,,,3.2344619,7.8975,159.8,3859.5,1264146.34,0.646555804361574,-0.43609576684406576,13.83019954581138,0.7975278875505535,0.4981671482842426,2.7652733118971096,,2.0880024560868016,4.516939415557708,2.5540988735919923,7.20440882112463,0,0,-0.22623847621910112,0.0020687774564573935,-0.43816454430052315,0.16161702166334696,0.11465237526114919,-0.5507481421052149,-0.00042391348134365736,0.014542653603032807
1997-04,65.6239,69.3306,81.585,100.2052,86.2297,79.1747,1492.0,1421.0,5.51,6.885454545454545,,,3.2328116,8.1425,159.9,3875.8,1274087.38,0.6548951551416493,-0.42328012464524406,12.25305879807705,0.8040222800264875,1.746158894556518,2.434336963484962,,2.2058765664772384,4.755937888259565,3.002570356472778,6.331438446609372,0,0,-0.21812829871139586,0.006330279824660279,-0.42961040446990434,0.17884824075882294,0.12549772861588976,-0.5487778532611338,0.006779514899960842,0.020693718070831812
1997-05,66.3571,69.583,82.5475,100.8253,86.91,79.6133,1442.0,1414.0,5.5,6.710952380952381,,,3.1341546,7.944,159.9,3890.5,1278678.42,0.6581393757320831,-0.41833855286490945,11.465143675864748,0.8006328385686342,0.9298332762145312,2.237851662404089,,2.2939494769466107,4.663678505587909,3.190744215134456,6.139316182073706,0,0,-0.22235281581714933,0.0027755492615650357,-0.4211141021264745,0.18823370794765376,0.12846901155214346,-0.5468075644170529,0.0016420569270817198,0.016233185758480123
1997-06,67.4282,70.0454,84.2006,99.8799,87.2363,79.9792,1494.0,1402.0,5.56,6.493809523809524,,,3.201087,7.689999999999999,160.2,3907.1,1282858.52,0.6750927864365103,-0.3929051361691354,12.68948587118866,0.8029386849281779,1.345110747630862,2.233567326100827,,2.2857443352316764,4.34967608432264,3.253757802746571,5.838522012731673,0,0,-0.21947692544991343,0.019785008394591408,-0.4126901445637268,0.189501125739653,0.15193213940383637,-0.5448372755729718,0.003596088068307801,0.02038065947650458
1997-07,67.8289,70.6939,84.2545,101.2031,87.9841,80.6624,1437.0,1440.0,5.52,6.220454545454545,,,3.0903227,7.4975,160.4,3924.9,1288782.03,0.6702255168072915,-0.4001410309818997,9.883391122604218,0.8034849478485317,1.4890905684774998,2.165605095541401,,2.3568432384002858,4.275064025966047,3.28329177057356,6.673741675131772,0,0,-0.2187968272114867,0.004211815346778114,-0.4043528463286778,0.2085534304745852,0.14272595574699098,-0.5428669867288907,0.0033425680719502415,0.02143793978636907
1997-08,69.3195,71.4171,86.0855,101.5617,89.0556,81.4694,1390.0,1449.0,5.54,6.298571428571429,,,2.9692178,7.479999999999999,160.8,3957.7,1294219.24,0.6825358378207533,-0.3819402436741271,11.119530865070592,0.8019383396439977,0.2929336032329255,2.290076335877877,,2.4966511885069487,4.380709396823268,3.1771641791044525,7.15871275603277,0,0,-0.22072355730820065,0.014174904335300775,-0.3961151480094279,0.19839464519990252,0.15895645421068266,-0.5408966978848098,0.0004673703534490703,0.020939452663306546
1997-09,69.8717,72.1945,86.7052,102.3446,89.7,82.2156,1546.0,1494.0,5.54,6.208571428571428,,,3.0134879,7.43,161.2,3973.7,1301634.97,0.682710177185704,-0.3816848474100369,10.978382600840552,0.8048439241917503,1.2387769290519075,2.21940393151554,,2.452603199352499,4.2873143993409135,3.248498759305196,7.4465070898686925,0,0,-0.21710690335292515,0.006304850296863396,-0.3879896977069003,0.18492717608512127,0.15724156163069175,-0.5389264090407286,0.003117384798923206,0.023554606099060293
1997-10,70.8461,72.47,87.7605,104.0095,90.9438,82.9446,1520.0,1499.0,5.5,6.029545454545455,,,2.9881361,7.294,161.5,3992.7,1309389.39,0.6811502795417727,-0.3839723223733627,10.93489336129384,0.7968657566541095,-0.3198228632333433,2.0859671302149163,,2.43898374620648,4.180931962705947,3.3442724458204287,8.29968268306649,0,0,-0.2270690501955029,-0.003984163219701131,-0.3799881591536616,0.16955321327217504,0.15298379782328503,-0.5369561201966477,-0.007832928398755712,0.009465690638609331
1997-11,72.1214,73.2963,89.8847,103.239,91.5105,83.5978,1510.0,1469.0,5.52,5.875,,,2.9327548,7.205,161.7,4015.0,1312457.18,0.6985867743778997,-0.3586958783976863,13.05793178807948,0.8009605455111709,0.7516802243149545,1.8903591682419616,,2.5135295417159087,4.15052060765404,3.562300556586262,8.169633055362446,0,0,-0.22194358966728198,0.013425879847765831,-0.37212175824545213,0.2003701571951429,0.1762899529548803,-0.5349858313525666,-0.00372073251327687,0.014284469808365258
1997-12,72.5532,73.801,89.5829,102.9397,91.556,83.9538,1566.0,1456.0,5.5,5.808636363636364,,,2.9354614,7.095000000000001,161.8,4033.0,1324757.33,0.704812623312483,-0.34982329403179124,11.873153222917738,0.8060749705098519,1.3686989128107312,1.6970458830924071,,2.491404385933027,4.04091898304737,3.7394932014833016,7.9559126044085104,0,0,-0.21557852528027605,0.014578703524222414,-0.36440199755601366,0.19716881081520443,0.18319224847669424,-0.5330155425084855,0.0016029414543660414,0.019889196025631106
1998-01,73.4871,74.0315,89.8974,103.3788,92.2086,84.3218,1525.0,1555.0,5.56,5.5445,,,2.7570107,6.994,162.0,4055.2,1320044.02,0.710852708679149,-0.34129003142847636,12.079373763712145,0.8028697973941692,0.5419359640456978,1.6311166875784044,,2.727784003159983,4.123309223513627,3.865827160493862,8.23490399461635,0,0,-0.21956272339507227,0.015549415877844197,-0.35683944730632056,0.22392240351276582,0.18975522223592822,-0.5310452536644046,-0.003453541961191825,0.011256036627310756
1998-02,73.7995,74.1111,89.7115,103.2659,92.3,84.4583,1584.0,1647.0,5.51,5.574736842105263,,,2.6177094,7.0425,162.0,4087.3,1324342.72,0.7146550797504306,-0.33595525862676484,11.09091030462223,0.8029371614301192,0.1306227521601477,1.440200375704448,,2.8185101937190593,4.311917139713506,4.012018518518512,7.209871276483515,0,0,-0.21947882285445086,0.013488406680615295,-0.34944366530738014,0.2052550133278664,0.19311970619355862,-0.5290749648203235,-0.00447570202288719,0.014357676996581054
1998-03,74.1539,74.065,89.9031,103.2122,92.3867,84.488,1567.0,1605.0,5.49,5.647272727272727,,,2.8714847,7.1275,162.0,4112.4,1332903.44,0.7184606083389367,-0.3306443998248166,10.545136701924918,0.8016846580730775,0.5198533359686147,1.3767209011263937,,2.545423843775807,4.13721578181907,4.057419753086422,6.612422361685066,0,0,-0.22103994285941497,0.011578729724836256,-0.34222312954965284,0.22362108215896764,0.19646027615142575,-0.5271046759762423,-0.007179298522576899,0.0077623110343226775
1998-04,74.3045,74.2228,90.1446,104.0543,92.8231,84.7779,1540.0,1547.0,5.45,5.637619047619047,,,2.7267374,7.140000000000001,162.2,4138.9,1360456.29,0.7140935069478148,-0.3367413631055559,8.653876153968815,0.7996156129239382,-0.5495851917242722,1.4383989993745905,,2.650977407562438,4.296118724004172,3.954716399506797,6.837809228209579,0,0,-0.22362415062863858,-0.0015559817768652229,-0.3351853813286907,0.17492462634356476,0.18839302402660552,-0.5251343871321614,-0.010944728457148084,0.008661311768699359
1998-05,74.7907,74.792,90.8904,104.2454,93.2405,85.3367,1536.0,1554.0,5.49,5.6525,,,2.644841,7.144,162.6,4165.9,1363080.86,0.7174484437682622,-0.3320541893053263,8.628436355958314,0.8021407006611934,0.188156654762317,1.6885553470919357,,2.7718480269261603,4.383229547795775,3.7383210332103234,6.942344383794019,0,0,-0.22047124926952616,-0.0037170314437337537,-0.32833715786159257,0.16366495917967677,0.19110990898275398,-0.5231640982880803,-0.009013626149820875,0.009026516771563048
1998-06,74.8719,74.2136,86.6694,104.6335,92.6413,84.8248,1641.0,1551.0,5.56,5.496363636363636,,,2.4650222,6.9975000000000005,162.8,4185.6,1373942.33,0.7155633711956496,-0.33468511480121466,5.822002136792076,0.8010854769956812,-0.2310699303741309,1.6229712858926382,,3.020521279894872,4.423439045524358,3.874152334152337,5.882135200403127,0,0,-0.22178762475365474,-0.012999810381467303,-0.32168530441974735,0.15522058545434547,0.18650869464278474,-0.5211938094439994,-0.011593448737400674,0.007884395490750207
1998-07,74.4155,73.8494,83.1985,104.958,92.0281,84.4986,1698.0,1610.0,5.54,5.461363636363637,,,2.7361812,6.952,163.2,4205.4,1380720.85,0.709002648678519,-0.3438960166621794,5.624501431972028,0.8024657686076319,-0.12692536169156,1.74563591022443,,2.729144462301636,4.103538549669183,3.729264705882352,4.64624226508068,0,0,-0.2200660808284023,-0.028659092260451602,-0.3152369244017278,0.11860939910386731,0.17532750393773888,-0.5192235205999183,-0.011177445186233537,0.00826260527379985
1998-08,76.7264,75.3141,93.1367,104.6311,94.5588,86.248,1614.0,1654.0,5.55,5.341904761904762,,,2.7124419,6.9225,163.4,4229.3,1386666.45,0.7333039602947881,-0.31019498324949896,7.174526042462814,0.7964790162311703,-0.6830937641150059,1.6169154228855789,,2.762623541520548,4.098878404720319,3.8705018359853183,5.699937761549911,0,0,-0.2275544949493507,-0.001194959278782104,-0.30900002397071685,0.14905057409431866,0.2070582485063382,-0.5172532317558372,-0.020013133070262645,-0.0035658457278693045
1998-09,76.8437,75.4816,93.4222,103.6218,94.2095,86.2021,1582.0,1577.0,5.51,4.806666666666667,,,2.5336411,6.7225,163.5,4268.3,1397289.73,0.7415785095414286,-0.2989742436543834,8.271060375565348,0.8012100690482382,-0.4525204457409448,1.4267990074441794,,2.902812060577431,4.085350773717922,4.025761467889888,4.734947424396463,0,0,-0.2216321078103346,0.00401035585025411,-0.3029845995046375,0.16247459887768212,0.21630869925737284,-0.5152829429117562,-0.015478616990212607,0.0034865959917484424
1998-10,77.6735,76.0999,95.2538,103.4585,94.8516,86.7914,1715.0,1719.0,5.07,4.529999999999999,,,2.3601762,6.709999999999999,163.9,4308.2,1405396.66,0.7507696322680109,-0.28665642225346744,9.731590011989526,0.8023048635974512,0.6802436022969371,1.4860681114551078,,2.6473418673149895,4.249527464177993,3.5314521049420344,4.5334623356819925,0,0,-0.22026661417253351,0.010544308111228473,-0.2972007303646959,0.19247046651788158,0.2266562318142077,-0.5133126540676751,-0.015539065813245212,0.0008645417700053337
1998-11,77.7491,76.2451,95.2428,102.4702,94.4266,86.7256,1660.0,1672.0,4.83,4.827368421052632,,,2.3458166,6.865,164.1,4346.8,1408442.69,0.7587483970949602,-0.2760850491708447,8.26108292268416,0.8074536200604491,0.807392767477183,1.4842300556586308,,2.4272446911132617,4.415601487320608,3.2968372943327218,3.673190729725917,0,0,-0.21386966199251015,0.01557316824431948,-0.2916582174151642,0.19928160744507184,0.23525731605274952,-0.5113423652235942,-0.010602526697947784,0.010682886984394346
1998-12,77.9835,76.8262,96.1485,102.3205,94.5721,87.1185,1792.0,1742.0,4.68,4.645,,,2.2704824,6.738,164.4,4375.5,1420996.44,0.7621493249153396,-0.2716127780381904,7.821051599360085,0.8123558639387303,0.7761746535849462,1.606922126081578,,2.356024478867602,4.368335315488836,3.024476885644778,3.7002613307793197,0,0,-0.20781677874442658,0.014753351238505297,-0.2863661292766957,0.18964485307778128,0.2377592983413227,-0.5093720763795131,-0.0060398472187144225,0.014652235278340309
1999-01,77.9921,76.9951,96.4062,103.7779,95.2039,87.4949,1748.0,1732.0,4.63,4.722105263157895,,,2.395567,6.785,164.7,4401.7,1431236.93,0.7515289864219645,-0.28564549911318615,5.56445323152902,0.8087389277119948,0.7283599515465533,1.6666666666666607,,2.182157944396157,4.286741241444547,2.914754098360661,3.6940074136825096,0,0,-0.21227912387960673,-0.004313046013259325,-0.2813324530999268,0.16740550163222512,0.22175628842224582,-0.507401787535432,-0.012016770640524727,0.008459583231643697
1999-02,78.673,77.5604,97.5002,104.0344,95.7787,88.027,1670.0,1720.0,4.76,4.998947368421053,,,2.4182198,6.8075,164.7,4423.7,1441314.59,0.7562210192013411,-0.2794215920886165,5.653366653814834,0.8097875623703391,0.8495488461760126,1.6666666666666607,,2.286487896951317,4.28564391040116,3.042622950819696,4.138566416890477,0,0,-0.21098333439269074,-0.00285744059140286,-0.27656415149721364,0.16914854568901205,0.22600990660273457,-0.5054314986913511,-0.012254098337839997,0.006493052840692792
1999-03,78.6806,78.0888,97.3568,103.8316,95.6477,88.2267,1710.0,1665.0,4.81,5.232608695652174,,,2.7113296,7.04,164.8,4430.1,1450878.82,0.7577712372726607,-0.27737373668320786,5.327066314160872,0.8164210953321408,1.821493393545606,1.728395061728394,,2.0432705994295697,4.214404016438711,3.02924757281553,4.330012584622445,0,0,-0.2028250089239589,-0.005305250085211544,-0.2720684865979963,0.14670028727705808,0.22608747316406208,-0.5034612098472699,-0.0056407588328005465,0.017906690028703848
1999-04,79.1,78.4492,98.4693,103.2197,95.6513,88.4295,1553.0,1600.0,4.74,5.184545454545455,,,2.7007827,6.916,165.9,4459.9,1457670.57,0.7663265830069259,-0.26614685152926365,7.059451157629226,0.8201582205364695,2.5366145165725,2.281134401972884,,1.985590806991988,4.1043672591212,2.4040265220012014,4.217072875711736,0,0,-0.19825800546291358,0.0017060674358257977,-0.26785291896508945,0.1391078116593385,0.23534406947392517,-0.5014909210031888,-0.002623089017717406,0.016620316335750562
1999-05,79.9383,78.858,99.5343,104.1137,96.4836,88.9886,1611.0,1640.0,4.74,5.539499999999999,,,2.7428736,7.145,166.0,4487.9,1468146.61,0.7677980899727894,-0.26422848408095984,6.782570522436648,0.8173202492444313,1.8746970281870028,2.091020910209096,,1.9438101447067258,4.284605097905292,2.594722891566281,4.190366348209107,0,0,-0.20172427898765613,-0.0003032064995072692,-0.26392527758145257,0.137557144736576,0.23529214807814808,-0.4995206321591079,-0.007635131054137129,0.01764004902012503
1999-06,79.7223,79.2535,98.9459,103.0181,95.7701,88.9188,1559.0,1702.0,4.76,5.899545454545454,,,2.3467564,7.55,166.0,4510.1,1479315.32,0.7738669224146049,-0.2563553550397549,7.832975976145978,0.8275390753481515,3.248867287239457,1.96560196560196,,2.3579092146001956,5.083936006397938,2.740530120481943,4.713564085622757,0,0,-0.18929895188126017,0.003937917913385047,-0.2602932729531399,0.10142808645966755,0.24119498827527192,-0.4975503433150268,0.003256087650380962,0.025498527927043046
1999-07,80.2376,80.2662,99.1008,102.361,95.6714,89.4333,1669.0,1682.0,4.99,5.791904761904762,,,2.8008632,7.632,166.7,4537.6,1492377.6,0.7838688563026934,-0.24351354774788866,10.038246891429074,0.8389780017852775,4.449528840510506,2.1446078431372584,,2.1294926247273027,4.699509955087611,2.7856508698260285,5.675812986775242,0,0,-0.17557079242329723,0.01345108889432392,-0.2569646366422126,0.13559159574795146,0.2520665067230572,-0.4955800544709459,0.015470424009213862,0.039198896595432076
1999-08,80.7441,80.2316,101.2271,103.2538,96.6112,89.7924,1648.0,1671.0,5.07,5.9390909090909085,,,2.8129568,7.9425,167.1,4553.6,1503226.61,0.7819964011009765,-0.24590514062008037,6.428984262941858,0.830458580371634,4.177727065420145,2.2643818849449104,,2.195290623136703,4.98919918233498,2.7434949132256303,4.027347197309972,0,0,-0.18577722429514926,0.008041686124129505,-0.2539468267442099,0.11442788553647812,0.2477046250067844,-0.49360976562686476,0.003778853416730177,0.02958442215523377
1999-09,80.3848,80.0534,99.3862,102.8029,95.8769,89.4299,1635.0,1551.0,5.22,5.915238095238095,,,2.6882069,7.8225,167.8,4569.5,1511059.26,0.7819312490211853,-0.24598845915444326,5.298578449994015,0.834960245898647,4.126094284345608,2.629969418960254,,2.4655149568104884,4.999885824279593,2.523659117997612,3.6760538842607993,0,0,-0.18037116496687852,0.00525790809683227,-0.2512463672512755,0.13198211533442142,0.24565101762834038,-0.49163947678278364,0.007735783143617669,0.03262419576970674
1999-10,80.9162,81.0291,102.3038,104.1783,97.1778,90.523,1608.0,1649.0,5.2,6.112,,,2.8762836,7.851999999999999,168.1,4592.9,1517281.83,0.7767087771637664,-0.252689803036163,3.396661921730443,0.8338231571408284,3.853267326753501,2.56253813300793,,2.2587483904793704,4.836602009600566,2.5715645449137403,4.209642364655597,0,0,-0.1817339409049985,-0.0038205793310349956,-0.248869223705128,0.13717926026437588,0.23697938490253972,-0.48966918793870273,0.004966949043736735,0.03610557454204827
1999-11,80.9363,81.8854,101.1749,104.4532,97.0397,90.9618,1648.0,1672.0,5.42,6.034,,,2.9859271,7.7375,168.4,4611.9,1525334.42,0.7748570651736855,-0.25507669867242333,2.1008350498421366,0.8438340184481198,4.407019765960429,2.620353443022561,,2.363500498118043,4.61380795784474,2.7281591448931053,4.7690526912512965,0,0,-0.16979946433290585,-0.008255702157444061,-0.24682099651497927,0.0905475741982521,0.23262220042219828,-0.4876988990946216,0.01554496400690189,0.045181544250307515
1999-12,81.5633,82.4311,100.8536,105.9842,97.8313,91.6634,1708.0,1683.0,5.3,6.275454545454545,,,3.1640203,7.912000000000001,168.8,4639.1,1531105.96,0.7695798052917321,-0.26191062050022507,0.9702157537965328,0.8425841218505734,3.653500489819284,2.676399026763998,,2.0704696208897033,4.602360092397451,2.555213270142165,5.085391115420901,0,0,-0.17128177384623375,-0.016803069092174855,-0.2451075514080502,0.08128428268216825,0.22381798975031564,-0.4857286102505407,0.012761969623674152,0.04059312424246442
2000-01,82.6887,82.6241,102.2451,103.2692,97.2486,91.538,1636.0,1727.0,5.45,6.661,,,3.080288,8.21,169.3,4666.1,1538520.18,0.8007101827069446,-0.22225621672833085,6.338928238485531,0.849617372383767,4.930994289709864,2.792956891317555,,2.298899281305844,4.976423814415432,2.58484937979917,4.517368066391647,0,0,-0.1629691809825081,0.02147911069588085,-0.2437353274242117,0.10529696762726293,0.26150210467812873,-0.4837583214064596,0.019834755031332252,0.049837930520306745
2000-02,83.2351,82.7287,101.4571,104.5718,97.777,91.8239,1737.0,1692.0,5.73,6.519499999999999,,,3.1570678,8.325,170.0,4678.7,1549185.29,0.7959612438535055,-0.22820478294933302,5.121680913928348,0.8460957075794922,4.386053814470111,3.217972070431085,,2.494188963366395,5.009770353321352,2.433711764705881,4.22290267245593,0,0,-0.16712279624798962,0.014507147533799614,-0.24271193048313264,0.09964338936273029,0.25358324961304546,-0.48178803256237845,0.014506424150529718,0.04535242650178048
2000-03,84.2969,83.263,100.7542,104.161,97.7824,92.1504,1604.0,1651.0,5.85,6.256521739130435,,,3.2388566,8.24,171.0,4709.1,1561450.69,0.809294265608049,-0.2115926881251948,6.578104855801306,0.8515131557417287,4.208468000357965,3.762135922330101,,2.5292254156948912,4.84424524321978,2.012163742690065,4.351238656479328,0,0,-0.16074032892037926,0.030450786774377903,-0.2420434748995727,0.10551205673811612,0.2682250555931027,-0.47981774371829755,0.019782104716935894,0.053149504825337424
2000-04,85.2081,83.5966,101.749,104.8178,98.4993,92.6989,1626.0,1597.0,6.02,5.990526315789474,,,3.1606735,8.1525,170.9,4766.4,1570527.74,0.8129163176483384,-0.2071271050538626,5.901974647540106,0.8487024780886767,3.421141331626265,3.013863773357439,,2.7717214351067554,4.83888513969426,2.918186073727336,4.715098188433409,0,0,-0.16404659214665093,0.03460796249362777,-0.24173506754749036,0.12823260983366577,0.27072034982035387,-0.4778474548742164,0.015438813206381297,0.05159768978844195
2000-05,85.8647,84.0252,101.0626,105.2418,98.7402,92.9499,1575.0,1543.0,6.27,6.440454545454545,,,3.3126257,8.515,171.2,4757.5,1583507.92,0.8158801920909753,-0.20348775821556567,6.074072586539417,0.8509725522127766,4.034887448973046,3.1325301204819134,,2.862548773649065,5.035564883528076,3.0421728971962825,4.355236667935536,0,0,-0.16137540449792567,0.03830194244730803,-0.2417897006628737,0.11063596039020454,0.2723894078145699,-0.4758771660301355,0.017143186913277403,0.05093025532524484
2000-06,85.9304,84.0944,100.407,105.5986,98.8227,92.9862,1559.0,1572.0,6.53,6.097272727272728,,,3.7602013,8.288,172.2,4775.8,1609548.04,0.8137456367792755,-0.20610744734251882,5.024790769723605,0.8509623801009282,2.791159379844077,3.7349397590361377,,2.669423020866857,4.363714259679252,2.694425087108021,4.472750131774639,0,0,-0.1613873580828194,0.036100515808463324,-0.24220796315098214,0.1268549075645429,0.26779942984353555,-0.4739068771860544,0.01623401745473471,0.05262711220672561
2000-07,86.4522,83.7936,98.9077,105.4064,98.7151,92.8048,1463.0,1542.0,6.54,6.054,,,3.0862813,8.1475,172.7,4793.4,1629751.44,0.820179799329073,-0.1982316952849582,4.528185246293045,0.8488427808916771,1.1689501086833975,3.5992801439711952,,3.350318448241474,4.909691800086313,2.838552403011008,3.7005266546146665,0,0,-0.16388129133646326,0.04475608877500242,-0.24298778405996063,0.13931033621206756,0.27370489305701506,-0.4719365883419733,0.012910659622257209,0.04899353700087977
2000-08,86.1058,83.7708,98.6808,104.8627,98.2411,92.5521,1541.0,1552.0,6.5,5.826086956521739,,,3.1234906,8.0275,172.7,4820.4,1651615.4,0.8211289619664571,-0.19707510273445808,4.883003788562229,0.8527062502353902,2.643706096893608,3.3512866546977715,,3.274238857077627,4.755472658525406,3.0466126230457524,3.027138998976664,0,0,-0.15934016332621317,0.047049482723231645,-0.24412458545768972,0.09160598368165415,0.2728911967634343,-0.46996629949789237,0.01668722021280089,0.05732512621508673
2000-09,86.9881,84.0373,98.9091,106.1084,99.0004,92.9792,1507.0,1570.0,6.52,5.799,,,3.1741185,7.912000000000001,173.6,4855.9,1669000.81,0.8198040871410746,-0.19868988538996,4.729857376448327,0.84885818643157,1.6508022338803636,3.45649582836709,,3.2429465341155206,4.592122102792673,2.9611520737327317,3.892073406009988,0,0,-0.1638631426280749,0.04692079596036952,-0.2456106813503295,0.08799144241285975,0.2693061252638512,-0.46799601065381125,0.011460699941087144,0.0506072885956908
2000-10,86.9765,83.8965,97.6744,105.0459,98.3939,92.6179,1549.0,1577.0,6.51,5.738571428571428,,,3.1062109,7.795,173.9,4871.4,1684599.32,0.8279856710257135,-0.18875943027112024,6.393037276504277,0.8526595652779289,2.233902691233208,3.4503271861986877,,3.301245453875934,4.547533130227754,2.9576250718803987,2.28784654435934,0,0,-0.15939491399266642,0.058675688147730776,-0.24743511841885102,0.06498286818831872,0.2772662915386099,-0.4660257218097301,0.015281424512488068,0.05491029527063826
2000-11,86.8192,83.7166,95.7647,106.2572,98.6489,92.6438,1551.0,1614.0,6.51,5.717142857142857,,,3.0989798,7.745,174.2,4882.6,1700944.54,0.8170665140809281,-0.20203477485220336,5.304192382021997,0.8486318651297683,0.5669667649410098,3.444180522565321,,3.3084907402740393,4.506368742942701,2.963742824339844,1.832239381701406,0,0,-0.16412979668349575,0.04754891010341358,-0.24958368495561695,0.041553496036852794,0.2620206581134459,-0.4640554329656492,0.009949289237545456,0.04500289759653606
2000-12,86.193,83.2165,94.3076,107.545,98.7863,92.3415,1532.0,1543.0,6.4,5.2405,,,3.1672986,7.382,174.6,4927.3,1716969.72,0.8014598540145985,-0.2213203967526947,4.059022374753038,0.8423890762180586,-0.0231511852662763,3.4360189573459543,,3.1334555075768877,4.085307512355474,2.865521191294418,0.7370489261560031,0,0,-0.1715132856988965,0.03071769779972952,-0.2520380945524242,0.015798629032499206,0.2407647473688734,-0.4620851441215681,0.0020119524819398604,0.03601599243829995
2001-01,86.3509,82.4427,93.0422,106.9947,98.4829,91.902,1600.0,1699.0,5.98,5.160952380952381,,,2.6536536,7.0325,175.6,4976.8,1729851.68,0.8070577327662024,-0.21436007328814818,0.7896143440182662,0.8371270545444945,-1.481024148603607,3.7212049616065945,,3.2403585097530385,4.265650803879417,2.1777562642369297,0.3968605295950667,0,0,-0.17777942246854417,0.04041668550527541,-0.2547767587934236,0.04838804835711277,0.245754781989339,-0.4601148552774872,-0.004772164742853635,0.031511580167576686
2001-02,85.8344,82.0308,92.7009,106.2886,97.9612,91.3034,1625.0,1656.0,5.49,5.098947368421053,,,2.632136,7.05,176.0,5014.9,1748702.02,0.8075597947475082,-0.2137381774039135,1.4466605545419535,0.8373805139177551,-1.0353899162200282,3.529411764705892,,2.7845703221065055,4.304562072058982,1.893749999999983,-0.5684585549410315,0,0,-0.1774766954101899,0.04403777868539405,-0.25777595608930753,0.041661385157740816,0.24440638902949258,-0.45814456643340606,-0.004959228132357996,0.031227849291773857
2001-03,85.2975,81.8445,94.9692,105.3369,97.878,91.1162,1590.0,1659.0,5.31,4.885454545454546,,,2.1422446,6.952,176.1,5072.2,1760541.84,0.8097589733512188,-0.21101863936046125,0.0574048764733547,0.8361889290749709,-1.816037079286512,2.9824561403508643,,3.101317591370001,4.708879679348654,2.260136286201031,-1.1286409834331934,0,0,-0.17890069971324438,0.04999051877603597,-0.2610091581364972,0.053042870633594946,0.2451556382288637,-0.45617427758932494,-0.006852178753426169,0.025531332458332362
2001-04,83.3335,81.6117,95.2,105.7426,97.5356,90.7891,1649.0,1666.0,4.8,5.141,,,2.5592129,7.0775,176.4,5137.9,1773098.33,0.7880787875463626,-0.23815720992645284,-3.1030104872590254,0.8367375604394702,-1.419821337446206,3.2182562902282053,,2.1848715845595112,4.405539953202964,1.5324263038548835,-2.081737191771804,0,0,-0.178244805521113,0.026289568525885654,-0.2644467784523385,0.011751113728052903,0.2160467788187912,-0.45420398874524404,-0.006651388236063288,0.02317974107560833
2001-05,82.1015,81.119,96.0326,105.4509,97.1957,90.3555,1605.0,1665.0,4.21,5.391363636363637,,,2.7238774,7.145,177.3,5139.1,1781177.46,0.7785756214503622,-0.2502891550455725,-4.6801396830006805,0.8345945345318774,-1.943385495606459,3.56308411214954,,1.4467158343460351,4.303889915276904,0.6246587704455742,-2.8308748756755264,0,0,-0.18080925945399026,0.01776660394480084,-0.2680557589903733,0.007431805287596904,0.20194454485559044,-0.4522336999011629,-0.00966362884131694,0.020140446711209514
2001-06,81.1277,80.383,95.6236,105.686,96.9968,89.8784,1636.0,1626.0,3.97,5.284285714285714,,,2.7511842,7.159999999999999,177.7,5182.3,1792368.09,0.7676295819692296,-0.26444797733005987,-5.834052998754105,0.8287180608020058,-2.64879191439964,3.193960511033689,,1.1861817549738918,4.290768845465043,0.7520202588632507,-3.399344940047566,0,0,-0.1878752772268158,0.007353238709602805,-0.2718012160396627,-0.0011231832075554449,0.18581543372702214,-0.450263411057082,-0.01717618002301899,0.0066834857755416754
2001-07,80.3023,79.7311,95.7245,104.7997,96.3561,89.3028,1670.0,1598.0,3.77,5.236190476190477,,,2.6878453,7.1275,177.4,5212.0,1797350.57,0.766245514061586,-0.26625264615461347,-6.802095086965526,0.8274629213926259,-2.550968938310569,2.7214823393167498,,1.0538293961067424,4.323447129530922,1.0207384441939027,-3.8465520218339933,0,0,-0.18939098071956895,0.009394385942713468,-0.27564703209732694,-0.04303258731325338,0.1820404760583874,-0.4482931222130009,-0.019142556314704656,-0.00045700453522889983
2001-08,78.8431,79.9745,95.1825,105.4055,96.0105,89.2003,1567.0,1615.0,3.65,4.971304347826087,,,2.5859519,6.95,177.4,5244.4,1806359.04,0.7479979697454118,-0.29035501525544527,-9.32799125209872,0.8329766015175425,-2.3409563298311094,2.7214823393167498,,1.0372259361956626,4.254040654858926,0.903917700112733,-3.688732639067549,0,0,-0.18274972662452427,-0.010798436236536035,-0.27955657901890923,-0.06388167457862226,0.1559678181134745,-0.44632283336891976,-0.012960314271924955,0.007369449941291573
2001-09,77.6022,79.6576,94.4133,105.0001,95.2899,88.7485,1562.0,1565.0,3.07,4.731764705882353,,,3.1152263,6.8175,178.1,5355.9,1814252.38,0.7390678675544118,-0.3023655252352536,-10.367563984529363,0.8359500849512908,-1.532323204795788,2.5921658986175045,,-0.043859962900560934,3.5904238712803904,0.4657608085345321,-4.656928542032013,0,0,-0.17918637467603277,-0.01887294896321351,-0.2834925762720401,-0.0811612280822509,0.14198701928958524,-0.44435254452483886,-0.00986718414811888,0.005913286968982717
2001-10,76.5819,79.3368,93.5143,106.0127,95.2188,88.5052,1540.0,1566.0,2.49,4.566818181818181,,,2.2912795,6.6175,177.6,5344.0,1829840.26,0.7223842049112984,-0.3251981418591259,-13.643871158800565,0.8332052073750141,-2.308040577219097,2.127659574468077,,0.19426924853354066,4.2293150707925165,0.3547916666666761,-4.542112015695476,0,0,-0.1824753197648574,-0.03777964864337052,-0.28741849321575536,-0.09600993117482687,0.11718411382163185,-0.44238225568075773,-0.013639531331312932,0.004533557417785272
2001-11,75.9059,78.7469,95.0594,105.1382,94.7907,87.97,1602.0,1651.0,2.09,4.6515,,,2.0813513,6.658,177.5,5387.5,1857842.79,0.7219630923869726,-0.32578125997351004,-12.374648512130667,0.8307449992457066,-2.130259464786144,1.894374282433997,,0.008472360416322822,4.483334753818058,0.1919887323943436,-5.176618471711869,0,0,-0.1854323913313572,-0.034482150142963464,-0.2912991098305466,-0.09744036594708053,0.11463070686316656,-0.4404119668366766,-0.017094470538008277,-0.008312288274799129
2001-12,75.1185,78.5532,97.1591,105.06,94.832,87.9324,1568.0,1680.0,1.82,5.0875,,,2.7313753,7.065,177.4,5440.1,1867852.87,0.715005711022273,-0.33546474887629046,-11.414435212359578,0.828340644508183,-1.6817517091545495,1.603665521191311,,-0.8871440661030516,4.218404248307572,0.212919954904156,-4.892532380421244,0,0,-0.188330802790442,-0.04036291919267376,-0.2951018296836167,-0.08086140748907955,0.10297692911630524,-0.4384416779925957,-0.02050555326958106,-0.011907112166803874
2002-01,74.987,79.3534,97.5154,106.3487,95.4039,88.5176,1698.0,1665.0,1.73,5.035714285714286,,,2.2902539,6.9975,177.7,5459.6,1867418.69,0.7051049989327561,-0.3494085526031416,-13.50484793149934,0.8317626428269704,-0.6428741457646769,1.1958997722095743,,-0.5477099514756278,4.60185200498362,0.5277884074282424,-3.7521389612118483,0,0,-0.18420816392619094,-0.05061210166721308,-0.2987964509359285,-0.15948658446743025,0.087062836545373,-0.4364713891485146,-0.016909540280567098,-0.014053786076938163
2002-02,74.7983,79.8084,97.9745,105.2734,94.8745,88.5278,1829.0,1787.0,1.74,4.911578947368421,,,2.1457897,6.8925,178.0,5488.4,1881905.37,0.7105147169180439,-0.341765618192868,-12.80274407889545,0.8411996901169441,0.4550491874389994,1.1363636363636465,,-0.39726522374713413,4.646995548167965,0.5968539325842626,-3.0871399795138643,0,0,-0.1729262035357999,-0.039410043463924016,-0.302355574728944,-0.13332854291401408,0.09273548211156568,-0.4345011003044337,-0.006165887341864185,-0.00034550950664982705
2002-03,75.0575,80.4263,98.7147,106.0882,95.4109,89.1686,1642.0,1691.0,1.73,5.284000000000001,,,2.013877,7.014,178.5,5499.8,1894690.33,0.7075009284727237,-0.34601633713666735,-13.49976977762061,0.8429466654229234,0.8049109143018762,1.362862010221466,,-0.27827292555501204,4.901414539906179,0.3622016806722694,-2.160665534497319,0,0,-0.17085159057022561,-0.04026102020325967,-0.3057553169334077,-0.1693509781680213,0.0865144743236852,-0.43253081146035255,-0.004637816104500286,-0.005612748831708897
2002-04,74.7155,81.39,100.033,105.417,95.2332,89.604,1592.0,1669.0,1.75,5.210909090909091,,,2.5878316,6.985,179.3,5501.3,1903957.99,0.7087613952208848,-0.34423634615635856,-10.607913622990573,0.8546389284409219,2.116860036242904,1.643990929705219,,-0.8166968605660574,4.2862475319148885,0.1042944785276001,-1.3139272506955457,0,0,-0.15707620515868395,-0.03526181592772043,-0.30897453022863813,-0.16473872853643082,0.08632417645991286,-0.4305605226162714,0.008586668788858443,0.010964957549905563
2002-05,75.0418,81.7231,100.4654,105.6945,95.571,89.964,1764.0,1716.0,1.75,5.164545454545455,,,2.6186536,6.806,179.5,5530.1,1914613.99,0.7099877477068343,-0.34250756584661307,-9.22184108010406,0.8551035355913406,2.4276536336173358,1.2408347433727984,,-0.8464870367388966,4.080492437877781,0.5029247910863788,-0.43422992539641214,0,0,-0.1565327231178169,-0.030512702648478218,-0.31199486319813485,-0.17065447751487894,0.08608266792557745,-0.4285902337721905,0.008579089078682434,0.0053913003178344965
2002-06,75.5815,82.4342,101.5336,106.6985,96.4522,90.7061,1717.0,1758.0,1.75,4.9265,,,2.3419254,6.65,179.6,5555.3,1927180.98,0.7083651597726305,-0.344795555857403,-8.034757852734314,0.854663760909549,3.082812773952756,1.0692177827799745,,-0.5783801679384748,4.209491450509684,0.6735801781737161,0.9166963899821745,0,0,-0.15704714948728823,-0.029995142694788535,-0.3148004131626145,-0.17314134631208578,0.08182438907070638,-0.4266199449281094,0.007517040985976692,0.004910643655045233
2002-07,75.3572,82.4327,102.698,106.3211,96.4511,90.6769,1655.0,1738.0,1.73,4.653181818181818,,,2.3480992,6.485,180.0,5597.6,1939211.4,0.7087699431251182,-0.34422428588791537,-7.79716397333019,0.8546579562078608,3.233703941347904,1.465614430665152,,-0.60391859236405,4.041990845297505,0.260566666666695,1.5269796531774738,0,0,-0.1570539413060899,-0.026846889507437632,-0.31737739638047774,-0.17488194241701238,0.08042537019611312,-0.4246496560840285,0.006969072962343115,0.004590694425675501
2002-08,75.6774,82.4808,101.7865,105.7632,96.1291,90.5762,1633.0,1695.0,1.74,4.257272727272727,,,2.1314545,6.29,180.5,5638.5,1947500.09,0.7155362167559227,-0.33472306385795225,-4.436804860250698,0.858021140320673,2.962318589519608,1.747463359639223,,-0.3832849555667539,4.071757834409362,-0.0073351800553789,1.5307082573301933,0,0,-0.1531265407293282,-0.015008951751806776,-0.3197141121061455,-0.16324916935418327,0.08795630338199512,-0.42267936723994737,0.010364226326534165,0.0061169389487207015
2002-09,75.6828,82.3375,101.8007,105.9362,96.2613,90.6531,1804.0,1803.0,1.75,3.87,,,2.0411286,6.0925,180.8,5662.9,1950651.39,0.7144186784121008,-0.33628610416799165,-3.3920578932738032,0.8553541246586115,2.294665976869345,1.516002245929271,,-0.28530515488633945,3.9703318216729233,0.2305033185840521,2.1233607274664834,0,0,-0.15623971490733932,-0.01448538020662632,-0.32180072396136533,-0.14787390150835933,0.08442297422787459,-0.42070907839586624,0.006729733438672059,0.004139522142352803
2002-10,75.4918,81.8905,101.4402,105.9502,96.1845,90.4643,1648.0,1799.0,1.75,3.940909090909091,,,2.0053377,6.1125,181.2,5707.3,1957151.3,0.712521543140079,-0.3389451313103539,-1.3746989451228042,0.8513897769391119,2.159008675104462,2.027027027027017,,-0.2503179791933485,4.02641900179701,-0.2715231788079308,2.189399039207185,0,0,-0.16088523301381277,-0.015316693454152597,-0.3236284378562013,-0.1599043343946338,0.07979365824143142,-0.41873878955178534,0.0015751048975865545,-0.004193188993870195
2002-11,75.77,82.5211,104.01,106.0782,96.7887,90.9711,1753.0,1771.0,1.34,4.048421052631579,,,2.0305948,6.068,181.5,5758.0,1965179.13,0.7142843675703396,-0.3364741220245148,-1.069286205100478,0.8525902300578476,2.595615761613859,2.2535211267605604,,-0.6768507047848704,3.957053477845651,-0.8933884297520511,3.354602639470894,0,0,-0.1594762337152186,-0.01128465639461651,-0.3251894656298983,-0.11963213468060852,0.0802943786831894,-0.4167685007077042,0.0024880144667269455,-0.00030688921803057045
2002-12,74.9266,82.1954,102.3657,105.3858,96.0361,90.4652,1788.0,1896.0,1.24,4.032380952380952,,,1.9511579,6.0475,181.8,5779.0,1972112.21,0.7109743437920478,-0.341118934510628,-0.5654185634337561,0.8558802367026567,3.2705979767582187,2.480270574971821,,-0.6975476440371109,4.017945636299647,-1.2102530253025434,2.839690891119062,0,0,-0.15562482302285982,-0.014641851729659094,-0.32647708278096893,-0.12824174836421304,0.07367927735299507,-0.4147982118636231,0.005857059182425017,0.005924686174701543
2003-01,75.193,82.7414,104.3364,106.5251,97.0231,91.2361,1853.0,1808.0,1.24,4.048571428571428,2.2942857142857145,1.7542857142857144,2.0790118,5.916,182.6,5811.1,1982561.31,0.7058711984311679,-0.3483224966155844,0.1086055987557177,0.8528010339805675,2.497915080866009,2.757456387169399,2.2942857142857145,-0.8219239050274663,3.7588414428596506,-1.4767360350493086,3.0249249793919297,0,0,-0.15922901311753085,-0.020837148150964546,-0.32748534846461985,-0.1401836339807469,0.06450542640395779,-0.4128279230195422,0.0017847571327387624,0.006152432126426188
2003-02,75.2033,82.7983,102.7106,107.665,97.3241,91.3445,1629.0,1854.0,1.26,3.9026315789473687,1.99,1.912631578947368,2.1065381,5.8425,183.6,5846.8,1993405.69,0.698493475131194,-0.35882944158688357,-1.7063823394015576,0.8507481702887568,1.128708722858243,3.146067415730336,1.99,-0.8290733539226824,3.658886070881273,-1.828540305010895,3.132144603923681,0,0,-0.16163911630721747,-0.030620102955567108,-0.32820933863131646,-0.16644302858681234,0.05202819258857749,-0.41085763417546106,-0.001079080461686227,0.0032324691983380005
2003-03,75.3541,82.2465,103.1847,107.5839,97.4306,91.1044,1726.0,1757.0,1.25,3.8071428571428574,1.9442857142857144,1.8628571428571428,1.903343,5.745,183.9,5866.3,2001208.15,0.7004217173759271,-0.356072671946743,-1.005633481007567,0.8441547111482429,0.1432096433042845,3.025210084033625,1.9442857142857144,-0.6411399084326308,3.769902818595461,-1.7230831973898963,2.147714199668549,0,0,-0.16941949413718277,-0.02742709569104157,-0.32864557625570145,-0.17300131443762912,0.052814673384637134,-0.40888734533138016,-0.009298815558949125,-0.002766273962843069
2003-04,74.7205,81.9951,102.3848,106.7571,96.7074,90.5617,1643.0,1803.0,1.26,3.958571428571428,2.183809523809524,1.774761904761905,1.9895133,5.8125,183.2,5904.9,2014099.78,0.6999112939560929,-0.35680167488862735,-1.2565328732268788,0.8478678984234918,-0.7954230327516298,2.175125488008911,2.183809523809524,-0.7152826564179704,3.748411553602349,-0.8956441048034836,1.0631424521920785,0,0,-0.16503043548620025,-0.028008964180171403,-0.32879271070845595,-0.1340050508532477,0.05011538159867168,-0.40691705648729903,-0.005334662514516364,0.00029681801578781974
2003-05,74.6687,81.8866,102.6276,106.3233,96.5846,90.537,1751.0,1835.0,1.26,3.5690476190476192,1.908095238095238,1.6609523809523812,1.8385312,5.484,182.9,5967.0,2027502.51,0.7022797448912891,-0.35342345733902814,-1.0915891492415064,0.8478225307140063,-0.8551221792882924,1.8941504178273003,1.908095238095238,-0.5680867478968454,3.579655712866381,-0.6223619464188146,0.6349016623750536,0,0,-0.16508394491069983,-0.024772161319344066,-0.32865129601968407,-0.11873998310574027,0.05152331030418977,-0.4049467676432179,-0.005797905610430337,0.003799189334322245
2003-06,74.9829,82.0198,103.6835,106.1515,96.8033,90.6527,1867.0,1875.0,1.22,3.334285714285714,1.7219047619047618,1.6123809523809522,2.2847306,5.23,183.1,6003.9,2033268.41,0.7063762641130836,-0.3476072314558387,-0.2811675598435703,0.8472830988199783,-0.8673253591963165,1.948775055679297,1.7219047619047618,-1.040947748265375,2.8794810161038686,-0.7148443473511845,-0.058888790114597356,0,0,-0.1657204030792514,-0.01938340016939194,-0.3282238312864468,-0.10510105495542366,0.05536924734329829,-0.402976478799137,-0.006827834778198816,0.007356465427002218
2003-07,75.3444,82.2787,106.1413,106.5784,97.5743,91.1185,1897.0,1885.0,1.01,3.975454545454546,2.1095454545454544,1.8659090909090907,1.6263355,5.6325,183.7,6050.4,2040064.39,0.7069387418088467,-0.34681126208863666,-0.2586976200721291,0.8432415092908686,-1.3447932814487085,2.055555555555544,2.1095454545454544,-0.6064722268766642,3.9420534847485422,-1.024496461622204,0.48582182889527203,0,0,-0.170501874120577,-0.019296726193851144,-0.3275145358947855,-0.11397001551607666,0.05419492786641922,-0.4010061899550559,-0.011985020777147692,0.004032387874031318
2003-08,75.4468,82.3193,104.1442,106.1646,97.0274,90.9197,1833.0,1966.0,1.03,4.445238095238095,2.32047619047619,2.124761904761905,1.8526073,6.264,184.5,6107.0,2049124.34,0.7106587318183274,-0.34156294778567103,-0.6839883927718782,0.8484129225352838,-1.1261284024246394,2.216066481994461,2.32047619047619,-0.8076448132320002,4.331153435283719,-1.160352303523038,0.3785213992541614,0,0,-0.16438782475357458,-0.015033972485473168,-0.32652897530019787,-0.07784289696105562,0.057472953325303944,-0.399035901110975,-0.006226962801585828,0.008306621971445383
2003-09,76.2924,82.8745,106.7518,106.3485,97.8591,91.5059,1939.0,1961.0,1.01,4.274285714285715,2.186190476190476,2.0880952380952382,1.9804944,6.1475,185.1,6080.0,2057090.79,0.717381063202584,-0.3321481106603032,0.4137993507688453,0.8468757632146627,-0.9961558794252228,2.378318584070782,2.186190476190476,-0.9516470828170531,4.086080994720098,-1.3365316045380715,0.9363316998081572,0,0,-0.16620127370159155,-0.006874055651691635,-0.32527405500861156,-0.07263649834408098,0.06491750160659066,-0.39706561226689385,-0.008373879757161945,0.005118491587359886
2003-10,76.1031,83.4655,105.8752,105.6222,97.2867,91.6186,1967.0,2012.0,1.01,4.290454545454545,2.076363636363636,2.2140909090909093,1.7885532,5.952,184.9,6070.2,2065495.1,0.7205218221169413,-0.3277795765384247,1.116555477192921,0.857933304346843,0.7656316636716481,2.041942604856528,2.076363636363636,-0.7648730387888047,4.090289791052859,-1.0112925905895187,1.2679010093433973,0,0,-0.1532289163770963,-0.004021851986603264,-0.32375772455182145,-0.038579113649974794,0.06731574688438802,-0.3950953234228127,0.004290765189326445,0.02007051725699005
2003-11,77.3944,83.8792,107.1118,106.1136,98.1136,92.2329,2083.0,1918.0,1.0,4.300000000000001,1.963888888888889,2.336111111111111,1.9308072,5.9325,185.0,6075.5,2066400.09,0.7293542015349588,-0.3155957918098147,2.087833021470015,0.8549191957078325,0.272791125962904,1.9283746556473915,1.963888888888889,-0.9131755409075293,3.925891406067472,-0.9108108108108136,1.377502622531246,0,0,-0.15674832245558956,0.006392619016783618,-0.3219884108265983,-0.02592247945036391,0.07752924276891715,-0.3931250345787318,0.000493216127477103,0.020073335793547198
2003-12,77.2217,84.0379,106.7429,106.3659,98.027,92.2602,2057.0,1987.0,0.98,4.267727272727273,1.983636363636364,2.284090909090909,2.2234564,5.876,185.5,6073.5,2077360.69,0.7260005321254275,-0.32020453120247533,2.09144033081527,0.8572933987574851,0.1649759657860489,2.0352035203520247,1.983636363636364,-1.216410052830097,3.573097338547826,-1.034156334231795,1.9647599545641548,0,0,-0.15397506336499933,-0.0002297111774855476,-0.3199748200249898,-0.03535302151222719,0.07095021453217537,-0.3911547457346507,0.0030214174246557257,0.025960333612842168
2004-01,77.3377,84.1669,107.6681,106.4188,98.1455,92.4006,1911.0,1952.0,1.0,4.1505,1.8875,2.263,1.9069713,5.7125,186.3,6081.3,2088243.04,0.7267296755836374,-0.319200706107398,2.912179050818642,0.8575726854517018,0.5579673958354625,2.026286966046009,1.8875,-0.8899992693630288,3.734316358786738,-1.005904455179818,1.2682820040776477,0,0,-0.15364933915917622,-0.0014754917002306467,-0.31772521440716733,-0.028399517204830194,0.06998375078317182,-0.3891844568905698,0.003138650571185425,0.023637878131690965
2004-02,78.3338,84.5827,107.4023,107.2568,98.8623,92.958,1846.0,1966.0,1.01,4.084210526315789,1.7621052631578948,2.3221052631578947,1.9871939,5.635,186.7,6120.7,2095340.36,0.7303387757233107,-0.3142467761565155,4.458266543036809,0.8555607142459765,0.5640897450612359,1.688453159041381,1.7621052631578948,-0.9581535314699852,3.5767295485908956,-0.6671880021424603,1.750970522201012,0,0,-0.15599821885660511,0.0010010960289520976,-0.31524787218546757,-0.05648926137538207,0.0729673918899732,-0.38721416804648867,0.0006211182721005404,0.0157064673167088
2004-03,78.2273,84.4857,106.3647,106.2255,98.1818,92.5861,1998.0,2066.0,1.0,3.826521739130435,1.465217391304348,2.361304347826087,1.7042839,5.445,187.1,6156.3,2109720.32,0.7364267525217579,-0.30594550149199984,5.012717045474319,0.8605026593523443,1.9180921275245235,1.7400761283306032,1.465217391304348,-0.692482040080511,3.6780319929080374,-0.7274184927845928,1.6132920720870025,0,0,-0.15023857286193754,0.006605672544928498,-0.31255117403692834,-0.03099149731255657,0.07929837771040771,-0.38524387920240755,0.006255003884423571,0.020529972900238974
2004-04,78.2997,84.7404,106.2501,107.1522,98.6226,92.93,2003.0,2070.0,1.0,4.347619047619047,1.9028571428571428,2.444761904761905,1.8527671,5.83,187.4,6198.5,2112716.15,0.7307334800405405,-0.3137064821015508,4.309519278707658,0.8592391601924912,1.3322456725267746,2.2925764192139875,1.9028571428571428,-0.8372547200045544,3.904884484969484,-1.263607257203858,2.581513520576273,0,0,-0.1517079787609325,-0.004063050983520833,-0.30964343111802994,-0.04656014339946285,0.06956710825677587,-0.38327359035832664,0.0047057404508561995,0.011863570843221455
2004-05,78.9818,85.5132,105.1957,108.1078,99.1104,93.6013,1981.0,2150.0,1.0,4.7155000000000005,2.09,2.6255,2.2141024,6.27,188.2,6277.2,2120839.15,0.7305837321636367,-0.3139114312750462,3.951202606398191,0.8628075358388222,1.752031457188208,2.8977583378895444,2.09,-1.1878032203900601,3.968041106625231,-1.8443145589797985,3.3285665343309567,0,0,-0.14756363033881775,-0.007378935417053478,-0.30653249585799275,-0.04327441882627392,0.06739187023919929,-0.3813033015142455,0.008818710439361693,0.017377943098558002
2004-06,78.916,84.8723,102.7753,106.9978,98.0838,92.871,1828.0,2020.0,1.03,4.733809523809524,2.146190476190476,2.5876190476190475,2.5740778,6.2875,188.9,6279.3,2127989.41,0.7375478748161177,-0.30442427787014453,4.318295358569419,0.865303954373709,2.104596164471259,3.1676679410158397,2.146190476190476,-1.5053294488405422,3.6202345462373664,-2.072032821598735,2.4175711825569657,0,0,-0.1446744414345388,-0.0011977750277892274,-0.3032265028423553,-0.04001343772009802,0.07490873480001986,-0.3793330126701644,0.011727249476654211,0.01835530473053787
2004-07,80.4955,85.4776,103.2552,107.2835,98.8563,93.5649,2002.0,2112.0,1.26,4.498095238095239,2.024285714285714,2.473809523809524,2.2558469,6.056,189.1,6292.3,2137092.98,0.750306431091454,-0.2872735811071266,5.953768098151008,0.8646651756134914,2.508894691981792,2.939575394665228,2.024285714285714,-0.973877709872073,3.7163186411397264,-1.6316129032258209,2.649445595863753,0,0,-0.14541292720075907,0.012460517975600272,-0.29973409908272686,-0.010203137004749452,0.0900891427189569,-0.3773627238260835,0.011060479465282852,0.016366237790474275
2004-08,80.1728,85.4367,103.9101,107.5779,99.038,93.6277,2024.0,2056.0,1.43,4.281363636363636,1.8595454545454544,2.421818181818182,2.3408529,5.8675,189.2,6317.7,2143435.12,0.7452534396005127,-0.2940309310699472,4.753201671572382,0.8626658454330661,1.6659960752722442,2.5474254742547275,1.8595454545454544,-0.8900188675288967,3.4459817365856793,-1.0896670190274738,2.93495804979802,0,0,-0.14772786400085214,0.0020330836995907098,-0.2960640147695379,-0.02628348086642368,0.08136150391205516,-0.37539243498200237,0.008870446704761725,0.010477678256444134
2004-09,80.4409,85.6725,103.3481,107.7337,99.1845,93.7467,1905.0,2041.0,1.61,4.125714285714285,1.799047619047619,2.3266666666666667,2.6767708,5.754,189.8,6352.3,2160148.3,0.7466642285561528,-0.2921396881330735,4.000842252722969,0.8637690364925972,1.9751408913142252,2.539168017287952,1.799047619047619,-1.038960216306295,2.9970062128210184,-0.9061591148577408,2.419301315399558,0,0,-0.1464498647884493,8.442664639723985e-05,-0.29222411477947074,-0.004300198281845136,0.08128245800484796,-0.37342214613792146,0.010326592815495528,0.012300303580619454
2004-10,80.9751,86.4687,105.3781,108.3391,99.9828,94.5465,2072.0,2097.0,1.76,4.097,1.729,2.368,2.145831,5.7225,190.8,6379.9,2176719.34,0.7474226756544959,-0.29112442300846264,3.665515352996207,0.8648357517493009,0.8013243926148439,3.1909140075716547,1.729,-0.377725645993332,3.501532040010513,-1.3866666666666585,3.1457469132811333,0,0,-0.14521567245094785,-0.002902300205623043,-0.2882221228028396,0.0008433484910220779,0.0803274342853777,-0.37145185729384034,0.011791613480879592,0.013318484519836027
2004-11,80.6804,86.9778,104.0239,108.679,99.8885,94.7813,1782.0,2079.0,1.93,4.194,1.6759999999999995,2.518,2.2068239,5.73,191.7,6406.3,2183746.35,0.7423734116066582,-0.2979029122588976,1.7692879550917084,0.8707488850067826,1.8346672221221103,3.621621621621607,1.6759999999999995,-0.27084678834246034,3.4471045724374427,-1.632498695878959,2.725523253460871,0,0,-0.13840165023436846,-0.013837155591900352,-0.28406575666699724,-0.0028558273889616737,0.07157865619086162,-0.3694815684497592,0.01888786690118488,0.020273593676479296
2004-12,81.573,87.7181,105.1477,109.3179,100.7107,95.5365,2042.0,2082.0,2.16,4.2309090909090905,1.6686363636363637,2.562272727272727,1.7525286,5.752,191.7,6424.3,2192246.17,0.7461998446731962,-0.29276182635216874,2.7442704850306585,0.8709908679018218,1.5851276567108108,3.3423180592991875,1.6686363636363637,0.40045334067502214,3.9305867431780106,-1.1440792905581532,3.489552750613445,0,0,-0.13812378679789122,-0.01299889060424686,-0.2797629357479219,0.02224287970444072,0.07474945325350957,-0.3675112796056783,0.019497267001475554,0.01691638175504437
2005-01,82.8886,87.6801,104.3783,109.9786,101.3114,95.8801,2144.0,2139.0,2.28,4.221500000000001,1.7235,2.498,2.1405957,5.71,191.6,6429.9,2196777.63,0.7536793521648757,-0.28278826380467287,3.641244230272511,0.8654514694298963,0.914536092760146,2.8448738593666034,1.7235,0.13648275599393855,3.49459906273093,-0.5492484342379922,3.696498040297058,0,0,-0.14450397823157476,-0.007465723469498475,-0.2753225403351744,0.03622054920010681,0.08275272695692432,-0.3655409907615972,0.01349450861851359,0.010316291065104288
2005-02,83.7896,88.3382,106.8462,110.0835,102.184,96.5761,2207.0,2114.0,2.5,4.165263157894737,1.6310526315789473,2.534210526315789,2.1370072,5.6275,192.4,6437.7,2211558.71,0.7611458574627441,-0.27293027396328107,4.131650219323441,0.864501291787364,1.039573925622722,3.0530262453133394,1.6310526315789473,0.35539792084291477,3.417461403744748,-0.5366424116424184,3.8183520356581013,0,0,-0.1456024796003779,-0.002175920544229104,-0.27075435341905196,0.06547567607715782,0.09064042795423521,-0.3635707019175163,0.012814573637285664,0.009325770400026107
2005-03,83.8202,88.3695,104.8762,110.0784,101.9291,96.4456,1864.0,2062.0,2.63,4.497727272727273,1.7872727272727271,2.710454545454545,2.3342418,5.928,193.1,6446.6,2220199.19,0.7614591055102545,-0.27251881063622313,3.342669085577671,0.8669702763980061,0.7487986794694312,3.2068412613575736,1.7872727272727271,0.28901196197654855,3.51178465466484,-0.5589176592439293,4.084009642573161,0,0,-0.14275058606724322,-0.0064501341933525524,-0.2660686764428706,0.05645928680648199,0.08908160243721203,-0.36160041307343516,0.01612046672614062,0.016268043808092936
2005-04,84.7926,88.2043,103.8598,110.409,102.2631,96.6532,2061.0,2150.0,2.79,4.3409523809523805,1.7057142857142855,2.6352380952380954,2.4622893,5.855,193.7,6461.4,2232535.38,0.7679863054642283,-0.26398337742023276,4.972310468131802,0.8625232366317861,0.3814789343768138,3.3617929562433257,1.7057142857142855,0.3198354265153025,3.3111798723005847,-0.5531956633969992,3.9282792693747126,0,0,-0.14789318941716437,-0.00270741546469333,-0.2612759619555394,0.0631597408095636,0.09564674680912127,-0.35963012422935403,0.011460706030429257,0.00844680379230131
2005-05,85.4943,88.0253,103.9289,111.0468,102.7264,96.7402,2025.0,2085.0,3.0,4.144285714285714,1.653333333333333,2.4909523809523813,2.5780667,5.72,193.6,6480.6,2232671.52,0.7698943148294232,-0.2615020270228084,5.240940425223784,0.8568907311070961,-0.6881239799888139,2.869287991498415,1.653333333333333,0.4113289649277485,3.062967943419026,0.1270661157024788,3.298476251386173,0,0,-0.1544448701387059,-0.005114916590854945,-0.25638711043195345,0.059950471975140196,0.09615780836246474,-0.35765983538527313,0.005413001515075538,0.0026423491365745455
2005-06,85.3369,88.338,104.6366,112.1787,103.4435,97.1753,2068.0,2178.0,3.04,3.998181818181818,1.6745454545454548,2.323636363636364,2.3619011,5.582,193.7,6513.2,2247833.43,0.7607228466723184,-0.2734861836816032,3.093809418854132,0.853973425106459,-1.3180762385527456,2.541026998411855,1.6745454545454548,0.6624524287972555,3.1457982563787956,0.4866081569437241,4.5305130477514055,0,0,-0.15785520382006626,-0.022072973319633038,-0.2514132103619702,0.03873256135730735,0.08220336285958879,-0.355689546541192,0.002519272163006292,-0.0012215956869818245
2005-07,84.9112,88.0587,102.607,112.2099,102.9995,96.8676,2054.0,2203.0,3.26,4.1775,1.8765,2.301,2.3318043,5.695,194.9,6545.1,2257230.94,0.7567175445303845,-0.2787652199678015,0.8508361139325071,0.8549429851601221,-1.130756909134506,3.067160232681121,1.8765,0.9070451814558789,3.286559562792757,0.1871010774756154,3.4689784505630428,0,0,-0.15672049629210413,-0.03239951452981332,-0.2463657054379882,0.023272927660708043,0.07495403772930936,-0.3537192576971109,0.004174330811605148,0.003340610133519689
2005-08,86.0016,88.0786,105.5458,111.8886,103.6757,97.1833,2095.0,2219.0,3.5,4.262608695652174,1.8891304347826088,2.373478260869565,2.4638191,5.82,196.1,6576.7,2267044.88,0.7686359468256819,-0.26313783272088925,3.089309834905796,0.8495587683516966,-1.5310296330751871,3.646934460887952,1.8891304347826088,1.0112651559363917,3.275479022233707,-0.1417644059153566,3.727260613282457,0,0,-0.163038160331604,-0.021880260523113815,-0.24125757219777544,0.03044156859823971,0.08861113613214072,-0.35174896885303,-0.0016282915971259915,-0.005263100516104208
2005-09,83.3786,84.6093,107.6793,111.2976,102.883,95.3005,2151.0,2263.0,3.62,4.199047619047619,1.6990476190476191,2.5,2.3538136,5.774,198.8,6610.2,2271633.28,0.7491500265953623,-0.2888160129922672,0.3323675140806281,0.8223836785474763,-4.909836581390167,4.741833508956805,1.6990476190476191,1.2370681222961366,3.341532943135972,-1.071046277665999,1.643859300512407,0,0,-0.19554823060235096,-0.05271197584688059,-0.23610403714538664,-0.00575415020704928,0.060962667016681626,-0.34977868000894885,-0.033637975892269856,-0.03516966997871093
2005-10,87.8311,85.6704,108.7306,110.9314,104.2338,96.4572,2065.0,2170.0,3.78,4.4635,1.9425,2.521,2.8474638,6.065,199.1,6644.0,2276843.14,0.7917604934220609,-0.23349634019739549,5.762808281106715,0.8219061379322254,-5.091340542527292,4.350104821802936,1.9425,0.9067177405691185,3.1284545881042902,-0.5463385233550944,2.000760967510118,0,0,-0.19612907787622078,-0.002574493949982576,-0.2309218462474129,0.04201478339067763,0.11431205096747246,-0.34780839116486795,-0.033742325935194495,-0.04418505640491621
2005-11,89.1445,87.4616,107.5806,111.2626,104.6131,97.5414,2147.0,2218.0,4.0,4.535,2.0635,2.4715,3.0510174,6.33,198.1,6660.6,2283661.27,0.8012081328316971,-0.22163452442859172,7.626838783030587,0.8360482578185715,-4.06672926657082,3.338549817423053,2.0635,0.9208862017503927,3.1819022099242256,0.6400807672892528,2.8704770845601857,0,0,-0.17906894290007666,0.004096881595731988,-0.2257314060243237,0.04219596639806683,0.1242035778921951,-0.3458381023207868,-0.016236479591707348,-0.02343012080895676
2005-12,88.505,88.1858,106.4202,112.6841,104.9191,98.0452,1994.0,2120.0,4.16,4.467142857142857,2.123333333333333,2.343809523809524,3.2271725,6.272,198.1,6687.4,2290928.13,0.7854258054153158,-0.24152928097957158,5.123254537259717,0.8405123566633721,-3.561983788103434,3.338549817423053,2.123333333333333,0.9036646818937344,2.949637606319211,0.7949116607773865,2.592022340889777,0,0,-0.17374362467892557,-0.020975979198680883,-0.2205533017808907,0.04059804400663983,0.10233853249713412,-0.3438678134767057,-0.010500789768680852,-0.021010996324329317
2006-01,90.0814,88.5044,107.8947,111.0899,104.6908,98.1999,2273.0,2212.0,4.29,4.416,2.006,2.41,2.4027758,6.145,199.3,6728.4,2367471.08,0.8108873984043554,-0.20962607741090972,7.316218639376315,0.8453885155142573,-2.3454997386916894,4.018789144050117,2.006,1.842942425394689,3.6544167584957377,0.2607325639738977,2.3906744493943144,0,0,-0.16795897561849166,0.0057817569053093265,-0.21540783431621904,0.08319356542548934,0.13227144722171508,-0.3418975246326248,-0.004344535240399683,-0.013448017570834497
2006-02,90.4382,88.8794,105.9632,110.9732,104.4784,98.2413,2119.0,2141.0,4.49,4.568947368421052,2.0489473684210524,2.52,2.5082827,6.2525,199.4,6753.1,2374977.32,0.8149553225463444,-0.20462198620542915,6.830828775785191,0.8506964118899218,-1.60974772412808,3.63825363825363,2.0489473684210524,1.9332265138024551,3.6525997718231062,0.8218455366098221,1.7095398611510326,0,0,-0.1616999568416587,0.005694774889206944,-0.2103167610946361,0.08411416150609596,0.13530524958311452,-0.33992723578854367,0.002244625723203636,-0.007120696030641277
2006-03,91.2433,88.8525,106.884,111.4814,105.0312,98.4628,1969.0,2118.0,4.59,4.7239130434782615,2.197391304347826,2.526521739130435,1.768612,6.324,199.7,6766.9,2385807.89,0.8184620932281081,-0.20032819573197058,7.219061490425255,0.8459629138770195,-2.452917129434065,3.4179181771103018,2.197391304347826,2.772355782940217,4.4762210179303485,1.1333450175262882,2.0699693050874046,0,0,-0.16727975736158388,0.004973242337602518,-0.2053014380695731,0.08115127159803637,0.13762875121249218,-0.33795694694446277,-0.003048891334240744,-0.0162437231689192
2006-04,92.673,89.0184,106.7297,111.9658,105.703,98.7618,1821.0,1998.0,4.79,4.990526315789474,2.4089473684210527,2.581578947368421,2.6830379,6.5075,200.7,6806.3,2397680.6,0.8276902411272014,-0.18911629951041892,7.486707790981384,0.8421558517733649,-2.3896995332993303,3.613835828600931,2.4089473684210527,2.051908614207454,3.724531508041795,1.135142002989542,2.1581576050322404,0,0,-0.17179018475015767,0.011266526213563943,-0.20038282572398286,0.10844274035635287,0.14687035858996272,-0.33598665810038164,-0.007319445304622252,-0.021096573747823893
2006-05,92.7847,89.2479,105.9723,111.926,105.6017,98.7869,1942.0,1905.0,4.94,5.11,2.445909090909091,2.664090909090909,2.8830197,6.5975,201.3,6815.7,2407161.45,0.8289825420367029,-0.18755618313167188,7.394584389113651,0.8451369627572284,-1.3811708517561612,3.977272727272729,2.445909090909091,1.9993389638037762,3.610391987746042,0.9259016393442732,2.0935970079881905,0,0,-0.1682565786562675,0.00802535604509505,-0.19558153917676693,0.10960262383633451,0.14646018612462863,-0.3340163692563005,-0.0035947154282624516,-0.01977352823948833
2006-06,93.4728,89.4909,106.536,112.4085,106.1701,99.0997,1802.0,1867.0,4.99,5.106363636363636,2.5295454545454543,2.5768181818181817,2.7447553,6.682,201.8,6854.0,2395813.18,0.8315456571344694,-0.18446907249465896,8.901711118694426,0.8429011557867987,-1.305037695682354,4.1817243159525175,2.5295454545454543,2.1852645358336975,3.8320639223907937,0.7758325074330941,1.9609850138842866,0,0,-0.1709055807768898,0.006448338654514024,-0.190917411149173,0.10080438080115292,0.14757700791756065,-0.3320460804122196,-0.006103174698759067,-0.02432542264006629
2006-07,94.3208,89.6241,102.8446,112.3828,105.8384,99.0489,1737.0,1763.0,5.24,5.0875,2.507,2.5805,2.8005219,6.7625,202.9,6896.1,2403099.25,0.8392814558811491,-0.17520916288169988,10.355605708610163,0.846801349982615,-0.9568649213995778,4.104669061056954,2.507,2.373021123738095,3.8540447332106487,1.090566781665836,2.2268569921528147,0,0,-0.1662891455060999,0.011200554164356835,-0.18640971704605672,0.08480737447666017,0.1548666286864386,-0.3300757915681385,-0.0013983591737928291,-0.020194512375173362
2006-08,95.1535,89.9064,105.7609,112.7604,106.7985,99.4836,1650.0,1722.0,5.25,4.8765217391304345,2.2908695652173914,2.585652173913044,2.8670646,6.523999999999999,203.8,6926.4,2415732.03,0.8438556443574162,-0.1697738365059727,9.336399621491656,0.8418320482029242,-0.9136591997021354,3.926568077511483,2.2908695652173914,2.3165192953313873,3.555010939818337,1.273429833169759,2.33939204532998,0,0,-0.17217475232862536,0.012303447965005737,-0.18207728447097843,0.10009024756700532,0.1583316662180849,-0.3281055027240576,-0.007248906170120306,-0.02579824257624616
2006-09,95.3224,89.734,104.1589,112.6896,106.5955,99.3183,1720.0,1655.0,5.25,4.718999999999999,2.3195,2.3995,2.6513028,6.4025,202.8,6952.8,2426813.23,0.8458846246681149,-0.1673723061370224,12.144370685524484,0.84181790038041,2.33566721406854,2.012072434607637,2.3195,2.5315774170573846,3.6543103669211208,3.174063116370806,4.129478686590637,0,0,-0.17219155846166556,0.010565857074214646,-0.17793816321123704,0.10108113609024985,0.15876290774295407,-0.32613521387997646,-0.007285033628694038,-0.02805950623140846
2006-10,95.4871,89.5823,102.8385,112.9754,106.6101,99.2044,1491.0,1570.0,5.25,4.729047619047619,2.4114285714285715,2.317619047619048,2.4007047,6.3575,201.9,7002.1,2429399.86,0.8452025839253502,-0.16817893606867787,6.531740412871762,0.8402796733142545,2.2108579739479994,1.4063284781516971,2.4114285714285715,2.7824957927267135,3.8640313185266617,3.790366518078248,2.808298150256938,0,0,-0.17402049813674078,0.005830612579344946,-0.17400954864802282,0.09181411394133629,0.15598598896721746,-0.32416492503589533,-0.009188233108525679,-0.02998399019802847
2006-11,95.8909,89.3791,103.3753,112.9969,106.8765,99.1627,1570.0,1535.0,5.25,4.595238095238095,2.291904761904762,2.303333333333333,1.8893923,6.24,202.0,7037.3,2440749.07,0.8486153159953946,-0.16414929783165877,5.748522659693295,0.8362839351962311,0.028185474178427,1.9687026754164672,2.291904761904762,3.2982900615454946,4.269931934808491,3.2179455445544347,1.6485032252737675,0,0,-0.1787870881582924,0.006158604590792649,-0.17030790242245142,0.11220812305926708,0.15804533836015566,-0.32219463619181443,-0.014084072836434758,-0.03993833602249683
2006-12,97.4434,90.3086,105.7577,112.9162,107.7739,100.1735,1649.0,1638.0,5.24,4.5645,2.2505,2.314,1.9891528,6.135,203.1,7079.3,2456715.7,0.862970946595794,-0.14737425405544954,9.415502692412204,0.8379449941033961,-0.3059195470248438,2.5239777889954462,2.2505,3.1874440670910165,4.064988370018097,2.6491580502215677,2.1475085785195525,0,0,-0.176802820149174,0.019475027216537655,-0.1668492812719872,0.12283309744973095,0.17285009329228376,-0.3202243473477333,-0.012283457785909474,-0.037818424786426275
2007-01,95.791,90.3091,103.2494,112.9401,107.0755,99.8346,1409.0,1626.0,5.25,4.7595238095238095,2.4366666666666665,2.322857142857143,2.6838116,6.2175,203.437,7115.6,2457945.58,0.8481575631684406,-0.16468885482679976,4.493722258410996,0.8434151603307946,-0.233698695687623,2.075765178123423,2.4366666666666665,2.499116813073199,3.441329597079368,3.1096850622059917,1.6509619589963442,0,0,-0.1702959625753679,-0.0010395405735795227,-0.16364931425322024,0.0912841795287346,0.15356520367685242,-0.3182540585036522,-0.006013091712953139,-0.02889284592862229
2007-02,96.4777,91.2465,104.2854,114.1618,108.1212,100.7753,1480.0,1598.0,5.26,4.722631578947369,2.360526315789474,2.3621052631578947,2.6396415,6.285,204.226,7131.9,2470049.92,0.8450961705228894,-0.16830484683128277,3.631713937414638,0.8439279253282427,-0.7988227721530711,2.420260782347028,2.360526315789474,2.5529692638297075,3.551608761221181,2.772634238539662,2.5466588717299565,0,0,-0.1696881845631894,-0.007582568840987791,-0.16072227799029498,0.06754418013294905,0.1479789228282885,-0.3162837696595713,-0.005692226016000307,-0.02819502038762295
2007-03,98.1912,91.5699,104.7253,112.8315,107.9501,100.9547,1495.0,1596.0,5.26,4.564545454545455,2.1768181818181818,2.3877272727272727,2.7976602,6.156000000000001,205.288,7164.7,2484433.18,0.8702463407824942,-0.13897895708828936,6.134923864368122,0.8482613726156808,0.2713289104728622,2.798197295943927,2.1768181818181818,2.3953266983016253,3.2669418676126716,2.3947917072600244,2.4993089506856414,0,0,-0.16456646825685525,0.019103564209384083,-0.15808252129767345,0.10947371178621604,0.1753345237272008,-0.31431348081549015,-0.0009050075355734599,-0.02427318973521747
2007-04,99.0981,92.2432,106.6256,113.0011,108.7071,101.6334,1490.0,1470.0,5.25,4.6938095238095245,2.255714285714286,2.4380952380952383,2.7184483,6.18,205.904,7239.9,2493729.77,0.87696579944797,-0.131287284579065,5.782901493135392,0.848548070917171,0.756164283536892,2.5929247633283525,2.255714285714286,2.4645540717343373,3.369941580396718,2.5899205454969376,2.8661330965338294,0,0,-0.16422854191478875,0.0244576349780333,-0.1557449195570983,0.10887685911949616,0.18105590739234426,-0.31234319197140925,-0.0009459339329282446,-0.022667434204678844
2007-05,99.2939,92.6638,106.0422,112.657,108.5987,101.7306,1415.0,1493.0,5.25,4.746363636363636,2.3736363636363635,2.372727272727273,2.9243064,6.2620000000000005,206.755,7257.1,2510016.06,0.8813824263028485,-0.12626366516325596,6.129251796841592,0.8532680409618163,0.9575031054373878,2.709885742672613,2.3736363636363635,2.2596155187692313,3.242862368222843,2.473096176634204,2.9363137883737345,0,0,-0.15868154760189362,0.027459356350652803,-0.15372302151390876,0.10919562335507824,0.18410923796407216,-0.3103729031273281,0.0041811461719447884,-0.015177639449495267
2007-06,99.28,92.6053,107.5746,112.3906,108.9204,101.7893,1448.0,1407.0,5.25,5.102857142857142,2.690952380952381,2.4119047619047618,3.214615,6.657500000000001,207.234,7290.6,2519121.04,0.8833478956425181,-0.124036163172826,6.043290932183297,0.8502107961410351,0.8634615993365208,2.692765113974227,2.690952380952381,1.9719930166866462,3.33565648624472,2.4901801827885484,2.677857645102044,0,0,-0.1622709647835246,0.027992514293744622,-0.15202867746657062,0.11884233992567501,0.184366451110421,-0.308402614283247,0.00013411244846048276,-0.015451783760581567
2007-07,99.3949,92.6802,106.5678,112.3429,108.8106,101.6672,1354.0,1361.0,5.26,5.004285714285714,2.6366666666666667,2.367619047619048,2.614408,6.695,207.603,7321.8,2533667.67,0.8847457204683162,-0.12245499676366668,5.27541661180332,0.85175708984235,0.583524688404996,2.317890586495808,2.6366666666666667,2.578187655675035,3.9766267520639165,2.8754594105094844,2.6091066246559436,0,0,-0.16045389862204995,0.028216834050136405,-0.1506718308138031,0.13603152685537628,0.18397732867549943,-0.3064323254391661,0.0014589285116470563,-0.0136061453455944
2007-08,99.5409,93.1878,106.2071,112.1675,108.7625,101.863,1330.0,1321.0,5.02,4.674782608695652,2.4382608695652173,2.236521739130435,2.6534371,6.572,207.667,7397.0,2552767.07,0.8874308511823834,-0.11942467482872683,5.034916167724586,0.8568008274910929,1.762495827215302,1.897448478900876,2.4382608695652173,2.305390805078078,3.8172739371432174,3.0644059961380643,2.3635966753074555,0,0,-0.15454979405647234,0.03023580620099485,-0.14966048102972168,0.11552924209650071,0.18503736176635815,-0.304462036595085,0.006839208886533804,-0.004961307674217652
2007-09,101.0241,93.2711,104.7957,112.4252,109.1575,102.0894,1183.0,1261.0,4.94,4.521578947368421,2.2573684210526315,2.264210526315789,2.5740481,6.3825,208.547,7413.8,2566995.36,0.8985894621490556,-0.10692900938005638,6.044329675696601,0.854463504569086,1.4910071432142569,2.8338264299802685,2.2573684210526315,2.3065794358563707,3.7128805682770105,2.048133034759569,2.7519055894432043,0,0,-0.157281487029523,0.04207165870602088,-0.14900066808607726,0.1694247213918912,0.19556273837094768,-0.30249174775100407,0.0035550757799414634,0.008651789960084533
2007-10,100.8123,93.3685,104.619,111.1884,108.4073,101.8015,1264.0,1192.0,4.76,4.527727272727272,2.202272727272728,2.325454545454545,2.2920506,6.375,209.19,7429.0,2582326.03,0.9066800133826909,-0.09796568782587757,7.02132482428003,0.8612750248368882,2.467909747472663,3.610698365527476,2.202272727272728,2.412650235794578,3.9914630472761337,1.1092499641474518,2.5842470636043835,0,0,-0.14934140066201415,0.050730644419979085,-0.14869633224585665,0.09809374303086,0.2025557710810454,-0.30052145890692294,0.010916589275548227,0.017729396628876737
2007-11,101.4754,94.1719,105.1294,111.0011,108.7435,102.3446,1197.0,1224.0,4.49,4.1485,1.768,2.3805,2.6320037,6.208,210.834,7454.0,2597649.3,0.9141837333143545,-0.0897237065983485,7.442559123331027,0.8660002666826063,3.4917025686125425,4.373267326732666,1.768,1.8103478768971781,3.48428966704466,0.1118415435840569,3.158361506109486,0,0,-0.14387006247216697,0.05902478553073248,-0.14874849212908098,0.09934304025487395,0.20882746346449332,-0.2985511700628418,0.01578545817936089,0.019160763601952846
2007-12,102.4584,94.1918,105.2502,110.5591,108.858,102.3803,1037.0,1149.0,4.24,4.0975,1.789,2.3085,2.5437758,6.095,211.445,7482.7,2609476.53,0.9267296857517834,-0.07609335707092077,7.128089698452877,0.8652721894578258,3.209166849416905,4.108813392417532,1.789,1.6541464235803938,3.463129938696885,0.1260091276691355,2.179062867071835,0,0,-0.14471115165500495,0.0730612863234325,-0.14915464339435328,0.13919299225851853,0.22048752414784015,-0.2965808812187609,0.014319481524106337,0.015141609469087575
2008-01,102.9234,93.9378,102.8301,111.0708,108.8561,102.2448,1084.0,1094.0,3.94,3.744285714285714,1.4690476190476192,2.2752380952380955,2.466622,5.758,212.174,7513.6,2619427.65,0.9266467874544885,-0.0761828135829124,8.850604124388736,0.862953936435349,2.290199716328545,4.294695655165981,1.4690476190476192,1.437910190891234,3.2121464880534356,-0.3400898319303902,2.3855121264066526,0,0,-0.14739396541208244,0.07372536917392458,-0.14990818275683698,0.08985641714585219,0.2184277787917674,-0.2946105923746798,0.010989744123607037,0.00976162664353386
2008-02,102.8147,93.4926,102.1746,111.0079,108.6661,101.8438,1103.0,1014.0,2.98,3.7375,1.405,2.3325,2.2977869,5.9175,212.687,7600.3,2634496.42,0.9261926403436151,-0.0766730310439126,9.163181578737015,0.8603658362635633,1.929059537964703,4.142959270611968,1.405,0.6668894026680139,3.5384080239569737,-1.116695049532879,1.0546981058257465,0,0,-0.15039758918354237,0.07432440218734382,-0.15099743323125642,0.0925405024393017,0.21596727248668607,-0.29264030353059867,0.0073165481446577085,0.008497696921662828
2008-03,103.6002,93.5902,99.6412,109.925,107.9694,101.5336,1005.0,967.0,2.61,3.51,1.091,2.419,1.9336763,5.97,213.448,7664.9,2645603.64,0.9424625881282693,-0.05925905474142399,7.971990234686538,0.8668215253581107,2.164429175976962,3.9749035501344334,1.091,0.6634938761646447,3.959754858758102,-1.3127240358307255,0.571787680787228,0,0,-0.14292217649708563,0.09314654327360819,-0.15240559801503217,0.09897380663990954,0.23141095994509378,-0.29067001468651776,0.014098364489819881,0.02169668754490786
2008-04,101.7027,93.2514,97.2155,109.8929,107.0867,100.8785,1013.0,1008.0,2.28,3.675,1.3622727272727273,2.3127272727272725,2.0175043,5.9175,213.942,7711.4,2654243.23,0.9254710722894746,-0.07745240376234125,5.383488081672375,0.8708028167830366,2.588882699502029,3.903760975988813,1.3622727272727273,0.2573045692512377,3.8228691505051815,-1.562754765310237,-0.7455398884006037,0,0,-0.13833971491976846,0.0766583151264251,-0.15411071888876635,0.07926435632624512,0.2112473220800954,-0.28869972584243664,0.01796132192867858,0.02639336556411176
2008-05,102.0286,92.5057,96.2492,109.4734,106.8126,100.2674,973.0,995.0,1.98,3.88,1.46,2.42,2.2868435,6.036,215.208,7728.3,2660193.15,0.9319944388317162,-0.07042843123310746,5.58352339301485,0.866056064546692,1.4875914747977503,4.088413823123993,1.46,-0.29998335025362977,3.6653360018876757,-2.025598955429164,-1.4487525542850044,0,0,-0.14380563285391612,0.08565593789000395,-0.1560843691231114,0.09977281410771235,0.21630100576524827,-0.28672943699835574,0.011747129342460305,0.020826049448324307
2008-06,101.3673,92.4834,97.0014,108.9316,106.5729,100.0335,1046.0,1180.0,2.0,4.099523809523809,1.6285714285714288,2.470952380952381,2.7285115,6.32,217.463,7747.3,2662409.52,0.9305591765842051,-0.07196960837799203,5.206655479483397,0.8677947207967504,2.047087571402742,4.935966105947864,1.6285714285714288,-0.7091619350485745,3.496097088878769,-2.797864464299671,-1.739986064905441,0,0,-0.14180008906949718,0.08632319011662183,-0.15829279849461386,0.11010407359560583,0.21278953977628257,-0.2847591481542746,0.012971517930725401,0.024130861295440148
2008-07,99.7305,92.4738,95.2845,108.7985,105.7774,99.676,923.0,921.0,2.01,4.007727272727273,1.5690909090909089,2.4386363636363635,2.9490198,6.425999999999999,219.016,7794.9,2665321.26,0.9166532626828495,-0.08702599962434049,3.5428997139326195,0.8742302230911329,2.604237375604565,5.497512078341837,1.5690909090909089,-0.9121211662085127,3.377380578032474,-3.305776609928046,-1.9779808004119381,0,0,-0.1344115248660043,0.07367030882645959,-0.16069630845080007,0.07794329364775376,0.195762859685853,-0.2827888593101935,0.019541120590639116,0.02797763667372305
2008-08,97.8738,90.913,91.003,107.7012,104.0563,98.1111,844.0,858.0,2.0,3.885714285714285,1.6761904761904762,2.2095238095238097,3.0525448,6.4775,218.69,7808.8,2662237.78,0.908753105814977,-0.09568183246214415,2.374284236658268,0.8736904925506673,1.9520700495515688,5.308017162091239,1.6761904761904762,-1.021367111353455,3.3235037588319916,-3.141277607572368,-3.7528263194579026,0,0,-0.13502909356095666,0.0675673733110719,-0.16324920577321606,0.09568171506918682,0.18513673800396843,-0.2808185704661126,0.01806095740148389,0.03388892462385379
2008-09,90.0721,84.8714,90.006,106.94,101.3239,93.7895,820.0,797.0,1.81,3.686190476190476,1.85,1.8361904761904764,2.7309252,6.0375,218.877,7873.6,2657389.13,0.8422676267065645,-0.17165746879743954,-6.472845941738316,0.8376246867718278,-1.9903659607323791,4.953319875136075,1.85,-0.8964439853015205,3.2186751881798648,-2.994969457731977,-8.479599054855935,0,1,-0.17718514663684679,-0.005756787547700204,-0.16590068124973933,-0.01797540969509659,0.10719081282459192,-0.27884828162203146,-0.02500850674469446,-0.009319961055688858
2008-10,87.5793,87.3903,87.6877,108.013,100.7979,94.7219,777.0,736.0,0.97,3.814090909090909,2.752272727272727,1.0618181818181818,1.6072395,6.2,216.995,7976.3,2660729.5,0.8108218455185949,-0.20970692160174337,-11.17412337758658,0.866985324099014,0.6608171095714738,3.7310578899565128,2.752272727272727,-0.6271595440795252,4.5201114828043565,-2.661746584022684,-7.207960872579822,0,1,-0.1427332295662994,-0.041111688112198064,-0.1685952334895453,-0.05924744937122256,0.06717107117620719,-0.27687799277795055,0.00847074482086485,0.024762309977984065
2008-11,88.7318,86.1253,84.15,107.8344,100.3493,93.4715,652.0,626.0,0.39,3.526666666666667,2.8883333333333336,0.6383333333333333,0.78457206,6.0875,213.153,8027.8,2651481.39,0.8228524478274095,-0.1949783801290923,-10.52546735307438,0.8582551148837112,-0.8983824523500133,1.0999174706166848,2.8883333333333336,-0.39150045680116374,5.26164653141854,-0.7021939170454905,-9.06889735831058,0,1,-0.1528538869956671,-0.023700619250369898,-0.1712777608787224,-0.025316091219054898,0.07992932380477713,-0.27490770393386943,-0.0026885337049480096,0.01578925292571215
2008-12,89.6147,82.96,80.1084,106.2944,98.9658,90.8357,560.0,554.0,0.16,2.4163636363636365,2.17,0.2463636363636363,0.28299557,5.286,211.398,8203.0,2643788.96,0.8430801622663094,-0.17069323384484897,-9.45998767739282,0.8382693819481073,-3.1704620329691484,-0.022228002553859,2.17,-0.12264848023425534,4.9888861033352105,0.1822685172045313,-11.964193114332655,0,1,-0.17641577198469643,0.0032027829368512506,-0.17389601678170022,-0.04626685940059028,0.10224418124493934,-0.2729374150897883,-0.027362284784804958,-0.00886199111315572
2009-01,84.6122,81.3919,70.6781,106.2563,95.7698,88.57,490.0,545.0,0.15,2.5175,1.912,0.6054999999999999,0.47357505,5.047499999999999,211.933,8284.2,2647028.86,0.7963029015691305,-0.2277756359113234,-15.1592822328411,0.8498702096067863,-1.52776703249482,-0.1135860190221271,1.912,-0.32204990201550876,4.552366080060177,0.2638857563475261,-14.357673806250126,0,1,-0.16267163573703064,-0.05137623547207815,-0.17639940043924526,-0.07250613521467877,0.04319149033438399,-0.2709671262457074,-0.014810362321545062,0.0015407134882453322
2009-02,84.1529,80.8958,72.2475,105.8742,95.4195,88.031,582.0,558.0,0.22,2.87,1.7521052631578946,1.1178947368421053,0.38164688,5.13,212.705,8314.7,2638532.74,0.7948385914604313,-0.22961621455062678,-15.294318350671418,0.8477910699594946,-1.4723464127919028,0.0084631406715107,1.7521052631578946,-0.16103230523129008,4.730300077340188,0.2115189581815002,-14.57512418138478,0,1,-0.1651210533114614,-0.050879125873984465,-0.17873708867664231,-0.06964203571241709,0.0393806228509995,-0.2689968374016263,-0.01853754391449025,8.5396708916885e-05
2009-03,82.4421,79.4977,72.1506,105.0707,94.1646,86.6528,505.0,513.0,0.18,2.819545454545455,1.7090909090909092,1.1104545454545454,-0.48067803,5.0025,212.495,8380.5,2622827.85,0.7846345365549101,-0.24253722813452494,-18.32781733931009,0.8442418913264645,-2.639404785363664,-0.4464787676623838,1.7090909090909092,0.6638691029257293,5.509661763625062,0.6292884067860438,-15.848044863872346,0,1,-0.16931622435072227,-0.06167540202121871,-0.18086182611330623,-0.13265410427863983,0.02448932042302021,-0.26702654855754515,-0.024100203249520863,-0.007255020407214485
2009-04,80.7068,78.8903,72.1756,104.63,93.3101,85.9344,478.0,521.0,0.15,2.927142857142857,1.5676190476190477,1.3595238095238096,1.2289362,4.8100000000000005,212.709,8390.2,2615973.01,0.7713542960909874,-0.25960748296559166,-18.21550792032504,0.845463674350365,-2.953036015897445,-0.5763244243767063,1.5676190476190477,-1.0658377342505299,3.537589087101378,0.730534674132266,-16.033260791166892,0,1,-0.1678700750787429,-0.07687759232430963,-0.18272989064128203,-0.1564247739448446,0.005448776747872586,-0.26505625971346425,-0.02411415326427485,-0.004639970440227209
2009-05,78.5253,78.3611,69.1881,104.0419,91.8515,85.0665,540.0,556.0,0.18,3.293,1.717,1.576,1.2972457,4.8575,213.022,8452.9,2610010.78,0.7547468856297319,-0.2813728367637793,-21.09444055306718,0.8531281470634665,-1.5039878896098453,-1.015761495855172,1.717,-1.1029378857040362,3.5146605175662815,1.2080322220240136,-16.44073136576596,0,1,-0.15884551175001457,-0.09707099359713536,-0.1843018431666439,-0.18059245367728616,-0.018286865894396154,-0.2630859708693831,-0.01664351330172606,0.0010726846199476114
2009-06,77.8598,78.0592,68.449,103.7078,91.3414,84.7459,585.0,601.0,0.21,3.7218181818181817,1.8622727272727275,1.8595454545454544,1.2745119,5.42,214.79,8462.9,2591475.41,0.7507612735011253,-0.2866675559129259,-21.46979475349339,0.8545872955746245,-1.533653274508362,-1.2291746182109151,1.8622727272727275,-1.0511153102876758,4.093318271524549,1.4570847339261617,-16.584776237891408,0,1,-0.1571366218145808,-0.10112397259577055,-0.18554358331715537,-0.18649636530919075,-0.0255518738876237,-0.2611156820253022,-0.016581909306423892,0.0040070389174816645
2009-07,78.788,79.1999,75.2198,102.9322,92.4709,85.7027,594.0,595.0,0.16,3.5622727272727275,1.8227272727272728,1.7395454545454547,1.5522347,5.222,214.726,8467.3,2590854.98,0.765435888866652,-0.26730981805575443,-18.0283818431414,0.8564845805545312,-2.050743936919977,-1.958761003762277,1.8227272727272728,-1.370954272067837,3.6136726196533298,2.1610916237437383,-15.10405954647327,0,1,-0.15491896423520407,-0.08088206629395245,-0.18642775176180199,-0.1712506769820643,-0.008164424874533338,-0.2591453931812211,-0.01610328293610186,0.004638192165323685
2009-08,79.6337,80.2962,76.2184,103.8746,93.3898,86.6426,586.0,616.0,0.16,3.587142857142857,1.7738095238095235,1.8133333333333328,2.0245319,5.1925,215.445,8466.2,2582126.01,0.7666330363727033,-0.2657470322959511,-17.006519983380695,0.8597962518390659,-1.603074070896879,-1.4838355663267633,1.7738095238095235,-1.827532913189478,3.105104273455628,1.6685947689665692,-12.430889854137384,0,1,-0.15105983426992545,-0.0788130206282848,-0.1869340116676663,-0.17001492422769038,-0.00857192795881112,-0.25717510433713997,-0.014072160622292496,0.006054007521002269
2009-09,80.1369,81.1837,79.6947,103.8918,94.2216,87.4063,585.0,609.0,0.15,3.401904761904762,1.6419047619047618,1.76,2.3608109,5.0575,215.861,8462.7,2576594.39,0.7713496156578286,-0.259613550796396,-8.795608199895643,0.8616251475245592,2.825018007717622,-1.377942862886472,1.6419047619047618,-2.1598215963332,2.634493685903383,1.5492912105475432,-7.048554700434639,0,1,-0.14893496655967056,-0.07256590778440594,-0.18704764301199003,-0.175009221551518,-0.004408735303336908,-0.25520481549305907,-0.013860389895875597,0.008253233804989879
2009-10,80.467,81.4304,78.641,104.7202,94.515,87.6419,534.0,583.0,0.12,3.387619047619048,1.4833333333333332,1.9042857142857144,1.6283633,4.952,216.509,8489.2,2563422.73,0.7683999839572498,-0.2634448689658593,-5.373794736411591,0.861560598846744,-0.6276654834330958,-0.2239682942003384,1.4833333333333332,-1.4841952099015954,3.2703829837235965,0.3447404034012669,-7.768603596551227,0,1,-0.14900988440063037,-0.07668547006741169,-0.1867593988984476,-0.18675031042721085,-0.010210342316881338,-0.25323452664897794,-0.015928629709619807,0.003485048646521244
2009-11,80.2995,82.3009,79.9193,103.5706,94.1646,88.0221,588.0,623.0,0.12,3.4026315789473687,1.2752631578947369,2.127368421052632,1.8070337,4.875,217.234,8517.9,2551569.29,0.7753117197351371,-0.25449011148409334,-5.951173135500104,0.8740110402422991,1.81916154454618,1.9145871744709275,1.2752631578947369,-1.657089533687084,3.0135111381798474,-1.7608737122181584,-6.006865768315706,0,1,-0.1346622715502053,-0.06842503975422834,-0.186065071729865,-0.19689446103519204,-0.0032258736791963005,-0.25126423780489704,-0.0036487369504271394,0.014953611081392787
2009-12,81.7949,82.664,79.5842,103.5846,94.5855,88.3793,581.0,664.0,0.12,3.5900000000000003,1.3645454545454545,2.2254545454545456,1.7866037,4.93,217.347,8510.6,2555016.64,0.7896434412065114,-0.23617377565065806,-6.548054180580909,0.873960596497349,4.169578354263331,2.8141231232083674,1.3645454545454545,-1.6373507312534286,3.0882220112822267,-2.6203823379204683,-2.741460081437541,0,1,-0.13471998844206312,-0.05120799636172388,-0.18496577928893418,-0.1765758137418571,0.013120173310157857,-0.24929394896081591,-0.005841639026625989,0.013632240566127912
2010-01,82.9204,83.7181,80.5118,104.1632,95.5292,89.3426,614.0,636.0,0.11,3.733157894736842,1.3747368421052633,2.358421052631579,1.6957593,5.03,217.488,8473.1,2543508.02,0.7960623329544407,-0.22807778847193494,-0.0302152560611529,0.8763613638552401,3.069487844651167,2.621111388976716,1.3747368421052633,-1.5593170363397801,3.2786428096417186,-2.44697348819245,0.8685217984815807,0,0,-0.13197675729051897,-0.04461039737471614,-0.1834673910972188,-0.15200880877083062,0.01924587164479985,-0.2473236601167348,-0.0052938717426816995,0.016077656049346578
2010-02,82.5734,84.8412,79.4258,103.4481,95.0167,89.6779,604.0,650.0,0.13,3.691052631578947,1.4189473684210527,2.272105263157895,1.7316171,4.99,217.281,8523.4,2530024.28,0.7982108902918469,-0.22538244289775114,0.423377165287564,0.8929082992779164,5.184966155441778,2.151336357866529,1.4189473684210527,-1.5743552945055805,3.2029205795451876,-1.9787664360896629,1.8535336725393314,0,0,-0.11327139175704362,-0.04380311011061011,-0.18157933278714103,-0.1646783861883538,0.019970928374902747,-0.2453533712726539,0.01116334331916162,0.035883317032469525
2010-03,84.1363,85.2994,80.5125,103.5061,95.8685,90.2928,636.0,687.0,0.16,3.7273913043478255,1.508260869565217,2.219130434782609,1.9701388,4.9675,217.353,8519.0,2536551.95,0.8128632032315004,-0.20719244529978734,3.5344782834737605,0.88975419454774,5.250618404700508,2.2861714393279886,1.508260869565217,-1.7751655742573202,2.939449955911977,-2.0786499381190926,4.114839347867694,0,0,-0.1168100403037172,-0.027878317364402105,-0.17931412793538523,-0.17109107024193065,0.036190637128785424,-0.24338308242857276,0.005331817406032585,0.027889894585615194
2010-04,85.1305,85.7443,80.7942,102.2929,95.6649,90.5991,687.0,637.0,0.2,3.8468181818181817,1.500909090909091,2.3459090909090907,1.587202,5.098000000000001,217.403,8554.3,2532764.79,0.8322229597557601,-0.18365489358560935,7.595258937998231,0.8962984333857036,5.838822659016225,2.2067707525304403,1.500909090909091,-1.3655283073944702,3.4559451691562604,-1.9634420868157143,5.286006474177807,0,0,-0.10948184848858065,-0.006967551584327103,-0.17668734200128225,-0.11457949356553986,0.057757899998882506,-0.24141279358449186,0.010329589436923983,0.031028340635013738
2010-05,86.7178,86.9162,83.9315,103.5418,97.2327,91.823,583.0,575.0,0.2,3.4200000000000004,1.307,2.113,1.562963,4.8875,217.29,8612.0,2521687.94,0.8375148973651221,-0.17731622754246512,10.405660922131416,0.8938988632425101,4.6682873177812985,2.003548929218568,1.307,-1.3419882206469391,3.2733753543602306,-1.768123705646818,7.6429507354724535,0,0,-0.11216263857220159,-0.0035997511040408714,-0.17371647643842425,-0.11737523202849437,0.06212627719794561,-0.23944250474041073,0.00528765136320429,0.03037931195120193
2010-06,87.1699,87.3901,83.0789,103.462,97.0827,91.9928,536.0,587.0,0.18,3.2040909090909087,1.2568181818181818,1.947272727272727,1.3532178,4.7375,217.199,8631.0,2518416.41,0.8425305909416017,-0.17134530769183298,11.532224822109294,0.9001614087782891,5.195543316369348,1.1215605940686268,1.2568181818181818,-1.157553578925441,3.33909694577057,-0.9311175465817056,8.205294560772813,0,0,-0.10518118865088731,-0.0009257911336805758,-0.1704195165581524,-0.10125503087348342,0.06612690820449663,-0.2374722158963296,0.009883321967902536,0.035747864891668577
2010-07,87.9858,87.6132,86.304,103.1797,97.8042,92.3421,546.0,579.0,0.18,3.011428571428572,1.2409523809523808,1.7704761904761903,0.96279857,4.564,217.605,8642.3,2521104.8,0.8527433206338069,-0.1592966904507254,10.801312760502904,0.8958020207721142,4.488311485327608,1.3407784804821077,1.2409523809523808,-0.7753336685266787,3.5668597552822368,-1.1454209232324652,7.4615828502203385,0,0,-0.110035849381928,0.007518007203798055,-0.16681469765452345,-0.06659831285790746,0.07620523660152331,-0.2355019270522487,0.0026239802750535612,0.02752331173447932
2010-08,88.0459,88.3615,83.8895,103.6908,97.7166,92.6805,599.0,580.0,0.19,2.698636363636364,1.0218181818181815,1.6768181818181818,1.3411201,4.4275,217.923,8690.5,2520422.13,0.8491196904643421,-0.1635551244396192,10.21919078563319,0.9042629399713048,5.042473618769723,1.1501775395112546,1.0218181818181815,-1.1358864978639582,3.045535609784533,-0.9492593714293672,6.736648298075298,0,0,-0.10063509808222822,-0.000634805126974114,-0.16292031931264508,-0.06546227398618894,0.06997651376854838,-0.23353163820816758,0.009606192307274386,0.03604835376846742
2010-09,88.4723,89.0543,83.906,103.2219,97.5146,92.9537,594.0,563.0,0.19,2.6476190476190475,0.909047619047619,1.7385714285714284,0.90713698,4.346,218.275,8719.6,2522094.23,0.8571078424249118,-0.15419153116593246,10.542201963046352,0.91324068395912,5.817915222538997,1.1183122472331777,0.909047619047619,-0.7106900477635514,3.4079482610646306,-0.9180456305119766,6.1534157279157675,0,0,-0.0907558143342806,0.004562627867858882,-0.15875415903379134,0.052156649093196145,0.077369818198154,-0.23156134936408646,0.017057939600741603,0.0644508270715812
2010-10,88.7173,88.6607,84.2741,103.0827,97.4652,92.6903,543.0,558.0,0.19,2.54,0.525,2.015,1.3652619,4.225,219.035,8769.8,2530106.0,0.8606419893929824,-0.1500766689324287,11.33682000334306,0.9096651933202826,5.433121780216965,1.1666951489314623,0.525,-1.1594326083421147,2.8212210439718666,-0.9654315063802654,5.600463438698178,0,0,-0.09467866659846072,0.004257369470497013,-0.1543340384029257,0.08592075584850803,0.07951439158757687,-0.22959106052000555,0.01070274771706084,0.04265851372443907
2010-11,88.6941,88.8183,83.1461,102.843,97.1233,92.7709,545.0,560.0,0.19,2.763,0.666,2.097,1.3962369,4.3,219.59,8790.3,2531232.26,0.8624223330707973,-0.1480101827448104,10.647992873928294,0.9144901377939175,4.527367608049639,1.084544776600338,0.666,-1.1896268903841212,2.863777975176518,-0.8849471287399102,5.2545093717831115,0,0,-0.08938859546970891,0.001667279411043665,-0.14967746215585406,0.0375314759244966,0.07961058893111403,-0.22762077167592443,0.013558685504134,0.05926856915672353
2010-12,89.4604,89.9667,82.7599,104.3939,98.0531,93.6787,539.0,632.0,0.18,3.290909090909091,1.044090909090909,2.2468181818181816,1.4938723,4.714,220.472,8822.0,2646811.26,0.8569504540016227,-0.15437517535593406,8.1798600294724,0.9175303993448448,4.8650421640693065,1.437793022217937,1.044090909090909,-1.294533620824312,3.172731148223229,-1.239964893501222,5.823306283773544,0,0,-0.08606956680137005,-0.00957353597820948,-0.14480163937772458,-0.025868515878752024,0.07127530747590946,-0.22565048283184352,0.01444405330508916,0.06533509037413078
2011-01,90.0854,89.5475,83.5049,104.2066,98.255,93.4814,630.0,576.0,0.17,3.394,1.0605,2.3335,1.7900451,4.755,221.187,8844.5,2657360.1,0.8644884297155844,-0.14561735773599652,8.246043073593842,0.9113785557986871,3.917982800321165,1.7007834915029774,1.0605,-1.591555538076872,2.9128142119272837,-1.505183577696689,4.528406821775821,0,0,-0.09279692928730732,-0.005893694365603469,-0.13972366337039305,0.06322272358044936,0.07806283625176588,-0.2236801939877624,0.0052848270471538145,0.05644352010540926
2011-02,90.267,88.9141,85.7415,103.2949,98.1627,93.1102,517.0,542.0,0.16,3.5763157894736843,1.2378947368421052,2.338421052631579,1.9547432,4.9525,221.898,8909.9,2663779.92,0.8738766386336595,-0.13481605901667565,9.05663838810755,0.9057829501429769,1.43158207379456,2.124898173333145,1.2378947368421052,-1.7603332063514943,2.940281840658887,-1.924014817618902,3.7559375997720856,0,0,-0.09895557101909802,-0.0003547667520729936,-0.13446129226460266,0.03788358527948868,0.08689384612700563,-0.22170990514368127,-0.003303559799415906,0.05621868321543019
2011-03,90.0026,90.6635,87.3171,103.1737,98.28,94.0788,600.0,583.0,0.14,3.4143478260869564,0.9639130434782608,2.450434782608696,2.1063793,4.836,223.046,8967.7,2672031.38,0.8723405286424738,-0.13657541680584878,7.061702849393855,0.922502035002035,3.6144343198094826,2.619241510354109,0.9639130434782608,-1.92581434527469,2.6733106380944838,-2.41596164019976,4.107500594219982,0,0,-0.08066569710562237,-0.007542723330421136,-0.12903269347542765,0.049225470242614644,0.08316419949375159,-0.21973961629960037,0.012558642216454946,0.07339724099868201
2011-04,89.3515,90.2076,83.8846,104.0154,98.0713,93.7749,554.0,581.0,0.1,3.455,0.8634999999999999,2.5915,2.0757372,4.84,224.093,9033.6,2679950.15,0.8590218371510373,-0.15196093572491964,3.169395786068971,0.9198165008519312,2.5900764059889987,3.0772344447868694,0.8634999999999999,-1.935560059810193,2.7080507825124833,-2.888353049849845,3.4452950360325474,0,0,-0.08358108442869067,-0.028504876670397347,-0.1234560590545223,0.027522327361629906,0.0658083917305996,-0.21776932745551925,0.007217840186786201,0.06851955925556671
2011-05,90.0521,90.1347,84.9061,103.8911,98.3995,93.888,561.0,618.0,0.09,3.168571428571429,0.7785714285714287,2.39,2.292302,4.6375,224.806,9109.4,2683973.45,0.8667932094279491,-0.1429548434208213,3.4361384121643828,0.9160077032911752,2.4432133935356566,3.4589718808965,0.7785714285714287,-2.152949886688449,2.2926436830016828,-3.2563361298186155,2.2239771612835746,0,0,-0.08773050463684502,-0.025204738567049162,-0.11775010485377213,0.051110172125358594,0.07284419519061705,-0.21579903861143834,0.0006445743089341649,0.06722457851475873
2011-06,90.136,90.7057,84.49,103.9717,98.4065,94.172,608.0,636.0,0.09,3.002272727272727,0.7554545454545455,2.2468181818181816,2.1177045,4.51,224.806,9184.2,2693088.33,0.8669282121962033,-0.14279910586478353,2.854620182704945,0.9217450066814692,2.3694529552675108,3.502318150636041,0.7554545454545455,-1.9856542114105258,2.342684367723913,-3.2968519078672265,2.341258436576954,0,0,-0.0814866590982122,-0.03086357963439658,-0.11193552623038695,0.049963620480600074,0.07102964390257369,-0.21382874976735722,0.004464953821768675,0.0699492835344219
2011-07,91.3768,90.8899,85.7103,104.4407,99.2506,94.636,623.0,621.0,0.07,3.003,0.6235,2.3795,2.432348,4.545,225.395,9346.9,2717525.97,0.874915621974958,-0.1336278293030091,2.5668861147716298,0.915761718317068,2.2036768391875934,3.5798809769996165,0.6235,-2.3062519273696735,2.062485182903351,-3.3885740588744384,2.4537794489509324,0,0,-0.08799908099005206,-0.02759306043236541,-0.10603476887064368,0.006701180938225082,0.078230631620267,-0.2118584609232761,-0.004471788607078364,0.06180476503080447
2011-08,92.5145,91.5104,86.9717,104.8815,100.0738,95.2749,585.0,647.0,0.1,2.3030434782608693,0.1352173913043478,2.167826086956522,1.5113148,4.27,226.106,9532.5,2709151.87,0.8820859732173929,-0.12546575242258787,3.808937201703133,0.9144291512863507,1.1179811306944982,3.75499603070808,0.1352173913043478,-1.3903029458150695,2.7176135048937455,-3.522718105667255,2.760830270926018,0,0,-0.08945528677528324,-0.025393330657627305,-0.10007242176496056,0.06497193451384373,0.08442241965660732,-0.2098881720791952,-0.008354713661871419,0.06476988969101825
2011-09,93.0275,91.4444,86.8987,104.1147,99.8337,95.1961,650.0,610.0,0.08,1.975238095238095,0.0776190476190476,1.897619047619048,1.008876,4.106,226.597,9553.3,2720060.44,0.8935097541461484,-0.11259802765863994,4.159350350729252,0.9159672535426415,0.2981149979651917,3.812621692818685,0.0776190476190476,-0.9195983925214701,3.0661899455252106,-3.5955374519521466,2.383745484891975,0,0,-0.08777466435462868,-0.01852303757013185,-0.09407499008850809,0.09006263322866107,0.09531985557647413,-0.20791788323511406,-0.009104442923803704,0.06129530502997661
2011-10,94.2318,92.403,88.6746,103.9328,100.4498,95.8568,610.0,671.0,0.07,2.152,0.186,1.966,1.4656093,4.0675,226.75,9586.2,2727962.54,0.9066608423904677,-0.0979868322148796,5.208983671754909,0.9198923243251854,1.1180012032865183,3.5222681306640524,0.186,-1.3754505685504181,2.564307963999002,-3.3348072767365067,3.35915826812494,0,0,-0.08349865456559553,-0.009916089772682796,-0.0880707424421968,0.09765472597010598,0.10796076217615334,-0.20594759439103294,-0.007263070722403939,0.0660726615159379
2011-11,95.1092,92.7896,87.3555,103.1308,100.1604,95.8485,711.0,706.0,0.08,2.0135,0.0014999999999999,2.012,1.5052488,3.9925,227.169,9639.5,2746799.26,0.9222191624616507,-0.08097238035183901,6.703780239297139,0.926410038298569,1.295025906211318,3.451432214581729,0.0014999999999999,-1.404113399897422,2.4503670789485232,-3.2589517055584327,3.263580688671386,0,0,-0.07643833640759573,0.001116853397151757,-0.08208923374899077,0.0654905581335885,0.12300492519511302,-0.20397730554695204,-0.002641697296124762,0.06692516733521336
2011-12,96.6764,93.3902,88.0146,102.8508,100.5083,96.3571,694.0,697.0,0.07,1.978095238095238,-0.0314285714285714,2.009523809523809,1.7116627,3.958,227.223,9683.5,2756224.85,0.939967409101339,-0.06191007548793461,9.246509986799945,0.9291789832282507,1.261567032393195,3.062066838419386,-0.0314285714285714,-1.6140358503843544,2.208534636411952,-2.90316983756046,2.819023965349743,0,0,-0.07345389647743811,0.014250632061264805,-0.07616070754919942,0.10246236446256848,0.1400969412149363,-0.2020070167028709,-0.0021000261009045257,0.06895991915999683
2012-01,98.0953,94.1243,90.1865,102.0683,100.8464,96.9318,723.0,712.0,0.08,1.9665,-0.108,2.0745,1.4714419,3.915,227.842,9753.3,2770124.65,0.9610750840368655,-0.03970274191213893,10.591461582385758,0.9333431832965778,2.381461127671543,3.0087663379855023,-0.108,-1.3712645390131173,2.4081239551204225,-2.8432204773483405,3.624515241016457,0,0,-0.06898231801059189,0.030612587911729487,-0.07031532982386841,0.11623810313729802,0.16033398594665108,-0.20003672785879,-7.437378014078788e-05,0.06916212238739498
2012-02,98.8258,94.4703,89.627,102.1116,101.0487,97.2435,704.0,738.0,0.1,1.9675,-0.2545,2.222,1.5014226,3.89,228.329,9806.3,2777643.62,0.9678214815946474,-0.032707628553230075,10.210843046344555,0.9348987171532143,3.163849155788495,2.898178442347388,-0.2545,-1.3806925697216754,2.3532452440720775,-2.719366352938102,4.34344043233974,0,0,-0.06731707946121307,0.0318746483735869,-0.06458227692681698,0.13259729631284906,0.16535881046147882,-0.19806643901470888,-0.0008574063607719867,0.06218539703398071
2012-03,99.699,94.2457,88.5938,100.3427,100.229,96.74,695.0,806.0,0.13,2.1727272727272724,-0.1413636363636363,2.314090909090909,1.3620536,3.954,228.807,9849.3,2791565.95,0.9935849842589446,-0.006435680377921677,13.013973642792712,0.9403037045166569,1.911333111656604,2.5828752813320977,-0.1413636363636363,-1.215497867537263,2.5571170945573707,-2.391115743836492,2.789423842790839,0,0,-0.06155236598905633,0.05255291895978213,-0.05898859933770381,0.15070053762953775,0.1896604697927061,-0.19609615017062776,0.0024575085895105417,0.06853894871108002
2012-04,100.5922,94.8764,89.0695,101.238,100.917,97.4359,753.0,732.0,0.14,2.052857142857143,-0.2138095238095238,2.2666666666666666,1.6869361,3.91,229.187,9905.0,2802317.58,0.9936209723621565,-0.006399460575846353,14.556147514907328,0.9401428897014379,2.1857679478883707,2.2731633741348567,-0.2138095238095238,-1.5212731933222146,2.186184366705479,-2.085750849742796,3.829749631553536,0,0,-0.06172340494980696,0.0471596734430931,-0.053559134018939455,0.14112016697760452,0.1877264007507005,-0.19412586132654686,-0.00016397915080680614,0.059742395573720804
2012-05,101.3799,94.9802,88.3741,102.1467,101.4395,97.6609,708.0,796.0,0.16,1.8031818181818184,-0.3413636363636363,2.1445454545454545,1.5903147,3.798,228.713,9951.9,2817982.27,0.9924931495584293,-0.007535168652743644,13.541967476807764,0.9363236214689544,2.1936391807382245,1.7379429374660749,-0.3413636363636363,-1.4079242733165742,2.173125761564343,-1.55098765701992,3.9398691716652223,0,0,-0.06579411282946278,0.04077989977192976,-0.0483150684246734,0.15086522963792312,0.18462040382972209,-0.19215557248246573,-0.006685079593868881,0.057063735772630866
2012-06,102.6941,94.927,88.4605,101.764,101.5744,97.6663,757.0,794.0,0.16,1.6223809523809525,-0.5004761904761905,2.1228571428571428,0.78930567,3.675,228.524,10023.7,2829850.8,1.009139774379938,0.009098259408662261,15.18973652734458,0.9345563449058031,1.3803299368286128,1.653870448297634,-0.5004761904761905,-0.6243774235933697,2.86309575288497,-1.469565734889977,3.6433668592995794,0,0,-0.06768335972992608,0.052372574440394955,-0.043274315031732694,0.15576653735159446,0.1992835430470471,-0.19018528363838483,-0.011023944980283973,0.049431499154533765
2012-07,101.5601,95.5347,88.3626,101.8508,101.4217,97.8713,740.0,849.0,0.16,1.5266666666666668,-0.6019047619047619,2.128571428571429,1.2966497,3.55,228.59,10076.0,2840049.63,0.9971458250696116,-0.002858255854619203,13.076957344838988,0.9419552226002916,2.820154105988806,1.4175114798464783,-0.6019047619047619,-1.1220999937967324,2.224506246429203,-1.2399352552604936,3.3615396925799956,0,0,-0.059797539930164005,0.035593698524841,-0.0384519543794602,0.13751368196451894,0.1853567389396845,-0.1882149947943037,-0.005585787486086784,0.057225124881280696
2012-08,102.2071,94.8326,87.4573,101.5352,101.2417,97.4525,754.0,840.0,0.13,1.6782608695652177,-0.5856521739130435,2.263913043478261,1.3700924,3.6019999999999994,229.918,10147.8,2857102.48,1.006617409528912,0.006595610589967113,13.206136301255498,0.9366950574713779,2.405779146113828,1.6859349154821237,-0.5856521739130435,-1.2233316263604244,2.2017417042425436,-1.5301377882549372,2.259868264004794,0,0,-0.06539749531414496,0.04045504061282977,-0.03385943002286266,0.1604450558018069,0.19284031654018968,-0.18624470595022258,-0.01362950134057847,0.04357607907072207
2012-09,101.8216,95.0516,86.3489,101.4878,100.8785,97.381,847.0,930.0,0.14,1.7231578947368422,-0.7131578947368421,2.436315789473684,1.9315046,3.4975,231.015,10228.4,2865789.74,1.003289065286665,0.003283668142569957,11.58816958012099,0.9422384353454898,2.8277743998399343,1.9497168982819613,-0.7131578947368421,-1.7575572999046996,1.536321283733888,-1.7751073306927934,2.269214517929452,0,0,-0.05949692035622933,0.032789381874896974,-0.029505713732327014,0.15798491164169523,0.18755808524871162,-0.18427441710614167,-0.010166445461543445,0.045518593394307166
2012-10,100.976,95.9224,87.3309,101.1974,100.6747,97.7193,915.0,887.0,0.16,1.7461904761904763,-0.7485714285714286,2.494761904761905,1.6131067,3.3825000000000003,231.638,10294.4,2881779.34,0.9978121967560432,-0.002190199981839328,9.579663223304028,0.952795488836818,3.514365897524003,2.1556780595369363,-0.7485714285714286,-1.4300386507127505,1.7413042051985794,-1.953565477166952,1.9243671881246094,0,0,-0.048354995590355505,0.023206767918580562,-0.02539696790041989,0.15402798913249338,0.1801139282802212,-0.18230412826206055,-0.001452518333195471,0.05345846279140678
2012-11,102.0015,96.0668,88.2709,101.529,101.2381,98.0777,833.0,917.0,0.16,1.654,-0.7725,2.4265,1.6632266,3.3519999999999994,231.249,10365.6,2903346.97,1.0046538427444376,0.00464304709949098,8.561542745133,0.9489194285550597,2.40069510138388,1.7960197033926262,-0.7725,-1.4786335730957334,1.6611447978575056,-1.6071548849940889,2.2991201751311863,0,0,-0.05243138539375693,0.026180124978790922,-0.021537077879299944,0.1521919656119337,0.18497688651747063,-0.18033383941797965,-0.007943396279886356,0.04607290919662871
2012-12,102.7827,96.4119,89.9894,100.8903,101.337,98.3101,976.0,941.0,0.16,1.719,-0.7575000000000001,2.4765,2.1029068,3.345,231.221,10485.4,2912905.02,1.0187570063722677,0.018583262969916973,8.049333845785158,0.9513987980698067,2.363193816475337,1.7595049796895523,-0.7575000000000001,-1.90289078038276,1.2165111052450328,-1.57184823177825,2.006568675034348,0,0,-0.04982195831268473,0.03651158040993732,-0.017928317440020353,0.17961146550314688,0.1969468135438155,-0.17836355057389852,-0.0077308589256569055,0.04612813283609412
2013-01,100.9756,96.7196,89.5829,101.054,100.8755,98.3342,888.0,940.0,0.14,1.9147619047619049,-0.6085714285714287,2.523333333333333,1.3155854,3.414,231.679,10502.3,2931381.51,0.9992241771726008,-0.0007761239336757645,3.892661797846316,0.9588016911936,2.69113054519596,1.684061762098299,-0.6085714285714287,-1.1603203942993745,2.0711666341514334,-1.5184894617121023,1.4364242757962664,0,0,-0.04207101255863229,0.013795018355723884,-0.014571142289399649,0.15228381439373942,0.17561713779614163,-0.1763932617298174,-0.002354563935048473,0.054262045931615814
2013-02,101.7956,97.1328,91.4494,101.1082,101.4302,98.7941,962.0,980.0,0.15,1.9842105263157896,-0.5705263157894737,2.554736842105263,1.3608065,3.5325,232.937,10523.0,2953480.76,1.0067986572800227,0.006775650626984968,3.948327918021504,0.9576319478814003,2.402531661557368,2.0181404902574807,-0.5705263157894737,-1.1945509727174342,2.142537707609904,-1.83118461214834,1.5819744153002802,0,0,-0.04329176284563939,0.018239123234823983,-0.011463472607839014,0.13680215056379788,0.18119862351272145,-0.1744229728857365,-0.00592254860994567,0.05348006300821663
2013-03,102.2574,97.5626,92.3494,101.5393,101.8883,99.1921,1010.0,936.0,0.14,1.9575,-0.585,2.5424999999999995,1.0049408,3.565,232.282,10578.7,2963147.07,1.007072138570977,0.007047248281808643,1.348292865973032,0.9575446837369943,1.8169474061090356,1.5187472411246183,-0.585,-0.8563351388053975,2.5345880901699314,-1.358120818660069,2.5031406628013286,0,0,-0.043382891927965975,0.015649518870162468,-0.008602270588353824,0.12802250946330707,0.179499932323464,-0.17245268404165537,-0.008328154781068894,0.04437820678401888
2013-04,101.6375,97.6805,91.8436,101.2457,101.4843,99.1065,835.0,1012.0,0.15,1.7590909090909093,-0.6522727272727272,2.411363636363636,1.4563149,3.4450000000000003,231.797,10608.9,2972772.62,1.0038697939764356,0.0038623255849492173,1.026178616079557,0.9625183402752937,2.352124677954217,1.138808047576867,-0.6522727272727272,-1.2875639148608564,1.9601392993232158,-0.9776742149380624,1.700030359718685,0,0,-0.03820215817026478,0.00984555740312848,-0.0059832318181792625,0.14788461690250018,0.17434472078252347,-0.17048239519757424,-0.005423388601433439,0.051154637826368206
2013-05,101.1063,97.9051,92.2866,101.0052,101.2323,99.1839,930.0,1003.0,0.11,1.9281818181818184,-0.355,2.283181818181818,1.1780254,3.536,231.893,10646.5,2988661.4,1.0010009385655392,0.001000437960555227,0.8535606613298872,0.9671330197970411,3.237487909258299,1.3903888279197083,-0.355,-1.055590278400509,2.330520476830733,-1.2628305727210298,1.5474428494752779,0,0,-0.033419233736879786,0.004601403072961977,-0.00360096511240675,0.12845449034157386,0.16951254431404858,-0.16851210635349334,-0.002871591679663839,0.05297550152626046
2013-06,101.0675,97.9991,93.5335,101.0591,101.4835,99.3897,839.0,942.0,0.09,2.3,0.2515,2.0485,1.3532103,4.07,232.445,10705.6,3000936.05,1.0000831196794746,8.31162252254595e-05,-0.9015143183436802,0.9656653544664896,3.2745430993936244,1.7157935271568725,0.2515,-1.2463446360119979,2.6805166722972507,-1.5983688184301623,1.7491920487344714,0,0,-0.03493792873598983,0.0015325117920890628,-0.0014493955668636034,0.11875318628718805,0.1666249337346377,-0.16654181750941222,-0.006569866944011054,0.051031312890599534
2013-07,99.3261,98.2821,91.0226,100.5102,100.3095,99.0814,880.0,997.0,0.09,2.5822727272727275,0.46,2.122272727272727,1.0030329,4.37,232.9,10743.0,3014697.69,0.9882191061205728,-0.011850838492493255,-0.8992582637874051,0.9797885544240575,3.937904854115829,1.885471805415806,0.46,-0.9039658253668148,3.333530690443265,-1.7622451696006958,1.2288384241451844,0,0,-0.020418491389005724,-0.012328709756996183,0.0004778712645029274,0.09854293776898561,0.15272069017283807,-0.1645715286653313,0.005828443980130882,0.06825691813683495
2013-08,100.7124,98.8204,93.7637,100.3669,101.0025,99.6543,917.0,964.0,0.08,2.737272727272728,0.5527272727272727,2.1845454545454546,1.797427,4.456,233.456,10803.6,3030269.0,1.003442369944673,0.003436458551505341,-0.3159152038461773,0.9783955842677162,4.355628747699791,1.538809488600279,0.5527272727272727,-1.6871025630146974,2.611630842103696,-1.436701391268591,2.2342116950285984,0,0,-0.021841207837147047,0.001249122299329743,0.002187336252175598,0.09925173034834223,0.16603769837275553,-0.1626012398212502,0.0023504177883191604,0.06385961644125111
2013-09,101.3986,99.5338,94.2227,100.5994,101.3011,100.161,850.0,1004.0,0.08,2.8095,0.6639999999999999,2.1455,2.202423,4.49,233.544,10865.8,3045861.58,1.0079443813780202,0.007912990922513923,0.4629322779943965,0.9825539900356461,4.189693529794485,1.0947341081747997,0.6639999999999999,-2.0766855987357613,2.238280593406272,-1.0037457609701097,2.814777157659254,0,0,-0.01759998505828449,0.004228346816276551,0.0036846441062373717,0.08404984669251224,0.168543941899683,-0.16063095097716906,0.0046091055864057075,0.06765533282239927
2013-10,101.2805,99.2319,94.4044,100.9669,101.4818,100.082,925.0,1044.0,0.09,2.6159090909090907,0.4286363636363636,2.1872727272727275,1.5555239,4.192,233.669,10989.2,3063380.14,1.0031059683916215,0.00310115483638799,0.5291354818227318,0.9778295221409158,2.59350587094546,0.8767991434911471,0.4286363636363636,-1.4430765001449686,2.5960932490448174,-0.7799604568856089,2.389076693166725,0,0,-0.022419936880900902,-0.0018743714449873435,0.004975526281375334,0.060003766650566635,0.16176181696947614,-0.15866066213308816,-0.002113811593827262,0.0614293955239193
2013-11,100.8935,99.8623,95.4938,100.6206,101.2232,100.3158,1100.0,1029.0,0.08,2.718421052631579,0.5478947368421053,2.170526315789474,1.4505754,4.255,234.1,10999.8,3075875.88,1.0027121682836317,0.002708496991841671,-0.1934550107649308,0.9865554536904583,3.889564285444168,1.2328701961954458,0.5478947368421053,-1.3509784391030788,2.764325967539083,-1.1388299017514036,2.256318831125359,0,0,-0.01353574253931524,-0.0033575108756304724,0.006066007867472144,0.04847261559142857,0.1593988702808487,-0.15669037328900703,0.004953461796789524,0.06499359466241214
2013-12,100.065,100.1274,95.4928,101.5723,101.4652,100.5175,1002.0,1005.0,0.09,2.901904761904762,0.7385714285714285,2.163333333333333,1.9240314,4.4575,234.719,11062.4,3090467.79,0.9851603242222535,-0.01495088534707721,-3.353414831699418,0.986815183925129,3.6549450901347633,1.5128383667573295,0.7385714285714285,-1.799410183063077,2.485644028401346,-1.4016339111874163,2.220507312477338,0,0,-0.013272507411337096,-0.021912869136803983,0.006961983789726772,0.004573692420609262,0.13976919909784893,-0.15472008444492613,0.0034924419564065085,0.06442520402992016
2014-01,100.2665,100.3246,92.7521,100.3716,100.4189,100.1599,888.0,976.0,0.07,2.858095238095238,0.6319047619047619,2.2261904761904763,1.6382453,4.432,235.288,11127.5,3113002.96,0.9989528910568327,-0.0010476575447338893,-0.0271533611058124,0.9990609337485276,4.113150510821587,1.557758795574915,0.6319047619047619,-1.5429677041069678,2.748723860544633,-1.4649385859032416,1.8396027756541145,0,0,-0.0009395074504164211,-0.008716773357594604,0.007669115812860715,-0.011024576954531668,0.15170213805611113,-0.152749795600845,0.014200130517131222,0.07518247160974231
2014-02,101.6562,100.958,95.6642,100.832,101.4803,100.9168,944.0,1039.0,0.07,2.709473684210526,0.5521052631578948,2.157368421052632,1.5858281,4.3025,235.547,11191.9,3133891.8,1.0081739923833704,0.00814076624496631,0.1365115617981342,0.994853188254272,3.813166064240384,1.1204746347724948,0.5521052631578948,-1.49216492925357,2.67426269078177,-1.03883475484724,2.1258528614825245,0,0,-0.005160102203235553,-5.0777729605768276e-05,0.008191543974572078,0.002374486213584664,0.1589202730017302,-0.15077950675676388,0.008459202987147385,0.06784572182400123
2014-03,102.7339,102.1169,96.5338,101.4144,102.3379,101.8942,970.0,1067.0,0.08,2.723333333333333,0.5557142857142857,2.167619047619048,1.2194617,4.3425,236.028,11228.8,3150697.02,1.0130109728007068,0.012927057192783907,0.5879808910975264,0.9978404872486146,4.122104406651324,1.6126949139408042,0.5557142857142857,-1.1257338073751177,3.0854128717422435,-1.5083695154812116,2.6876646038310525,0,0,-0.002161847861452734,0.004394254211708108,0.0085328029810758,-0.0038148126030615025,0.1617362751054669,-0.14880921791268298,0.010047152109488026,0.06764737686870759
2014-04,102.6425,102.5345,95.6341,101.3012,102.1518,101.9928,1043.0,1090.0,0.09,2.705238095238095,0.5428571428571429,2.1623809523809525,1.653011,4.3375,236.468,11276.0,3173234.63,1.0132407118573128,0.013153819800143988,0.9291494215194772,1.0037463852815125,4.194154322867952,2.015125303606169,0.5428571428571429,-1.5375943955068916,2.640835695462096,-1.887097915997093,2.870719305970315,0,0,0.003739385058414746,0.0044573957877883895,0.008696424012355599,0.009253916092826523,0.15999274886874584,-0.14683892906860185,0.014652568857675227,0.0730690535156639
2014-05,103.1633,103.1229,97.3224,100.571,102.2076,102.3836,1007.0,1018.0,0.09,2.559047619047619,0.3680952380952381,2.190952380952381,1.76839,4.192,236.918,11343.1,3192546.34,1.0257758200674152,0.025449223914568046,2.444878595401282,1.0089553027367828,4.233467555110789,2.166947687079812,0.3680952380952381,-1.649225265330434,2.3814958652681906,-2.03289589647051,3.1750840797103663,0,0,0.008915441814228103,0.016762980509630376,0.008686243404937672,0.03901808085992254,0.17031786413908878,-0.14486864022452073,0.018651062260713086,0.07813573289487163
2014-06,102.72,103.8874,98.1282,100.4228,102.1643,102.735,911.0,1010.0,0.1,2.5985714285714288,0.3695238095238095,2.229047619047619,1.5265458,4.1625,237.231,11398.4,3209899.68,1.0228752833021983,0.022617566831958036,2.2534450606732577,1.0168659698152878,5.166324735856696,2.0589816945944195,0.3695238095238095,-1.4050963605225064,2.5963201832874816,-1.9194603572045943,3.310437075493411,0,0,0.016725318622577135,0.014111159795235664,0.008506407036722372,0.020691108133565755,0.16551591821239786,-0.14289835138043983,0.02540437476683027,0.08695974908164066
2014-07,104.0427,103.9929,100.3985,99.8534,102.6473,102.9632,1085.0,1076.0,0.09,2.5422727272727275,0.2795454545454545,2.2627272727272727,1.8594911,4.13,237.498,11452.5,3231535.62,1.0419545053047767,0.041098281442093924,5.294911993458718,1.0131089663342339,3.344227882140739,1.9742378703305972,0.2795454545454545,-1.7371882392999916,2.2290597326575234,-1.84775871796814,3.8429908318683204,0,0,0.013023787432401672,0.03293605656061515,0.008162224881478773,0.06800697703068337,0.18202634397845263,-0.1409280625363587,0.020768729343948487,0.07844695299591986
2014-08,103.0901,104.1219,97.5977,99.975,102.0471,102.7688,984.0,1047.0,0.09,2.42,0.2238095238095238,2.1961904761904765,1.8065541,4.115,237.46,11477.8,3248721.35,1.0311587896974246,0.030683208401131746,2.7246749849626406,1.0203317879684968,4.196906456255765,1.7150983482969062,0.2238095238095238,-1.6860939014927356,2.2674826001207515,-1.597696285690242,3.0774608253078206,0,0,0.02012785672541061,0.023023221546503346,0.007659986854628398,0.043293123310254006,0.16964098209340955,-0.1389577736922778,0.027060821300066366,0.08731199213310596
2014-09,102.482,104.5236,97.367,100.562,102.2751,103.0641,1023.0,1077.0,0.09,2.5342857142857143,0.4609523809523809,2.0733333333333333,2.1150395,4.1625,237.477,11520.7,3265101.43,1.0190926990314433,0.01891272069324348,1.0999729770729558,1.0219848232854332,3.934662671528137,1.6840509711232077,0.4609523809523809,-1.9830962313832523,2.0050528404290446,-1.567650930405895,2.857223343214521,0,0,0.021746641656996874,0.011904450595500667,0.007008270097742815,0.041722308120864485,0.15590020554144016,-0.13698748484819667,0.02798801034399547,0.0831998402355273
2014-10,103.7647,104.5692,96.8343,100.172,102.3922,103.0764,1074.0,1094.0,0.09,2.304090909090909,0.384090909090909,1.92,1.6022445,4.036,237.43,11596.5,3275438.44,1.035865311663938,0.03523712733912084,3.213597250273285,1.0212613851445715,4.345845225521377,1.6095417021513292,0.384090909090909,-1.4883967450148305,2.395375724204607,-1.495471465273979,2.9480610871910784,0,0,0.021038515374312873,0.029019876751897634,0.006217250587223208,0.05818399506124459,0.1702543233432364,-0.13501719600411555,0.026705034952605438,0.07808655414083088
2014-11,105.0251,104.5249,99.8812,101.7496,103.9948,103.7126,1001.0,1059.0,0.09,2.325555555555556,0.4455555555555555,1.88,1.321155,3.9975,236.983,11638.9,3283048.38,1.0321917727440697,0.031684476098195434,2.897597910635376,1.005097370253128,1.862016518123402,1.231524989320798,0.4455555555555555,-1.2151016241376378,2.641447385790263,-1.1276378474405435,3.330040221437258,0,0,0.00508442264191878,0.026386545100766653,0.005297930997428782,0.037773275802223165,0.16473138325823009,-0.13304690716003464,0.010287261608344228,0.06261119025323633
2014-12,103.7986,105.0019,99.5008,101.4463,103.5083,103.7044,1073.0,1072.0,0.12,2.2072727272727275,0.5104545454545455,1.6968181818181818,2.1860996,3.864,236.252,11721.2,3309539.83,1.0231876372031312,0.02292288872624488,3.787377407332209,1.0144297607051802,2.759914991640587,0.6531213919623191,0.5104545454545455,-2.021898876743111,1.642004545205289,-0.529662055770963,3.1212702728531383,0,0,0.014326642505068776,0.018659559454307258,0.004263329271937622,-0.004863477534155551,0.1539995070421984,-0.13107661831595352,0.019169536558037666,0.06839115340786703
2015-01,103.1661,103.7287,98.865,101.6838,103.0733,102.8905,1085.0,1049.0,0.11,1.8815,0.2745,1.607,0.91604112,3.67,234.747,11806.2,3319930.47,1.0145775433254853,0.014472312380453529,1.5519969925187418,1.0063585817083571,0.7277958667288227,-0.2299309782054281,0.2745,-0.798724475370105,2.7289604798559575,0.3407143861263506,2.689740698592935,0,0,0.006338451216871805,0.011344016627160386,0.0031282957532931433,0.01700719462368453,0.14357864185232613,-0.12910632947187262,0.010916988863199093,0.057356631312937716
2015-02,102.5416,103.2146,96.2775,101.8464,102.2526,102.2335,886.0,1127.0,0.11,1.9752631578947368,0.26,1.7152631578947366,0.38334206,3.71,235.342,11920.7,3337844.15,1.0068259653753102,0.006802773949755194,-0.1337992295211116,1.0094080737311326,1.4524195640083706,-0.0870314629352053,0.26,-0.2722982263696716,3.3139541598561584,0.1972030916708611,1.296299772199827,0,0,0.009364093436848154,0.004893797362976552,0.0019089765867786423,-0.022538217911716875,0.1339388145775467,-0.1271360406277915,0.013764384773936654,0.06001285804041248
2015-03,102.5472,102.3085,99.2502,102.4555,102.5916,101.8914,960.0,1072.0,0.11,2.0427272727272725,0.2809090909090909,1.7618181818181815,0.79843856,3.77,235.976,11919.1,3360575.76,1.0008950227171798,0.0008946224231779932,-1.2032434769605913,0.9972405148179773,-0.0601451718604169,-0.0220312844238734,0.2809090909090909,-0.6829853416729148,2.9480232853321464,0.1320603790216035,-0.0027479861188339783,0,0,-0.002763299580056904,0.00027231672656813355,0.0006223056966098596,-0.027365240012163842,0.12606037420688837,-0.12516575178371037,0.0015346190115568615,0.04490604632559235
2015-04,101.8495,101.8719,100.0543,101.1033,101.5173,101.3355,1190.0,1166.0,0.12,1.935,0.0768181818181818,1.8581818181818184,1.5899931,3.672,236.222,11953.4,3382639.53,1.007380570169322,0.007353467037321471,-0.5800352762822517,1.003493000700373,-0.0252470716004224,-0.1040309893939106,0.0768181818181818,-1.446986120525684,2.0494212436362513,0.22426429375757,-0.6465428469033085,0,0,0.003486914342410522,0.00806791018327984,-0.0007144431459583687,-0.01457413764259104,0.13054892997695094,-0.12319546293962946,0.007747141358621095,0.0495186821491803
2015-05,102.1391,101.0749,102.2481,100.3131,101.3425,100.8883,1079.0,1272.0,0.12,2.1975,0.3319999999999999,1.8655,1.7028274,3.84,237.001,11981.9,3399365.69,1.0182030063870022,0.018039315130533695,-0.7409908784034351,0.9973594493919136,-1.1559484825337485,0.0350332182442958,0.3319999999999999,-1.5563258568758287,2.1013895627448376,0.0849370255821657,-1.471257928539238,0,0,-0.0026440430111093816,0.02012329238932111,-0.0020839772587874167,-0.012663787754527346,0.13926448922608203,-0.12122517409554834,0.0016318746353123372,0.04068300302978781
2015-06,101.4654,100.6709,99.5278,100.8874,101.0292,100.571,1205.0,1379.0,0.13,2.363636363636364,0.4977272727272728,1.8659090909090907,1.7750546,3.9825,237.657,12020.9,3425250.89,1.005729159439137,0.005712810220329457,-1.6904756611628575,0.9964535005721118,-2.027812178810912,0.1795718097550525,0.4977272727272728,-1.6163632694332075,2.1689454342970205,-0.0494829523220441,-2.128891158796531,0,0,-0.0035528031655319855,0.009181253908527611,-0.003468443688198154,-0.0128683678707209,0.12496769547179667,-0.11925488525146721,0.0007803503563303354,0.03735022493595641
2015-07,101.3408,101.1877,104.3233,101.442,102.0674,101.2228,1146.0,1140.0,0.13,2.3245454545454547,0.5036363636363637,1.820909090909091,1.8011251,4.046,238.034,12063.5,3444143.74,0.999002385599653,-0.0009981123487940887,-4.209639379088801,0.9913811853735864,-2.1679958843948066,0.2256861110409458,0.5036363636363637,-1.6415585764483653,2.2051572591116786,-0.0954706470504218,-1.7047614915356668,0,0,-0.008656171411546395,0.003850479680856991,-0.00484859202965108,-0.012125301371151193,0.11628648405859222,-0.11728459640738631,-0.004236187054026351,0.024650934449495284
2015-08,100.8684,100.6023,101.9151,102.215,102.0527,101.0367,1130.0,1165.0,0.14,2.1671428571428573,0.5557142857142857,1.6114285714285717,1.7247986,3.905,238.033,12110.1,3460249.09,0.9868258083451548,-0.01326174109662488,-4.394494949775663,0.9857877351603632,-3.444208302273198,0.2413037985344868,0.5557142857142857,-1.557927488489519,2.143234914205072,-0.101059937067538,-1.699798783316897,0,0,-0.01431422629732138,-0.00705720680509517,-0.00620453429152971,-0.04695376498202842,0.1020525664666803,-0.11531430756330519,-0.009789820619935795,0.019666603469963594
2015-09,99.8647,100.598,101.4982,101.8428,101.428,100.7547,1224.0,1144.0,0.14,2.172857142857143,0.65,1.522857142857143,1.92835583,3.89,237.498,12172.7,3487879.79,0.9805769283641063,-0.019614178122452322,-3.8526898815695807,0.9918168553062271,-2.996345206604881,0.00884296163417,0.65,-1.754522395105318,1.9245323384512458,0.1311454412247892,-2.266227489687367,0,0,-0.008216810409051934,-0.012098063034657044,-0.007516115087795279,-0.054374674481195005,0.09372984059677196,-0.11334401871922428,-0.003582103223945762,0.01925563050436955
2015-10,98.9841,99.8781,101.4605,101.313,100.83,100.2675,1058.0,1160.0,0.12,2.07,0.5714285714285714,1.4985714285714284,1.3119821,3.796,237.733,12228.4,3502824.92,0.977012821651713,-0.023255503533436906,-5.849263087255776,0.9905593573341268,-3.052400337619347,0.127616560670507,0.5714285714285714,-1.176546026731029,2.4518500660150266,-0.0076068530662443,-2.7628846300427945,0,0,-0.0094854880018806,-0.014491834417221976,-0.00876366911621493,-0.054867134923215016,0.08811822634170625,-0.11137372987514316,-0.004745629568897407,0.021189288846090355
2015-11,97.5851,98.7446,100.5347,101.1821,100.1787,99.5298,1172.0,1244.0,0.12,2.263157894736842,0.6926315789473684,1.5705263157894738,1.3066673,3.9425,238.017,12322.7,3510642.87,0.9644502337864107,-0.03619704590804901,-6.788152200624445,0.9856845816525868,-1.9503295103419984,0.4363182169185187,0.6926315789473684,-1.17136150228484,2.601835368045924,-0.314944058617661,-4.116651538230354,0,0,-0.014418872461501201,-0.026268674690226902,-0.009928371217822106,-0.08032487788852205,0.07320639512301302,-0.10940344103106203,-0.009589794731014834,0.009699627124046994
2015-12,96.6888,98.3552,100.7762,100.3358,99.4872,99.0417,1146.0,1211.0,0.24,2.2427272727272727,0.7277272727272728,1.515,1.46795515,3.964,237.761,12393.6,3400230.33,0.9636520563946268,-0.03702498687512697,-5.994787560137184,0.9886216518305873,-2.5770219346405527,0.6387247515364791,0.7277272727272728,-1.2101901020718508,2.4599341203930702,-0.3961941613637054,-4.600357085126117,0,0,-0.011443576841336749,-0.02603258426408664,-0.01099240261104033,-0.03822738395249128,0.07040816531185416,-0.10743315218698113,-0.006551663896642383,0.011559785594710796
2016-01,96.6625,98.7176,101.99,101.7199,100.2496,99.5607,1092.0,1171.0,0.34,2.0852631578947367,0.6652631578947369,1.42,1.47498776,3.8725,237.652,12522.2,3419541.48,0.9502811151013715,-0.05099742752744426,-6.546973990789779,0.9847181435137896,-2.173827869224068,1.2375025026943876,0.6652631578947369,-1.1184901669407998,2.362663246306962,-0.8865316513220867,-3.289780752387017,0,0,-0.015399827475368874,-0.03905765879963098,-0.011939768727813278,-0.0855587518272905,0.054465435815455744,-0.1054628633429,-0.010481249574715586,-0.0019791273460456928
2016-02,96.3309,98.048,101.5903,101.5836,99.7845,99.0445,1225.0,1172.0,0.38,1.7795,0.472,1.3075,1.11589387,3.66,237.336,12604.4,3438079.8,0.9482918502592937,-0.05309296518264419,-5.989573913239939,0.9825974976073439,-2.6919799393008983,0.8472775790126619,0.472,-0.7277726990636113,2.5160299065059455,-0.4633517039134283,-3.169016861685492,0,0,-0.017555705956160825,-0.040336682364207885,-0.012756282818436309,-0.09877806254979188,0.05039960931617491,-0.1034925744988191,-0.012655964556092098,-0.0007386006100657296
2016-03,95.7974,97.269,101.2884,100.5587,98.9723,98.3096,1111.0,1118.0,0.36,1.8890909090909087,0.3372727272727273,1.5518181818181818,0.78224551,3.694,238.08,12662.2,3469147.01,0.9526515358690993,-0.04850609185923731,-4.94007142824153,0.9827901342092686,-1.459637725754931,0.8916160965521946,0.3372727272727273,-0.4189681504547238,2.889154210908207,-0.5269180107526861,-3.5785857591496217,0,0,-0.01735967683760621,-0.03507562138861589,-0.013430470470621415,-0.09993050440555355,0.05301619379550067,-0.10152228565473798,-0.012532876728406143,-0.006033514397123145
2016-04,95.6119,97.3889,102.5174,101.575,99.5613,98.6421,1163.0,1160.0,0.37,1.805238095238095,0.1904761904761904,1.6147619047619048,1.68966418,3.605,238.992,12741.9,3490038.19,0.9412936253999508,-0.06050015257560452,-6.785361961292599,0.9781802768746491,-2.5548208094151703,1.1726257503534845,0.1904761904761904,-1.2977367863700295,1.8835108124751754,-0.7933230401017566,-2.693864592129369,0,0,-0.022061293751741182,-0.046546494145026415,-0.013953658430578102,-0.10546389050001256,0.039051844235052334,-0.09955199681065685,-0.017369264171006975,-0.012813170006533833
2016-05,95.3903,97.1925,101.116,101.5129,99.2467,98.4184,1148.0,1205.0,0.37,1.806190476190476,0.2119047619047619,1.5942857142857143,1.66012215,3.6,239.557,12800.7,3503723.51,0.9396864831957317,-0.062208987866272235,-8.024830299680593,0.9793020825881363,-1.827107863759868,1.0784764621246223,0.2119047619047619,-1.2690542984951536,1.908199408945932,-0.7009172347290926,-2.478618579630698,0,0,-0.02091512164870806,-0.04788937861471548,-0.014319609251556752,-0.1247117312586718,0.03537272010030371,-0.09758170796657595,-0.01642654594268832,-0.017153678110906737
2016-06,95.3393,97.6595,103.3785,102.0911,99.8456,98.8833,1203.0,1208.0,0.38,1.6440909090909093,0.1740909090909091,1.4700000000000002,1.28116185,3.568,240.222,12849.3,3525125.97,0.9338649500299242,-0.06842344432359962,-7.413625454392908,0.9781051944201846,-1.8585250809196177,1.0792865347959424,0.1740909090909091,-0.8897625516328889,2.257910660016771,-0.6918198166695699,-1.6923578791116611,0,0,-0.022138053974728164,-0.05389812644136513,-0.014525317882234493,-0.11227334711452783,0.027187974798895204,-0.09561141912249482,-0.017927263399422147,-0.024433567528112085
2016-07,95.4306,97.8212,103.4551,101.7986,99.7272,98.9992,1239.0,1198.0,0.39,1.504,0.0385,1.4655,1.64813436,3.44,240.101,12907.3,3544185.32,0.9374451122117593,-0.06459706982563557,-6.359895747684148,0.9808878620877756,-1.0640964337484429,0.8683633430518256,0.0385,-1.2377348270300237,1.7628121276224151,-0.4742451718235174,-2.221225862676146,0,0,-0.019297135749030823,-0.05002596490305443,-0.014571104922581138,-0.14494750717540467,0.029044060452778353,-0.09364113027841392,-0.0154429687378313,-0.021425734862758096
2016-08,94.8994,97.6007,102.8266,102.193,99.7486,98.85,1171.0,1201.0,0.4,1.556521739130435,0.0882608695652174,1.4682608695652173,1.5900866,3.435,240.545,12986.7,3565315.2,0.9286291624670966,-0.07404579912193932,-6.078405802531443,0.9784668657003708,-0.7454128761964612,1.0553158595656864,0.0882608695652174,-1.1714593813526686,1.816036841531754,-0.648472427196567,-2.1880267559708066,0,0,-0.021768355059285992,-0.0595847652239255,-0.014461033898013812,-0.1355286695643691,0.01762504231239348,-0.0916708414343328,-0.01835291227413207,-0.028238699500416853
2016-09,94.558,97.4916,103.1767,101.7713,99.522,98.7457,1068.0,1303.0,0.4,1.6304761904761906,0.1157142857142857,1.5147619047619048,2.06443724,3.46,241.176,13052.7,3588380.68,0.9291224539727803,-0.07351473618229565,-5.390055805984333,0.9795984807379273,-1.239569439671678,1.5486446201652182,0.1157142857142857,-1.630770996254216,1.3673349873260854,-1.1311274753706746,-2.0140991333425617,0,0,-0.020612504805768712,-0.05931209382300552,-0.014202642359290129,-0.11105032985188268,0.016185816407956022,-0.08970055259025167,-0.01772007670876126,-0.028787007089829085
2016-10,94.979,97.8385,103.5483,100.9316,99.3105,98.7611,1313.0,1254.0,0.4,1.7645,0.0975,1.6669999999999998,1.74399736,3.47,241.741,13124.5,3601186.93,0.941023425765568,-0.06078724516297853,-3.753174162954162,0.9851778009374638,-0.544765753192544,1.685924966243646,0.0975,-1.3209598550021018,1.6964171693519159,-1.2646046802156086,-1.5137812015703744,0,0,-0.014933145533806041,-0.0469796394748925,-0.013807605688086033,-0.12198482701099199,0.026943018583192237,-0.08773026374617077,-0.012648937879410878,-0.02585122535511987
2016-11,95.0846,97.5089,101.8372,99.9724,98.6183,98.3491,1140.0,1230.0,0.41,2.1420000000000003,0.32,1.822,1.90220184,3.77,242.026,13214.2,3617030.41,0.9511085059476415,-0.05012712626006132,-1.3930080352012313,0.9887505665784139,0.3105685586008095,1.6843334719788938,0.32,-1.4643470043394724,1.8329320920196457,-1.2532249840926155,-1.1933703009724184,0,0,-0.011313186875493106,-0.03683540809857948,-0.013291718161481846,-0.08438698849841358,0.03563284864202832,-0.08575997490208964,-0.009722090149658445,-0.015581459890568557
2016-12,96.2455,97.9319,102.007,101.7405,99.9601,99.0214,1252.0,1248.0,0.54,2.491904761904762,0.5561904761904761,1.9357142857142853,2.2917332,4.198,242.637,13240.6,3636437.75,0.9459900432964258,-0.05552323504227995,-1.849824816715298,0.9797099042517965,-0.905519036718295,2.0507989115119862,0.5561904761904761,-1.7124875541750906,1.8635589997022306,-1.48043810300984,-0.020498517968281504,0,0,-0.0204987672085197,-0.04284919851075853,-0.012674036531521419,-0.08585731152986616,0.02826645101572857,-0.08378968605800852,-0.019684478230212302,-0.0317533098660034
2017-01,96.2747,98.1185,101.8832,100.0336,99.1096,98.7611,1190.0,1303.0,0.65,2.4325,0.421,2.0115,2.1027318,4.15,243.618,13318.9,3653334.44,0.9624236256617775,-0.038300565930362115,1.2696861597082143,0.9899999596406402,0.5349450854836549,2.510393348257112,0.421,-1.4228138409123403,2.005106194426043,-1.8148338792700056,-0.8063705883246008,0,0,-0.010050376620532325,-0.026324390365662184,-0.01197617556469993,-0.058232138573162937,0.0435188312835655,-0.08181939721392761,-0.01009472339658822,-0.015330717371667
2017-02,96.287,98.1758,101.344,98.2806,98.1083,98.3646,1271.0,1234.0,0.66,2.4189473684210525,0.3999999999999999,2.0189473684210526,1.94277371,4.1675,244.006,13395.2,3670049.5,0.9797152235537837,-0.02049333775687927,3.259962742576492,1.000688015183221,1.824348456544033,2.8103616813294208,0.3999999999999999,-1.2583272588296945,2.182328584004134,-2.0915806988352825,-0.6888260858596063,0,0,0.0006877786092795101,-0.009270612090581252,-0.01122272566629802,-0.03713925250288028,0.05935577061296722,-0.07984910836984649,-0.0002937961381900996,-0.010930120736527866
2017-03,97.0142,99.1189,99.6797,99.4227,98.7032,99.0137,1190.0,1272.0,0.79,2.4817391304347827,0.4856521739130435,1.996086956521739,1.50314821,4.196,243.892,13464.6,3687391.01,0.9757751499406071,-0.024523098269613564,2.3982993589623742,1.0042116162393924,2.1562449044409835,2.44119623655914,0.4856521739130435,-0.7025872818491874,2.6529736638599255,-1.6118478670887115,0.713654179033707,0,0,0.0042027722068036216,-0.014082992945352943,-0.010440105324260622,-0.03371816805403059,0.053355721256152025,-0.07787881952576559,0.0022093140831135815,0.0007607223315273175
2017-04,100.132,99.8411,102.2186,99.8101,100.2149,100.0224,1146.0,1251.0,0.9,2.2973684210526315,0.3910526315789474,1.906315789473684,1.71866969,4.045,244.193,13520.3,3702096.52,1.0032251245114472,0.0032199349523791103,6.372008752798362,0.9962700157361829,1.8324335749930296,2.176223471915395,0.3910526315789474,-0.804837197040631,2.2870239230317946,-1.2490415368172192,1.3896012736654306,0,0,-0.003736958001810888,0.012875311771418067,-0.009655376819038957,-0.029165233124006342,0.07912846563406357,-0.07590853068168446,-0.006812997691774774,-0.01172925537256322
2017-05,100.0044,99.8701,100.9038,100.7154,100.5315,100.1408,1157.0,1208.0,0.91,2.303636363636364,0.4668181818181818,1.836818181818182,1.56480634,4.01,244.004,13567.4,3713714.97,0.992940503636981,-0.007084532505419091,5.512445536085314,0.9934209675574323,1.43143519798007,1.856343166761976,0.4668181818181818,-0.6447177556839434,2.4075206246289893,-0.9290959574433044,1.7349417238220255,0,0,-0.006600769668907364,0.0018120479112863613,-0.008896580416705453,-0.05459215094723018,0.06685370933218425,-0.07393824183760334,-0.010826285325034317,-0.00932675908755765
2017-06,99.9537,100.5695,100.0911,100.3107,100.2374,100.3471,1249.0,1353.0,1.04,2.186818181818182,0.4581818181818182,1.7286363636363635,0.95868776,3.904,244.163,13577.0,3730076.97,0.9964410576339314,-0.00356529046761156,6.485815385598806,1.003313134618416,2.54457122552072,1.640565809959127,0.4581818181818182,0.08054011180620435,2.917344019963508,-0.5908721632679859,1.46948090318606,0,0,0.0033076582804790295,0.004625571796847965,-0.008190862264459526,-0.048808484101456204,0.06840266252591087,-0.07196795299352243,-0.002129950826696308,-0.0015311410553763742
2017-07,99.5602,100.3293,97.2951,100.6579,99.905,100.1068,1206.0,1256.0,1.15,2.318,0.546,1.7719999999999998,1.71215951,3.9675,244.243,13638.5,3746255.82,0.9890947456682485,-0.010965152485566197,5.363191734006937,1.0042470346829488,2.353517723413787,1.7251073506566073,0.546,-0.5526964649145372,2.2173754847651717,-0.5653543806782624,1.1125846787969351,0,0,0.004238041485107046,-0.003399909812726108,-0.007565242672840089,-0.04307411838137706,0.05903251166387511,-0.06999766414944131,-0.0024692498176282964,0.005124477923373335
2017-08,100.0991,99.4902,98.176,100.1897,99.9769,99.6925,1159.0,1319.0,1.16,2.2091304347826086,0.4334782608695652,1.7756521739130435,1.65217832,3.88,245.183,13695.0,3758689.36,0.9990957154278335,-0.0009046936841145863,7.314110543782474,0.995131875463232,1.688834260733859,1.92812155729698,0.4334782608695652,-0.4841788224651866,2.1916123361241047,-0.7535913990774246,0.8486898844542345,0,0,-0.0048800124519474035,0.006141727048007795,-0.007046420732122381,-0.006549980330471735,0.06712268162124582,-0.0680273753053604,-0.012909398041128825,-0.0020405310735317284
2017-09,101.5851,99.3491,99.2653,99.712,100.2578,99.7954,1181.0,1273.0,1.15,2.202,0.368,1.834,2.05780237,3.805,246.435,13743.0,3774834.53,1.0187851010911424,0.01861084003816359,9.212557622045924,0.9909363660483275,1.1507546233551895,2.1805652303711787,0.368,-0.8894982538511287,1.7119686975677784,-1.0085726459309718,1.057423154141901,0,0,-0.009104958572216815,0.025272171675593338,-0.006661331637429747,0.0007929514941336681,0.08466792649944287,-0.06605708646127928,-0.018503502409423056,-0.006647747509111662
2017-10,102.703,101.296,100.0625,100.3773,100.9948,101.0247,1257.0,1356.0,1.15,2.3600000000000003,0.4980952380952381,1.861904761904762,1.95269933,3.895,246.626,13801.5,3796900.76,1.0231695811702446,0.022905241726273437,8.369248688925197,1.0029823317636157,1.7911038968238084,2.020757753132485,0.4980952380952381,-0.7873252354033466,1.9050997989893181,-0.8535103760349605,2.2661238870592015,0,0,0.0029778934344320425,0.029341725801336194,-0.0064364840750627565,0.007762084238729743,0.08699203934347159,-0.06408679761719815,-0.007830627997095352,0.007209245106364464
2017-11,103.209,101.8454,99.2253,100.1095,100.8666,101.2664,1273.0,1299.0,1.16,2.353333333333333,0.4957142857142857,1.8576190476190475,2.06917502,3.922,247.284,13849.1,3815576.66,1.03096109759813,0.03049147163440141,8.061859789446272,1.0097039059510282,2.0970312323432627,2.172493864295566,0.4957142857142857,-0.8907439683154439,1.8152639909521762,-0.9909652059979512,2.9231274376866345,0,0,0.009657125447939521,0.036888103353801466,-0.006396631719400057,0.03611001923190231,0.09260798040751866,-0.06211650877311725,-0.0025946633434778595,0.01665571619128718
2017-12,103.1776,101.9962,99.8554,100.3805,101.094,101.4644,1177.0,1311.0,1.3,2.4025,0.503,1.8995,2.82407476,3.95,247.805,13887.3,3830784.99,1.027864973774787,0.027483809937901782,8.300704498018172,1.0089243674204207,2.9383547812545783,2.129930719552253,0.503,-1.482215875569337,1.095001576846677,-0.8126224248905523,2.437200965110975,0,0,0.008884780604026083,0.034048300562874764,-0.006564490624972984,0.03249251631799195,0.08763002986693791,-0.06014621992903613,-0.004835491938511703,0.015719232835807027
2018-01,103.6673,101.8273,100.1112,100.8969,101.57,101.4625,1299.0,1317.0,1.41,2.583809523809524,0.54,2.043809523809524,1.9048938,4.032500000000001,248.859,13902.4,3847852.48,1.0274577316052327,0.0270875294182368,6.53880953485989,1.0025332283154476,1.2580401721639185,2.151318868063945,0.54,-0.4856428200310847,2.0878351575299714,-0.7257066049449756,2.6985469559747344,0,0,0.002530025101106859,0.034047744590705656,-0.006960215172468857,0.054245765606335254,0.0852634605031918,-0.058175931084955,-0.012675694024488931,0.013416590222591805
2018-02,104.1798,102.2494,102.1912,99.4311,101.2798,101.7085,1277.0,1321.0,1.42,2.8589473684210525,0.7573684210526316,2.101578947368421,2.13804094,4.33,249.529,13949.8,3863895.27,1.047758699239976,0.04665331057070536,6.714664832758463,1.0095734786206134,0.8840164655377307,2.263468931091861,0.7573684210526316,-0.7030102921416037,2.1460750958476105,-0.8247998429040337,3.342989548344999,0,0,0.009527943264656818,0.05425490584796349,-0.007601595277258131,0.07172912623326365,0.10285895281157946,-0.0562056422408741,-0.0071715959185904635,0.02154264536223907
2018-03,104.2096,103.2578,103.4784,99.2717,101.4521,102.2067,1318.0,1385.0,1.51,2.842380952380952,0.7519047619047619,2.0904761904761906,1.68874433,4.444,249.577,14014.5,3876825.89,1.0497412656376388,0.048543720126154,7.306681839576756,1.0177985472947333,1.3439235665434546,2.3309497646499366,0.7519047619047619,-0.17577592404911524,2.7094991566211757,-0.8022497265373185,3.173900895191739,0,0,0.01764200787223817,0.057047776554157575,-0.00850405642800357,0.056104886457919396,0.10277907352294698,-0.054235353396792974,-0.0005502552293805037,0.029842308853640677
2018-04,105.3203,104.0855,104.0322,101.2869,103.0453,103.3329,1276.0,1378.0,1.69,2.869047619047619,0.7414285714285714,2.1276190476190475,1.84679022,4.4675,250.227,14034.8,3884786.86,1.0398215366449166,0.03904909904853529,3.582916409615618,1.0100945894669626,1.378093740740315,2.4709963021052994,0.7414285714285714,-0.1539471392876801,2.573188388499026,-0.7621632757456309,3.2561654350065083,0,0,0.010043979405592264,0.04872835546010823,-0.009679256411572943,0.047353836837528654,0.09131416360124736,-0.05226506455271207,-0.00962994383374976,0.026437781423675782
2018-05,103.3267,104.0557,100.1943,98.9943,100.8264,102.4024,1357.0,1338.0,1.7,2.977727272727273,0.8359090909090909,2.1418181818181816,1.96778394,4.586,250.792,14091.0,3900697.67,1.0437641359148961,0.04283354048273455,4.991807298815364,1.0320283179802114,3.812687625511676,2.781921607842497,0.8359090909090909,-0.2626162201951665,2.5676894788069893,-1.052638042680798,2.2332954145206863,0,0,0.03152610658620939,0.05396843184641897,-0.011134891363684419,0.054478836565486646,0.0931283161913655,-0.050294775708630945,0.010391592843328707,0.047171743264691715
2018-06,104.6662,104.7859,103.0877,99.4217,101.9261,103.198,1192.0,1345.0,1.82,2.9123809523809525,0.7947619047619048,2.117619047619048,1.59099529,4.57,251.018,14133.2,3903142.23,1.052750053559736,0.05140583893592451,5.497112940353607,1.0280575828958431,2.4363521673861155,2.8075506935940187,0.7947619047619048,0.2254183152220257,2.9323511414532266,-0.960581870622812,2.801429704395275,0,0,0.027671179954340187,0.06428111244240706,-0.012875273506482546,0.07167090039128976,0.09973032580047433,-0.04832448686454982,0.0051078199417417675,0.04536999938802813
2018-07,103.8155,105.3142,101.0133,99.9838,101.7235,103.3646,1208.0,1334.0,1.91,2.889047619047619,0.7747619047619048,2.1142857142857143,2.12308939,4.5275,251.214,14170.0,3925600.56,1.0383232083597542,0.03760711234535688,4.857226483092307,1.0352986281439391,3.045187322323366,2.854124785561929,0.7747619047619048,-0.20865936515712669,2.354424082116946,-0.9179260311925508,3.2024927606124187,0,0,0.03468991470834071,0.05250807959970165,-0.014900967254344765,0.05202166060196435,0.0839613103658258,-0.04635419802046892,0.010739405621089815,0.05186093599003734
2018-08,103.9617,106.2298,103.2329,100.3254,102.4009,104.0327,1288.0,1273.0,1.91,2.889130434782609,0.79,2.0991304347826087,2.12845808,4.55,251.663,14221.3,3945836.92,1.0362450585793825,0.035603658895691705,3.6508352579806296,1.0373912729282653,4.158918290548019,2.642923856874257,0.79,-0.21390519753943238,2.3710745912790987,-0.714052006055732,4.261482433655139,0,0,0.03670917045353279,0.052811731951198385,-0.017208073055506676,0.06650222093229348,0.07998756807207949,-0.04438390917638779,0.011422807738220839,0.05496612239912413
2018-09,103.3734,106.5051,104.6395,100.0074,102.3656,104.1004,1250.0,1314.0,1.95,3.004210526315789,0.8810526315789474,2.1231578947368424,2.41001454,4.6275,252.182,14243.9,3958356.01,1.0336575093443086,0.03310349234386133,1.4492652305697735,1.0404383894589588,4.874711123331397,2.332055105808828,0.8810526315789474,-0.4491890193222492,2.1653013818623057,-0.3733484150335697,4.223372800194269,0,0,0.03964215266109716,0.05289253730764856,-0.01978904496378724,0.058136227447293354,0.07551711267616822,-0.04241362033230689,0.013080084223784712,0.057729008055065506
2018-10,102.7252,106.3733,103.5199,100.2839,102.2801,103.9856,1221.0,1272.0,2.19,3.152272727272727,1.040909090909091,2.1113636363636363,2.21216657,4.83,252.772,14257.6,3976162.39,1.0243438877028117,0.024052298074547538,0.1147056348274101,1.040019515037627,3.626158400205574,2.492032470218053,1.040909090909091,-0.021686821387179034,2.5611759517955024,-0.2946887313468149,2.888738661808876,0,0,0.03923947743648778,0.046684967626167445,-0.022632669551619907,0.03631101642320049,0.0644956295627733,-0.040443331488225764,0.011469910392167132,0.05603687196725443
2018-11,101.4199,106.8787,103.2952,100.7398,102.1904,104.0681,1181.0,1340.0,2.2,3.117,1.113,2.004,2.16701625,4.866,252.594,14288.4,3991299.11,1.0067510556900052,0.006728369360751772,-2.376310227364964,1.045878086395591,3.519968119898792,2.147328577667773,1.113,0.032284147282224396,2.6417368824745324,0.0515641701703151,2.7290824361958954,0,0,0.04485680664692744,0.03245242965932131,-0.025724060298569537,0.0012035889154226927,0.04520141200489641,-0.03847304264414464,0.015955098980340462,0.05927053005626189
2018-12,100.931,106.9282,105.6987,100.0461,102.1714,104.0936,1095.0,1317.0,2.27,2.8326315789473684,1.016315789473684,1.816315789473684,1.98107002,4.6375,252.767,14392.0,4007041.95,1.0088449224907319,0.008806035298378815,-1.8677774639522968,1.0465570599991778,3.662100541852234,2.0023809043401064,1.016315789473684,0.28331726657047085,2.6048265422975447,0.2623655382229417,2.5582496341902683,0,0,0.04550578602254842,0.0378511239709391,-0.029045088672560285,0.02344287333151309,0.04530878909844255,-0.036502753800063736,0.015553650066631501,0.06482821302641732
2019-01,99.6069,106.2722,100.0199,100.4243,101.2391,103.4021,1226.0,1254.0,2.4,2.713809523809524,0.92,1.793809523809524,1.8039584,4.464,252.561,14460.2,4027126.21,0.9918605357468262,-0.008172770545712084,-3.526029996394888,1.0497149816622235,4.598865618420401,1.4875893578291333,0.92,0.5854797881807983,2.612905865161319,0.8990366683692352,1.8935999258555825,0,0,0.048518681285310866,0.024402601954855663,-0.032575372500567745,-0.016466697759505315,0.02635969441027053,-0.03453246495598261,0.01760307572821017,0.062291557716137244
2019-02,98.5398,105.5835,101.1432,100.3312,101.0436,102.8371,1121.0,1286.0,2.4,2.6763157894736844,0.7994736842105263,1.876842105263158,1.78943106,4.37,253.319,14506.6,4039735.38,0.9821451353118472,-0.01801618591512412,-6.466949648582948,1.0449301093785257,3.4422058937997853,1.5188615351321877,0.7994736842105263,0.5998353008183077,2.535203226039129,0.8679554237937204,1.1035304139436874,0,0,0.043950002202654666,0.018275715144167613,-0.03629190105929173,-0.05501584240803747,0.014545990196777589,-0.03256217611190171,0.012162051973138154,0.054354253177082826
2019-03,98.1781,105.5959,100.1704,101.0151,101.2232,102.8757,1191.0,1295.0,2.41,2.570952380952381,0.6580952380952381,1.912857142857143,1.37532429,4.265,254.277,14559.5,4051283.51,0.9719150899221998,-0.02848683438457926,-7.703055451073326,1.0431985947885465,2.4649557296924387,1.8831863513063984,0.6580952380952381,1.020638619157599,2.850472469743859,0.517076141373396,0.6524229997594055,0,0,0.042291565169162555,0.011683134615717072,-0.04016996900029633,-0.04320132189624009,0.0021050528832413234,-0.030591887267820583,0.009725339000805529,0.04847088325374582
2019-04,96.1151,105.7352,99.8073,99.305,99.7521,102.274,1272.0,1322.0,2.42,2.532380952380952,0.5957142857142858,1.9366666666666668,2.0373803,4.1425,255.233,14594.0,4068160.66,0.9678777503650369,-0.03264949062614279,-7.169858967467807,1.059979689650644,4.820576782787513,2.000583470209061,0.5957142857142858,0.3749799327217751,2.0630867764448,0.4111903241351911,-1.0300329046739165,0,0,0.058249747233467396,0.011534111202117815,-0.0441836018282606,-0.08243401542010986,-0.004027892202403328,-0.02862159842373946,0.02500141307770993,0.06750470912005015
2019-05,95.6927,105.7511,100.9791,99.5403,99.8974,102.392,1293.0,1347.0,2.39,2.395,0.5686363636363636,1.8263636363636364,2.18513987,4.072,255.296,14703.2,4082900.98,0.961346308982392,-0.03942057178199887,-8.225411226473343,1.0585971206457825,2.541845388753262,1.7959105553606136,0.5686363636363636,0.2004793752405032,1.8465112759061375,0.5836083604913611,-0.010156527726312703,0,0,0.05694456047374201,0.008885441937071976,-0.048306013719070846,-0.055023012778577955,-0.012769262202340315,-0.026651309579658555,0.023111710129125003,0.06796698823969062
2019-06,95.9507,105.3908,102.3975,99.8884,100.4569,102.4375,1243.0,1299.0,2.38,2.074,0.374,1.7,1.60914045,3.8025,255.213,14798.8,4093846.76,0.9605790061708867,-0.040219044902907786,-9.16248838388323,1.0491145954135555,2.027538602289414,1.671194894390049,0.374,0.7586517773756185,2.158624253965913,0.6971542985662937,-0.7396616510661147,0,0,0.04794656597723433,0.01229057296576102,-0.052509617868668805,-0.061631645100053006,-0.015538024167330355,-0.02468102073557743,0.013626478880157993,0.05412011896988503
2019-07,94.394,104.9397,100.6718,99.8578,99.7745,101.9408,1240.0,1379.0,2.4,2.059090909090909,0.3063636363636364,1.752727272727273,1.74765616,3.765,255.802,14882.7,4117949.98,0.9452841941240445,-0.056269662177158244,-9.387677452251513,1.0517687385053296,1.578334512282355,1.826331335037068,0.3063636363636364,0.6411389358927044,1.9826931804971304,0.5633794888233901,-1.38702910532702,0,0,0.05047325983116426,0.00049654825125902,-0.056766210428417264,-0.045993071290352794,-0.03355893028566194,-0.022710731891496305,0.015761298076018004,0.05353955209498469
2019-08,95.423,105.956,102.0009,99.9132,100.2631,102.639,1375.0,1482.0,2.13,1.6263636363636365,0.04,1.5863636363636362,1.71433646,3.616,256.036,14974.4,4133850.51,0.9550589912043653,-0.04598216951452658,-8.158582841021827,1.0567796128386218,1.8517012177035712,1.7376412106666406,0.04,0.4086577708378947,1.8696120981409825,0.3856574466090778,-1.3487295328134863,0,0,0.0552261826305685,0.015064564523140915,-0.06104673403766749,-0.047168913354889305,-0.025241726467111175,-0.020740443047415402,0.020214844686475365,0.06105100526073348
2019-09,93.8661,106.1718,100.0674,99.4832,99.3191,102.2917,1311.0,1469.0,2.04,1.6995,0.1125,1.5870000000000002,1.64492794,3.605,256.43,15047.2,4146108.73,0.9435372002508967,-0.05811948702191416,-9.12229793657755,1.0689967992057923,2.7078485182559704,1.6844977040391562,0.1125,0.38867857748219325,1.92835205821289,0.3496130717934642,-1.7527282326511795,0,0,0.06672063784365687,0.007202609831339163,-0.06532209685325333,-0.09013353655497594,-0.039349332818579885,-0.018770154203334277,0.031498464019884924,0.07442103102348048
2019-10,93.4411,104.8631,96.632,99.7656,98.8633,101.4281,1325.0,1523.0,1.83,1.7068181818181818,0.1459090909090909,1.560909090909091,1.72460183,3.688,257.155,15185.6,4163507.6,0.9366064054142911,-0.06549214324872403,-8.954444132327156,1.060687838662072,1.9678124638245345,1.7339736996186297,0.1459090909090909,0.10361128783391571,1.9301114329070446,0.0943896093795526,-2.4902254934305645,0,0,0.05891760207473312,0.004070017632970477,-0.06956216088169451,-0.10178068649093255,-0.048692277889470656,-0.016799865359253374,0.023567770712036716,0.06147557963075163
2019-11,95.1218,104.6862,102.8329,99.9201,100.2389,101.9372,1353.0,1535.0,1.55,1.8121052631578949,0.171578947368421,1.6405263157894736,1.69729979,3.695,257.879,15301.3,4164527.56,0.9519786309261098,-0.04921269094888552,-5.594106030963729,1.044367007219752,-0.1445839479486052,2.092290394862917,0.171578947368421,-0.1448413972683249,1.9643591463344379,-0.531176637105002,-2.0688555143530962,0,0,0.04341096716744139,0.024523596999386964,-0.07373628794827249,-0.08471669554937164,-0.03438311443371327,-0.01482957651517225,0.008009107244726414,0.041937871426863664
2019-12,95.3412,104.3502,101.5282,99.4598,99.8802,101.7003,1548.0,1443.0,1.55,1.8628571428571428,0.1447619047619047,1.718095238095238,1.70378442,3.72,258.63,15351.5,4192191.39,0.9585903048266737,-0.042291506196053825,-5.109754149443265,1.044753614830567,-0.1724703686889643,2.3195274699624457,0.1447619047619047,-0.1512081589461145,1.9824390916209467,-0.7520827050226053,-2.326024148153749,0,0,0.04378108233565878,0.03552205104210141,-0.07781355723815524,-0.07448171354661874,-0.0294322185249627,-0.012859287671091124,0.00839363681923879,0.03940683675049751
2020-01,92.7992,103.8483,102.5567,98.0036,98.4497,101.0338,1581.0,1490.0,1.55,1.757619047619048,0.0366666666666666,1.720952380952381,1.79710932,3.624,259.127,15425.0,4171617.45,0.9468958283165108,-0.05456619362440584,-4.639342307869375,1.054836124437149,0.4866741290347171,2.599767976845202,0.0366666666666666,-0.24274689296254204,1.7946390542949109,-1.0231679832668927,-2.3170157023225,0,0,0.05338542257565804,0.02719515128453554,-0.08176134490894138,-0.09902302811080466,-0.04367719479739562,-0.010888998827010221,0.01806909223125113,0.052646539069592845
2020-02,92.5923,103.8027,105.441,98.4931,99.1872,101.3735,1549.0,1461.0,1.58,1.5042105263157897,-0.111578947368421,1.6157894736842104,1.64596366,3.4650000000000003,259.25,15492.8,4185098.21,0.9400892042183665,-0.06178051011598253,-4.376432420085841,1.0465332220286487,0.153300604414773,2.34131667975952,-0.111578947368421,-0.06489550359387586,1.7895804953796057,-0.7438996335583425,-1.4334467077149249,0,0,0.045483008246802396,0.023764050193146834,-0.08554456030912937,-0.12306557463947812,-0.05286180013305344,-0.008918709982929096,0.010284168748085437,0.04166323802079087
2020-03,86.2824,101.0708,87.6242,97.1097,94.0357,97.4078,1266.0,1351.0,0.65,0.87,-0.1168181818181818,0.9868181818181818,0.98707392,3.45,258.076,16034.4,4169625.96,0.8885044439432929,-0.11821562977552395,-8.97287953909447,1.07481307631038,2.985519878917658,1.4940399642909163,-0.1168181818181818,-0.3337792718571264,2.4388528000633958,-0.8316152993691928,-5.461517377071523,1,0,0.07214676395833913,-0.029089405540478827,-0.08912622423504513,-0.197925797160663,-0.11126720863667576,-0.006948421138848193,0.03710021108887614,0.06460402934247164
2020-04,66.5175,87.9338,53.609,92.9119,80.5973,84.5619,936.0,1079.0,0.05,0.6576190476190477,-0.4457142857142857,1.1033333333333335,-0.05035367,3.306,256.032,17064.0,4105366.12,0.7159201350957197,-0.33418666140529524,-30.153717077915243,1.0910266224799094,2.886936122616949,0.3130472940411133,-0.4457142857142857,0.1004042272132244,3.358044568680585,-0.262226401387311,-19.01716756450096,1,0,0.08711910845963688,-0.24171895420354406,-0.09246770720175117,-0.384347061063792,-0.32920852911052817,-0.004978132294767068,0.052247343934493734,0.08092063179442441
2020-05,72.2792,86.799,64.6781,94.1008,84.3329,85.9604,1039.0,1251.0,0.05,0.674,-0.4415,1.1155,-0.21879037,3.2325,255.802,17931.9,4089170.25,0.7681039906143199,-0.2638301505550904,-22.440957877309152,1.0292424427477296,-2.812152131741715,0.1982013035848551,-0.4415,0.269379746945031,3.458858018255917,-0.1479081477079979,-17.492185946287808,1,0,0.028823039156324858,-0.16829775073317352,-0.09553239982191689,-0.3170448707627078,-0.26082230710440446,-0.003007843450685943,-0.00586630578147853,0.010591779209852867
2020-06,80.3646,91.8853,92.3988,96.0513,91.6535,91.5934,1266.0,1333.0,0.08,0.7286363636363636,-0.5445454545454546,1.2731818181818182,0.51275711,3.1625,257.042,18180.0,4101550.07,0.8366841469089955,-0.17830864302275207,-13.808959811984428,1.002529090542096,-4.542066820255778,0.7166562831830481,-0.5445454545454546,-0.43054943714896377,2.6362254565359677,-0.6321261116860155,-11.189363982160927,1,0,0.002525897774676554,-0.08000816427605399,-0.09830047874669808,-0.23383254409890025,-0.17727108841614703,-0.00103755460660504,-0.03199189509258632,-0.011642789824772334
2020-07,84.0105,95.2149,107.3556,97.3937,95.627,95.0256,1526.0,1539.0,0.09,0.6236363636363637,-0.8327272727272728,1.4563636363636363,1.57200144,3.016,258.352,18331.4,4117867.62,0.8625865944101107,-0.14781973580022592,-9.155007362306767,0.9956905476486767,-5.479202463628587,0.9968647625897996,-0.8327272727272728,-1.459064918471109,1.42165019840923,-0.8979137765529166,-7.024592365144322,1,0,-0.00431876480512161,-0.04705592782917449,-0.10076380797105143,-0.18346902682973398,-0.148752470037702,0.000932734237476085,-0.038693964496116444,-0.02553500056254082
2020-08,85.7669,95.8452,106.9383,98.572,96.6905,95.9549,1396.0,1534.0,0.1,0.65,-1.0114285714285716,1.6614285714285717,1.67677177,2.935,259.316,18413.3,4113232.46,0.8700939414843972,-0.1391540944450918,-9.317192493056522,0.9912576726772537,-6.400694828780007,1.2810698495523851,-1.0114285714285716,-1.550768914621703,1.2374785391949583,-1.166130898209128,-6.733968805509427,1,0,-0.008780765657231576,-0.03623428683263895,-0.10291980761245285,-0.18505182308288282,-0.142057117526649,0.00290302308155721,-0.04305820078432267,-0.030160809891781132
2020-09,85.2593,96.6267,105.4504,97.3767,95.7033,95.9669,1473.0,1650.0,0.09,0.6795238095238095,-0.9766666666666668,1.6561904761904762,1.5827644,2.89,259.997,18605.0,4128741.9,0.8755616076535763,-0.1328897611956277,-7.477027417371354,1.0096485701120024,-5.711831792342549,1.3910228912373812,-0.9766666666666668,-1.4695055886862707,1.2868675190335521,-1.2831736520036885,-6.382519539934695,1,0,0.009602319920231379,-0.02812059563448359,-0.10476916556114411,-0.17676422200001926,-0.13776307312126582,0.004873311925638113,-0.024635361892544314,-0.016002386650757153
2020-10,85.4987,97.371,106.0956,97.637,96.1152,96.7394,1543.0,1612.0,0.09,0.7871428571428571,-0.9166666666666666,1.703809523809524,1.39703767,2.834,260.319,18759.9,4134691.98,0.8756793019039913,-0.13275534879131493,-6.72632055425909,1.0130655713144225,-4.593664907639586,1.2303863428671624,-0.9166666666666666,-1.289029443102463,1.4171640148666453,-1.1265257242076387,-4.732940789775952,1,0,0.012980952998337255,-0.026440262814029045,-0.10631508597728588,-0.1711635915636866,-0.13959894956103416,0.006843600769719238,-0.021285179234103176,-0.014132773770655688
2020-11,85.9214,98.0128,107.1894,97.3581,96.3019,97.0816,1543.0,1692.0,0.09,0.8700000000000001,-0.8421052631578947,1.7121052631578948,1.42002946,2.765,260.911,19002.4,4135727.09,0.8825295481321022,-0.12496300843253967,-7.575031748365416,1.0177660046167314,-2.5800933400838058,1.1757452138405844,-0.8421052631578947,-1.3114070929397315,1.3261389758622233,-1.07312796317518,-4.880507542197332,1,0,0.01761003376660333,-0.01740028259235958,-0.10756272584018009,-0.13586429416012286,-0.1337768980463398,0.008813889613800141,-0.016761234314853417,-0.015320774083610062
2020-12,86.9262,98.8583,108.7084,99.6049,98.0128,98.363,1614.0,1755.0,0.09,0.9336363636363636,-0.9822727272727272,1.9159090909090908,1.64952129,2.684,262.045,19119.4,4149026.48,0.8727100775162667,-0.136151877364628,-9.386037116857418,1.0086264243037644,-3.519165302592904,1.3204191315779434,-0.9822727272727272,-1.5342141017573363,1.0176916692491655,-1.214384170657734,-3.336553581646573,1,0,0.00858942930972974,-0.02763279910613725,-0.10851907825849075,-0.15333028271198323,-0.14693605582250927,0.010784178457881266,-0.025970663608019542,-0.023003376896496674
2021-01,88.5323,99.4205,109.642,99.609,98.7468,98.8822,1624.0,1856.0,0.09,1.0810526315789473,-1.0005263157894737,2.081578947368421,1.4460926,2.735,262.687,19375.3,4157571.02,0.8887982009657763,-0.11788506477467856,-6.331887115027271,1.006822499564543,-4.658609094548108,1.3738437137002402,-1.0005263157894737,-1.3367617867225845,1.2705342975427802,-1.2664447422217506,-2.15258716698159,1,0,0.0067993316301769606,-0.00869272008083892,-0.10919234469383964,-0.13047548512288018,-0.13063953207664095,0.012754467301962391,-0.028039114694460503,-0.030943192838519828
2021-02,85.6595,95.204,102.7124,98.4536,96.3212,95.6149,1398.0,1703.0,0.08,1.2578947368421052,-0.9221052631578948,2.18,1.67548668,2.81,263.579,19641.4,4176857.93,0.8700494446114718,-0.13920523606168575,-7.742472594570321,0.9884013072926832,-5.714949048010704,1.6698167791706853,-0.9221052631578948,-1.5691950263502785,1.1158179390580392,-1.5637057580459857,-5.848305012524868,1,0,-0.01166648223330464,-0.029612590509454834,-0.10959264555223092,-0.14805049600506318,-0.15392999220772904,0.014724756146043294,-0.046876846600439254,-0.047293311979589366
2021-03,87.8247,99.0677,104.0867,99.8189,97.932,98.3856,1688.0,1756.0,0.07,1.6108695652173912,-0.6643478260869565,2.275217391304348,1.51383809,3.0825,264.961,19874.5,4188484.51,0.8798403909480069,-0.12801476188284336,-0.9799132107319406,1.0115968222848508,-6.061666942594353,2.6678187820641908,-0.6643478260869565,-1.42230666987484,1.545269038699204,-2.530314574597769,0.99881623082263,1,0,0.011530094532395613,-0.01828405698205786,-0.1097307049007855,-0.12052945345712965,-0.14470980687296778,0.01669504499012442,-0.024147841417115755,-0.02483033558613105
2021-04,86.8152,99.996,101.4775,99.8102,97.2581,98.5587,1489.0,1710.0,0.07,1.635,-0.7145454545454546,2.3495454545454546,1.75471736,3.06,266.614,20174.1,4205750.36,0.8698028858773954,-0.13948866096092147,19.469800044437378,1.028150868668008,-5.935719279009429,4.133077115360573,-0.7145454545454546,-1.6556651167725311,1.282773589141839,-3.90181220791106,15.316849920100317,1,0,0.027761915669542597,-0.02986935772440072,-0.10961930323652075,-0.1392606327446291,-0.1581539947951268,0.018665333834205322,-0.008478078969926268,-0.018430653422922025
2021-05,88.3478,100.9748,103.2002,100.2609,98.1043,99.4333,1600.0,1705.0,0.06,1.621,-0.8470000000000001,2.468,1.86820734,2.9625,268.383,20457.5,4237470.5,0.8811790039786198,-0.1264944909621609,13.733565959292951,1.0292596756717087,0.0016743168564512,4.918257089467626,-0.8470000000000001,-1.775045804001285,1.07422392969736,-4.6305163888919925,14.560034252893761,1,0,0.02883978232488937,-0.017222000179527616,-0.10927249078263328,-0.13456204884084588,-0.14713011364044734,0.020635622678286447,-0.008053914746387236,-0.017295053700875387
2021-06,87.6346,101.7898,103.4769,100.3122,98.0816,99.7987,1664.0,1662.0,0.08,1.5190909090909093,-0.8236363636363637,2.3427272727272728,2.05518859,2.975,270.654,20472.7,4388618.86,0.8736185628467923,-0.13511142553731023,4.319721748544184,1.0378072951501607,3.458421958954525,5.295632620349999,-0.8236363636363637,-1.9354122189075507,0.9012882369903608,-4.953322840231467,8.579594049803507,1,0,0.037110117364221804,-0.026405033514037432,-0.1087063920232728,-0.14008208224021332,-0.1577173370596778,0.022605911522367572,-0.0005254937594982578,-0.00748594393527012
2021-07,89.4991,101.6737,105.9388,100.4748,99.0614,100.2519,1600.0,1666.0,0.1,1.3185714285714287,-1.0090476190476192,2.327619047619048,2.07311612,2.868,271.903,20630.0,4405901.33,0.8907616636211269,-0.1156783804240447,3.214135537618122,1.0263705136410346,3.034757077044133,5.245169381309234,-1.0090476190476192,-1.9330419164242718,0.7787397017109843,-4.8887463543984655,5.353968964229505,0,0,0.02602880596531972,-0.007740053009220926,-0.10793832741482377,-0.10474892188210919,-0.1402545807904932,0.024576200366448475,-0.01243293941062983,-0.019288995263954226
2021-08,89.3852,101.5678,104.4887,100.0986,98.5377,100.0437,1596.0,1740.0,0.09,1.2831818181818182,-1.0654545454545454,2.348636363636364,2.46241259,2.8425,272.676,20844.0,4423403.41,0.8929715300713496,-0.11320057983294832,2.5953514612143485,1.0307506670035935,3.90681053670059,5.152015301793966,-1.0654545454545454,-2.3153979396260516,0.3709530162254726,-4.813997418181304,4.172880111690969,0,0,0.03028733970977432,-0.00621312873639468,-0.10698745109655364,-0.12784245575969028,-0.13974706904347792,0.0265464892105296,-0.009080732204718903,-0.016576774445612584
2021-09,88.7604,99.9273,100.5332,99.844,97.5292,98.8579,1576.0,1649.0,0.08,1.3747619047619049,-0.9695238095238096,2.3442857142857143,2.68413713,2.9,273.91,20985.4,4447135.68,0.8889908256880735,-0.117668363332423,1.52213978632047,1.0245885334853562,1.468878132925466,5.351215590949132,-0.9695238095238096,-2.5360656502407153,0.21022026968655627,-5.003469168705066,2.9680125145707947,0,0,0.02429110124948604,-0.011794908621012012,-0.10587345471141099,-0.1145829678228685,-0.14618514138703373,0.028516778054610725,-0.01605859817782302,-0.03113568010997427
2021-10,88.9258,102.3119,105.8702,99.0714,98.0009,100.1861,1587.0,1699.0,0.08,1.5825,-0.9525,2.535,1.85436755,3.0675,276.55,21164.2,4464959.71,0.8975930490535109,-0.10803848816803122,2.471686062328371,1.0439893919341556,3.006837542787703,6.235042390298062,-0.9525,-1.7420632935833291,1.1910460780235832,-5.793796709455812,3.500869128884787,0,0,0.04304932842621429,-0.0034220267984134273,-0.10461646136961779,-0.08920624197870983,-0.13852555506672284,0.030487066898691628,0.0016482224302623652,-0.009926163163099966
2021-11,89.5208,102.8777,108.5341,99.4823,98.732,100.8654,1707.0,1770.0,0.08,1.5595,-1.0565,2.616,2.4798405,3.0675,278.919,21340.9,4490204.4,0.8998666094370557,-0.10550873837887592,1.945427005366375,1.0419894259206741,2.352176164424706,6.901970403700863,-1.0565,-2.3417683793136024,0.5734391243514825,-6.381519796069823,3.823509280001236,0,0,0.04113179541085039,-0.0022713251066034945,-0.10323741327227243,-0.12145121739847661,-0.13796609412164867,0.03245735574277275,-0.0013838591106972858,-0.0039990803600274405
2021-12,90.7013,102.6755,107.6354,98.6177,98.2933,100.5726,1711.0,1886.0,0.08,1.465,-0.9931818181818184,2.458181818181818,2.62030861,3.098,280.845,21502.8,4512720.41,0.9197263777192127,-0.08367906869841381,5.247280866621419,1.0445828962909984,3.502823412328726,7.174340285065539,-0.9931818181818184,-2.4754443291086226,0.46549401036730664,-6.619439192437115,2.221513767596228,0,0,0.043617663433017,0.01807842156280942,-0.10175749026122323,-0.10039436412768019,-0.11810671328526746,0.034427644586853656,-6.915893209614998e-05,-0.001303642950414692
2022-01,89.3182,102.1695,107.5327,98.9772,98.0805,100.1856,1693.0,1923.0,0.08,1.764,-0.6855,2.4495,2.24175848,3.4450000000000003,282.543,21647.4,4526943.79,0.9024118685919587,-0.10268424607310547,1.5200818701573082,1.0416902442381513,3.4045297102547667,7.558805726967832,-0.6855,-2.1143596433964573,1.176859179544909,-6.953224960448501,1.3095223095463737,0,0,0.040844628732724625,-0.002486216163876745,-0.10019802990922873,-0.09667324992570976,-0.13908217950404025,0.03639793343093478,-0.00406336205361342,-0.008462364875189095
2022-02,90.5048,102.7952,105.6074,99.7199,98.5635,100.8064,1730.0,1846.0,0.08,1.9342105263157887,-0.5236842105263158,2.4578947368421056,2.62741883,3.7625,284.5,21725.6,4558299.13,0.9075901600382672,-0.09696236787357944,4.224286818810631,1.042933743221375,5.370413103889925,7.937278766517819,-0.5236842105263158,-2.482201013181229,1.106021356612552,-7.27948569420036,5.287318003183827,0,0,0.042037648805594616,0.001616746469526087,-0.09857911434310553,-0.0723489619479531,-0.13533059014859533,0.038368222275015906,-0.004134887436613846,-0.0051076522557290185
2022-03,91.3262,103.7264,108.6749,99.47,99.0481,101.3907,1700.0,1899.0,0.2,2.1278260869565218,-0.7186956521739131,2.8465217391304347,3.05769883,4.172,287.674,21788.1,4598631.98,0.918128078817734,-0.08541837868427794,4.259638319856542,1.0472326071878209,3.462097809431476,8.572204966013853,-0.7186956521739131,-2.7729115460980225,1.081240103990777,-7.711186273351078,3.0086919088748054,0,0,0.046151072626710365,0.011502619659292598,-0.09692099834357054,0.02201198074446331,-0.12575688980337474,0.04033851111909681,-0.0013224803850796843,-0.017055691931068637
2022-04,91.8493,103.8004,109.052,99.032,99.052,101.44,1807.0,1849.0,0.33,2.7475,-0.1365,2.884,3.39290341,4.9825,288.561,21768.4,4631140.48,0.9274709184909928,-0.07529383971880893,6.419482124211254,1.047938456568267,1.9062943856347956,8.231750770777225,-0.1365,-2.962392300614858,1.5374329741921766,-7.300769611971114,2.881518092575863,0,0,0.04682485952589055,0.0199499846984713,-0.09524382441728023,0.3502856027248085,-0.11760263968198686,0.042308799963177934,-0.0019789887032970674,-0.01867525226853685
2022-05,91.7556,104.0605,107.8696,98.7355,98.6344,101.3335,1546.0,1711.0,0.77,2.8980952380952383,0.2095238095238095,2.6885714285714286,3.63465785,5.23,291.298,21718.0,4660972.28,0.9293070881293962,-0.07331603706237683,5.317845389978407,1.0550122472484245,2.4712593302038357,8.538171195642065,0.2095238095238095,-2.7641890362066657,1.5393905698121824,-7.157086866370532,1.8929989854052032,0,0,0.053552375626927724,0.02025089921548237,-0.0935669362778592,0.18662740674693545,-0.11759512586963566,0.04427908880725884,0.003396238437337412,0.014309660161097783
2022-06,91.7232,104.2595,107.645,97.7796,98.0422,101.018,1556.0,1726.0,1.21,3.143333333333333,0.5257142857142857,2.617619047619048,4.22671337,5.522,294.957,21647.0,4698764.18,0.9380606997778678,-0.06394062015293475,7.117080538437548,1.0634145296617172,2.4374868032564443,8.979361103105798,0.5257142857142857,-2.894376376707586,1.2427587785501792,-7.129204121278687,1.2143561603657815,0,0,0.06148498539678625,0.02796767207039319,-0.09190829222332794,0.06232485491362272,-0.11018999780427471,0.04624937765133996,0.009961987638370029,0.03275847638574736
2022-07,91.7918,104.8051,108.3223,97.2826,97.9051,101.223,1382.0,1707.0,1.68,2.896,0.534,2.362,3.3092777,5.4125,294.913,21649.2,4722381.39,0.9435582519381677,-0.05809717581635494,5.758120460768976,1.0704764103197892,4.20749867066364,8.462576727730099,0.534,-1.5770874952114822,2.0358503580942156,-6.253379674683712,0.9639985132570139,0,0,0.06810379267195611,0.03218726842290649,-0.09028444423926144,-0.010956686719364464,-0.10631684231177603,0.04821966649542109,0.015206549020981223,0.04998554636075017
2022-08,92.414,104.5036,107.986,97.3199,98.0803,101.0963,1532.0,1565.0,2.33,2.8978260869565218,0.3895652173913044,2.508260869565217,3.37713165,5.2225,295.097,21641.9,4752120.15,0.9495899605322241,-0.051725008054882705,6.147557177806561,1.0654902156702213,3.3147649951684883,8.222579178218826,0.3895652173913044,-1.0129238771542037,1.7850837226242477,-5.444870398546897,1.0466437397034234,0,0,0.0634349896614592,0.03698499405690258,-0.08871000211178529,0.0004034510385601056,-0.10191496339438469,0.05018995533950199,0.00916260927418619,0.04366709830846771
2022-09,93.209,104.9476,106.8484,97.2447,98.0635,101.2918,1481.0,1586.0,2.56,3.5190476190476194,1.1366666666666667,2.3823809523809523,4.17914969,6.112,296.349,21541.3,4778706.17,0.9584995377640119,-0.04238619874588971,7.528216458653329,1.0702004313531537,4.355484870395039,8.192106896425821,1.1366666666666667,-1.554197452002637,1.85531396229619,-5.205654144269067,2.432199480547581,0,0,0.06784594995343643,0.04481114165416161,-0.08719734040005132,-0.0020553358467819832,-0.09454644292947283,0.052160244183583115,0.012202980455770451,0.036196488088581426
2022-10,93.5995,104.562,108.3816,97.3289,98.4963,101.2529,1446.0,1583.0,3.08,3.9835,1.59,2.3935,2.88195932,6.9,298.007,21464.2,4812477.06,0.9616825012920109,-0.03907092302869079,6.896756513934042,1.0615830239308481,1.67118844596034,7.758813957693,1.59,0.1924931069634983,3.9054861576872213,-4.34193156536592,1.059189107877323,0,0,0.05976121288581769,0.04668534223215551,-0.0857562652608463,-0.03648960009776499,-0.09320145605635481,0.05413053302766402,0.0027570040809978685,0.03521717521372708
2022-11,92.3586,104.4207,104.6221,97.7258,97.9222,100.9552,1434.0,1424.0,3.78,3.891,1.52,2.371,3.23904839,6.805,298.786,21409.5,4843070.13,0.9450789863065843,-0.05648677158808061,4.902196679079531,1.0663639093075932,2.3122850413805165,7.122856456533988,1.52,0.5239796554076026,3.454072529348684,-3.1205818880402747,0.08898993058812366,0,0,0.06425464582465555,0.027906699378039267,-0.08439347096611988,-0.06733866896105284,-0.11258759345982575,0.05610082187174514,0.005902502264056607,0.04134583934832429
2022-12,91.2779,102.566,104.0766,97.8593,97.6528,99.7664,1296.0,1398.0,4.1,3.616190476190476,1.356666666666667,2.259523809523809,2.86811918,6.364,298.832,21293.2,4858438.6,0.9327463000450646,-0.0696220336053659,1.4057035093047912,1.0503129454557372,0.5470499621514622,6.404600402357152,1.356666666666667,1.1975341143784624,3.3984103606315985,-2.165884175724142,-0.8048401478637501,0,0,0.04908816305453162,0.01349037614480085,-0.08311240975016675,-0.059562774503098805,-0.12769314432119216,0.05807111071582627,-0.01059484742095286,0.031216998751961732
2023-01,92.1619,104.3153,104.7855,96.5237,97.259,100.505,1358.0,1418.0,4.33,3.5315,1.2945,2.237,2.6790161,6.2725,300.42,21274.0,4873574.92,0.9548110982069689,-0.04624176099162537,5.64424850814801,1.0725516404651496,2.919589154600984,6.327178517960097,1.2945,1.6079077913953466,3.499725685431443,-1.8783330337527548,0.31830117570867955,0,0,0.07004052027873446,0.035672834890421654,-0.08191459588204703,-0.05778222504516774,-0.10628316055153254,0.06004139955990717,0.009047064122786316,0.05648099747352919
2023-02,91.3566,104.7354,104.3525,97.037,97.2493,100.6416,1395.0,1605.0,4.57,3.7468421052631578,1.4131578947368422,2.333684210526316,2.61308946,6.2575,301.45,21240.2,4885540.61,0.94146150437462,-0.060321819267720546,3.66405486058589,1.07697844611735,3.2121736278284865,5.957820738137087,1.4131578947368422,1.9070769141619426,3.5516039514828623,-1.309786034168181,-0.16361546082777068,0,0,0.07415938508387948,0.020478787531423563,-0.08080060679914411,-0.0032613782818516415,-0.12233350767170884,0.062011688403988297,0.011879993628710936,0.06925843025423019
2023-03,90.7756,105.4154,102.7143,97.9835,97.4179,101.0205,1366.0,1472.0,4.65,3.6630434782608696,1.3608695652173914,2.3021739130434784,2.07325087,6.544,301.821,20942.3,4909166.07,0.9264376144963181,-0.07640857012032488,0.900980856395306,1.0820947690311535,3.274769086701823,4.917719362889961,1.3608695652173914,2.5244117416047818,4.379941945509214,-0.2551707800318992,-0.36579044319786647,0,0,0.0788987634937286,0.003359972538315825,-0.07976854265864071,0.1557777236406453,-0.1403905473683943,0.06398197724806942,0.015361407999062479,0.0605287816730688
2023-04,91.9308,105.3169,106.5088,97.8759,98.2164,101.253,1343.0,1482.0,4.83,3.46,1.1935,2.2665,2.65083257,6.342499999999999,302.845,20758.2,4920124.19,0.9392587960876988,-0.06266422955972092,1.2629610159088007,1.072294443697794,2.297583303701148,4.950079879124369,1.1935,2.122893088581601,3.5963346205522218,-0.1144161864980675,-0.18451555115861495,0,0,0.06980069256290203,0.016150851919975603,-0.07881508147969653,0.15154628175729262,-0.12861649565187125,0.06595226609215032,0.0050359801673832,0.053491502235399155
2023-05,92.0135,104.9259,106.8937,97.1128,97.9513,100.9286,1609.0,1579.0,5.06,3.573636363636364,1.36,2.213636363636364,2.65363857,6.425,303.334,20829.4,4925699.5,0.947490958967304,-0.053937884058094986,1.937815300428184,1.0712047721673934,1.5231594731269429,4.131851231385042,1.36,2.3441560021850494,3.673870193532669,0.8913207223720354,-0.4003721318739828,0,0,0.06878397035819715,0.023998783891949975,-0.07793666795004496,0.07281942529079827,-0.12186043899432644,0.06792255493623145,0.002824077314948062,0.04987855263568546
2023-06,91.8797,104.3651,103.7856,95.6559,96.6514,100.1196,1420.0,1447.0,5.08,3.7480952380952384,1.5476190476190477,2.2004761904761905,1.36626254,6.714,304.014,20798.9,4948993.3,0.960523083259893,-0.04027726451686492,2.366335563606983,1.0798095009487705,1.5299652170749731,3.070617072997095,1.5476190476190477,3.6636819459872294,5.275658119376492,1.949520614182232,-0.8933247434292468,0,0,0.07678463756753598,0.03685136065361558,-0.0771286251704805,0.07994818293418655,-0.11017010829717727,0.06989284378031235,0.00966295952331174,0.05572852624525923
2023-07,92.5187,105.1116,106.5418,96.5373,97.7322,100.9067,1464.0,1530.0,5.12,3.8995,1.6030000000000002,2.2965,2.47431653,6.84,304.609,20792.2,4959788.93,0.9583725668731153,-0.042518675910928595,1.5578499905426348,1.075506332610951,0.4687765098608118,3.287749268428297,1.6030000000000002,2.5818015280203888,4.2602708833114455,1.773928413146053,-0.31296762244883425,0,0,0.07279155777056423,0.03386593374865438,-0.07638460965958298,0.04120310342488565,-0.11438180853532207,0.07186313262439348,0.004542513649272412,0.05862182899480216
2023-08,92.2722,104.9159,104.1151,97.2893,97.7396,100.8393,1321.0,1596.0,5.33,4.167826086956522,1.8326086956521737,2.335217391304348,2.60696893,7.072,306.082,20782.0,4946750.25,0.9484311224358691,-0.0529461096019077,-0.1221101547024997,1.0734226454783935,0.7417287838019371,3.722504803505289,1.8326086956521737,2.6538461260440016,4.351586560408105,1.5498036800595916,-0.2545367322614567,0,0,0.07085227749947857,0.0227496092117569,-0.0756957188136646,0.024766773351509626,-0.1267795310703823,0.0738334214684746,0.0015106384633233744,0.05091063514527349
2023-09,91.5136,105.4767,104.1813,97.2859,97.542,101.0211,1369.0,1530.0,5.33,4.379,2.037,2.342,2.81243484,7.2,307.276,20753.6,4955832.25,0.9406666330886593,-0.061166470933456236,-1.8780272187566525,1.0813464968936457,1.0361071010341116,3.687206638119256,2.037,2.4486971482758024,4.267543285817599,1.5843742108071934,-0.2676054384532556,0,0,0.07820702096377755,0.013884227294626524,-0.07505069822808276,0.027540830359822056,-0.13697018124601174,0.0758037103125555,0.0078075949609230505,0.058628098121114594
2023-10,90.8226,104.6242,100.5767,97.638,97.04,100.4689,1380.0,1524.0,5.33,4.798095238095239,2.4119047619047618,2.386190476190476,2.76957367,7.62,307.696,20737.4,4969073.22,0.9301972592638111,-0.07235860859100787,-3.328768556231708,1.0781553998351194,1.5490404902759936,3.2512659098611785,2.4119047619047618,2.491424493227634,4.719710471481631,2.013277098174804,-0.7773120679349432,0,0,0.07525161778857763,0.0020781050732139733,-0.07443671366422185,-0.005770991603189973,-0.1501326077476445,0.07777399915663663,0.003829144647699012,0.044873313064766815
2023-11,91.8955,105.0831,104.122,97.4273,97.7151,100.8639,1522.0,1513.0,5.33,4.502857142857143,2.198571428571429,2.3042857142857143,2.7911957,7.442,308.148,20749.7,4993197.93,0.9432212531805767,-0.058454396954554,-0.1967625366473387,1.075402880414593,0.844071802399754,3.133346274591186,2.198571428571429,2.46986551981514,4.5245161984238,2.129916079286565,-0.09047707201972344,0,0,0.07269536384865309,0.015385569746461297,-0.0738399667010153,0.021135838794625814,-0.13819868495527154,0.07974428800071753,0.0002839730848420985,0.04413776678489641
2023-12,91.643,104.7376,105.7307,97.0969,97.6768,100.6031,1504.0,1501.0,5.33,4.0200000000000005,1.8355,2.1845,3.09166499,6.815,308.741,20779.9,4988225.98,0.9438303385586975,-0.057808855092382545,1.181317851298335,1.072287380421963,2.070594241922187,3.3159099427102934,1.8355,2.171208516437395,3.6116741449089718,1.949448113467267,0.8351619016677247,0,0,0.06979410547375349,0.015437659512161618,-0.07324651460454416,-0.028477855713329468,-0.1395234319371812,0.08171457684479866,-0.0035729496243043224,0.036447726843418696
2024-01,90.0721,103.0745,100.443,96.8289,96.3029,99.2223,1378.0,1548.0,5.33,4.058095238095238,1.791904761904762,2.2661904761904763,2.41863256,6.6425,309.698,20835.5,5002475.58,0.9302191804306359,-0.07233504272010063,-2.609328172847526,1.07031563950826,-0.2086925111336859,3.0883429864855705,1.791904761904762,2.842615027392048,4.124120127776099,2.1745009654566827,-1.284469009080702,0,0,0.0679535951673976,0.0003063034784454022,-0.07264134619854604,0.016933691959627004,-0.15601990840898042,0.08368486568887978,-0.006336766922980755,0.03955967470200543
2024-02,91.5226,104.3554,103.6881,96.615,97.0469,100.285,1555.0,1570.0,5.33,4.2075000000000005,1.925,2.2825,2.42832804,6.776000000000001,310.967,20921.7,5015273.37,0.9472918283910366,-0.05414807234809739,0.6173746919623156,1.0753089485599232,-0.1551370784769981,3.157074141648697,1.925,2.8328803325451624,4.244599168212693,2.106424475909008,-0.35495586389364675,0,0,0.0726080142991095,0.017860305898972764,-0.07200837824707015,0.015069916393644842,-0.13980322688105806,0.08565515453296069,-0.0025739452669207713,0.038510720546206474
2024-03,91.3702,104.7169,104.9596,96.5103,97.1411,100.4575,1297.0,1477.0,5.33,4.2085,1.897,2.3115,2.08221333,6.82,312.345,20965.9,5014899.75,0.9467403997293553,-0.054730352489981496,2.167821763034339,1.0779875871284144,-0.3802805796395886,3.4868349120836584,1.897,3.181540215532852,4.641148066298495,1.7810623829419336,-0.558871405693484,0,0,0.07509595769733271,0.016601153753109346,-0.07133150624309084,0.015173703080868059,-0.1423557958670233,0.08762544337704181,-0.0009460975996799237,0.037765133782728305
2024-04,90.7586,104.6027,103.3354,96.9459,97.0078,100.2434,1379.0,1456.0,5.33,4.539090909090909,2.145,2.394090909090909,2.70436687,6.9925,313.023,20955.4,5016165.95,0.9361778063847982,-0.06594985645911448,-0.3285626899393559,1.0782916425277143,0.5577283712667996,3.3607951262196734,2.145,2.5564960965325234,4.175219867162805,1.9051758177514035,-1.002110656936761,0,0,0.07537797627557002,0.0046435289214471764,-0.07059338538056166,-0.01931320321668093,-0.15554558868023743,0.08959573222112294,-0.001492702033555407,0.03478358099828306
2024-05,90.8106,105.425,103.6492,97.7418,97.4907,100.863,1329.0,1405.0,5.33,4.482272727272727,2.148181818181818,2.334090909090909,2.93566763,7.06,313.175,21021.6,5024842.11,0.9290866343775129,-0.07355328899693457,-1.9615404938839585,1.0813851987933207,0.9458840435411188,3.244278584003113,2.148181818181818,2.326047350862259,4.006708719104868,2.02018111279636,-0.06501757487518134,0,0,0.07824281079360834,-0.0037777710013979365,-0.06977551799553663,-0.01309350363377823,-0.16511931006213842,0.09156602106520384,0.0005750188666619055,0.034626692762617206
2024-06,90.8368,105.2212,103.7858,97.9098,97.6399,100.894,1318.0,1459.0,5.33,4.3052631578947365,2.05,2.255263157894737,2.7258402,6.9175,313.044,21070.7,5026364.81,0.9277600403636816,-0.07498215682709189,-3.470489231022697,1.0776455117221546,-0.200605800780336,2.9702579486470926,2.05,2.535058165433224,4.0804336979275435,2.291673438877595,0.7704989424971664,0,0,0.07477857955973262,-0.006123072870308319,-0.06885908395678357,-0.03650869098925816,-0.16851846673637685,0.09353630990928496,-0.003654676255457387,0.02686364250090835
2024-07,89.8904,104.2679,97.6896,98.032,96.4962,99.9757,1269.0,1448.0,5.33,4.248636363636364,1.974090909090909,2.2745454545454544,2.55564431,6.8475,313.569,21098.9,5046177.04,0.9169495674881671,-0.08670280552470096,-4.4184129613772365,1.0805389227762336,0.4668361475770391,2.9414757935583014,1.974090909090909,2.7052198917631554,4.184904418353419,2.3202739110052217,-0.9269171074808291,0,0,0.07745991924633462,-0.018877280046422293,-0.06782552547827866,-0.05535465829614823,-0.1822094042780668,0.09550659875336587,-0.00170705032410165,0.025508729294990012
2024-08,90.2308,104.8295,101.8477,97.8274,97.1395,100.4309,1394.0,1492.0,5.33,3.87090909090909,1.760909090909091,2.11,2.3470594,6.5,314.062,21192.0,5055767.39,0.9223469089437111,-0.08083386920361293,-2.7887759601705238,1.0791645005378863,0.5334853632473102,2.607144490692037,1.760909090909091,2.9145347384548215,4.057703879668084,2.653670485445536,-0.4058231775028176,0,0,0.07618713113195168,-0.01417715921622105,-0.06665670998739189,-0.046123901298141395,-0.17831075680105993,0.09747688759744699,-0.003681447860351475,0.025246129429155273
2024-09,86.6015,104.3521,101.3216,97.7411,96.1195,99.8084,1357.0,1421.0,5.13,3.7235,1.616,2.1075,2.23612091,6.18,314.732,21275.6,5058345.12,0.8860295208463993,-0.12100500969240131,-5.983853875894508,1.0856496340492823,0.397152791397927,2.4264830315416708,1.616,2.830583813471854,3.8576180853652,2.6394706607526297,-1.207705780137136,0,0,0.08217854887775682,-0.05566919385868263,-0.06533581583371868,-0.10138994097047795,-0.22045218613392942,0.09944717644152812,0.0016409375425096434,0.026377640739810387
2024-10,83.5138,104.5902,99.5393,97.6545,95.0715,99.4695,1370.0,1435.0,4.83,4.095454545454545,1.8095454545454543,2.2859090909090907,2.25612841,6.428,315.631,21336.6,5071588.43,0.8551966371237373,-0.15642385154781538,-8.40652429568075,1.1001214875120304,2.0168999110101766,2.578844053871343,1.8095454545454543,2.5170829660985827,4.079825488084898,2.1945616241750843,-0.9997162361943701,0,0,0.0954206168986794,-0.09257684565601533,-0.06384700589180005,-0.13294557141695862,-0.25784131683342437,0.10141746528560902,0.014247278701055924,0.04400582935765081
2024-11,85.0718,104.4468,100.6499,96.4756,94.9111,99.2925,1300.0,1512.0,4.64,4.35578947368421,2.034736842105263,2.321052631578948,2.4316758,6.805,316.528,21454.7,5065689.77,0.8817960188897503,-0.1257945208226869,-6.734012386813292,1.1004698080624922,2.304182301380939,2.719472461284833,2.034736842105263,2.1558997085157516,4.269503711468103,1.8696820502451583,-1.5702043863073278,0,0,0.09573718686246248,-0.06361621187026974,-0.062178308952417174,-0.0890293271245007,-0.22918227495237706,0.10338775412969015,0.013962041730679275,0.038717970250444524
2024-12,86.9889,105.4193,98.1485,98.1452,95.9708,100.3273,1494.0,1467.0,4.48,4.391428571428572,2.0880952380952382,2.303333333333333,2.65035634,6.715,317.604,21487.6,4947229.57,0.8863286233050622,-0.1206674904810733,-6.285863538869075,1.0984518207621485,2.410764729191343,2.870690967509981,2.0880952380952382,1.7824036128426313,3.959697564553055,1.564399944585082,-0.27452309178617185,0,0,0.09390175276566692,-0.060343307727107096,-0.0603241827539662,-0.044264179467955356,-0.22602553345484433,0.10535804297377105,0.01155834568123515,0.04510831592812958
2025-01,88.1267,104.8821,95.9431,97.9772,95.8252,100.0647,1353.0,1463.0,4.33,4.629047619047618,2.2285714285714286,2.40047619047619,2.62695841,6.958,318.961,21539.3,4955619.41,0.8994613032419788,-0.10595924681491567,-3.362420409481504,1.0945148040390211,2.23575685684341,2.9909783078999608,2.2285714285714286,1.6594485663272263,4.220179236626365,1.3001349381272176,0.8454189359275333,0,0,0.0903111637358317,-0.04767574398758139,-0.05828350282733428,-0.06813651096799908,-0.21328757863276784,0.10732833181785217,0.00743169514732582,0.02838508048588189
2025-02,90.3838,105.5346,99.4338,98.9166,97.4561,101.0993,1491.0,1446.0,4.33,4.451052631578947,2.026842105263158,2.4242105263157896,2.72766223,6.842499999999999,319.679,21607.2,4957607.46,0.9137374313310404,-0.09021202305401935,-3.606395070592196,1.0828937336913749,0.7028826736820217,2.8015834477613355,2.026842105263158,1.5597919150661221,4.005579101748813,1.486763628514853,0.8087069726661511,0,0,0.07963684103592972,-0.03415268784312976,-0.056059335210889585,-0.03374157417351324,-0.19951064371595265,0.1092986206619333,-0.003748635803907052,0.017994528336280055
2025-03,91.8739,105.3798,98.7949,98.2562,97.3763,101.0404,1346.0,1492.0,4.33,4.280476190476191,1.946190476190476,2.3342857142857145,2.18385272,6.65,319.785,21684.1,5021864.24,0.935044302547829,-0.06716136841186551,-1.2431015921884017,1.082191457264242,0.3892154637577777,2.381981462805549,1.946190476190476,2.100280252576492,4.370697679835933,1.9026966555654607,0.5785684376915512,0,0,0.07898811233491049,-0.01350331165331052,-0.05365805675855499,0.0050508377660578585,-0.17843027791787971,0.1112689095060142,-0.00487598278928604,0.010263986570592076
2025-04,92.0641,105.8453,98.6394,98.1336,97.2661,101.1279,1400.0,1445.0,4.33,4.279047619047619,2.038095238095238,2.2409523809523813,2.88718559,6.725,320.302,21770.8,5038214.15,0.9381506436123814,-0.06384474200477258,0.2105114454341902,1.0882033925488943,0.9150096367731244,2.32538823025783,2.038095238095238,1.4023266374002308,3.7301189530963397,1.9590561095466088,0.8784823738986702,0,0,0.08452807264330127,-0.012756325966085676,-0.051088416038686905,-0.013398925087045675,-0.1770839403548679,0.11323919835009533,0.0002103462378748311,0.022049253491377013
2025-05,93.1043,105.5439,99.983,97.3993,97.2789,100.9655,1289.0,1416.0,4.33,4.423809523809524,2.1104761904761906,2.313333333333333,2.69133727,6.816,320.62,21836.1,5048281.76,0.9559031738421118,-0.045098653652097136,2.845463534483744,1.0849618982122538,0.330205872713768,2.3772651073680877,2.1104761904761906,1.5957166140426748,4.0165634606113665,1.9073911483999728,0.10157139235760226,0,0,0.08154486952074602,0.0032614456975205083,-0.048360099349617644,-0.0175015134349725,-0.16030814084627337,0.11520948719417623,-0.0032035655167058225,0.017547959562622298
2025-06,93.2355,106.4141,99.1389,98.1148,97.6072,101.4785,1379.0,1399.0,4.33,4.3835,2.0865,2.297,2.38054202,6.8175,321.435,21942.6,5043533.83,0.950269480241513,-0.05100967120029054,2.3972485626801348,1.090227974985452,1.1608246175022665,2.680453865910226,2.0865,1.9041293799940684,4.333790281295102,1.6064850436324551,0.577649260934443,0,0,0.08638682573475528,-0.005525992354641129,-0.04548367884564941,-0.04873677148216384,-0.1681894472385479,0.11717977603825735,0.0012285257531795407,0.01953219539410858
2025-07,94.2035,106.7618,98.978,98.897,98.3616,101.894,1432.0,1400.0,4.33,4.391818181818182,2.0081818181818183,2.383636363636364,2.78904728,6.720000000000001,322.169,22025.6,5055914.29,0.9525415331102056,-0.048621568616745034,3.808123690795592,1.085401213481684,0.4489781404338963,2.742618052167134,2.0081818181818183,1.4991409695649605,3.824291424058024,1.54500827205597,1.9005900780168616,0,0,0.08194970065067358,-0.006152068424945138,-0.042469500191799896,-0.04084334640054912,-0.16777163349908353,0.11915006488233848,-0.0035994770785999497,0.01355955559410113
2025-08,93.8799,106.5415,100.121,97.8363,97.814,101.6247,1291.0,1347.0,4.33,4.2647619047619045,1.8828571428571428,2.381904761904762,2.68936045,6.5875,323.291,22092.6,5058589.78,0.9595610218293211,-0.04127936802736358,3.955450117624936,1.0892254687468053,0.927973339671874,2.9385917430316155,1.8828571428571428,1.5976723808683424,3.796050080473523,1.3516876745718331,1.1816687003305404,0,0,0.08546686452867042,-0.0019510752248077384,-0.03932829280255584,-0.027067743293911505,-0.16239972175378298,0.12112035372641938,-0.00045614555763867637,0.0181363619630677
2025-09,94.6409,106.4879,98.7424,98.0011,97.8749,101.668,1319.0,1444.0,4.22,4.12047619047619,1.749047619047619,2.3714285714285714,2.80359931,6.3525,324.245,22176.1,5071963.3,0.9657126297561966,-0.03488897375141128,8.611603594099005,1.088000089910692,0.2162682194494405,3.022571584713329,1.749047619047619,1.3777734432516286,3.4521171572003295,1.1622971518450598,1.8460254495266781,0,0,0.08434123107225122,0.0011822395679666683,-0.036071213319377946,-0.012796043298656485,-0.1579796163219118,0.12309064257050051,-0.0019402578225090339,0.013931357406630665
2025-10,94.0978,106.068,95.6499,98.0659,97.393,101.2195,1273.0,1418.0,4.09,4.0618181818181816,1.7568181818181818,2.305,2.72759763,6.254,,22249.8,5079764.68,0.9595363933844487,-0.0413050347232577,11.511881682455767,1.0890721099052294,-1.009455851452494,2.729136238202212,1.7568181818181818,1.326228201020574,3.4327702110792613,1.3247106046353707,1.7440361528010762,0,0,0.08532605838415445,-0.008595480848195725,-0.03270955387506198,0.00921728475135132,-0.16636596613783933,0.12506093141458163,-0.0013002159357755616,0.01702560519418196
2025-11,94.113,106.0987,95.3862,97.1438,96.8085,101.0344,1319.0,1414.0,3.88,4.0938888888888885,1.8277777777777773,2.266111111111111,2.70387514,6.2375,325.063,22279.8,5083079.48,0.9688008910501751,-0.03169616699741918,9.409835382526774,1.0959647138422763,-0.4102194254304581,2.6964439164939518,1.8277777777777773,1.1451611328168187,3.440595454828932,1.152480103856801,1.7391013413891265,0,0,0.0916349926081579,-0.0024416424949854493,-0.02925452450243373,0.007461016251846163,-0.1587273872560817,0.12703122025866254,0.004676100821163112,0.022815132619108267
2025-12,94.8373,106.218,94.9763,98.6314,97.7654,101.4941,1378.0,1482.0,3.72,4.1431818181818185,1.8990909090909087,2.244090909090909,3.19286884,6.19,326.031,22355.3,5098820.89,0.9615325342639363,-0.03922687753778737,8.144061294328592,1.0864579902501295,-1.097889800810692,2.653304114557753,1.8990909090909087,0.5108213057021471,2.904397555461924,1.0391247458063635,1.1562827331176528,0,0,0.08292285475756,-0.01350894539507615,-0.02571793214271122,-0.01843545774645712,-0.16822838664053102,0.12900150910274366,-0.004357921670797696,0.014601643129089
2026-01,95.5967,106.0631,95.7531,96.0036,96.6155,101.0388,1385.0,1393.0,3.64,4.2135,1.907,2.3065,2.58639537,6.1025,326.588,22413.4,5103211.6,0.9957616172726855,-0.004247390131613646,10.171185668330205,1.0977855520077007,0.2983852451040922,2.391201432150014,1.907,1.0270412818385255,3.4274570398135307,1.2196346467108432,0.9687624713321519,0,0,0.09329501618687262,0.01786436316400542,-0.02211175329561907,0.0473563128103204,-0.13521918807843822,0.13097179794682456,0.005701328081227031,0.026067884002295497
2026-02,96.2575,106.6607,97.4927,97.8281,98.0777,101.9053,1346.0,1540.0,3.64,4.12578947368421,1.8247368421052632,2.3010526315789472,2.58569815,6.0475,327.46,22598.7,5110389.03,0.9839453081476589,-0.016184964625326172,7.402705842869317,1.0875122479421928,0.4255905356930781,2.4340041103732224,1.8247368421052632,1.0277279084833113,3.3745462695376816,1.1773394002320805,0.7940748487693661,0,0,0.0838927463928605,0.002263937956763714,-0.018448902582089886,0.02104451179723763,-0.14912705141623186,0.1329420867909057,-0.004006337654175393,0.013162813737485249
2026-03,96.5446,106.4001,96.9256,96.9487,97.5727,101.7336,1522.0,1363.0,3.64,4.245909090909091,1.9090909090909087,2.336818181818181,2.29529521,6.1775,330.293,22640.3,5131428.8,0.9958318162079532,-0.004176894884826148,6.298447352703937,1.0904699777704214,0.7620663244532894,3.2859577528651984,1.9090909090909087,1.3145323909955708,3.7950961303061748,0.3427786843802405,0.6837195108150063,0,0,0.08660877557944338,0.010564159157454858,-0.014741054042281005,0.024871183152497457,-0.13908927051981296,0.13491237563498681,-0.0015900418268239014,0.015558971547298447
2026-04,98.4859,107.3569,97.5481,97.5588,98.5698,102.5783,1414.0,1423.0,3.64,4.319090909090909,1.9368181818181816,2.382272727272728,3.27639808,6.332,332.407,22756.6,5151608.49,1.0095029869166081,0.009458117574310624,7.330285957908321,1.0891459656000113,0.0865798689098112,3.7792458367415622,1.9368181818181816,0.3520668098032864,2.9586642996912715,-0.1341750324150736,1.4240357045576246,0,0,0.08539387133239938,0.02045784207274671,-0.010999724498436086,0.046705275400259594,-0.1274245469047571,0.13688266447906772,-0.0031005917867863997,0.014422911684358344
2026-05,99.7246,107.3015,98.975,96.9045,98.8005,102.6396,1182.0,1410.0,3.63,4.484,2.039,2.445,3.53525552,6.4425,333.979,23013.7,5153586.64,1.0291018476954115,0.02868642930617535,7.378508295827249,1.086042074685857,0.0995094045171146,4.166614684049641,2.039,0.09150938926469898,2.8079753755361203,-0.5151503537647484,1.6444948853966856,0,0,0.08253996356591717,0.03592212645681042,-0.007235697150635071,0.06658800340890214,-0.1101665240169735,0.13885295332314884,-0.006247522136148834,0.009458493514429539
2026-06,100.0232,107.5992,98.5972,97.1104,98.9654,102.842,1439.0,1374.0,3.63,4.47047619047619,2.179047619047619,2.291428571428572,3.03886595,6.49,332.568,23114.9,5168141.71,1.0299947276501797,0.029553683442210113,8.056335464250065,1.087240591156101,-0.2743907076450072,3.463530729385411,2.179047619047619,0.5737000738021081,3.3493517404147966,0.1608965685213181,1.3346876510154537,0,0,0.08364291865830521,0.03301201795769074,-0.0034583345154806265,0.06518248226888743,-0.11126955872501963,0.14082324216722975,-0.005436215694003307,0.013370032464102885
2026-07,101.0409,107.908,96.8922,97.1793,99.1342,103.0454,1309.0,1433.0,3.63,4.599545454545455,2.3531818181818185,2.246363636363637,2.3860011,6.542,332.813,23217.9,5186204.07,1.0397368575406492,0.038967659542387234,8.758922815913227,1.088504269969395,0.2854823835562625,3.303856050706311,2.3531818181818185,1.2150087772106577,4.059147593762202,0.3157132383650785,1.1236610576175643,0,0,0.08480452448623621,0.03864216405984759,0.0003254954825396406,0.09675409446879177,-0.10382587146892364,0.14279353101131087,-0.004565699925373812,0.012408257625123056
2026-08,100.5453,108.1446,96.4476,97.4416,99.0423,103.0682,1275.0,1394.0,3.63,4.684285714285714,2.397142857142857,2.2871428571428574,2.39883147,6.6675,334.131,23342.8,,1.0318518989835963,0.03135514802418165,7.263451605154522,1.0919031565300887,0.2455324365084693,3.353016322755642,2.397142857142857,1.2023267378404645,4.16866918178711,0.2679976715719512,1.4104289202596654,0,0,0.08792218889375511,0.027243930603996463,0.004111217420185185,0.08326765520905391,-0.11340867183121034,0.144763819855392,-0.0017390048129333063,0.015803708923077905
2026-09,,,,,,,,,,4.892307692307693,2.536153846153846,2.355,2.64382396,6.806666666666668,,,,,,,,,3.048929050563598,2.536153846153846,,4.055619272611,,,0,0,,,,,,,,
