iso3,anio,share_local,fx_share
AGO,1995,0.6579999999999999,0.3420000000000001
AGO,1996,0.594,0.406
AGO,1997,0.679,0.32099999999999995
AGO,1998,0.471,0.529
AGO,1999,0.497,0.503
AGO,2000,0.737,0.263
AGO,2001,0.849,0.15100000000000002
AGO,2002,0.817,0.18300000000000005
AGO,2003,0.8220000000000001,0.17799999999999994
AGO,2004,0.7050000000000001,0.29499999999999993
AGO,2005,0.768,0.23199999999999998
AGO,2006,0.746,0.254
AGO,2007,0.792,0.20799999999999996
AGO,2008,0.881,0.119
AGO,2009,0.886,0.11399999999999999
AGO,2010,0.865,0.135
AGO,2011,0.868,0.132
AGO,2012,0.6599999999999999,0.3400000000000001
AGO,2013,0.7130000000000001,0.2869999999999999
AGO,2014,0.663,0.33699999999999997
AGO,2015,0.608,0.392
AGO,2016,0.546,0.45399999999999996
AGO,2017,0.5509999999999999,0.44900000000000007
AGO,2018,0.47,0.53
AGO,2019,0.388,0.612
AGO,2020,0.351,0.649
AGO,2021,0.346,0.654
AGO,2022,0.349,0.651
AGO,2023,0.28,0.72
AGO,2024,0.352,0.648
AGO,2025,0.31000000000000005,0.69
ALB,1994,0.733,0.267
ALB,1995,0.727,0.273
ALB,1996,0.747,0.253
ALB,1997,0.745,0.255
ALB,1998,0.762,0.238
ALB,1999,0.763,0.237
ALB,2000,0.637,0.363
ALB,2001,0.677,0.32299999999999995
ALB,2002,0.7050000000000001,0.29499999999999993
ALB,2003,0.727,0.273
ALB,2004,0.739,0.261
ALB,2005,0.74,0.26
ALB,2006,0.745,0.255
ALB,2007,0.756,0.244
ALB,2008,0.761,0.239
ALB,2009,0.632,0.368
ALB,2010,0.595,0.405
ALB,2011,0.5920000000000001,0.4079999999999999
ALB,2012,0.579,0.42100000000000004
ALB,2013,0.593,0.40700000000000003
ALB,2014,0.5569999999999999,0.44300000000000006
ALB,2015,0.503,0.497
ALB,2016,0.501,0.499
ALB,2017,0.5,0.5
ALB,2018,0.507,0.493
ALB,2019,0.523,0.477
ALB,2020,0.506,0.494
ALB,2021,0.481,0.519
ALB,2022,0.507,0.493
ALB,2023,0.52,0.48
ALB,2024,0.5569999999999999,0.44300000000000006
ALB,2025,0.5740000000000001,0.42599999999999993
ARG,1989,0.6739999999999999,0.32600000000000007
ARG,1990,0.861,0.139
ARG,1991,0.844,0.15600000000000003
ARG,1992,0.8069999999999999,0.19300000000000006
ARG,1993,0.384,0.616
ARG,1994,0.43600000000000005,0.564
ARG,1995,0.42600000000000005,0.574
ARG,1996,0.401,0.599
ARG,1997,0.365,0.635
ARG,1998,0.33599999999999997,0.664
ARG,1999,0.278,0.722
ARG,2000,0.31000000000000005,0.69
ARG,2001,0.41200000000000003,0.588
ARG,2002,0.36,0.64
ARG,2003,0.612,0.388
ARG,2004,0.667,0.33299999999999996
ARG,2005,0.628,0.372
ARG,2006,0.596,0.404
ARG,2007,0.5780000000000001,0.42199999999999993
ARG,2008,0.637,0.363
ARG,2009,0.647,0.353
ARG,2010,0.622,0.378
ARG,2011,0.399,0.601
ARG,2012,0.41000000000000003,0.59
ARG,2013,0.381,0.619
ARG,2014,0.351,0.649
ARG,2015,0.33099999999999996,0.669
ARG,2016,0.32599999999999996,0.674
ARG,2017,0.31499999999999995,0.685
ARG,2018,0.238,0.762
ARG,2019,0.22299999999999998,0.777
ARG,2020,0.237,0.763
ARG,2021,0.29900000000000004,0.701
ARG,2022,0.33299999999999996,0.667
ARG,2023,0.28200000000000003,0.718
ARG,2024,0.44999999999999996,0.55
ARG,2025,0.42200000000000004,0.578
ARM,1996,0.384,0.616
ARM,1997,0.387,0.613
ARM,1998,0.34099999999999997,0.659
ARM,1999,0.16600000000000004,0.834
ARM,2000,0.133,0.867
ARM,2001,0.15400000000000003,0.846
ARM,2002,0.11199999999999999,0.888
ARM,2003,0.07999999999999996,0.92
ARM,2004,0.08099999999999996,0.919
ARM,2005,0.09899999999999998,0.901
ARM,2006,0.14800000000000002,0.852
ARM,2007,0.15300000000000002,0.847
ARM,2008,0.17100000000000004,0.829
ARM,2009,0.18000000000000005,0.82
ARM,2010,0.21699999999999997,0.783
ARM,2011,0.22699999999999998,0.773
ARM,2012,0.22499999999999998,0.775
ARM,2013,0.19199999999999995,0.808
ARM,2014,0.15300000000000002,0.847
ARM,2015,0.14400000000000002,0.856
ARM,2016,0.19299999999999995,0.807
ARM,2017,0.18300000000000005,0.817
ARM,2018,0.18999999999999995,0.81
ARM,2019,0.20699999999999996,0.793
ARM,2020,0.243,0.757
ARM,2021,0.28600000000000003,0.714
ARM,2022,0.376,0.624
ARM,2023,0.45599999999999996,0.544
ARM,2024,0.504,0.496
ARM,2025,0.523,0.477
ATG,2015,0.611,0.389
ATG,2016,0.599,0.401
ATG,2017,0.611,0.389
ATG,2018,0.618,0.382
ATG,2019,0.597,0.403
ATG,2020,0.587,0.41300000000000003
ATG,2021,0.585,0.41500000000000004
ATG,2022,0.5860000000000001,0.4139999999999999
AZE,1995,0.554,0.44599999999999995
AZE,1996,0.5549999999999999,0.44500000000000006
AZE,1997,0.5489999999999999,0.45100000000000007
AZE,1998,0.527,0.473
AZE,1999,0.587,0.41300000000000003
AZE,2000,0.17600000000000005,0.824
AZE,2001,0.277,0.723
AZE,2002,0.20799999999999996,0.792
AZE,2003,0.15400000000000003,0.846
AZE,2004,0.124,0.876
AZE,2005,0.14200000000000002,0.858
AZE,2006,0.14600000000000002,0.854
AZE,2007,0.21899999999999997,0.781
AZE,2008,0.14800000000000002,0.852
AZE,2009,0.31899999999999995,0.681
AZE,2010,0.46499999999999997,0.535
AZE,2011,0.33999999999999997,0.66
AZE,2012,0.268,0.732
AZE,2013,0.273,0.727
AZE,2014,0.07999999999999996,0.92
AZE,2015,0.031000000000000028,0.969
AZE,2016,0.07099999999999995,0.929
AZE,2017,0.11199999999999999,0.888
AZE,2018,0.07499999999999996,0.925
AZE,2019,0.08299999999999996,0.917
AZE,2020,0.11499999999999999,0.885
BEN,1989,0.29000000000000004,0.71
BEN,1990,0.242,0.758
BEN,1991,0.22999999999999998,0.77
BEN,1992,0.11199999999999999,0.888
BEN,1993,0.08499999999999996,0.915
BEN,1994,0.16300000000000003,0.837
BEN,1995,0.14700000000000002,0.853
BEN,1996,0.11399999999999999,0.886
BEN,1997,0.10199999999999998,0.898
BEN,1998,0.14400000000000002,0.856
BEN,1999,0.07599999999999996,0.924
BEN,2000,0.118,0.882
BEN,2001,0.06899999999999995,0.931
BEN,2002,0.06399999999999995,0.936
BEN,2003,0.08299999999999996,0.917
BEN,2004,0.07299999999999995,0.927
BEN,2005,0.138,0.862
BEN,2006,0.08499999999999996,0.915
BEN,2007,0.388,0.612
BEN,2008,0.486,0.514
BEN,2009,0.479,0.521
BEN,2010,0.44899999999999995,0.551
BEN,2011,0.45099999999999996,0.549
BEN,2012,0.41900000000000004,0.581
BEN,2013,0.33699999999999997,0.663
BEN,2014,0.349,0.651
BEN,2015,0.44899999999999995,0.551
BEN,2016,0.501,0.499
BEN,2017,0.53,0.47
BEN,2018,0.489,0.511
BEN,2019,0.395,0.605
BEN,2020,0.42600000000000005,0.574
BEN,2021,0.31499999999999995,0.685
BEN,2022,0.368,0.632
BEN,2023,0.33699999999999997,0.663
BEN,2024,0.21399999999999997,0.786
BFA,1989,0.29800000000000004,0.702
BFA,1990,0.28,0.72
BFA,1991,0.22999999999999998,0.77
BFA,1992,0.11299999999999999,0.887
BFA,1993,0.09899999999999998,0.901
BFA,1994,0.15600000000000003,0.844
BFA,1995,0.15500000000000003,0.845
BFA,1996,0.11499999999999999,0.885
BFA,1997,0.126,0.874
BFA,1998,0.18899999999999995,0.811
BFA,1999,0.08899999999999997,0.911
BFA,2000,0.14100000000000001,0.859
BFA,2001,0.11499999999999999,0.885
BFA,2002,0.19599999999999995,0.804
BFA,2003,0.243,0.757
BFA,2004,0.27,0.73
BFA,2005,0.18600000000000005,0.814
BFA,2006,0.28900000000000003,0.711
BFA,2007,0.32699999999999996,0.673
BFA,2008,0.32999999999999996,0.67
BFA,2009,0.32499999999999996,0.675
BFA,2010,0.18000000000000005,0.82
BFA,2011,0.356,0.644
BFA,2012,0.31899999999999995,0.681
BFA,2013,0.375,0.625
BFA,2014,0.31899999999999995,0.681
BFA,2015,0.354,0.646
BFA,2016,0.367,0.633
BFA,2017,0.43899999999999995,0.561
BFA,2018,0.486,0.514
BFA,2019,0.502,0.498
BFA,2020,0.521,0.479
BFA,2021,0.5840000000000001,0.4159999999999999
BFA,2022,0.604,0.396
BFA,2023,0.5760000000000001,0.42399999999999993
BFA,2024,0.579,0.42100000000000004
BGD,1989,0.11499999999999999,0.885
BGD,1990,0.06999999999999995,0.93
BGD,1991,0.05500000000000005,0.945
BGD,1992,0.121,0.879
BGD,1993,0.10899999999999999,0.891
BGD,1994,0.11699999999999999,0.883
BGD,1995,0.125,0.875
BGD,1996,0.138,0.862
BGD,1997,0.139,0.861
BGD,1998,0.15000000000000002,0.85
BGD,1999,0.17100000000000004,0.829
BGD,2000,0.20199999999999996,0.798
BGD,2001,0.377,0.623
BGD,2002,0.376,0.624
BGD,2003,0.357,0.643
BGD,2004,0.366,0.634
BGD,2005,0.394,0.606
BGD,2006,0.41200000000000003,0.588
BGD,2007,0.43700000000000006,0.563
BGD,2008,0.45399999999999996,0.546
BGD,2009,0.16000000000000003,0.84
BGD,2010,0.18000000000000005,0.82
BGD,2011,0.10199999999999998,0.898
BGD,2012,0.16900000000000004,0.831
BGD,2013,0.20599999999999996,0.794
BGD,2014,0.266,0.734
BGD,2015,0.20599999999999996,0.794
BGD,2016,0.21099999999999997,0.789
BGD,2017,0.15600000000000003,0.844
BGD,2018,0.11699999999999999,0.883
BGD,2019,0.14600000000000002,0.854
BGD,2020,0.30200000000000005,0.698
BGD,2021,0.29000000000000004,0.71
BGD,2022,0.242,0.758
BGD,2023,0.22599999999999998,0.774
BGD,2024,0.251,0.749
BGD,2025,0.28400000000000003,0.716
BGR,1995,0.03200000000000003,0.968
BGR,1996,0.09999999999999998,0.9
BGR,1997,0.30800000000000005,0.692
BGR,1998,0.29100000000000004,0.709
BGR,1999,0.241,0.759
BGR,2000,0.22299999999999998,0.777
BGR,2001,0.22199999999999998,0.778
BGR,2002,0.245,0.755
BGR,2003,0.31299999999999994,0.687
BGR,2004,0.349,0.651
BGR,2005,0.30800000000000005,0.692
BGR,2006,0.353,0.647
BGR,2007,0.41500000000000004,0.585
BGR,2008,0.479,0.521
BGR,2009,0.45199999999999996,0.548
BGR,2010,0.509,0.491
BGR,2011,0.5569999999999999,0.44300000000000006
BGR,2012,0.504,0.496
BGR,2013,0.523,0.477
BGR,2014,0.481,0.519
BGR,2015,0.53,0.47
BGR,2016,0.522,0.478
BGR,2017,0.5660000000000001,0.43399999999999994
BGR,2018,0.554,0.44599999999999995
BGR,2019,0.5589999999999999,0.44100000000000006
BGR,2020,0.47,0.53
BGR,2021,0.515,0.485
BGR,2022,0.5409999999999999,0.4590000000000001
BGR,2023,0.498,0.502
BGR,2024,0.486,0.514
BGR,2025,0.498,0.502
BHR,1989,1.0,0.0
BHR,1990,1.0,0.0
BHR,1991,1.0,0.0
BHR,1992,1.0,0.0
BHR,1993,1.0,0.0
BHR,1994,1.0,0.0
BHR,1995,1.0,0.0
BHR,1996,1.0,0.0
BHR,1997,1.0,0.0
BHR,1998,1.0,0.0
BHR,1999,1.0,0.0
BHR,2000,1.0,0.0
BHR,2001,1.0,0.0
BHR,2002,1.0,0.0
BHR,2003,0.791,0.20899999999999996
BHR,2004,0.806,0.19399999999999995
BHR,2005,0.806,0.19399999999999995
BHR,2006,0.8,0.19999999999999996
BHR,2007,0.789,0.21099999999999997
BHR,2008,0.83,0.17000000000000004
BHR,2009,0.847,0.15300000000000002
BHR,2010,0.644,0.356
BHR,2011,0.629,0.371
BHR,2012,0.542,0.45799999999999996
BHR,2013,0.536,0.46399999999999997
BHR,2014,0.519,0.481
BHR,2015,0.618,0.382
BHR,2016,0.601,0.399
BHR,2017,0.44999999999999996,0.55
BHR,2018,0.513,0.487
BHR,2019,0.46199999999999997,0.538
BHR,2020,0.42600000000000005,0.574
BHR,2021,0.344,0.656
BHR,2022,0.36,0.64
BHR,2023,0.354,0.646
BHR,2024,0.391,0.609
BHR,2025,0.384,0.616
BHS,1990,0.849,0.15100000000000002
BHS,1991,0.874,0.126
BHS,1992,0.887,0.11299999999999999
BHS,1993,0.882,0.118
BHS,1994,0.899,0.10099999999999998
BHS,1995,0.896,0.10399999999999998
BHS,1996,0.914,0.08599999999999997
BHS,1997,0.914,0.08599999999999997
BHS,1998,0.924,0.07599999999999996
BHS,1999,0.931,0.06899999999999995
BHS,2000,0.9339999999999999,0.06600000000000006
BHS,2001,0.925,0.07499999999999996
BHS,2002,0.901,0.09899999999999998
BHS,2003,0.88,0.12
BHS,2004,0.888,0.11199999999999999
BHS,2005,0.895,0.10499999999999998
BHS,2006,0.898,0.10199999999999998
BHS,2007,0.904,0.09599999999999997
BHS,2008,0.88,0.12
BHS,2009,0.8200000000000001,0.17999999999999994
BHS,2010,0.8140000000000001,0.18599999999999994
BHS,2011,0.817,0.18300000000000005
BHS,2012,0.792,0.20799999999999996
BHS,2013,0.765,0.235
BHS,2014,0.75,0.25
BHS,2015,0.748,0.252
BHS,2016,0.752,0.248
BHS,2017,0.6679999999999999,0.3320000000000001
BHS,2018,0.6859999999999999,0.31400000000000006
BHS,2019,0.69,0.31000000000000005
BHS,2020,0.573,0.42700000000000005
BHS,2021,0.5780000000000001,0.42199999999999993
BHS,2022,0.5469999999999999,0.45300000000000007
BHS,2023,0.5469999999999999,0.45300000000000007
BHS,2024,0.5549999999999999,0.44500000000000006
BIH,1999,0.33999999999999997,0.66
BIH,2000,0.05700000000000005,0.943
BIH,2001,0.16900000000000004,0.831
BIH,2002,0.17700000000000005,0.823
BIH,2003,0.16100000000000003,0.839
BIH,2004,0.09299999999999997,0.907
BIH,2005,0.06699999999999995,0.933
BIH,2006,0.05700000000000005,0.943
BIH,2007,0.007000000000000006,0.993
BIH,2008,0.07099999999999995,0.929
BIH,2009,0.14400000000000002,0.856
BIH,2010,0.135,0.865
BIH,2011,0.17100000000000004,0.829
BIH,2012,0.18200000000000005,0.818
BIH,2013,0.18200000000000005,0.818
BIH,2014,0.17600000000000005,0.824
BIH,2015,0.16600000000000004,0.834
BIH,2016,0.15400000000000003,0.846
BIH,2017,0.15100000000000002,0.849
BIH,2018,0.124,0.876
BIH,2019,0.129,0.871
BIH,2020,0.15600000000000003,0.844
BIH,2021,0.128,0.872
BIH,2022,0.15100000000000002,0.849
BIH,2023,0.20299999999999996,0.797
BIH,2024,0.241,0.759
BIH,2025,0.259,0.741
BLR,1994,0.596,0.404
BLR,1995,0.868,0.132
BLR,1996,0.758,0.242
BLR,1997,0.724,0.276
BLR,1998,0.5840000000000001,0.4159999999999999
BLR,1999,0.667,0.33299999999999996
BLR,2000,0.493,0.507
BLR,2001,0.649,0.351
BLR,2002,0.718,0.28200000000000003
BLR,2003,0.804,0.19599999999999995
BLR,2004,0.756,0.244
BLR,2005,0.757,0.243
BLR,2006,0.819,0.18100000000000005
BLR,2007,0.608,0.392
BLR,2008,0.528,0.472
BLR,2009,0.268,0.732
BLR,2010,0.257,0.743
BLR,2011,0.31699999999999995,0.683
BLR,2012,0.38,0.62
BLR,2013,0.42700000000000005,0.573
BLR,2014,0.43799999999999994,0.562
BLR,2015,0.45099999999999996,0.549
BLR,2016,0.403,0.597
BLR,2017,0.33899999999999997,0.661
BLR,2018,0.29800000000000004,0.702
BLR,2019,0.28800000000000003,0.712
BLR,2020,0.274,0.726
BLR,2021,0.30800000000000005,0.692
BLR,2022,0.28800000000000003,0.712
BLZ,1989,0.473,0.527
BLZ,1990,0.42300000000000004,0.577
BLZ,1991,0.45199999999999996,0.548
BLZ,1992,0.44599999999999995,0.554
BLZ,1993,0.46499999999999997,0.535
BLZ,1994,0.46699999999999997,0.533
BLZ,1995,0.478,0.522
BLZ,1996,0.44699999999999995,0.553
BLZ,1997,0.45899999999999996,0.541
BLZ,1998,0.45799999999999996,0.542
BLZ,1999,0.51,0.49
BLZ,2000,0.473,0.527
BLZ,2001,0.134,0.866
BLZ,2002,0.08199999999999996,0.918
BLZ,2003,0.10899999999999999,0.891
BLZ,2004,0.124,0.876
BLZ,2005,0.124,0.876
BLZ,2006,0.14500000000000002,0.855
BLZ,2007,0.132,0.868
BLZ,2008,0.138,0.862
BLZ,2009,0.14,0.86
BLZ,2010,0.16300000000000003,0.837
BLZ,2011,0.17200000000000004,0.828
BLZ,2012,0.19099999999999995,0.809
BLZ,2013,0.17900000000000005,0.821
BLZ,2014,0.17400000000000004,0.826
BLZ,2015,0.20199999999999996,0.798
BLZ,2016,0.261,0.739
BLZ,2017,0.31399999999999995,0.686
BLZ,2018,0.31899999999999995,0.681
BLZ,2019,0.33199999999999996,0.668
BLZ,2020,0.34299999999999997,0.657
BLZ,2021,0.391,0.609
BLZ,2022,0.346,0.654
BLZ,2023,0.369,0.631
BLZ,2024,0.367,0.633
BLZ,2025,0.403,0.597
BOL,1989,0.388,0.612
BOL,1990,0.395,0.605
BOL,1991,0.43400000000000005,0.566
BOL,1992,0.42200000000000004,0.578
BOL,1993,0.32499999999999996,0.675
BOL,1994,0.31200000000000006,0.688
BOL,1995,0.263,0.737
BOL,1996,0.265,0.735
BOL,1997,0.243,0.757
BOL,1998,0.21099999999999997,0.789
BOL,1999,0.274,0.726
BOL,2000,0.40800000000000003,0.592
BOL,2001,0.552,0.44799999999999995
BOL,2002,0.493,0.507
BOL,2003,0.478,0.522
BOL,2004,0.43799999999999994,0.562
BOL,2005,0.44299999999999995,0.557
BOL,2006,0.521,0.479
BOL,2007,0.622,0.378
BOL,2008,0.643,0.357
BOL,2009,0.544,0.45599999999999996
BOL,2010,0.6579999999999999,0.3420000000000001
BOL,2011,0.65,0.35
BOL,2012,0.5820000000000001,0.4179999999999999
BOL,2013,0.5389999999999999,0.4610000000000001
BOL,2014,0.55,0.44999999999999996
BOL,2015,0.5329999999999999,0.4670000000000001
BOL,2016,0.558,0.44199999999999995
BOL,2017,0.525,0.475
BOL,2018,0.538,0.46199999999999997
BOL,2019,0.542,0.45799999999999996
BOL,2020,0.585,0.41500000000000004
BOL,2021,0.612,0.388
BOL,2022,0.621,0.379
BOL,2023,0.667,0.33299999999999996
BOL,2024,0.723,0.277
BRA,1989,0.04300000000000004,0.957
BRA,1990,0.5740000000000001,0.42599999999999993
BRA,1991,0.611,0.389
BRA,1992,0.6659999999999999,0.3340000000000001
BRA,1993,0.493,0.507
BRA,1994,0.529,0.471
BRA,1995,0.661,0.33899999999999997
BRA,1996,0.759,0.241
BRA,1997,0.8009999999999999,0.19900000000000007
BRA,1998,0.8140000000000001,0.18599999999999994
BRA,1999,0.775,0.22499999999999998
BRA,2000,0.781,0.21899999999999997
BRA,2001,0.786,0.21399999999999997
BRA,2002,0.732,0.268
BRA,2003,0.812,0.18799999999999994
BRA,2004,0.841,0.15900000000000003
BRA,2005,0.865,0.135
BRA,2006,0.885,0.11499999999999999
BRA,2007,0.897,0.10299999999999998
BRA,2008,0.878,0.122
BRA,2009,0.949,0.051000000000000045
BRA,2010,0.951,0.049000000000000044
BRA,2011,0.957,0.04300000000000004
BRA,2012,0.955,0.04500000000000004
BRA,2013,0.95,0.050000000000000044
BRA,2014,0.946,0.05400000000000005
BRA,2015,0.937,0.06299999999999994
BRA,2016,0.95,0.050000000000000044
BRA,2017,0.955,0.04500000000000004
BRA,2018,0.951,0.049000000000000044
BRA,2019,0.948,0.052000000000000046
BRA,2020,0.9299999999999999,0.07000000000000006
BRA,2021,0.9299999999999999,0.07000000000000006
BRA,2022,0.938,0.062000000000000055
BRA,2023,0.952,0.04800000000000004
BRA,2024,0.942,0.05800000000000005
BRA,2025,0.952,0.04800000000000004
BRB,2012,0.745,0.255
BRB,2013,0.749,0.251
BRB,2014,0.747,0.253
BRB,2015,0.765,0.235
BRB,2016,0.785,0.21499999999999997
BRB,2017,0.793,0.20699999999999996
BRB,2018,0.749,0.251
BRB,2019,0.751,0.249
BRB,2020,0.688,0.31200000000000006
BRB,2021,0.6619999999999999,0.3380000000000001
BRB,2022,0.654,0.346
BRB,2023,0.624,0.376
BRB,2024,0.616,0.384
BRB,2025,0.606,0.394
BTN,1989,0.26,0.74
BTN,1990,0.20599999999999996,0.794
BTN,1991,0.07899999999999996,0.921
BTN,1992,0.14500000000000002,0.855
BTN,1993,0.03400000000000003,0.966
BTN,1994,0.08899999999999997,0.911
BTN,1995,0.0,1.0
BTN,1996,0.020000000000000018,0.98
BTN,1997,0.0,1.0
BTN,1998,0.0,1.0
BTN,1999,0.0,1.0
BTN,2000,0.0,1.0
BTN,2001,0.02400000000000002,0.976
BTN,2002,0.09899999999999998,0.901
BTN,2003,0.019000000000000017,0.981
BTN,2004,0.07999999999999996,0.92
BTN,2005,0.019000000000000017,0.981
BTN,2006,0.04700000000000004,0.953
BTN,2007,0.04200000000000004,0.958
BTN,2008,0.010000000000000009,0.99
BTN,2009,0.11099999999999999,0.889
BTN,2010,0.051000000000000045,0.949
BTN,2011,0.029000000000000026,0.971
BTN,2012,0.08699999999999997,0.913
BTN,2013,0.17400000000000004,0.826
BTN,2014,0.028000000000000025,0.972
BTN,2015,0.04300000000000004,0.957
BTN,2016,0.10399999999999998,0.896
BTN,2017,0.08699999999999997,0.913
BTN,2018,0.10199999999999998,0.898
BTN,2019,0.031000000000000028,0.969
BTN,2020,0.025000000000000022,0.975
BTN,2021,0.10199999999999998,0.898
BTN,2022,0.131,0.869
BTN,2023,0.126,0.874
BTN,2024,0.10499999999999998,0.895
BWA,1989,0.32099999999999995,0.679
BWA,1990,0.29500000000000004,0.705
BWA,1991,0.281,0.719
BWA,1992,0.21599999999999997,0.784
BWA,1993,0.237,0.763
BWA,1994,0.21799999999999997,0.782
BWA,1995,0.19499999999999995,0.805
BWA,1996,0.11099999999999999,0.889
BWA,1997,0.14100000000000001,0.859
BWA,1998,0.19099999999999995,0.809
BWA,1999,0.22399999999999998,0.776
BWA,2000,0.17800000000000005,0.822
BWA,2001,0.041000000000000036,0.959
BWA,2002,0.22299999999999998,0.777
BWA,2003,0.29700000000000004,0.703
BWA,2004,0.607,0.393
BWA,2005,0.482,0.518
BWA,2006,0.46799999999999997,0.532
BWA,2007,0.44499999999999995,0.555
BWA,2008,0.501,0.499
BWA,2009,0.45799999999999996,0.542
BWA,2010,0.637,0.363
BWA,2011,0.509,0.491
BWA,2012,0.482,0.518
BWA,2013,0.46599999999999997,0.534
BWA,2014,0.46399999999999997,0.536
BWA,2015,0.29900000000000004,0.701
BWA,2016,0.359,0.641
BWA,2017,0.392,0.608
BWA,2018,0.393,0.607
BWA,2019,0.42800000000000005,0.572
BWA,2020,0.606,0.394
BWA,2021,0.593,0.40700000000000003
BWA,2022,0.604,0.396
BWA,2023,0.613,0.387
BWA,2024,0.6579999999999999,0.3420000000000001
CAF,1989,0.262,0.738
CAF,1990,0.19899999999999995,0.801
CAF,1991,0.236,0.764
CAF,1992,0.15200000000000002,0.848
CAF,1993,0.16100000000000003,0.839
CAF,1994,0.18200000000000005,0.818
CAF,1995,0.16600000000000004,0.834
CAF,1996,0.127,0.873
CAF,1997,0.09599999999999997,0.904
CAF,1998,0.15900000000000003,0.841
CAF,1999,0.07199999999999995,0.928
CAF,2000,0.11099999999999999,0.889
CAF,2001,0.235,0.765
CAF,2002,0.15900000000000003,0.841
CAF,2003,0.351,0.649
CAF,2004,0.401,0.599
CAF,2005,0.41700000000000004,0.583
CAF,2006,0.18300000000000005,0.817
CAF,2007,0.21499999999999997,0.785
CAF,2008,0.238,0.762
CAF,2009,0.5820000000000001,0.4179999999999999
CAF,2010,0.505,0.495
CAF,2011,0.5589999999999999,0.44100000000000006
CAF,2012,0.646,0.354
CAF,2013,0.6619999999999999,0.3380000000000001
CAF,2014,0.647,0.353
CAF,2015,0.587,0.41300000000000003
CAF,2016,0.5660000000000001,0.43399999999999994
CAF,2017,0.642,0.358
CAF,2018,0.624,0.376
CAF,2019,0.62,0.38
CAF,2020,0.628,0.372
CAF,2021,0.644,0.356
CAF,2022,0.653,0.347
CAF,2023,0.7070000000000001,0.2929999999999999
CAF,2024,0.735,0.265
CHL,2003,0.573,0.42700000000000005
CHL,2004,0.552,0.44799999999999995
CHL,2005,0.55,0.44999999999999996
CHL,2006,0.45999999999999996,0.54
CHL,2007,0.493,0.507
CHL,2008,0.611,0.389
CHL,2009,0.772,0.22799999999999998
CHL,2010,0.827,0.17300000000000004
CHL,2011,0.8280000000000001,0.17199999999999993
CHL,2012,0.839,0.16100000000000003
CHL,2013,0.871,0.129
CHL,2014,0.841,0.15900000000000003
CHL,2015,0.8160000000000001,0.18399999999999994
CHL,2016,0.823,0.17700000000000005
CHL,2017,0.8240000000000001,0.17599999999999993
CHL,2018,0.802,0.19799999999999995
CHL,2019,0.794,0.20599999999999996
CHL,2020,0.769,0.23099999999999998
CHL,2021,0.648,0.352
CHL,2022,0.645,0.355
CHL,2023,0.644,0.356
CHL,2024,0.638,0.362
CHL,2025,0.6599999999999999,0.3400000000000001
CHN,1995,0.731,0.269
CHN,1996,0.731,0.269
CHN,1997,0.675,0.32499999999999996
CHN,1998,0.806,0.19399999999999995
CHN,1999,0.8009999999999999,0.19900000000000007
CHN,2000,0.834,0.16600000000000004
CHN,2001,0.859,0.14100000000000001
CHN,2002,0.877,0.123
CHN,2003,0.893,0.10699999999999998
CHN,2004,0.903,0.09699999999999998
CHN,2005,0.923,0.07699999999999996
CHN,2006,0.933,0.06699999999999995
CHN,2007,0.955,0.04500000000000004
CHN,2008,0.959,0.041000000000000036
CHN,2009,0.993,0.007000000000000006
CHN,2010,0.994,0.006000000000000005
CHN,2011,0.996,0.0040000000000000036
CHN,2012,0.996,0.0040000000000000036
CHN,2013,0.997,0.0030000000000000027
CHN,2014,0.998,0.0020000000000000018
CHN,2015,0.998,0.0020000000000000018
CHN,2016,0.998,0.0020000000000000018
CHN,2017,0.998,0.0020000000000000018
CHN,2018,0.996,0.0040000000000000036
CHN,2019,0.992,0.008000000000000007
CHN,2020,0.991,0.009000000000000008
CHN,2021,0.99,0.010000000000000009
CHN,2022,0.967,0.03300000000000003
CHN,2023,0.993,0.007000000000000006
CHN,2024,0.994,0.006000000000000005
CHN,2025,0.994,0.006000000000000005
CIV,1989,0.558,0.44199999999999995
CIV,1990,0.527,0.473
CIV,1991,0.5349999999999999,0.4650000000000001
CIV,1992,0.483,0.517
CIV,1993,0.504,0.496
CIV,1994,0.475,0.525
CIV,1995,0.479,0.521
CIV,1996,0.519,0.481
CIV,1997,0.46199999999999997,0.538
CIV,1998,0.41300000000000003,0.587
CIV,1999,0.236,0.764
CIV,2000,0.18899999999999995,0.811
CIV,2001,0.21499999999999997,0.785
CIV,2002,0.243,0.757
CIV,2003,0.277,0.723
CIV,2004,0.22599999999999998,0.774
CIV,2005,0.239,0.761
CIV,2006,0.275,0.725
CIV,2007,0.28500000000000003,0.715
CIV,2008,0.352,0.648
CIV,2009,0.21999999999999997,0.78
CIV,2010,0.41200000000000003,0.588
CIV,2011,0.40900000000000003,0.591
CIV,2012,0.46799999999999997,0.532
CIV,2013,0.42900000000000005,0.571
CIV,2014,0.44999999999999996,0.55
CIV,2015,0.355,0.645
CIV,2016,0.42000000000000004,0.58
CIV,2017,0.499,0.501
CIV,2018,0.378,0.622
CIV,2019,0.358,0.642
CIV,2020,0.42100000000000004,0.579
CIV,2021,0.44199999999999995,0.558
CIV,2022,0.43200000000000005,0.568
CIV,2023,0.43600000000000005,0.564
CIV,2024,0.43200000000000005,0.568
CMR,1989,0.494,0.506
CMR,1990,0.485,0.515
CMR,1991,0.482,0.518
CMR,1992,0.387,0.613
CMR,1993,0.29900000000000004,0.701
CMR,1994,0.05300000000000005,0.947
CMR,1995,0.22499999999999998,0.775
CMR,1996,0.134,0.866
CMR,1997,0.0,1.0
CMR,1998,0.0,1.0
CMR,1999,0.0,1.0
CMR,2000,0.0,1.0
CMR,2001,0.09999999999999998,0.9
CMR,2002,0.10999999999999999,0.89
CMR,2003,0.10999999999999999,0.89
CMR,2004,0.138,0.862
CMR,2005,0.21199999999999997,0.788
CMR,2006,0.41800000000000004,0.582
CMR,2007,0.399,0.601
CMR,2008,0.28800000000000003,0.712
CMR,2009,0.33599999999999997,0.664
CMR,2010,0.44399999999999995,0.556
CMR,2011,0.505,0.495
CMR,2012,0.366,0.634
CMR,2013,0.33499999999999996,0.665
CMR,2014,0.32999999999999996,0.67
CMR,2015,0.29800000000000004,0.702
CMR,2016,0.259,0.741
CMR,2017,0.30500000000000005,0.695
CMR,2018,0.29700000000000004,0.703
CMR,2019,0.29300000000000004,0.707
CMR,2020,0.352,0.648
CMR,2021,0.31799999999999995,0.682
CMR,2022,0.357,0.643
CMR,2023,0.385,0.615
CMR,2024,0.38,0.62
COD,1989,0.0,1.0
COD,1990,0.0,1.0
COD,1991,0.0,1.0
COD,1992,0.0,1.0
COD,1993,0.0,1.0
COD,1994,0.546,0.45399999999999996
COD,1995,0.643,0.357
COD,1996,0.519,0.481
COD,1997,0.856,0.14400000000000002
COD,1998,0.852,0.14800000000000002
COD,1999,0.9359999999999999,0.06400000000000006
COD,2000,0.829,0.17100000000000004
COD,2001,0.556,0.44399999999999995
COD,2002,0.266,0.734
COD,2003,0.18000000000000005,0.82
COD,2004,0.403,0.597
COD,2005,0.45399999999999996,0.546
COD,2006,0.42300000000000004,0.577
COD,2007,0.385,0.615
COD,2008,0.38,0.62
COD,2009,0.349,0.651
COD,2010,0.546,0.45399999999999996
COD,2011,0.633,0.367
COD,2012,0.61,0.39
COD,2013,0.6,0.4
COD,2014,0.6579999999999999,0.3420000000000001
COD,2015,0.712,0.28800000000000003
COD,2016,0.744,0.256
COD,2017,0.655,0.345
COD,2018,0.6739999999999999,0.32600000000000007
COD,2019,0.679,0.32099999999999995
COD,2020,0.7090000000000001,0.2909999999999999
COD,2021,0.74,0.26
COD,2022,0.739,0.261
COD,2023,0.6859999999999999,0.31400000000000006
COD,2024,0.622,0.378
COG,1989,0.45799999999999996,0.542
COG,1990,0.32199999999999995,0.678
COG,1991,0.29700000000000004,0.703
COG,1992,0.21299999999999997,0.787
COG,1993,0.18200000000000005,0.818
COG,1994,0.11499999999999999,0.885
COG,1995,0.19199999999999995,0.808
COG,1996,0.17400000000000004,0.826
COG,1997,0.19599999999999995,0.804
COG,1998,0.264,0.736
COG,1999,0.28200000000000003,0.718
COG,2000,0.33499999999999996,0.665
COG,2001,0.36,0.64
COG,2002,0.379,0.621
COG,2003,0.477,0.523
COG,2004,0.18100000000000005,0.819
COG,2005,0.18000000000000005,0.82
COG,2006,0.32899999999999996,0.671
COG,2007,0.496,0.504
COG,2008,0.41300000000000003,0.587
COG,2009,0.496,0.504
COG,2010,0.692,0.30800000000000005
COG,2011,0.5640000000000001,0.43599999999999994
COG,2012,0.546,0.45399999999999996
COG,2013,0.501,0.499
COG,2014,0.44199999999999995,0.558
COG,2015,0.5529999999999999,0.44700000000000006
COG,2016,0.542,0.45799999999999996
COG,2017,0.579,0.42100000000000004
COG,2018,0.5820000000000001,0.4179999999999999
COG,2019,0.589,0.41100000000000003
COG,2020,0.656,0.344
COG,2021,0.656,0.344
COG,2022,0.683,0.31699999999999995
COG,2023,0.721,0.279
COG,2024,0.723,0.277
COL,2003,0.548,0.45199999999999996
COL,2004,0.596,0.404
COL,2005,0.681,0.31899999999999995
COL,2006,0.6679999999999999,0.3320000000000001
COL,2007,0.708,0.29200000000000004
COL,2008,0.727,0.273
COL,2009,0.726,0.274
COL,2010,0.754,0.246
COL,2011,0.753,0.247
COL,2012,0.782,0.21799999999999997
COL,2013,0.729,0.271
COL,2014,0.718,0.28200000000000003
COL,2015,0.625,0.375
COL,2016,0.648,0.352
COL,2017,0.6599999999999999,0.3400000000000001
COL,2018,0.65,0.35
COL,2019,0.654,0.346
COL,2020,0.619,0.381
COL,2021,0.5920000000000001,0.4079999999999999
COL,2022,0.5569999999999999,0.44300000000000006
COL,2023,0.642,0.358
COL,2024,0.638,0.362
COL,2025,0.7090000000000001,0.2909999999999999
COM,1989,0.617,0.383
COM,1990,0.64,0.36
COM,1991,0.638,0.362
COM,1992,0.591,0.40900000000000003
COM,1993,0.571,0.42900000000000005
COM,1994,0.359,0.641
COM,1995,0.371,0.629
COM,1996,0.279,0.721
COM,1997,0.18000000000000005,0.82
COM,1998,0.19099999999999995,0.809
COM,1999,0.07799999999999996,0.922
COM,2000,0.028000000000000025,0.972
COM,2001,0.026000000000000023,0.974
COM,2002,0.030000000000000027,0.97
COM,2003,0.03700000000000003,0.963
COM,2004,0.06899999999999995,0.931
COM,2005,0.04400000000000004,0.956
COM,2006,0.07899999999999996,0.921
COM,2007,0.09699999999999998,0.903
COM,2008,0.08999999999999997,0.91
COM,2009,0.128,0.872
COM,2010,0.125,0.875
COM,2011,0.132,0.868
COM,2012,0.15800000000000003,0.842
COM,2013,0.29200000000000004,0.708
COM,2014,0.279,0.721
COM,2015,0.29800000000000004,0.702
COM,2016,0.21099999999999997,0.789
COM,2017,0.28700000000000003,0.713
COM,2018,0.137,0.863
COM,2019,0.19799999999999995,0.802
COM,2020,0.21899999999999997,0.781
COM,2021,0.249,0.751
COM,2022,0.21999999999999997,0.78
COM,2023,0.235,0.765
COM,2024,0.257,0.743
CPV,1989,0.369,0.631
CPV,1990,0.404,0.596
CPV,1991,0.518,0.482
CPV,1992,0.594,0.406
CPV,1993,0.485,0.515
CPV,1994,0.563,0.43700000000000006
CPV,1995,0.616,0.384
CPV,1996,0.667,0.33299999999999996
CPV,1997,0.62,0.38
CPV,1998,0.5469999999999999,0.45300000000000007
CPV,1999,0.33099999999999996,0.669
CPV,2000,0.381,0.619
CPV,2001,0.396,0.604
CPV,2002,0.42700000000000005,0.573
CPV,2003,0.488,0.512
CPV,2004,0.5389999999999999,0.4610000000000001
CPV,2005,0.5,0.5
CPV,2006,0.512,0.488
CPV,2007,0.479,0.521
CPV,2008,0.44499999999999995,0.555
CPV,2009,0.39,0.61
CPV,2010,0.361,0.639
CPV,2011,0.279,0.721
CPV,2012,0.253,0.747
CPV,2013,0.25,0.75
CPV,2014,0.237,0.763
CPV,2015,0.22899999999999998,0.771
CPV,2016,0.238,0.762
CPV,2017,0.255,0.745
CPV,2018,0.269,0.731
CPV,2019,0.264,0.736
CPV,2020,0.28300000000000003,0.717
CPV,2021,0.31799999999999995,0.682
CPV,2022,0.33699999999999997,0.663
CPV,2023,0.353,0.647
CPV,2024,0.383,0.617
CRI,2003,0.6699999999999999,0.33000000000000007
CRI,2004,0.6699999999999999,0.33000000000000007
CRI,2005,0.791,0.20899999999999996
CRI,2006,0.8,0.19999999999999996
CRI,2007,0.794,0.20599999999999996
CRI,2008,0.8069999999999999,0.19300000000000006
CRI,2009,0.647,0.353
CRI,2010,0.679,0.32099999999999995
CRI,2011,0.6930000000000001,0.30699999999999994
CRI,2012,0.6950000000000001,0.30499999999999994
CRI,2013,0.6910000000000001,0.30899999999999994
CRI,2014,0.636,0.364
CRI,2015,0.628,0.372
CRI,2016,0.617,0.383
CRI,2017,0.596,0.404
CRI,2018,0.5840000000000001,0.4159999999999999
CRI,2019,0.579,0.42100000000000004
CRI,2020,0.585,0.41500000000000004
CRI,2021,0.602,0.398
CRI,2022,0.603,0.397
CRI,2023,0.615,0.385
CRI,2024,0.639,0.361
CRI,2025,0.653,0.347
DMA,1989,0.33799999999999997,0.662
DMA,1990,0.364,0.636
DMA,1991,0.376,0.624
DMA,1992,0.369,0.631
DMA,1993,0.37,0.63
DMA,1994,0.46699999999999997,0.533
DMA,1995,0.577,0.42300000000000004
DMA,1996,0.552,0.44799999999999995
DMA,1997,0.5509999999999999,0.44900000000000007
DMA,1998,0.616,0.384
DMA,1999,0.5589999999999999,0.44100000000000006
DMA,2000,0.403,0.597
DMA,2001,0.496,0.504
DMA,2002,0.482,0.518
DMA,2003,0.44799999999999995,0.552
DMA,2004,0.348,0.652
DMA,2005,0.34199999999999997,0.658
DMA,2006,0.361,0.639
DMA,2007,0.369,0.631
DMA,2008,0.374,0.626
DMA,2009,0.389,0.611
DMA,2010,0.393,0.607
DMA,2011,0.381,0.619
DMA,2012,0.359,0.641
DMA,2013,0.37,0.63
DMA,2014,0.372,0.628
DMA,2015,0.379,0.621
DMA,2016,0.46699999999999997,0.533
DMA,2017,0.5,0.5
DMA,2018,0.5740000000000001,0.42599999999999993
DMA,2019,0.602,0.398
DMA,2020,0.593,0.40700000000000003
DMA,2021,0.556,0.44399999999999995
DMA,2022,0.5349999999999999,0.4650000000000001
DMA,2023,0.507,0.493
DMA,2024,0.5740000000000001,0.42599999999999993
DOM,2000,0.041000000000000036,0.959
DOM,2001,0.238,0.762
DOM,2002,0.247,0.753
DOM,2003,0.10299999999999998,0.897
DOM,2004,0.30200000000000005,0.698
DOM,2005,0.399,0.601
DOM,2006,0.5349999999999999,0.4650000000000001
DOM,2007,0.565,0.43500000000000005
DOM,2008,0.5860000000000001,0.4139999999999999
DOM,2009,0.5780000000000001,0.42199999999999993
DOM,2010,0.531,0.469
DOM,2011,0.275,0.725
DOM,2012,0.265,0.735
DOM,2013,0.273,0.727
DOM,2014,0.274,0.726
DOM,2015,0.29200000000000004,0.708
DOM,2016,0.30700000000000005,0.693
DOM,2017,0.32699999999999996,0.673
DOM,2018,0.31699999999999995,0.683
DOM,2019,0.281,0.719
DOM,2020,0.245,0.755
DOM,2021,0.239,0.761
DOM,2022,0.254,0.746
DOM,2023,0.27,0.73
DOM,2024,0.30400000000000005,0.696
DZA,1989,0.955,0.04500000000000004
DZA,1990,0.922,0.07799999999999996
DZA,1991,0.896,0.10399999999999998
DZA,1992,0.911,0.08899999999999997
DZA,1993,0.938,0.062000000000000055
DZA,1994,0.792,0.20799999999999996
DZA,1995,0.712,0.28800000000000003
DZA,1996,0.6950000000000001,0.30499999999999994
DZA,1997,0.654,0.346
DZA,1998,0.63,0.37
DZA,1999,0.598,0.402
DZA,2000,0.573,0.42700000000000005
DZA,2001,0.5740000000000001,0.42599999999999993
DZA,2002,0.5569999999999999,0.44300000000000006
DZA,2003,0.556,0.44399999999999995
DZA,2004,0.5820000000000001,0.4179999999999999
DZA,2005,0.627,0.373
DZA,2006,0.966,0.03400000000000003
DZA,2007,0.944,0.05600000000000005
DZA,2008,0.926,0.07399999999999995
DZA,2009,0.929,0.07099999999999995
DZA,2010,0.945,0.05500000000000005
DZA,2011,0.954,0.04600000000000004
DZA,2012,0.973,0.027000000000000024
DZA,2013,0.973,0.027000000000000024
DZA,2014,0.977,0.02300000000000002
DZA,2015,0.982,0.018000000000000016
DZA,2016,0.961,0.039000000000000035
DZA,2017,0.969,0.031000000000000028
DZA,2018,0.981,0.019000000000000017
DZA,2019,0.985,0.015000000000000013
DZA,2020,0.982,0.018000000000000016
DZA,2021,0.989,0.01100000000000001
DZA,2022,0.991,0.009000000000000008
DZA,2023,0.992,0.008000000000000007
DZA,2024,0.993,0.007000000000000006
ECU,1990,0.505,0.495
ECU,1991,0.514,0.486
ECU,1992,0.5760000000000001,0.42399999999999993
ECU,1993,0.677,0.32299999999999995
ECU,1994,0.09799999999999998,0.902
ECU,2003,0.16300000000000003,0.837
ECU,2004,0.19999999999999996,0.8
ECU,2005,0.21499999999999997,0.785
ECU,2006,0.20299999999999996,0.797
ECU,2007,0.21999999999999997,0.78
ECU,2008,0.241,0.759
ECU,2009,0.252,0.748
ECU,2010,0.34099999999999997,0.659
ECU,2011,0.30300000000000005,0.697
ECU,2012,0.41600000000000004,0.584
ECU,2013,0.42900000000000005,0.571
ECU,2014,0.42400000000000004,0.576
ECU,2015,0.382,0.618
ECU,2016,0.32699999999999996,0.673
ECU,2017,0.29700000000000004,0.703
ECU,2018,0.268,0.732
EGY,2001,0.665,0.33499999999999996
EGY,2002,0.7030000000000001,0.29699999999999993
EGY,2003,0.653,0.347
EGY,2004,0.754,0.246
EGY,2005,0.8069999999999999,0.19300000000000006
EGY,2006,0.8109999999999999,0.18900000000000006
EGY,2007,0.8160000000000001,0.18399999999999994
EGY,2008,0.8009999999999999,0.19900000000000007
EGY,2009,0.8180000000000001,0.18199999999999994
EGY,2010,0.776,0.22399999999999998
EGY,2011,0.857,0.14300000000000002
EGY,2012,0.879,0.121
EGY,2013,0.875,0.125
EGY,2014,0.907,0.09299999999999997
EGY,2015,0.92,0.07999999999999996
EGY,2016,0.844,0.15600000000000003
EGY,2017,0.733,0.267
EGY,2018,0.751,0.249
EGY,2019,0.74,0.26
EGY,2020,0.736,0.264
EGY,2021,0.743,0.257
EGY,2022,0.731,0.269
EGY,2023,0.734,0.266
EGY,2024,0.611,0.389
EGY,2025,0.636,0.364
ETH,1989,0.30200000000000005,0.698
ETH,1990,0.32299999999999995,0.677
ETH,1991,0.359,0.641
ETH,1992,0.17000000000000004,0.83
ETH,1993,0.20299999999999996,0.797
ETH,1994,0.17300000000000004,0.827
ETH,1995,0.16000000000000003,0.84
ETH,1996,0.18999999999999995,0.81
ETH,1997,0.15000000000000002,0.85
ETH,1998,0.14600000000000002,0.854
ETH,1999,0.269,0.731
ETH,2000,0.31599999999999995,0.684
ETH,2001,0.30400000000000005,0.696
ETH,2002,0.31399999999999995,0.686
ETH,2003,0.31200000000000006,0.688
ETH,2004,0.42300000000000004,0.577
ETH,2005,0.43200000000000005,0.568
ETH,2006,0.848,0.15200000000000002
ETH,2007,0.787,0.21299999999999997
ETH,2008,0.819,0.18100000000000005
ETH,2009,0.591,0.40900000000000003
ETH,2010,0.5549999999999999,0.44500000000000006
ETH,2011,0.628,0.372
ETH,2012,0.627,0.373
ETH,2013,0.624,0.376
ETH,2014,0.583,0.41700000000000004
ETH,2015,0.6579999999999999,0.3420000000000001
ETH,2016,0.661,0.33899999999999997
ETH,2017,0.613,0.387
ETH,2018,0.663,0.33699999999999997
ETH,2019,0.638,0.362
ETH,2020,0.593,0.40700000000000003
ETH,2021,0.598,0.402
ETH,2022,0.652,0.348
ETH,2023,0.671,0.32899999999999996
ETH,2024,0.29800000000000004,0.702
FJI,1989,0.641,0.359
FJI,1990,0.6639999999999999,0.3360000000000001
FJI,1991,0.6930000000000001,0.30699999999999994
FJI,1992,0.779,0.22099999999999997
FJI,1993,0.8180000000000001,0.18199999999999994
FJI,1994,0.842,0.15800000000000003
FJI,1995,0.85,0.15000000000000002
FJI,1996,0.88,0.12
FJI,1997,0.894,0.10599999999999998
FJI,1998,0.8,0.19999999999999996
FJI,1999,0.83,0.17000000000000004
FJI,2000,0.85,0.15000000000000002
FJI,2001,0.882,0.118
FJI,2002,0.895,0.10499999999999998
FJI,2003,0.911,0.08899999999999997
FJI,2004,0.914,0.08599999999999997
FJI,2005,0.919,0.08099999999999996
FJI,2006,0.931,0.06899999999999995
FJI,2007,0.9299999999999999,0.07000000000000006
FJI,2008,0.916,0.08399999999999996
FJI,2009,0.915,0.08499999999999996
FJI,2010,0.911,0.08899999999999997
FJI,2011,0.887,0.11299999999999999
FJI,2012,0.861,0.139
FJI,2013,0.836,0.16400000000000003
FJI,2014,0.8160000000000001,0.18399999999999994
FJI,2015,0.32199999999999995,0.678
FJI,2016,0.7030000000000001,0.29699999999999993
FJI,2017,0.7110000000000001,0.2889999999999999
FJI,2018,0.727,0.273
FJI,2019,0.75,0.25
FJI,2020,0.74,0.26
FJI,2021,0.694,0.30600000000000005
FJI,2022,0.629,0.371
FJI,2023,0.65,0.35
FJI,2024,0.636,0.364
FSM,1995,0.0,1.0
FSM,1996,0.0,1.0
FSM,1997,0.0,1.0
FSM,1998,0.0,1.0
FSM,1999,0.010000000000000009,0.99
FSM,2000,0.007000000000000006,0.993
FSM,2001,0.0030000000000000027,0.997
FSM,2002,0.0020000000000000018,0.998
FSM,2003,0.0,1.0
FSM,2004,0.0,1.0
FSM,2005,0.0,1.0
FSM,2006,0.0,1.0
FSM,2007,0.0050000000000000044,0.995
FSM,2008,0.0,1.0
FSM,2009,0.0,1.0
FSM,2010,0.0,1.0
FSM,2011,0.0,1.0
FSM,2012,0.0,1.0
FSM,2013,0.0,1.0
FSM,2014,0.0,1.0
FSM,2015,0.0,1.0
FSM,2016,0.0,1.0
FSM,2017,0.0,1.0
FSM,2018,0.0,1.0
FSM,2019,0.0,1.0
FSM,2020,0.0,1.0
FSM,2021,0.0,1.0
FSM,2022,0.0,1.0
FSM,2023,0.0,1.0
FSM,2024,0.0,1.0
FSM,2025,0.0,1.0
GAB,1989,0.518,0.482
GAB,1990,0.40800000000000003,0.592
GAB,1991,0.399,0.601
GAB,1992,0.344,0.656
GAB,1993,0.33599999999999997,0.664
GAB,1994,0.22599999999999998,0.774
GAB,1995,0.18600000000000005,0.814
GAB,1996,0.139,0.861
GAB,1997,0.11299999999999999,0.887
GAB,1998,0.20499999999999996,0.795
GAB,1999,0.131,0.869
GAB,2000,0.15700000000000003,0.843
GAB,2001,0.261,0.739
GAB,2002,0.352,0.648
GAB,2003,0.38,0.62
GAB,2004,0.29400000000000004,0.706
GAB,2005,0.06599999999999995,0.934
GAB,2006,0.017000000000000015,0.983
GAB,2007,0.15100000000000002,0.849
GAB,2008,0.253,0.747
GAB,2009,0.31499999999999995,0.685
GAB,2010,0.21899999999999997,0.781
GAB,2011,0.272,0.728
GAB,2012,0.258,0.742
GAB,2013,0.254,0.746
GAB,2014,0.242,0.758
GAB,2015,0.259,0.741
GAB,2016,0.43000000000000005,0.57
GAB,2017,0.41000000000000003,0.59
GAB,2018,0.406,0.594
GAB,2019,0.393,0.607
GAB,2020,0.526,0.474
GAB,2021,0.5349999999999999,0.4650000000000001
GAB,2022,0.55,0.44999999999999996
GAB,2023,0.585,0.41500000000000004
GAB,2024,0.626,0.374
GEO,1996,0.19399999999999995,0.806
GEO,1997,0.31599999999999995,0.684
GEO,1998,0.43799999999999994,0.562
GEO,1999,0.43799999999999994,0.562
GEO,2000,0.44799999999999995,0.552
GEO,2001,0.43700000000000006,0.563
GEO,2002,0.38,0.62
GEO,2003,0.29900000000000004,0.701
GEO,2004,0.31499999999999995,0.685
GEO,2005,0.32599999999999996,0.674
GEO,2006,0.243,0.757
GEO,2007,0.243,0.757
GEO,2008,0.32399999999999995,0.676
GEO,2009,0.16400000000000003,0.836
GEO,2010,0.15500000000000003,0.845
GEO,2011,0.15300000000000002,0.847
GEO,2012,0.14300000000000002,0.857
GEO,2013,0.14700000000000002,0.853
GEO,2014,0.18100000000000005,0.819
GEO,2015,0.16500000000000004,0.835
GEO,2016,0.16500000000000004,0.835
GEO,2017,0.18500000000000005,0.815
GEO,2018,0.18500000000000005,0.815
GEO,2019,0.21899999999999997,0.781
GEO,2020,0.21699999999999997,0.783
GEO,2021,0.20899999999999996,0.791
GEO,2022,0.256,0.744
GEO,2023,0.268,0.732
GEO,2024,0.30400000000000005,0.696
GEO,2025,0.637,0.363
GHA,1989,0.31399999999999995,0.686
GHA,1990,0.31499999999999995,0.685
GHA,1991,0.32199999999999995,0.678
GHA,1992,0.247,0.753
GHA,1993,0.20599999999999996,0.794
GHA,1994,0.41600000000000004,0.584
GHA,1995,0.346,0.654
GHA,1996,0.33499999999999996,0.665
GHA,1997,0.356,0.644
GHA,1998,0.276,0.724
GHA,1999,0.30800000000000005,0.692
GHA,2000,0.29200000000000004,0.708
GHA,2001,0.30900000000000005,0.691
GHA,2002,0.43999999999999995,0.56
GHA,2003,0.30700000000000005,0.693
GHA,2004,0.32699999999999996,0.673
GHA,2005,0.33299999999999996,0.667
GHA,2006,0.649,0.351
GHA,2007,0.6719999999999999,0.32800000000000007
GHA,2008,0.651,0.349
GHA,2009,0.509,0.491
GHA,2010,0.631,0.369
GHA,2011,0.579,0.42100000000000004
GHA,2012,0.44399999999999995,0.556
GHA,2013,0.471,0.529
GHA,2014,0.43000000000000005,0.57
GHA,2015,0.392,0.608
GHA,2016,0.396,0.604
GHA,2017,0.378,0.622
GHA,2018,0.46399999999999997,0.536
GHA,2019,0.383,0.617
GHA,2020,0.46099999999999997,0.539
GHA,2021,0.502,0.498
GHA,2022,0.5409999999999999,0.4590000000000001
GHA,2023,0.498,0.502
GHA,2024,0.5469999999999999,0.45300000000000007
GIN,1990,0.18500000000000005,0.815
GIN,1991,0.19299999999999995,0.807
GIN,1992,0.16400000000000003,0.836
GIN,1993,0.18999999999999995,0.81
GIN,1994,0.17600000000000005,0.824
GIN,1995,0.14900000000000002,0.851
GIN,1996,0.17200000000000004,0.828
GIN,1997,0.14900000000000002,0.851
GIN,1998,0.15500000000000003,0.845
GIN,1999,0.237,0.763
GIN,2000,0.248,0.752
GIN,2001,0.261,0.739
GIN,2002,0.20299999999999996,0.797
GIN,2003,0.258,0.742
GIN,2004,0.242,0.758
GIN,2005,0.252,0.748
GIN,2006,0.249,0.751
GIN,2007,0.255,0.745
GIN,2008,0.239,0.761
GIN,2009,0.345,0.655
GIN,2010,0.42500000000000004,0.575
GIN,2011,0.39,0.61
GIN,2012,0.499,0.501
GIN,2013,0.5349999999999999,0.4650000000000001
GIN,2014,0.524,0.476
GIN,2015,0.5780000000000001,0.42199999999999993
GIN,2016,0.525,0.475
GIN,2017,0.589,0.41100000000000003
GIN,2018,0.5840000000000001,0.4159999999999999
GIN,2019,0.44899999999999995,0.551
GIN,2020,0.504,0.496
GIN,2021,0.5329999999999999,0.4670000000000001
GIN,2022,0.558,0.44199999999999995
GIN,2023,0.554,0.44599999999999995
GIN,2024,0.6819999999999999,0.31800000000000006
GMB,1989,0.248,0.752
GMB,1990,0.40700000000000003,0.593
GMB,1991,0.28300000000000003,0.717
GMB,1992,0.381,0.619
GMB,1993,0.345,0.655
GMB,1994,0.372,0.628
GMB,1995,0.377,0.623
GMB,1996,0.386,0.614
GMB,1997,0.388,0.612
GMB,1998,0.385,0.615
GMB,1999,0.4,0.6
GMB,2000,0.32199999999999995,0.678
GMB,2001,0.385,0.615
GMB,2002,0.29700000000000004,0.703
GMB,2003,0.21599999999999997,0.784
GMB,2004,0.22899999999999998,0.771
GMB,2005,0.30000000000000004,0.7
GMB,2006,0.28800000000000003,0.712
GMB,2007,0.18700000000000006,0.813
GMB,2008,0.34199999999999997,0.658
GMB,2009,0.28800000000000003,0.712
GMB,2010,0.384,0.616
GMB,2011,0.393,0.607
GMB,2012,0.394,0.606
GMB,2013,0.41500000000000004,0.585
GMB,2014,0.45199999999999996,0.548
GMB,2015,0.5369999999999999,0.4630000000000001
GMB,2016,0.5700000000000001,0.42999999999999994
GMB,2017,0.507,0.493
GMB,2018,0.51,0.49
GMB,2019,0.497,0.503
GMB,2020,0.46599999999999997,0.534
GMB,2021,0.493,0.507
GMB,2022,0.46699999999999997,0.533
GMB,2023,0.43999999999999995,0.56
GMB,2024,0.45199999999999996,0.548
GNB,1989,0.241,0.759
GNB,1990,0.18899999999999995,0.811
GNB,1991,0.19799999999999995,0.802
GNB,1992,0.09299999999999997,0.907
GNB,1993,0.07699999999999996,0.923
GNB,1994,0.0,1.0
GNB,1995,0.09099999999999997,0.909
GNB,1996,0.0,1.0
GNB,1997,0.0,1.0
GNB,1998,0.08299999999999996,0.917
GNB,1999,0.0,1.0
GNB,2000,0.050000000000000044,0.95
GNB,2001,0.07099999999999995,0.929
GNB,2002,0.18899999999999995,0.811
GNB,2003,0.20099999999999996,0.799
GNB,2004,0.254,0.746
GNB,2005,0.29400000000000004,0.706
GNB,2006,0.29500000000000004,0.705
GNB,2007,0.30800000000000005,0.692
GNB,2008,0.31200000000000006,0.688
GNB,2009,0.31899999999999995,0.681
GNB,2010,0.061000000000000054,0.939
GNB,2011,0.5740000000000001,0.42599999999999993
GNB,2012,0.562,0.43799999999999994
GNB,2013,0.546,0.45399999999999996
GNB,2014,0.46099999999999997,0.539
GNB,2015,0.25,0.75
GNB,2016,0.253,0.747
GNB,2017,0.16900000000000004,0.831
GNB,2018,0.17700000000000005,0.823
GNB,2019,0.18000000000000005,0.82
GNB,2020,0.18400000000000005,0.816
GNB,2021,0.14100000000000001,0.859
GNB,2022,0.17900000000000005,0.821
GNB,2023,0.19299999999999995,0.807
GNB,2024,0.241,0.759
GRD,1989,0.32799999999999996,0.672
GRD,1990,0.28800000000000003,0.712
GRD,1991,0.355,0.645
GRD,1992,0.28,0.72
GRD,1993,0.345,0.655
GRD,1994,0.31499999999999995,0.685
GRD,1995,0.30400000000000005,0.696
GRD,1996,0.31899999999999995,0.681
GRD,1997,0.383,0.617
GRD,1998,0.44499999999999995,0.555
GRD,1999,0.357,0.643
GRD,2000,0.19099999999999995,0.809
GRD,2001,0.21999999999999997,0.78
GRD,2002,0.32299999999999995,0.677
GRD,2003,0.37,0.63
GRD,2004,0.394,0.606
GRD,2005,0.43799999999999994,0.562
GRD,2006,0.374,0.626
GRD,2007,0.362,0.638
GRD,2008,0.34199999999999997,0.658
GRD,2009,0.32699999999999996,0.673
GRD,2010,0.365,0.635
GRD,2011,0.41900000000000004,0.581
GRD,2012,0.42300000000000004,0.577
GRD,2013,0.44599999999999995,0.554
GRD,2014,0.43600000000000005,0.564
GRD,2015,0.403,0.597
GRD,2016,0.363,0.637
GRD,2017,0.374,0.626
GRD,2018,0.344,0.656
GRD,2019,0.345,0.655
GRD,2020,0.44099999999999995,0.559
GRD,2021,0.42700000000000005,0.573
GRD,2022,0.41500000000000004,0.585
GRD,2023,0.389,0.611
GRD,2024,0.377,0.623
GTM,1989,0.69,0.31000000000000005
GTM,1990,0.6619999999999999,0.3380000000000001
GTM,1991,0.638,0.362
GTM,1992,0.611,0.389
GTM,1993,0.5760000000000001,0.42399999999999993
GTM,1994,0.546,0.45399999999999996
GTM,1995,0.492,0.508
GTM,1996,0.501,0.499
GTM,1997,0.43999999999999995,0.56
GTM,1998,0.41800000000000004,0.582
GTM,1999,0.46399999999999997,0.536
GTM,2000,0.46499999999999997,0.535
GTM,2001,0.47,0.53
GTM,2002,0.42200000000000004,0.578
GTM,2003,0.499,0.501
GTM,2004,0.54,0.45999999999999996
GTM,2005,0.5860000000000001,0.4139999999999999
GTM,2006,0.43799999999999994,0.562
GTM,2007,0.49,0.51
GTM,2008,0.497,0.503
GTM,2009,0.398,0.602
GTM,2010,0.41300000000000003,0.587
GTM,2011,0.44999999999999996,0.55
GTM,2012,0.42400000000000004,0.576
GTM,2013,0.41700000000000004,0.583
GTM,2014,0.46099999999999997,0.539
GTM,2015,0.46399999999999997,0.536
GTM,2016,0.47,0.53
GTM,2017,0.502,0.498
GTM,2018,0.522,0.478
GTM,2019,0.515,0.485
GTM,2020,0.5349999999999999,0.4650000000000001
GTM,2021,0.5549999999999999,0.44500000000000006
GTM,2022,0.5680000000000001,0.43199999999999994
GTM,2023,0.5389999999999999,0.4610000000000001
GTM,2024,0.527,0.473
GTM,2025,0.526,0.474
GUY,1989,0.526,0.474
GUY,1990,0.44799999999999995,0.552
GUY,1991,0.30400000000000005,0.696
GUY,1992,0.53,0.47
GUY,1993,0.538,0.46199999999999997
GUY,1994,0.512,0.488
GUY,1995,0.5329999999999999,0.4670000000000001
GUY,1996,0.522,0.478
GUY,1997,0.482,0.518
GUY,1998,0.386,0.614
GUY,1999,0.41100000000000003,0.589
GUY,2000,0.42700000000000005,0.573
GUY,2001,0.365,0.635
GUY,2002,0.383,0.617
GUY,2003,0.30500000000000005,0.695
GUY,2004,0.33799999999999997,0.662
GUY,2005,0.41200000000000003,0.588
GUY,2006,0.398,0.602
GUY,2007,0.493,0.507
GUY,2008,0.481,0.519
GUY,2009,0.473,0.527
GUY,2010,0.46299999999999997,0.537
GUY,2011,0.42200000000000004,0.578
GUY,2012,0.363,0.637
GUY,2013,0.385,0.615
GUY,2014,0.33299999999999996,0.667
GUY,2015,0.44399999999999995,0.556
GUY,2016,0.484,0.516
GUY,2017,0.45999999999999996,0.54
GUY,2018,0.479,0.521
GUY,2019,0.45899999999999996,0.541
GUY,2020,0.5569999999999999,0.44300000000000006
GUY,2021,0.605,0.395
GUY,2022,0.603,0.397
GUY,2023,0.632,0.368
GUY,2024,0.645,0.355
HND,1990,0.6699999999999999,0.33000000000000007
HND,1991,0.589,0.41100000000000003
HND,1992,0.486,0.514
HND,1993,0.353,0.647
HND,1994,0.05500000000000005,0.945
HND,1995,0.0,1.0
HND,1996,0.0,1.0
HND,1997,0.15400000000000003,0.846
HND,1998,0.14,0.86
HND,1999,0.123,0.877
HND,2000,0.08599999999999997,0.914
HND,2001,0.15300000000000002,0.847
HND,2002,0.040000000000000036,0.96
HND,2003,0.07699999999999996,0.923
HND,2004,0.05300000000000005,0.947
HND,2005,0.05700000000000005,0.943
HND,2006,0.10099999999999998,0.899
HND,2007,0.135,0.865
HND,2008,0.16700000000000004,0.833
HND,2009,0.279,0.721
HND,2010,0.30800000000000005,0.692
HND,2011,0.355,0.645
HND,2012,0.34299999999999997,0.657
HND,2013,0.19199999999999995,0.808
HND,2014,0.242,0.758
HND,2015,0.252,0.748
HND,2016,0.281,0.719
HND,2017,0.259,0.741
HND,2018,0.276,0.724
HND,2019,0.28900000000000003,0.711
HND,2020,0.30000000000000004,0.7
HND,2021,0.35,0.65
HND,2022,0.28200000000000003,0.718
HND,2023,0.28,0.72
HND,2024,0.275,0.725
HND,2025,0.279,0.721
HTI,1989,0.579,0.42100000000000004
HTI,1990,0.5780000000000001,0.42199999999999993
HTI,1991,0.43200000000000005,0.568
HTI,1992,0.45999999999999996,0.54
HTI,1993,0.487,0.513
HTI,1994,0.579,0.42100000000000004
HTI,1995,0.43300000000000005,0.567
HTI,1996,0.476,0.524
HTI,1997,0.43799999999999994,0.562
HTI,1998,0.44399999999999995,0.556
HTI,1999,0.41300000000000003,0.587
HTI,2000,0.509,0.491
HTI,2001,0.43000000000000005,0.57
HTI,2002,0.352,0.648
HTI,2003,0.385,0.615
HTI,2004,0.44499999999999995,0.555
HTI,2005,0.40700000000000003,0.593
HTI,2006,0.542,0.45799999999999996
HTI,2007,0.43300000000000005,0.567
HTI,2008,0.495,0.505
HTI,2009,0.527,0.473
HTI,2010,0.74,0.26
HTI,2011,0.795,0.20499999999999996
HTI,2012,0.7050000000000001,0.29499999999999993
HTI,2013,0.634,0.366
HTI,2014,0.43999999999999995,0.56
HTI,2015,0.395,0.605
HTI,2016,0.376,0.624
HTI,2017,0.43700000000000006,0.563
HTI,2018,0.43400000000000005,0.566
HTI,2019,0.44999999999999996,0.55
HTI,2020,0.5840000000000001,0.4159999999999999
HTI,2021,0.5900000000000001,0.4099999999999999
HTI,2022,0.563,0.43700000000000006
HTI,2023,0.637,0.363
HTI,2024,0.9390000000000001,0.06099999999999994
HUN,1989,0.22799999999999998,0.772
HUN,1990,0.247,0.753
HUN,1991,0.29400000000000004,0.706
HUN,1992,0.387,0.613
HUN,1993,0.397,0.603
HUN,1994,0.38,0.62
HUN,1995,0.9299999999999999,0.07000000000000006
HUN,1996,0.935,0.06499999999999995
HUN,1997,0.589,0.41100000000000003
HUN,1998,0.606,0.394
HUN,1999,0.624,0.376
HUN,2000,0.642,0.358
HUN,2001,0.6990000000000001,0.30099999999999993
HUN,2002,0.754,0.246
HUN,2003,0.759,0.241
HUN,2004,0.741,0.259
HUN,2005,0.718,0.28200000000000003
HUN,2006,0.72,0.28
HUN,2007,0.692,0.30800000000000005
HUN,2008,0.605,0.395
HUN,2009,0.546,0.45399999999999996
HUN,2010,0.538,0.46199999999999997
HUN,2011,0.491,0.509
HUN,2012,0.577,0.42300000000000004
HUN,2013,0.5880000000000001,0.4119999999999999
HUN,2014,0.61,0.39
HUN,2015,0.643,0.357
HUN,2016,0.7110000000000001,0.2889999999999999
HUN,2017,0.762,0.238
HUN,2018,0.794,0.20599999999999996
HUN,2019,0.823,0.17700000000000005
HUN,2020,0.8,0.19999999999999996
HUN,2021,0.794,0.20599999999999996
HUN,2022,0.736,0.264
HUN,2023,0.722,0.278
HUN,2024,0.6859999999999999,0.31400000000000006
HUN,2025,0.694,0.30600000000000005
IDN,1989,0.245,0.755
IDN,1990,0.20999999999999996,0.79
IDN,1991,0.19899999999999995,0.801
IDN,1992,0.236,0.764
IDN,1993,0.241,0.759
IDN,1994,0.21399999999999997,0.786
IDN,1995,0.20199999999999996,0.798
IDN,1996,0.22099999999999997,0.779
IDN,1998,0.4,0.6
IDN,1999,0.589,0.41100000000000003
IDN,2000,0.544,0.45599999999999996
IDN,2001,0.526,0.474
IDN,2002,0.554,0.44599999999999995
IDN,2003,0.5329999999999999,0.4670000000000001
IDN,2004,0.519,0.481
IDN,2005,0.471,0.529
IDN,2006,0.486,0.514
IDN,2007,0.47,0.53
IDN,2008,0.42100000000000004,0.579
IDN,2009,0.45399999999999996,0.546
IDN,2010,0.5369999999999999,0.4630000000000001
IDN,2011,0.5489999999999999,0.45100000000000007
IDN,2012,0.556,0.44399999999999995
IDN,2013,0.534,0.46599999999999997
IDN,2014,0.567,0.43300000000000005
IDN,2015,0.5640000000000001,0.43599999999999994
IDN,2016,0.5820000000000001,0.4179999999999999
IDN,2017,0.596,0.404
IDN,2018,0.5840000000000001,0.4159999999999999
IDN,2019,0.621,0.379
IDN,2020,0.6639999999999999,0.3360000000000001
IDN,2021,0.6990000000000001,0.30099999999999993
IDN,2022,0.704,0.29600000000000004
IDN,2023,0.714,0.28600000000000003
IDN,2024,0.712,0.28800000000000003
IDN,2025,0.7050000000000001,0.29499999999999993
IRN,1989,0.999,0.0010000000000000009
IRN,1990,1.0,0.0
IRN,1991,0.999,0.0010000000000000009
IRN,1992,0.999,0.0010000000000000009
IRN,1993,0.861,0.139
IRN,1994,0.733,0.267
IRN,1995,0.759,0.241
IRN,1996,0.887,0.11299999999999999
IRN,1997,0.943,0.05700000000000005
IRN,1998,0.952,0.04800000000000004
IRN,1999,0.974,0.026000000000000023
IRN,2000,0.991,0.009000000000000008
IRN,2001,0.993,0.007000000000000006
IRN,2002,0.986,0.014000000000000012
IRN,2003,0.989,0.01100000000000001
IRN,2004,0.991,0.009000000000000008
IRN,2005,0.992,0.008000000000000007
IRN,2006,0.989,0.01100000000000001
IRN,2007,0.989,0.01100000000000001
IRN,2008,0.986,0.014000000000000012
IRN,2009,0.986,0.014000000000000012
IRN,2010,0.99,0.010000000000000009
IRN,2011,0.99,0.010000000000000009
IRN,2012,0.988,0.01200000000000001
IRN,2013,0.989,0.01100000000000001
IRN,2014,0.992,0.008000000000000007
IRN,2015,0.997,0.0030000000000000027
IRN,2016,0.998,0.0020000000000000018
IRN,2017,0.999,0.0010000000000000009
IRN,2018,0.999,0.0010000000000000009
IRN,2019,0.999,0.0010000000000000009
IRN,2020,0.999,0.0010000000000000009
IRN,2021,0.999,0.0010000000000000009
IRN,2022,0.999,0.0010000000000000009
IRN,2023,0.999,0.0010000000000000009
IRN,2024,0.999,0.0010000000000000009
IRQ,2015,0.865,0.135
IRQ,2016,0.861,0.139
IRQ,2017,0.8160000000000001,0.18399999999999994
IRQ,2018,0.8029999999999999,0.19700000000000006
IRQ,2019,0.793,0.20699999999999996
IRQ,2020,0.81,0.18999999999999995
IRQ,2021,0.839,0.16100000000000003
IRQ,2022,0.856,0.14400000000000002
IRQ,2023,0.877,0.123
IRQ,2024,0.912,0.08799999999999997
JAM,1989,0.52,0.48
JAM,1990,0.469,0.531
JAM,1991,0.32599999999999996,0.674
JAM,1992,0.33499999999999996,0.665
JAM,1993,0.35,0.65
JAM,1994,0.33199999999999996,0.668
JAM,1995,0.33499999999999996,0.665
JAM,1996,0.499,0.501
JAM,1997,0.598,0.402
JAM,1998,0.596,0.404
JAM,1999,0.645,0.355
JAM,2000,0.5920000000000001,0.4079999999999999
JAM,2001,0.613,0.387
JAM,2002,0.636,0.364
JAM,2003,0.654,0.346
JAM,2004,0.631,0.369
JAM,2005,0.6679999999999999,0.3320000000000001
JAM,2006,0.643,0.357
JAM,2007,0.64,0.36
JAM,2008,0.648,0.352
JAM,2009,0.679,0.32099999999999995
JAM,2010,0.6719999999999999,0.32800000000000007
JAM,2011,0.6839999999999999,0.31600000000000006
JAM,2012,0.782,0.21799999999999997
JAM,2013,0.7170000000000001,0.2829999999999999
JAM,2014,0.6819999999999999,0.31800000000000006
JAM,2015,0.5469999999999999,0.45300000000000007
JAM,2016,0.525,0.475
JAM,2017,0.46299999999999997,0.537
JAM,2018,0.486,0.514
JAM,2019,0.5,0.5
JAM,2020,0.498,0.502
JAM,2021,0.487,0.513
JAM,2022,0.496,0.504
JAM,2023,0.486,0.514
JAM,2024,0.482,0.518
JOR,1989,0.46299999999999997,0.537
JOR,1990,0.524,0.476
JOR,1991,0.44999999999999996,0.55
JOR,1992,0.40700000000000003,0.593
JOR,1993,0.356,0.644
JOR,1994,0.369,0.631
JOR,1995,0.34099999999999997,0.659
JOR,1996,0.36,0.64
JOR,1997,0.357,0.643
JOR,1998,0.379,0.621
JOR,1999,0.35,0.65
JOR,2000,0.357,0.643
JOR,2001,0.30300000000000005,0.697
JOR,2002,0.30500000000000005,0.695
JOR,2003,0.30200000000000005,0.698
JOR,2004,0.30300000000000005,0.697
JOR,2005,0.34099999999999997,0.659
JOR,2006,0.33799999999999997,0.662
JOR,2007,0.388,0.612
JOR,2008,0.608,0.392
JOR,2009,0.649,0.351
JOR,2010,0.654,0.346
JOR,2011,0.712,0.28800000000000003
JOR,2012,0.754,0.246
JOR,2013,0.724,0.276
JOR,2014,0.6970000000000001,0.30299999999999994
JOR,2015,0.6699999999999999,0.33000000000000007
JOR,2016,0.632,0.368
JOR,2017,0.5740000000000001,0.42599999999999993
JOR,2018,0.577,0.42300000000000004
JOR,2019,0.612,0.388
JOR,2020,0.619,0.381
JOR,2021,0.659,0.34099999999999997
JOR,2022,0.6699999999999999,0.33000000000000007
JOR,2023,0.639,0.361
JOR,2024,0.624,0.376
JOR,2025,0.617,0.383
KEN,1989,0.358,0.642
KEN,1990,0.369,0.631
KEN,1991,0.362,0.638
KEN,1992,0.27,0.73
KEN,1993,0.237,0.763
KEN,1994,0.477,0.523
KEN,1995,0.347,0.653
KEN,1996,0.365,0.635
KEN,1997,0.32099999999999995,0.679
KEN,1998,0.31899999999999995,0.681
KEN,1999,0.31100000000000005,0.689
KEN,2000,0.40900000000000003,0.591
KEN,2001,0.44099999999999995,0.559
KEN,2002,0.42200000000000004,0.578
KEN,2009,0.5589999999999999,0.44100000000000006
KEN,2010,0.494,0.506
KEN,2011,0.497,0.503
KEN,2014,0.5409999999999999,0.4590000000000001
KEN,2015,0.491,0.509
KEN,2017,0.477,0.523
KEN,2019,0.518,0.482
KEN,2020,0.483,0.517
KEN,2021,0.46199999999999997,0.538
KEN,2022,0.388,0.612
KEN,2023,0.43999999999999995,0.56
KEN,2024,0.5369999999999999,0.4630000000000001
KEN,2025,0.5469999999999999,0.45300000000000007
KGZ,1994,0.31499999999999995,0.685
KGZ,1995,0.41300000000000003,0.587
KGZ,1996,0.44899999999999995,0.551
KGZ,1997,0.522,0.478
KGZ,1998,0.26,0.74
KGZ,1999,0.28700000000000003,0.713
KGZ,2000,0.405,0.595
KGZ,2001,0.33799999999999997,0.662
KGZ,2002,0.277,0.723
KGZ,2003,0.279,0.721
KGZ,2004,0.21199999999999997,0.788
KGZ,2005,0.20899999999999996,0.791
KGZ,2006,0.16800000000000004,0.832
KGZ,2007,0.18100000000000005,0.819
KGZ,2008,0.16100000000000003,0.839
KGZ,2009,0.131,0.869
KGZ,2010,0.124,0.876
KGZ,2011,0.14700000000000002,0.853
KGZ,2012,0.138,0.862
KGZ,2013,0.13,0.87
KGZ,2014,0.05800000000000005,0.942
KGZ,2015,0.05400000000000005,0.946
KGZ,2016,0.06699999999999995,0.933
KGZ,2017,0.08799999999999997,0.912
KGZ,2018,0.132,0.868
KGZ,2019,0.15000000000000002,0.85
KGZ,2020,0.134,0.866
KGZ,2021,0.16600000000000004,0.834
KGZ,2022,0.18799999999999994,0.812
KGZ,2023,0.25,0.75
KGZ,2024,0.30300000000000005,0.697
KGZ,2025,0.395,0.605
KHM,1995,0.0,1.0
KHM,1996,0.0,1.0
KHM,1997,0.0,1.0
KHM,1998,0.0,1.0
KHM,1999,0.0,1.0
KHM,2000,0.0,1.0
KHM,2001,0.03200000000000003,0.968
KHM,2002,0.03400000000000003,0.966
KHM,2003,0.03400000000000003,0.966
KHM,2004,0.03300000000000003,0.967
KHM,2005,0.028000000000000025,0.972
KHM,2006,0.02400000000000002,0.976
KHM,2007,0.136,0.864
KHM,2008,0.08499999999999996,0.915
KHM,2009,0.06599999999999995,0.934
KHM,2010,0.08299999999999996,0.917
KHM,2011,0.09699999999999998,0.903
KHM,2012,0.04200000000000004,0.958
KHM,2013,0.015000000000000013,0.985
KHM,2014,0.013000000000000012,0.987
KHM,2015,0.013000000000000012,0.987
KHM,2016,0.013000000000000012,0.987
KHM,2017,0.0,1.0
KHM,2018,0.0,1.0
KHM,2019,0.0,1.0
KHM,2020,0.0,1.0
KHM,2021,0.0,1.0
KHM,2022,0.0020000000000000018,0.998
KHM,2023,0.0050000000000000044,0.995
KHM,2024,0.010000000000000009,0.99
KHM,2025,0.014000000000000012,0.986
KNA,1996,0.631,0.369
KNA,1997,0.542,0.45799999999999996
KNA,1998,0.607,0.393
KNA,1999,0.645,0.355
KNA,2000,0.641,0.359
KNA,2001,0.567,0.43300000000000005
KNA,2002,0.548,0.45199999999999996
KNA,2003,0.53,0.47
KNA,2004,0.6,0.4
KNA,2005,0.593,0.40700000000000003
KNA,2006,0.685,0.31499999999999995
KNA,2007,0.7110000000000001,0.2889999999999999
KNA,2008,0.745,0.255
KNA,2009,0.777,0.22299999999999998
KNA,2010,0.8109999999999999,0.18900000000000006
KWT,2014,0.742,0.258
KWT,2015,0.608,0.392
KWT,2016,0.7969999999999999,0.20300000000000007
KWT,2017,0.631,0.369
KWT,2018,0.538,0.46199999999999997
KWT,2019,0.397,0.603
KWT,2020,0.28300000000000003,0.717
KWT,2021,0.255,0.745
KWT,2022,0.17700000000000005,0.823
KWT,2023,0.15600000000000003,0.844
KWT,2024,0.12,0.88
KWT,2025,1.0,0.0
LAO,1989,0.366,0.634
LAO,1990,0.485,0.515
LAO,1991,0.471,0.529
LAO,1992,0.479,0.521
LAO,1993,0.478,0.522
LAO,1994,0.489,0.511
LAO,1995,0.397,0.603
LAO,1996,0.02100000000000002,0.979
LAO,1997,0.008000000000000007,0.992
LAO,1998,0.01200000000000001,0.988
LAO,1999,0.01100000000000001,0.989
LAO,2000,0.008000000000000007,0.992
LAO,2001,0.009000000000000008,0.991
LAO,2002,0.01100000000000001,0.989
LAO,2003,0.031000000000000028,0.969
LAO,2004,0.02400000000000002,0.976
LAO,2005,0.040000000000000036,0.96
LAO,2006,0.05500000000000005,0.945
LAO,2007,0.06499999999999995,0.935
LAO,2008,0.07799999999999996,0.922
LAO,2009,0.05800000000000005,0.942
LAO,2010,0.08499999999999996,0.915
LAO,2011,0.0,1.0
LAO,2012,0.09899999999999998,0.901
LAO,2013,0.16200000000000003,0.838
LAO,2014,0.246,0.754
LAO,2015,0.15100000000000002,0.849
LAO,2016,0.16000000000000003,0.84
LAO,2017,0.133,0.867
LAO,2018,0.127,0.873
LAO,2019,0.19999999999999996,0.8
LAO,2020,0.22499999999999998,0.775
LAO,2021,0.32599999999999996,0.674
LAO,2022,0.40700000000000003,0.593
LAO,2023,0.40800000000000003,0.592
LAO,2024,0.396,0.604
LBN,1989,0.895,0.10499999999999998
LBN,1990,0.92,0.07999999999999996
LBN,1991,0.949,0.051000000000000045
LBN,1992,0.92,0.07999999999999996
LBN,1993,0.924,0.07599999999999996
LBN,1994,0.955,0.04500000000000004
LBN,1995,0.952,0.04800000000000004
LBN,1996,0.951,0.049000000000000044
LBN,1997,0.951,0.049000000000000044
LBN,1998,0.942,0.05800000000000005
LBN,1999,0.946,0.05400000000000005
LBN,2000,0.949,0.051000000000000045
LBN,2001,0.952,0.04800000000000004
LBN,2002,0.951,0.049000000000000044
LBN,2003,0.9299999999999999,0.07000000000000006
LBN,2004,0.9319999999999999,0.06800000000000006
LBN,2005,0.942,0.05800000000000005
LBN,2006,0.9410000000000001,0.05899999999999994
LBN,2007,0.94,0.06000000000000005
LBN,2008,0.946,0.05400000000000005
LBN,2009,0.952,0.04800000000000004
LBN,2010,0.955,0.04500000000000004
LBN,2011,0.958,0.04200000000000004
LBN,2012,0.961,0.039000000000000035
LBN,2013,0.5880000000000001,0.4119999999999999
LBN,2014,0.615,0.385
LBN,2015,0.615,0.385
LBN,2016,0.625,0.375
LBN,2017,0.618,0.382
LBN,2018,0.607,0.393
LBN,2019,0.632,0.368
LBN,2020,0.623,0.377
LBN,2021,0.616,0.384
LBN,2022,0.594,0.406
LBN,2023,0.124,0.876
LBR,2008,0.786,0.21399999999999997
LBR,2009,0.714,0.28600000000000003
LBR,2010,0.64,0.36
LBR,2011,0.646,0.354
LBR,2012,0.62,0.38
LBR,2013,0.634,0.366
LBR,2014,0.606,0.394
LBR,2015,0.486,0.514
LBR,2016,0.44199999999999995,0.558
LBR,2017,0.41700000000000004,0.583
LBR,2018,0.44699999999999995,0.553
LBR,2019,0.45099999999999996,0.549
LBR,2020,0.469,0.531
LBR,2021,0.45599999999999996,0.544
LBR,2022,0.486,0.514
LBR,2023,0.503,0.497
LBR,2024,0.483,0.517
LCA,1989,0.8,0.19999999999999996
LCA,1990,0.774,0.22599999999999998
LCA,1991,0.795,0.20499999999999996
LCA,1992,0.764,0.236
LCA,1993,0.745,0.255
LCA,1994,0.724,0.276
LCA,1995,0.69,0.31000000000000005
LCA,1996,0.656,0.344
LCA,1997,0.692,0.30800000000000005
LCA,1998,0.723,0.277
LCA,1999,0.728,0.272
LCA,2000,0.6719999999999999,0.32800000000000007
LCA,2001,0.683,0.31699999999999995
LCA,2002,0.646,0.354
LCA,2003,0.601,0.399
LCA,2004,0.614,0.386
LCA,2005,0.6579999999999999,0.3420000000000001
LCA,2006,0.65,0.35
LCA,2007,0.593,0.40700000000000003
LCA,2008,0.5680000000000001,0.43199999999999994
LCA,2009,0.7,0.30000000000000004
LCA,2010,0.7030000000000001,0.29699999999999993
LCA,2011,0.724,0.276
LCA,2012,0.567,0.43300000000000005
LCA,2013,0.616,0.384
LCA,2014,0.596,0.404
LCA,2015,0.618,0.382
LCA,2016,0.629,0.371
LCA,2017,0.642,0.358
LCA,2018,0.6619999999999999,0.3380000000000001
LCA,2019,0.641,0.359
LCA,2020,0.633,0.367
LCA,2021,0.5720000000000001,0.42799999999999994
LCA,2022,0.55,0.44999999999999996
LCA,2023,0.493,0.507
LCA,2024,0.472,0.528
LCA,2025,0.46499999999999997,0.535
LKA,1989,0.381,0.619
LKA,1990,0.36,0.64
LKA,1992,0.344,0.656
LKA,1993,0.365,0.635
LKA,1994,0.37,0.63
LKA,1995,0.377,0.623
LKA,1996,0.42500000000000004,0.575
LKA,1997,0.403,0.597
LKA,1998,0.377,0.623
LKA,1999,0.398,0.602
LKA,2000,0.44399999999999995,0.556
LKA,2001,0.513,0.487
LKA,2002,0.5529999999999999,0.44700000000000006
LKA,2003,0.49,0.51
LKA,2004,0.485,0.515
LKA,2005,0.528,0.472
LKA,2006,0.546,0.45399999999999996
LKA,2007,0.517,0.483
LKA,2008,0.544,0.45599999999999996
LKA,2009,0.5680000000000001,0.43199999999999994
LKA,2010,0.636,0.364
LKA,2011,0.62,0.38
LKA,2012,0.5489999999999999,0.45100000000000007
LKA,2013,0.621,0.379
LKA,2014,0.627,0.373
LKA,2015,0.522,0.478
LKA,2016,0.521,0.479
LKA,2017,0.487,0.513
LKA,2018,0.43700000000000006,0.563
LKA,2019,0.44399999999999995,0.556
LKA,2020,0.506,0.494
LKA,2021,0.5529999999999999,0.44700000000000006
LKA,2022,0.47,0.53
LKA,2023,0.546,0.45399999999999996
LKA,2024,0.629,0.371
LSO,1989,0.538,0.46199999999999997
LSO,1990,0.474,0.526
LSO,1991,0.52,0.48
LSO,1992,0.30500000000000005,0.695
LSO,1993,0.28400000000000003,0.716
LSO,1994,0.21699999999999997,0.783
LSO,1995,0.19199999999999995,0.808
LSO,1996,0.17400000000000004,0.826
LSO,1997,0.21199999999999997,0.788
LSO,1998,0.257,0.743
LSO,1999,0.29900000000000004,0.701
LSO,2000,0.262,0.738
LSO,2001,0.263,0.737
LSO,2002,0.277,0.723
LSO,2003,0.22199999999999998,0.778
LSO,2004,0.237,0.763
LSO,2005,0.19099999999999995,0.809
LSO,2006,0.22699999999999998,0.773
LSO,2007,0.31699999999999995,0.683
LSO,2008,0.14,0.86
LSO,2009,0.122,0.878
LSO,2010,0.19299999999999995,0.807
LSO,2011,0.15200000000000002,0.848
LSO,2012,0.23199999999999998,0.768
LSO,2013,0.17800000000000005,0.822
LSO,2014,0.22199999999999998,0.778
LSO,2015,0.136,0.864
LSO,2016,0.17600000000000005,0.824
LSO,2017,0.21199999999999997,0.788
LSO,2018,0.29200000000000004,0.708
LSO,2019,0.403,0.597
LSO,2020,0.21699999999999997,0.783
LSO,2021,0.20699999999999996,0.793
LSO,2022,0.22699999999999998,0.773
LSO,2023,0.278,0.722
LSO,2024,0.18899999999999995,0.811
LSO,2025,0.19599999999999995,0.804
MAR,1989,0.43600000000000005,0.564
MAR,1990,0.392,0.608
MAR,1991,0.571,0.42900000000000005
MAR,1992,0.511,0.489
MAR,1993,0.529,0.471
MAR,1994,0.573,0.42700000000000005
MAR,1995,0.587,0.41300000000000003
MAR,1996,0.46499999999999997,0.535
MAR,1997,0.479,0.521
MAR,1998,0.518,0.482
MAR,1999,0.523,0.477
MAR,2000,0.5569999999999999,0.44300000000000006
MAR,2001,0.581,0.41900000000000004
MAR,2002,0.675,0.32499999999999996
MAR,2003,0.738,0.262
MAR,2004,0.763,0.237
MAR,2005,0.784,0.21599999999999997
MAR,2006,0.7969999999999999,0.20300000000000007
MAR,2007,0.787,0.21299999999999997
MAR,2008,0.766,0.23399999999999999
MAR,2009,0.772,0.22799999999999998
MAR,2010,0.752,0.248
MAR,2011,0.763,0.237
MAR,2012,0.759,0.241
MAR,2013,0.763,0.237
MAR,2014,0.756,0.244
MAR,2015,0.772,0.22799999999999998
MAR,2016,0.777,0.22299999999999998
MAR,2017,0.778,0.22199999999999998
MAR,2018,0.793,0.20699999999999996
MAR,2019,0.781,0.21899999999999997
MAR,2020,0.754,0.246
MAR,2021,0.761,0.239
MAR,2022,0.753,0.247
MAR,2023,0.743,0.257
MAR,2024,0.744,0.256
MAR,2025,0.732,0.268
MDA,1995,0.6799999999999999,0.32000000000000006
MDA,1996,0.706,0.29400000000000004
MDA,1997,0.626,0.374
MDA,1998,0.627,0.373
MDA,1999,0.627,0.373
MDA,2000,0.365,0.635
MDA,2001,0.43400000000000005,0.566
MDA,2002,0.43000000000000005,0.57
MDA,2003,0.44499999999999995,0.555
MDA,2004,0.43100000000000005,0.569
MDA,2005,0.42300000000000004,0.577
MDA,2006,0.402,0.598
MDA,2007,0.42300000000000004,0.577
MDA,2008,0.41500000000000004,0.585
MDA,2009,0.354,0.646
MDA,2010,0.32099999999999995,0.679
MDA,2011,0.34199999999999997,0.658
MDA,2012,0.32199999999999995,0.678
MDA,2013,0.31499999999999995,0.685
MDA,2014,0.28400000000000003,0.716
MDA,2015,0.237,0.763
MDA,2016,0.44899999999999995,0.551
MDA,2017,0.45899999999999996,0.541
MDA,2018,0.46599999999999997,0.534
MDA,2019,0.46399999999999997,0.536
MDA,2020,0.45199999999999996,0.548
MDA,2021,0.473,0.527
MDA,2022,0.397,0.603
MDA,2023,0.40900000000000003,0.591
MDA,2024,0.387,0.613
MDA,2025,0.41300000000000003,0.587
MDG,1989,0.386,0.614
MDG,1990,0.34099999999999997,0.659
MDG,1991,0.29600000000000004,0.704
MDG,1992,0.28400000000000003,0.716
MDG,1993,0.33699999999999997,0.663
MDG,1994,0.0,1.0
MDG,1995,0.32399999999999995,0.676
MDG,1996,0.33699999999999997,0.663
MDG,1997,0.05600000000000005,0.944
MDG,1998,0.23299999999999998,0.767
MDG,1999,0.07199999999999995,0.928
MDG,2000,0.09299999999999997,0.907
MDG,2001,0.22399999999999998,0.776
MDG,2002,0.235,0.765
MDG,2003,0.24,0.76
MDG,2004,0.17700000000000005,0.823
MDG,2005,0.22899999999999998,0.771
MDG,2006,0.43700000000000006,0.563
MDG,2007,0.42700000000000005,0.573
MDG,2008,0.42600000000000005,0.574
MDG,2009,0.44299999999999995,0.557
MDG,2010,0.362,0.638
MDG,2011,0.20299999999999996,0.797
MDG,2012,0.15800000000000003,0.842
MDG,2013,0.21899999999999997,0.781
MDG,2014,0.25,0.75
MDG,2015,0.242,0.758
MDG,2016,0.261,0.739
MDG,2017,0.268,0.732
MDG,2018,0.256,0.744
MDG,2019,0.237,0.763
MDG,2020,0.235,0.765
MDG,2021,0.20999999999999996,0.79
MDG,2022,0.16100000000000003,0.839
MDG,2023,0.18500000000000005,0.815
MDG,2024,0.16800000000000004,0.832
MDG,2025,0.134,0.866
MDV,1989,0.387,0.613
MDV,1990,0.381,0.619
MDV,1991,0.384,0.616
MDV,1992,0.42900000000000005,0.571
MDV,1993,0.5369999999999999,0.4630000000000001
MDV,1994,0.505,0.495
MDV,1995,0.46199999999999997,0.538
MDV,1996,0.42700000000000005,0.573
MDV,1997,0.405,0.595
MDV,1998,0.41800000000000004,0.582
MDV,1999,0.41600000000000004,0.584
MDV,2000,0.485,0.515
MDV,2001,0.502,0.498
MDV,2002,0.44699999999999995,0.553
MDV,2003,0.42900000000000005,0.571
MDV,2004,0.368,0.632
MDV,2005,0.49,0.51
MDV,2006,0.46099999999999997,0.539
MDV,2007,0.43600000000000005,0.564
MDV,2008,0.508,0.492
MDV,2009,0.546,0.45399999999999996
MDV,2010,0.556,0.44399999999999995
MDV,2011,0.517,0.483
MDV,2012,0.571,0.42900000000000005
MDV,2013,0.599,0.401
MDV,2014,0.653,0.347
MDV,2015,0.675,0.32499999999999996
MDV,2016,0.6639999999999999,0.3360000000000001
MDV,2017,0.6,0.4
MDV,2018,0.552,0.44799999999999995
MDV,2019,0.536,0.46399999999999997
MDV,2020,0.52,0.48
MDV,2021,0.651,0.349
MDV,2022,0.688,0.31200000000000006
MDV,2023,0.6950000000000001,0.30499999999999994
MDV,2024,0.71,0.29000000000000004
MEX,1989,0.5640000000000001,0.43599999999999994
MEX,1990,0.605,0.395
MEX,1991,0.604,0.396
MEX,1992,0.613,0.387
MEX,1993,0.609,0.391
MEX,1994,0.575,0.42500000000000004
MEX,1995,0.44699999999999995,0.553
MEX,1996,0.44499999999999995,0.555
MEX,1997,0.518,0.482
MEX,1998,0.52,0.48
MEX,1999,0.5680000000000001,0.43199999999999994
MEX,2000,0.631,0.369
MEX,2001,0.663,0.33699999999999997
MEX,2002,0.598,0.402
MEX,2003,0.604,0.396
MEX,2004,0.593,0.40700000000000003
MEX,2005,0.622,0.378
MEX,2006,0.733,0.267
MEX,2007,0.721,0.279
MEX,2008,0.821,0.17900000000000005
MEX,2009,0.8220000000000001,0.17799999999999994
MEX,2010,0.819,0.18100000000000005
MEX,2011,0.8069999999999999,0.19300000000000006
MEX,2012,0.8200000000000001,0.17999999999999994
MEX,2013,0.8280000000000001,0.17199999999999993
MEX,2014,0.8140000000000001,0.18599999999999994
MEX,2015,0.7969999999999999,0.20300000000000007
MEX,2016,0.77,0.22999999999999998
MEX,2017,0.781,0.21899999999999997
MEX,2018,0.787,0.21299999999999997
MEX,2019,0.8,0.19999999999999996
MEX,2020,0.782,0.21799999999999997
MEX,2021,0.791,0.20899999999999996
MEX,2022,0.8180000000000001,0.18199999999999994
MEX,2023,0.849,0.15100000000000002
MEX,2024,0.842,0.15800000000000003
MEX,2025,0.849,0.15100000000000002
MKD,1999,0.31399999999999995,0.686
MKD,2000,0.52,0.48
MKD,2001,0.515,0.485
MKD,2002,0.487,0.513
MKD,2003,0.45599999999999996,0.544
MKD,2004,0.43899999999999995,0.561
MKD,2005,0.30700000000000005,0.693
MKD,2006,0.363,0.637
MKD,2007,0.372,0.628
MKD,2008,0.348,0.652
MKD,2009,0.34199999999999997,0.658
MKD,2010,0.30600000000000005,0.694
MKD,2011,0.24,0.76
MKD,2012,0.364,0.636
MKD,2013,0.42200000000000004,0.578
MKD,2014,0.352,0.648
MKD,2015,0.387,0.613
MKD,2016,0.357,0.643
MKD,2017,0.387,0.613
MKD,2018,0.21099999999999997,0.789
MKD,2019,0.22899999999999998,0.771
MKD,2020,0.241,0.759
MKD,2021,0.245,0.755
MKD,2022,0.242,0.758
MKD,2023,0.29100000000000004,0.709
MKD,2024,0.33299999999999996,0.667
MKD,2025,0.38,0.62
MLI,1989,0.04400000000000004,0.956
MLI,1990,0.135,0.865
MLI,1991,0.14700000000000002,0.853
MLI,1992,0.031000000000000028,0.969
MLI,1993,0.030000000000000027,0.97
MLI,1994,0.08299999999999996,0.917
MLI,1995,0.07299999999999995,0.927
MLI,1996,0.04300000000000004,0.957
MLI,1997,0.04500000000000004,0.955
MLI,1998,0.11399999999999999,0.886
MLI,1999,0.016000000000000014,0.984
MLI,2000,0.016000000000000014,0.984
MLI,2001,0.07699999999999996,0.923
MLI,2002,0.08699999999999997,0.913
MLI,2003,0.07999999999999996,0.92
MLI,2004,0.06899999999999995,0.931
MLI,2005,0.06799999999999995,0.932
MLI,2006,0.05300000000000005,0.947
MLI,2007,0.08899999999999997,0.911
MLI,2008,0.08199999999999996,0.918
MLI,2009,0.15600000000000003,0.844
MLI,2010,0.17700000000000005,0.823
MLI,2011,0.17600000000000005,0.824
MLI,2012,0.15200000000000002,0.848
MLI,2013,0.17400000000000004,0.826
MLI,2014,0.20599999999999996,0.794
MLI,2015,0.21299999999999997,0.787
MLI,2016,0.30100000000000005,0.699
MLI,2017,0.376,0.624
MLI,2018,0.349,0.651
MLI,2019,0.37,0.63
MLI,2020,0.43200000000000005,0.568
MLI,2021,0.43899999999999995,0.561
MLI,2022,0.46099999999999997,0.539
MLI,2023,0.505,0.495
MLI,2024,0.503,0.497
MMR,1998,0.872,0.128
MMR,1999,0.853,0.14700000000000002
MMR,2000,0.899,0.10099999999999998
MMR,2001,0.933,0.06699999999999995
MMR,2002,0.897,0.10299999999999998
MMR,2003,0.885,0.11499999999999999
MMR,2004,0.89,0.10999999999999999
MMR,2005,0.901,0.09899999999999998
MMR,2006,0.895,0.10499999999999998
MMR,2007,0.888,0.11199999999999999
MMR,2008,0.895,0.10499999999999998
MMR,2009,0.906,0.09399999999999997
MMR,2010,0.918,0.08199999999999996
MMR,2011,0.937,0.06299999999999994
MMR,2012,0.938,0.062000000000000055
MMR,2013,0.832,0.16800000000000004
MMR,2014,0.8160000000000001,0.18399999999999994
MMR,2015,0.804,0.19599999999999995
MMR,2016,0.8109999999999999,0.18900000000000006
MMR,2017,0.81,0.18999999999999995
MMR,2018,0.798,0.20199999999999996
MMR,2019,0.808,0.19199999999999995
MMR,2020,0.771,0.22899999999999998
MMR,2021,0.748,0.252
MMR,2022,0.8,0.19999999999999996
MMR,2023,0.808,0.19199999999999995
MMR,2024,0.85,0.15000000000000002
MNE,2005,0.267,0.733
MNE,2006,0.281,0.719
MNE,2007,0.373,0.627
MNE,2008,0.46199999999999997,0.538
MNE,2009,0.386,0.614
MNE,2010,0.28200000000000003,0.718
MNE,2011,0.28300000000000003,0.717
MNE,2012,0.238,0.762
MNE,2013,0.259,0.741
MNE,2014,0.246,0.754
MNE,2015,0.19099999999999995,0.809
MNE,2016,0.22499999999999998,0.775
MNE,2017,0.22499999999999998,0.775
MNE,2018,0.20699999999999996,0.793
MNE,2019,0.21599999999999997,0.784
MNE,2020,0.16200000000000003,0.838
MNE,2021,0.18799999999999994,0.812
MNE,2022,0.20799999999999996,0.792
MNE,2023,0.22599999999999998,0.774
MNE,2024,0.17400000000000004,0.826
MNG,2001,0.049000000000000044,0.951
MNG,2002,0.028000000000000025,0.972
MNG,2003,0.03700000000000003,0.963
MNG,2004,0.08099999999999996,0.919
MNG,2005,0.08699999999999997,0.913
MNG,2006,0.05900000000000005,0.941
MNG,2007,0.038000000000000034,0.962
MNG,2008,0.030000000000000027,0.97
MNG,2009,0.22599999999999998,0.774
MNG,2010,0.27,0.73
MNG,2011,0.41600000000000004,0.584
MNG,2012,0.638,0.362
MNG,2013,0.256,0.744
MNG,2014,0.254,0.746
MNG,2015,0.371,0.629
MNG,2016,0.356,0.644
MNG,2017,0.16900000000000004,0.831
MNG,2018,0.07699999999999996,0.923
MNG,2019,0.06299999999999994,0.937
MNG,2020,0.04400000000000004,0.956
MNG,2021,0.03600000000000003,0.964
MNG,2022,0.03400000000000003,0.966
MNG,2023,0.0050000000000000044,0.995
MNG,2024,0.013000000000000012,0.987
MNG,2025,0.02100000000000002,0.979
MOZ,1999,0.16600000000000004,0.834
MOZ,2000,0.08099999999999996,0.919
MOZ,2001,0.499,0.501
MOZ,2002,0.249,0.751
MOZ,2003,0.25,0.75
MOZ,2004,0.30200000000000005,0.698
MOZ,2005,0.33899999999999997,0.661
MOZ,2006,0.44199999999999995,0.558
MOZ,2007,0.36,0.64
MOZ,2008,0.31699999999999995,0.683
MOZ,2009,0.29100000000000004,0.709
MOZ,2010,0.31000000000000005,0.69
MOZ,2011,0.29000000000000004,0.71
MOZ,2012,0.257,0.743
MOZ,2013,0.33899999999999997,0.661
MOZ,2014,0.406,0.594
MOZ,2015,0.43400000000000005,0.566
MOZ,2016,0.43999999999999995,0.56
MOZ,2017,0.43400000000000005,0.566
MOZ,2018,0.44399999999999995,0.556
MOZ,2019,0.43100000000000005,0.569
MOZ,2020,0.42200000000000004,0.578
MOZ,2021,0.482,0.518
MOZ,2022,0.552,0.44799999999999995
MOZ,2023,0.562,0.43799999999999994
MOZ,2024,0.623,0.377
MRT,1989,0.358,0.642
MRT,1990,0.375,0.625
MRT,1991,0.383,0.617
MRT,1992,0.07299999999999995,0.927
MRT,1993,0.22099999999999997,0.779
MRT,1994,0.21199999999999997,0.788
MRT,1995,0.18100000000000005,0.819
MRT,1996,0.17500000000000004,0.825
MRT,1997,0.09799999999999998,0.902
MRT,1998,0.10899999999999999,0.891
MRT,1999,0.0,1.0
MRT,2000,0.0,1.0
MRT,2001,0.0,1.0
MRT,2002,0.0,1.0
MRT,2003,0.0,1.0
MRT,2004,0.0,1.0
MRT,2005,0.11099999999999999,0.889
MRT,2006,0.29400000000000004,0.706
MRT,2007,0.563,0.43700000000000006
MRT,2008,0.485,0.515
MRT,2009,0.32399999999999995,0.676
MRT,2010,0.17600000000000005,0.824
MRT,2011,0.16000000000000003,0.84
MRT,2012,0.24,0.76
MRT,2013,0.22599999999999998,0.774
MRT,2014,0.21499999999999997,0.785
MRT,2015,0.21499999999999997,0.785
MRT,2016,0.17300000000000004,0.827
MRT,2017,0.16500000000000004,0.835
MRT,2018,0.255,0.745
MRT,2019,0.242,0.758
MRT,2020,0.243,0.757
MRT,2021,0.269,0.731
MRT,2022,0.22599999999999998,0.774
MRT,2023,0.20999999999999996,0.79
MUS,1989,0.474,0.526
MUS,1990,0.5429999999999999,0.4570000000000001
MUS,1991,0.544,0.45599999999999996
MUS,1992,0.5529999999999999,0.44700000000000006
MUS,1993,0.56,0.43999999999999995
MUS,1994,0.6779999999999999,0.32200000000000006
MUS,1995,0.552,0.44799999999999995
MUS,1996,0.571,0.42900000000000005
MUS,1997,0.5660000000000001,0.43399999999999994
MUS,1998,0.597,0.403
MUS,1999,0.643,0.357
MUS,2000,0.882,0.118
MUS,2001,0.901,0.09899999999999998
MUS,2002,0.883,0.11699999999999999
MUS,2003,0.906,0.09399999999999997
MUS,2004,0.905,0.09499999999999997
MUS,2005,0.914,0.08599999999999997
MUS,2006,0.921,0.07899999999999996
MUS,2007,0.922,0.07799999999999996
MUS,2008,0.865,0.135
MUS,2009,0.881,0.119
MUS,2010,0.853,0.14700000000000002
MUS,2011,0.835,0.16500000000000004
MUS,2012,0.8160000000000001,0.18399999999999994
MUS,2013,0.78,0.21999999999999997
MUS,2014,0.779,0.22099999999999997
MUS,2015,0.784,0.21599999999999997
MUS,2016,0.8140000000000001,0.18599999999999994
MUS,2017,0.842,0.15800000000000003
MUS,2018,0.865,0.135
MUS,2019,0.88,0.12
MUS,2020,0.832,0.16800000000000004
MUS,2021,0.83,0.17000000000000004
MUS,2022,0.83,0.17000000000000004
MUS,2023,0.841,0.15900000000000003
MUS,2024,0.844,0.15600000000000003
MUS,2025,0.858,0.14200000000000002
MYS,1989,0.663,0.33699999999999997
MYS,1990,0.6990000000000001,0.30099999999999993
MYS,1991,0.696,0.30400000000000005
MYS,1992,0.72,0.28
MYS,1993,0.6819999999999999,0.31800000000000006
MYS,1994,0.638,0.362
MYS,1995,0.5680000000000001,0.43199999999999994
MYS,1996,0.5780000000000001,0.42199999999999993
MYS,1997,0.34199999999999997,0.658
MYS,1998,0.40700000000000003,0.593
MYS,1999,0.43200000000000005,0.568
MYS,2000,0.486,0.514
MYS,2001,0.42400000000000004,0.576
MYS,2002,0.44899999999999995,0.551
MYS,2003,0.646,0.354
MYS,2004,0.649,0.351
MYS,2005,0.732,0.268
MYS,2006,0.743,0.257
MYS,2007,0.77,0.22999999999999998
MYS,2008,0.772,0.22799999999999998
MYS,2009,0.804,0.19599999999999995
MYS,2010,0.731,0.269
MYS,2011,0.7110000000000001,0.2889999999999999
MYS,2012,0.718,0.28200000000000003
MYS,2013,0.969,0.031000000000000028
MYS,2014,0.971,0.029000000000000026
MYS,2015,0.966,0.03400000000000003
MYS,2016,0.964,0.03600000000000003
MYS,2017,0.976,0.02400000000000002
MYS,2018,0.977,0.02300000000000002
MYS,2019,0.964,0.03600000000000003
MYS,2020,0.968,0.03200000000000003
MYS,2021,0.97,0.030000000000000027
MYS,2022,0.973,0.027000000000000024
MYS,2023,0.975,0.025000000000000022
MYS,2024,0.978,0.02200000000000002
MYS,2025,0.984,0.016000000000000014
NAM,2010,0.6859999999999999,0.31400000000000006
NAM,2011,0.63,0.37
NAM,2012,0.606,0.394
NAM,2013,0.5489999999999999,0.45100000000000007
NAM,2014,0.609,0.391
NAM,2015,0.482,0.518
NAM,2016,0.597,0.403
NAM,2017,0.542,0.45799999999999996
NAM,2018,0.5369999999999999,0.4630000000000001
NAM,2019,0.621,0.379
NAM,2020,0.624,0.376
NAM,2021,0.6739999999999999,0.32600000000000007
NAM,2022,0.7,0.30000000000000004
NAM,2023,0.7070000000000001,0.2929999999999999
NAM,2024,0.723,0.277
NAM,2025,0.841,0.15900000000000003
NER,1989,0.28,0.72
NER,1990,0.238,0.762
NER,1991,0.241,0.759
NER,1992,0.134,0.866
NER,1993,0.09699999999999998,0.903
NER,1994,0.131,0.869
NER,1995,0.123,0.877
NER,1996,0.127,0.873
NER,1997,0.15900000000000003,0.841
NER,1998,0.16600000000000004,0.834
NER,1999,0.050000000000000044,0.95
NER,2000,0.21499999999999997,0.785
NER,2001,0.20699999999999996,0.793
NER,2002,0.238,0.762
NER,2003,0.17400000000000004,0.826
NER,2004,0.21799999999999997,0.782
NER,2005,0.14900000000000002,0.851
NER,2006,0.281,0.719
NER,2007,0.31200000000000006,0.688
NER,2008,0.20499999999999996,0.795
NER,2009,0.21299999999999997,0.787
NER,2010,0.16900000000000004,0.831
NER,2011,0.11699999999999999,0.883
NER,2012,0.14600000000000002,0.854
NER,2013,0.16100000000000003,0.839
NER,2014,0.20599999999999996,0.794
NER,2015,0.30500000000000005,0.695
NER,2016,0.30900000000000005,0.691
NER,2017,0.381,0.619
NER,2018,0.39,0.61
NER,2019,0.388,0.612
NER,2020,0.399,0.601
NER,2021,0.42200000000000004,0.578
NER,2022,0.41300000000000003,0.587
NER,2023,0.45799999999999996,0.542
NER,2024,0.497,0.503
NGA,1989,0.577,0.42300000000000004
NGA,1990,0.526,0.474
NGA,1991,0.5589999999999999,0.44100000000000006
NGA,1992,0.369,0.631
NGA,1993,0.546,0.45399999999999996
NGA,1994,0.573,0.42700000000000005
NGA,1995,0.603,0.397
NGA,1996,0.5780000000000001,0.42199999999999993
NGA,1997,0.622,0.378
NGA,1998,0.637,0.363
NGA,1999,0.43500000000000005,0.565
NGA,2000,0.256,0.744
NGA,2001,0.31100000000000005,0.689
NGA,2002,0.271,0.729
NGA,2003,0.19199999999999995,0.808
NGA,2004,0.22699999999999998,0.773
NGA,2005,0.40900000000000003,0.591
NGA,2006,0.853,0.14700000000000002
NGA,2007,0.849,0.15100000000000002
NGA,2008,0.827,0.17300000000000004
NGA,2009,0.847,0.15300000000000002
NGA,2010,0.847,0.15300000000000002
NGA,2011,0.864,0.136
NGA,2012,0.865,0.135
NGA,2013,0.854,0.14600000000000002
NGA,2014,0.854,0.14600000000000002
NGA,2015,0.84,0.16000000000000003
NGA,2016,0.8049999999999999,0.19500000000000006
NGA,2017,0.72,0.28
NGA,2018,0.657,0.34299999999999997
NGA,2019,0.556,0.44399999999999995
NGA,2020,0.45799999999999996,0.542
NGA,2021,0.30800000000000005,0.692
NGA,2022,0.33699999999999997,0.663
NGA,2023,0.273,0.727
NGA,2024,0.565,0.43500000000000005
NIC,1997,0.0,1.0
NIC,1998,0.0,1.0
NIC,1999,0.22699999999999998,0.773
NIC,2000,0.19799999999999995,0.802
NIC,2001,0.45599999999999996,0.544
NIC,2002,0.43799999999999994,0.562
NIC,2003,0.41900000000000004,0.581
NIC,2004,0.491,0.509
NIC,2005,0.496,0.504
NIC,2006,0.538,0.46199999999999997
NIC,2007,0.6659999999999999,0.3340000000000001
NIC,2008,0.641,0.359
NIC,2009,0.605,0.395
NIC,2010,0.0,1.0
NIC,2011,0.0,1.0
NIC,2012,0.0,1.0
NIC,2013,0.0,1.0
NIC,2014,0.0,1.0
NIC,2015,0.0,1.0
NIC,2016,0.121,0.879
NIC,2017,0.10699999999999998,0.893
NIC,2018,0.10199999999999998,0.898
NIC,2019,0.09399999999999997,0.906
NIC,2020,0.08299999999999996,0.917
NIC,2021,0.07799999999999996,0.922
NIC,2022,0.06799999999999995,0.932
NIC,2023,0.06799999999999995,0.932
NIC,2024,0.20499999999999996,0.795
OMN,1989,0.41300000000000003,0.587
OMN,1990,0.030000000000000027,0.97
OMN,1991,0.954,0.04600000000000004
OMN,1992,0.956,0.04400000000000004
OMN,1993,0.948,0.052000000000000046
OMN,1994,0.933,0.06699999999999995
OMN,1995,0.929,0.07099999999999995
OMN,1996,0.933,0.06699999999999995
OMN,1997,0.904,0.09599999999999997
OMN,1998,0.94,0.06000000000000005
OMN,1999,0.928,0.07199999999999995
OMN,2000,0.927,0.07299999999999995
OMN,2001,0.955,0.04500000000000004
OMN,2002,0.9299999999999999,0.07000000000000006
OMN,2003,0.911,0.08899999999999997
OMN,2004,0.923,0.07699999999999996
OMN,2005,0.884,0.11599999999999999
OMN,2006,0.883,0.11699999999999999
OMN,2007,0.81,0.18999999999999995
OMN,2008,0.804,0.19599999999999995
OMN,2009,0.855,0.14500000000000002
OMN,2010,0.86,0.14
OMN,2011,0.846,0.15400000000000003
OMN,2012,0.861,0.139
OMN,2013,0.859,0.14100000000000001
OMN,2014,0.834,0.16600000000000004
OMN,2015,0.94,0.06000000000000005
OMN,2016,0.766,0.23399999999999999
OMN,2017,0.625,0.375
OMN,2018,0.524,0.476
OMN,2019,0.489,0.511
OMN,2020,0.486,0.514
OMN,2021,0.37,0.63
OMN,2022,0.29000000000000004,0.71
OMN,2023,0.239,0.761
OMN,2024,0.278,0.722
OMN,2025,0.265,0.735
PAK,1989,0.522,0.478
PAK,1990,0.513,0.487
PAK,1991,0.567,0.43300000000000005
PAK,1992,0.591,0.40900000000000003
PAK,1993,0.571,0.42900000000000005
PAK,1994,0.569,0.43100000000000005
PAK,1995,0.528,0.472
PAK,1996,0.521,0.479
PAK,1997,0.5349999999999999,0.4650000000000001
PAK,1998,0.528,0.472
PAK,1999,0.532,0.46799999999999997
PAK,2000,0.532,0.46799999999999997
PAK,2001,0.5640000000000001,0.43599999999999994
PAK,2002,0.5509999999999999,0.44900000000000007
PAK,2003,0.517,0.483
PAK,2004,0.516,0.484
PAK,2005,0.562,0.43799999999999994
PAK,2006,0.546,0.45399999999999996
PAK,2007,0.54,0.45999999999999996
PAK,2008,0.487,0.513
PAK,2009,0.603,0.397
PAK,2010,0.635,0.365
PAK,2011,0.675,0.32499999999999996
PAK,2012,0.698,0.30200000000000005
PAK,2013,0.725,0.275
PAK,2014,0.737,0.263
PAK,2015,0.755,0.245
PAK,2016,0.763,0.237
PAK,2017,0.724,0.276
PAK,2018,0.6890000000000001,0.31099999999999994
PAK,2019,0.6910000000000001,0.30899999999999994
PAK,2020,0.6990000000000001,0.30099999999999993
PAK,2021,0.6779999999999999,0.32200000000000006
PAK,2022,0.6759999999999999,0.32400000000000007
PAK,2023,0.634,0.366
PAK,2024,0.6910000000000001,0.30899999999999994
PAK,2025,0.708,0.29200000000000004
PAN,1993,0.257,0.743
PAN,1994,0.247,0.753
PAN,1995,0.22199999999999998,0.778
PAN,1996,0.26,0.74
PAN,1997,0.254,0.746
PAN,1998,0.245,0.755
PAN,1999,0.276,0.724
PAN,2000,0.275,0.725
PAN,2001,0.254,0.746
PAN,2002,0.255,0.745
PAN,2003,0.249,0.751
PAN,2004,0.276,0.724
PAN,2005,0.259,0.741
PAN,2006,0.255,0.745
PAN,2007,0.20999999999999996,0.79
PAN,2008,0.19099999999999995,0.809
PAN,2009,0.11199999999999999,0.888
PAN,2010,0.122,0.878
PAN,2011,0.16600000000000004,0.834
PAN,2012,0.244,0.756
PAN,2013,0.21999999999999997,0.78
PAN,2014,0.21299999999999997,0.787
PAN,2015,0.22599999999999998,0.774
PAN,2016,0.21799999999999997,0.782
PAN,2017,0.21299999999999997,0.787
PAN,2018,0.19899999999999995,0.801
PAN,2019,0.21899999999999997,0.781
PAN,2020,0.19299999999999995,0.807
PAN,2021,0.18899999999999995,0.811
PAN,2022,0.16800000000000004,0.832
PAN,2023,0.15000000000000002,0.85
PER,1999,0.29800000000000004,0.702
PER,2000,0.29600000000000004,0.704
PER,2001,0.29500000000000004,0.705
PER,2002,0.281,0.719
PER,2003,0.257,0.743
PER,2004,0.255,0.745
PER,2005,0.274,0.726
PER,2006,0.29900000000000004,0.701
PER,2007,0.36,0.64
PER,2008,0.368,0.632
PER,2009,0.42100000000000004,0.579
PER,2010,0.42000000000000004,0.58
PER,2011,0.43300000000000005,0.567
PER,2012,0.472,0.528
PER,2013,0.505,0.495
PER,2014,0.54,0.45999999999999996
PER,2015,0.497,0.503
PER,2016,0.5489999999999999,0.45100000000000007
PER,2017,0.6639999999999999,0.3360000000000001
PER,2018,0.6910000000000001,0.30899999999999994
PER,2019,0.71,0.29000000000000004
PER,2020,0.5840000000000001,0.4159999999999999
PER,2021,0.473,0.527
PER,2022,0.494,0.506
PER,2023,0.529,0.471
PER,2024,0.526,0.474
PER,2025,0.5720000000000001,0.42799999999999994
PHL,1989,0.61,0.39
PHL,1990,0.491,0.509
PHL,1991,0.518,0.482
PHL,1992,0.40700000000000003,0.593
PHL,1993,0.493,0.507
PHL,1994,0.554,0.44599999999999995
PHL,1995,0.571,0.42900000000000005
PHL,1996,0.602,0.398
PHL,1997,0.54,0.45999999999999996
PHL,1998,0.496,0.504
PHL,1999,0.473,0.527
PHL,2000,0.478,0.522
PHL,2001,0.5509999999999999,0.44900000000000007
PHL,2002,0.5589999999999999,0.44100000000000006
PHL,2003,0.5429999999999999,0.4570000000000001
PHL,2004,0.596,0.404
PHL,2005,0.64,0.36
PHL,2006,0.643,0.357
PHL,2007,0.669,0.33099999999999996
PHL,2008,0.6619999999999999,0.3380000000000001
PHL,2009,0.655,0.345
PHL,2010,0.642,0.358
PHL,2011,0.637,0.363
PHL,2012,0.6799999999999999,0.32000000000000006
PHL,2013,0.698,0.30200000000000005
PHL,2014,0.718,0.28200000000000003
PHL,2015,0.719,0.281
PHL,2016,0.71,0.29000000000000004
PHL,2017,0.73,0.27
PHL,2018,0.714,0.28600000000000003
PHL,2019,0.733,0.267
PHL,2020,0.727,0.273
PHL,2021,0.748,0.252
PHL,2022,0.736,0.264
PHL,2023,0.7170000000000001,0.2829999999999999
PHL,2024,0.7130000000000001,0.2869999999999999
PHL,2025,0.7070000000000001,0.2929999999999999
PNG,1989,0.31799999999999995,0.682
PNG,1990,0.272,0.728
PNG,1991,0.28800000000000003,0.712
PNG,1992,0.357,0.643
PNG,1993,0.41500000000000004,0.585
PNG,1994,0.492,0.508
PNG,1995,0.43600000000000005,0.564
PNG,1996,0.507,0.493
PNG,1997,0.528,0.472
PNG,1998,0.474,0.526
PNG,1999,0.31599999999999995,0.684
PNG,2000,0.29700000000000004,0.703
PNG,2001,0.29800000000000004,0.702
PNG,2002,0.31699999999999995,0.683
PNG,2003,0.387,0.613
PNG,2004,0.42400000000000004,0.576
PNG,2005,0.476,0.524
PNG,2006,0.46799999999999997,0.532
PNG,2007,0.509,0.491
PNG,2008,0.597,0.403
PNG,2009,0.609,0.391
PNG,2010,0.602,0.398
PNG,2011,0.6779999999999999,0.32200000000000006
PNG,2012,0.724,0.276
PNG,2013,0.746,0.254
PNG,2014,0.769,0.23099999999999998
PNG,2015,0.75,0.25
PNG,2016,0.722,0.278
PNG,2017,0.6839999999999999,0.31600000000000006
PNG,2018,0.606,0.394
PNG,2019,0.542,0.45799999999999996
PNG,2020,0.5509999999999999,0.44900000000000007
PNG,2021,0.56,0.43999999999999995
PNG,2022,0.5569999999999999,0.44300000000000006
PNG,2023,0.552,0.44799999999999995
PNG,2024,0.558,0.44199999999999995
PRY,1989,0.33399999999999996,0.666
PRY,1990,0.5409999999999999,0.4590000000000001
PRY,1991,0.474,0.526
PRY,1992,0.502,0.498
PRY,1993,0.507,0.493
PRY,1994,0.5429999999999999,0.4570000000000001
PRY,1995,0.519,0.481
PRY,1996,0.515,0.485
PRY,1997,0.43799999999999994,0.562
PRY,1998,0.475,0.525
PRY,1999,0.473,0.527
PRY,2000,0.532,0.46799999999999997
PRY,2001,0.46299999999999997,0.537
PRY,2002,0.483,0.517
PRY,2003,0.45699999999999996,0.543
PRY,2004,0.21399999999999997,0.786
PRY,2005,0.22799999999999998,0.772
PRY,2006,0.261,0.739
PRY,2007,0.28900000000000003,0.711
PRY,2008,0.28700000000000003,0.713
PRY,2009,0.33199999999999996,0.668
PRY,2010,0.31999999999999995,0.68
PRY,2011,0.11599999999999999,0.884
PRY,2012,0.63,0.37
PRY,2013,0.378,0.622
PRY,2014,0.31699999999999995,0.683
PRY,2015,0.257,0.743
PRY,2016,0.21199999999999997,0.788
PRY,2017,0.19299999999999995,0.807
PRY,2018,0.16600000000000004,0.834
PRY,2019,0.061000000000000054,0.939
PRY,2020,0.10299999999999998,0.897
PRY,2021,0.10299999999999998,0.897
PRY,2022,0.08799999999999997,0.912
PRY,2023,0.09899999999999998,0.901
PRY,2024,0.09499999999999997,0.905
PRY,2025,0.10799999999999998,0.892
QAT,1990,1.0,0.0
QAT,1991,1.0,0.0
QAT,1992,1.0,0.0
QAT,1993,1.0,0.0
QAT,1994,1.0,0.0
QAT,1995,1.0,0.0
QAT,1996,1.0,0.0
QAT,1997,1.0,0.0
QAT,1998,1.0,0.0
QAT,1999,0.892,0.10799999999999998
QAT,2000,0.743,0.257
QAT,2001,0.768,0.23199999999999998
QAT,2002,0.74,0.26
QAT,2003,0.739,0.261
QAT,2004,0.74,0.26
QAT,2005,0.719,0.281
QAT,2006,0.706,0.29400000000000004
QAT,2007,0.663,0.33699999999999997
QAT,2008,0.812,0.18799999999999994
QAT,2009,0.641,0.359
QAT,2010,0.6719999999999999,0.32800000000000007
QAT,2011,0.698,0.30200000000000005
QAT,2012,0.6679999999999999,0.3320000000000001
QAT,2013,0.675,0.32499999999999996
QAT,2014,0.651,0.349
QAT,2015,0.758,0.242
QAT,2016,0.677,0.32299999999999995
QAT,2017,0.748,0.252
QAT,2018,0.677,0.32299999999999995
QAT,2019,0.617,0.383
QAT,2020,0.529,0.471
QAT,2021,0.563,0.43700000000000006
QAT,2022,0.552,0.44799999999999995
QAT,2023,0.571,0.42900000000000005
QAT,2024,0.5509999999999999,0.44900000000000007
QAT,2025,0.45099999999999996,0.549
ROU,1996,0.264,0.736
ROU,1997,0.35,0.65
ROU,1998,0.394,0.606
ROU,1999,0.48,0.52
ROU,2000,0.369,0.631
ROU,2001,0.504,0.496
ROU,2002,0.44199999999999995,0.558
ROU,2003,0.265,0.735
ROU,2004,0.31999999999999995,0.68
ROU,2005,0.28700000000000003,0.713
ROU,2006,0.29700000000000004,0.703
ROU,2007,0.371,0.629
ROU,2008,0.396,0.604
ROU,2009,0.506,0.494
ROU,2010,0.496,0.504
ROU,2011,0.496,0.504
ROU,2012,0.41100000000000003,0.589
ROU,2013,0.44799999999999995,0.552
ROU,2014,0.42600000000000005,0.574
ROU,2015,0.46099999999999997,0.539
ROU,2016,0.478,0.522
ROU,2017,0.48,0.52
ROU,2018,0.496,0.504
ROU,2019,0.512,0.488
ROU,2020,0.477,0.523
ROU,2021,0.46599999999999997,0.534
ROU,2022,0.46199999999999997,0.538
ROU,2023,0.482,0.518
ROU,2024,0.485,0.515
ROU,2025,0.471,0.529
RUS,1992,0.518,0.482
RUS,1993,0.497,0.503
RUS,1994,0.33599999999999997,0.664
RUS,1995,0.591,0.40900000000000003
RUS,1996,0.614,0.386
RUS,1997,0.613,0.387
RUS,1998,0.475,0.525
RUS,1999,0.44099999999999995,0.559
RUS,2000,0.515,0.485
RUS,2001,0.5,0.5
RUS,2002,0.518,0.482
RUS,2003,0.34099999999999997,0.659
RUS,2004,0.362,0.638
RUS,2005,0.42700000000000005,0.573
RUS,2006,0.613,0.387
RUS,2007,0.7030000000000001,0.29699999999999993
RUS,2008,0.759,0.241
RUS,2009,0.781,0.21899999999999997
RUS,2010,0.808,0.19199999999999995
RUS,2011,0.836,0.16400000000000003
RUS,2012,0.7070000000000001,0.2929999999999999
RUS,2013,0.692,0.30800000000000005
RUS,2014,0.617,0.383
RUS,2015,0.5569999999999999,0.44300000000000006
RUS,2016,0.628,0.372
RUS,2017,0.6839999999999999,0.31600000000000006
RUS,2018,0.653,0.347
RUS,2019,0.6930000000000001,0.30699999999999994
RUS,2020,0.737,0.263
RUS,2021,0.806,0.19399999999999995
RUS,2022,0.898,0.10199999999999998
RUS,2023,0.922,0.07799999999999996
RUS,2024,0.956,0.04400000000000004
RUS,2025,0.966,0.03400000000000003
RWA,1989,0.32699999999999996,0.673
RWA,1990,0.33699999999999997,0.663
RWA,1991,0.31699999999999995,0.683
RWA,1992,0.22199999999999998,0.778
RWA,1993,0.253,0.747
RWA,1994,0.0,1.0
RWA,1995,0.17800000000000005,0.822
RWA,1996,0.265,0.735
RWA,1997,0.353,0.647
RWA,1998,0.28700000000000003,0.713
RWA,1999,0.30400000000000005,0.696
RWA,2000,0.32099999999999995,0.679
RWA,2001,0.31599999999999995,0.684
RWA,2002,0.269,0.731
RWA,2003,0.15500000000000003,0.845
RWA,2004,0.259,0.741
RWA,2005,0.235,0.765
RWA,2006,0.483,0.517
RWA,2007,0.375,0.625
RWA,2008,0.30000000000000004,0.7
RWA,2009,0.31599999999999995,0.684
RWA,2010,0.32899999999999996,0.671
RWA,2011,0.237,0.763
RWA,2012,0.27,0.73
RWA,2013,0.23199999999999998,0.768
RWA,2014,0.243,0.757
RWA,2015,0.26,0.74
RWA,2016,0.22799999999999998,0.772
RWA,2017,0.21299999999999997,0.787
RWA,2018,0.18600000000000005,0.814
RWA,2019,0.19699999999999995,0.803
RWA,2020,0.19299999999999995,0.807
RWA,2021,0.22599999999999998,0.774
RWA,2022,0.25,0.75
RWA,2023,0.20999999999999996,0.79
RWA,2024,0.16900000000000004,0.831
RWA,2025,0.18799999999999994,0.812
SEN,1989,0.34099999999999997,0.659
SEN,1990,0.30200000000000005,0.698
SEN,1991,0.32399999999999995,0.676
SEN,1992,0.21499999999999997,0.785
SEN,1993,0.19599999999999995,0.804
SEN,1994,0.21999999999999997,0.78
SEN,1995,0.21099999999999997,0.789
SEN,1996,0.17000000000000004,0.83
SEN,1997,0.17500000000000004,0.825
SEN,1998,0.0,1.0
SEN,1999,0.0,1.0
SEN,2000,0.08599999999999997,0.914
SEN,2001,0.14200000000000002,0.858
SEN,2002,0.138,0.862
SEN,2003,0.137,0.863
SEN,2004,0.16700000000000004,0.833
SEN,2005,0.11699999999999999,0.883
SEN,2006,0.242,0.758
SEN,2007,0.30700000000000005,0.693
SEN,2008,0.22299999999999998,0.777
SEN,2009,0.41000000000000003,0.59
SEN,2010,0.44099999999999995,0.559
SEN,2011,0.33699999999999997,0.663
SEN,2012,0.33199999999999996,0.668
SEN,2013,0.378,0.622
SEN,2014,0.30400000000000005,0.696
SEN,2015,0.29900000000000004,0.701
SEN,2016,0.31499999999999995,0.685
SEN,2017,0.252,0.748
SEN,2018,0.14500000000000002,0.855
SEN,2019,0.138,0.862
SEN,2020,0.18999999999999995,0.81
SEN,2021,0.276,0.724
SEN,2022,0.33499999999999996,0.665
SEN,2023,0.378,0.622
SEN,2024,0.30600000000000005,0.694
SEN,2025,0.39,0.61
SLB,1989,0.18000000000000005,0.82
SLB,1990,0.21199999999999997,0.788
SLB,1991,0.32299999999999995,0.677
SLB,1992,0.33699999999999997,0.663
SLB,1993,0.404,0.596
SLB,1994,0.43799999999999994,0.562
SLB,1995,0.42900000000000005,0.571
SLB,1996,0.41100000000000003,0.589
SLB,1997,0.267,0.733
SLB,1998,0.32399999999999995,0.676
SLB,1999,0.257,0.743
SLB,2000,0.29100000000000004,0.709
SLB,2001,0.359,0.641
SLB,2002,0.236,0.764
SLB,2003,0.32099999999999995,0.679
SLB,2004,0.345,0.655
SLB,2005,0.32099999999999995,0.679
SLB,2006,0.34099999999999997,0.659
SLB,2007,0.279,0.721
SLB,2008,0.30200000000000005,0.698
SLB,2009,0.18899999999999995,0.811
SLB,2010,0.355,0.645
SLB,2011,0.41100000000000003,0.589
SLB,2012,0.30000000000000004,0.7
SLB,2013,0.0,1.0
SLB,2014,0.0,1.0
SLB,2015,0.0,1.0
SLB,2016,0.0,1.0
SLB,2017,0.15600000000000003,0.844
SLB,2018,0.18400000000000005,0.816
SLB,2019,0.18200000000000005,0.818
SLB,2020,0.249,0.751
SLB,2021,0.347,0.653
SLB,2022,0.346,0.654
SLB,2023,0.381,0.619
SLB,2024,0.29800000000000004,0.702
SLB,2025,0.28400000000000003,0.716
SLE,1989,0.509,0.491
SLE,1990,0.45199999999999996,0.548
SLE,1991,0.28500000000000003,0.715
SLE,1992,0.395,0.605
SLE,1993,0.41600000000000004,0.584
SLE,1994,0.579,0.42100000000000004
SLE,1995,0.258,0.742
SLE,1996,0.41300000000000003,0.587
SLE,1997,0.18899999999999995,0.811
SLE,1998,0.30100000000000005,0.699
SLE,1999,0.137,0.863
SLE,2000,0.4,0.6
SLE,2001,0.39,0.61
SLE,2002,0.32799999999999996,0.672
SLE,2003,0.271,0.729
SLE,2004,0.254,0.746
SLE,2005,0.256,0.744
SLE,2006,0.249,0.751
SLE,2007,0.472,0.528
SLE,2008,0.692,0.30800000000000005
SLE,2009,0.41600000000000004,0.584
SLE,2010,0.42300000000000004,0.577
SLE,2011,0.397,0.603
SLE,2012,0.394,0.606
SLE,2013,0.395,0.605
SLE,2014,0.42800000000000005,0.572
SLE,2015,0.45599999999999996,0.544
SLE,2016,0.522,0.478
SLE,2017,0.5680000000000001,0.43199999999999994
SLE,2018,0.571,0.42900000000000005
SLE,2019,0.5469999999999999,0.45300000000000007
SLE,2020,0.5489999999999999,0.45100000000000007
SLE,2021,0.56,0.43999999999999995
SLE,2022,0.531,0.469
SLE,2023,0.5449999999999999,0.45500000000000007
SLE,2024,0.6,0.4
SRB,2000,0.943,0.05700000000000005
SRB,2001,0.9319999999999999,0.06800000000000006
SRB,2002,0.56,0.43999999999999995
SRB,2003,0.567,0.43300000000000005
SRB,2004,0.482,0.518
SRB,2005,0.483,0.517
SRB,2006,0.499,0.501
SRB,2007,0.484,0.516
SRB,2008,0.46399999999999997,0.536
SRB,2009,0.514,0.486
SRB,2010,0.5489999999999999,0.45100000000000007
SRB,2011,0.18000000000000005,0.82
SRB,2012,0.521,0.479
SRB,2013,0.499,0.501
SRB,2014,0.22599999999999998,0.774
SRB,2015,0.22799999999999998,0.772
SRB,2016,0.21599999999999997,0.784
SRB,2017,0.237,0.763
SRB,2018,0.267,0.733
SRB,2019,0.28400000000000003,0.716
SRB,2020,0.31100000000000005,0.689
SRB,2021,0.28900000000000003,0.711
SRB,2022,0.255,0.745
SRB,2023,0.21999999999999997,0.78
SRB,2024,0.22199999999999998,0.778
SRB,2025,0.22899999999999998,0.771
STP,2005,0.15100000000000002,0.849
STP,2006,0.08599999999999997,0.914
STP,2007,0.06399999999999995,0.936
STP,2008,0.07299999999999995,0.927
STP,2009,0.14,0.86
STP,2010,0.14100000000000001,0.859
STP,2011,0.07599999999999996,0.924
STP,2012,0.22199999999999998,0.778
STP,2013,0.19599999999999995,0.804
STP,2014,0.06699999999999995,0.933
STP,2015,0.052000000000000046,0.948
STP,2016,0.07799999999999996,0.922
STP,2017,0.121,0.879
STP,2018,0.16900000000000004,0.831
STP,2019,0.269,0.731
STP,2020,0.31499999999999995,0.685
STP,2021,0.253,0.747
STP,2022,0.353,0.647
STP,2023,0.34299999999999997,0.657
STP,2024,0.28700000000000003,0.713
SUR,2011,0.14900000000000002,0.851
SUR,2012,0.15700000000000003,0.843
SUR,2013,0.17000000000000004,0.83
SUR,2014,0.20099999999999996,0.799
SUR,2015,0.46299999999999997,0.537
SUR,2016,0.22199999999999998,0.778
SUR,2017,0.21899999999999997,0.781
SUR,2018,0.20599999999999996,0.794
SUR,2019,0.17200000000000004,0.828
SUR,2020,0.23099999999999998,0.769
SUR,2021,0.19399999999999995,0.806
SUR,2022,0.127,0.873
SUR,2023,0.09099999999999997,0.909
SUR,2024,0.08599999999999997,0.914
SUR,2025,0.10199999999999998,0.898
SWZ,1989,0.29500000000000004,0.705
SWZ,1990,0.15200000000000002,0.848
SWZ,1991,0.139,0.861
SWZ,1992,0.06499999999999995,0.935
SWZ,1993,0.10899999999999999,0.891
SWZ,1994,0.04500000000000004,0.955
SWZ,1995,0.11099999999999999,0.889
SWZ,1997,0.137,0.863
SWZ,1998,0.131,0.869
SWZ,1999,0.20799999999999996,0.792
SWZ,2000,0.23399999999999999,0.766
SWZ,2001,0.07599999999999996,0.924
SWZ,2002,0.131,0.869
SWZ,2003,0.32599999999999996,0.674
SWZ,2004,0.33899999999999997,0.661
SWZ,2005,0.22099999999999997,0.779
SWZ,2006,0.243,0.757
SWZ,2007,0.33799999999999997,0.662
SWZ,2008,0.11399999999999999,0.886
SWZ,2009,0.118,0.882
SWZ,2010,0.44499999999999995,0.555
SWZ,2011,0.44799999999999995,0.552
SWZ,2012,0.5489999999999999,0.45100000000000007
SWZ,2013,0.5549999999999999,0.44500000000000006
SWZ,2014,0.521,0.479
SWZ,2015,0.46799999999999997,0.532
SWZ,2016,0.585,0.41500000000000004
SWZ,2017,0.62,0.38
SWZ,2018,0.5880000000000001,0.4119999999999999
SWZ,2019,0.644,0.356
SWZ,2020,0.679,0.32099999999999995
SWZ,2021,0.642,0.358
SWZ,2022,0.615,0.385
SWZ,2023,0.583,0.41700000000000004
SWZ,2024,0.542,0.45799999999999996
SYC,1989,0.028000000000000025,0.972
SYC,1990,0.027000000000000024,0.973
SYC,1991,0.10599999999999998,0.894
SYC,1992,0.558,0.44199999999999995
SYC,1993,0.621,0.379
SYC,1994,0.741,0.259
SYC,1995,0.744,0.256
SYC,1996,0.778,0.22199999999999998
SYC,1997,0.804,0.19599999999999995
SYC,1998,0.808,0.19199999999999995
SYC,1999,0.802,0.19799999999999995
SYC,2000,0.791,0.20899999999999996
SYC,2001,0.834,0.16600000000000004
SYC,2002,0.835,0.16500000000000004
SYC,2003,0.774,0.22599999999999998
SYC,2004,0.783,0.21699999999999997
SYC,2005,0.766,0.23399999999999999
SYC,2006,0.633,0.367
SYC,2007,0.514,0.486
SYC,2008,0.4,0.6
SYC,2009,0.32899999999999996,0.671
SYC,2010,0.41300000000000003,0.587
SYC,2011,0.375,0.625
SYC,2012,0.44799999999999995,0.552
SYC,2013,0.44699999999999995,0.553
SYC,2014,0.45699999999999996,0.543
SYC,2015,0.509,0.491
SYC,2016,0.5349999999999999,0.4650000000000001
SYC,2017,0.525,0.475
SYC,2018,0.51,0.49
SYC,2019,0.504,0.496
SYC,2020,0.373,0.627
SYC,2021,0.46099999999999997,0.539
SYC,2022,0.45899999999999996,0.541
SYC,2023,0.44299999999999995,0.557
SYC,2024,0.40700000000000003,0.593
SYC,2025,0.371,0.629
SYR,2008,1.0,0.0
SYR,2009,0.999,0.0010000000000000009
SYR,2010,1.0,0.0
SYR,2011,0.997,0.0030000000000000027
TCD,1989,0.28300000000000003,0.717
TCD,1990,0.243,0.757
TCD,1991,0.245,0.755
TCD,1992,0.21999999999999997,0.78
TCD,1993,0.22399999999999998,0.776
TCD,1994,0.15400000000000003,0.846
TCD,1995,0.15200000000000002,0.848
TCD,1996,0.09599999999999997,0.904
TCD,1997,0.06599999999999995,0.934
TCD,1998,0.007000000000000006,0.993
TCD,1999,0.0,1.0
TCD,2000,0.125,0.875
TCD,2001,0.135,0.865
TCD,2002,0.19899999999999995,0.801
TCD,2003,0.139,0.861
TCD,2004,0.17700000000000005,0.823
TCD,2005,0.18200000000000005,0.818
TCD,2006,0.21299999999999997,0.787
TCD,2007,0.17500000000000004,0.825
TCD,2008,0.14900000000000002,0.851
TCD,2009,0.44099999999999995,0.559
TCD,2010,0.383,0.617
TCD,2011,0.371,0.629
TCD,2012,0.397,0.603
TCD,2013,0.472,0.528
TCD,2014,0.5800000000000001,0.41999999999999993
TCD,2015,0.729,0.271
TCD,2016,0.745,0.255
TCD,2017,0.7150000000000001,0.2849999999999999
TCD,2018,0.688,0.31200000000000006
TCD,2019,0.727,0.273
TCD,2020,0.742,0.258
TCD,2021,0.745,0.255
TCD,2022,0.723,0.277
TCD,2023,0.7,0.30000000000000004
TCD,2024,0.637,0.363
TGO,1989,0.246,0.754
TGO,1990,0.22299999999999998,0.777
TGO,1991,0.22199999999999998,0.778
TGO,1992,0.125,0.875
TGO,1993,0.11699999999999999,0.883
TGO,1994,0.15100000000000002,0.849
TGO,1995,0.14900000000000002,0.851
TGO,1996,0.11399999999999999,0.886
TGO,1997,0.10099999999999998,0.899
TGO,1998,0.16500000000000004,0.835
TGO,1999,0.05500000000000005,0.945
TGO,2000,0.10399999999999998,0.896
TGO,2001,0.122,0.878
TGO,2002,0.06699999999999995,0.933
TGO,2003,0.07799999999999996,0.922
TGO,2004,0.06999999999999995,0.93
TGO,2005,0.23199999999999998,0.768
TGO,2006,0.32899999999999996,0.671
TGO,2007,0.43500000000000005,0.565
TGO,2008,0.506,0.494
TGO,2009,0.484,0.516
TGO,2010,0.374,0.626
TGO,2011,0.656,0.344
TGO,2012,0.764,0.236
TGO,2013,0.79,0.20999999999999996
TGO,2014,0.742,0.258
TGO,2015,0.724,0.276
TGO,2016,0.72,0.28
TGO,2017,0.706,0.29400000000000004
TGO,2018,0.7070000000000001,0.2929999999999999
TGO,2019,0.647,0.353
TGO,2020,0.639,0.361
TGO,2021,0.643,0.357
TGO,2022,0.667,0.33299999999999996
TGO,2023,0.6679999999999999,0.3320000000000001
TGO,2024,0.635,0.365
THA,1989,0.7170000000000001,0.2829999999999999
THA,1990,0.768,0.23199999999999998
THA,1991,0.7150000000000001,0.2849999999999999
THA,1992,0.683,0.31699999999999995
THA,1993,0.587,0.41300000000000003
THA,1994,0.44499999999999995,0.555
THA,1995,0.378,0.622
THA,1996,0.22899999999999998,0.771
THA,1997,0.09799999999999998,0.902
THA,1998,0.615,0.385
THA,1999,0.648,0.352
THA,2000,0.641,0.359
THA,2001,0.6639999999999999,0.3360000000000001
THA,2002,0.765,0.235
THA,2003,0.791,0.20899999999999996
THA,2004,0.849,0.15100000000000002
THA,2005,0.873,0.127
THA,2006,0.898,0.10199999999999998
THA,2007,0.946,0.05400000000000005
THA,2008,0.9410000000000001,0.05899999999999994
THA,2009,0.944,0.05600000000000005
THA,2010,0.918,0.08199999999999996
THA,2011,0.887,0.11299999999999999
THA,2012,0.846,0.15400000000000003
THA,2013,0.8260000000000001,0.17399999999999993
THA,2014,0.823,0.17700000000000005
THA,2015,0.856,0.14400000000000002
THA,2016,0.852,0.14800000000000002
THA,2017,0.972,0.028000000000000025
THA,2018,0.977,0.02300000000000002
THA,2019,0.98,0.020000000000000018
THA,2020,0.984,0.016000000000000014
THA,2021,0.982,0.018000000000000016
THA,2022,0.983,0.017000000000000015
THA,2023,0.986,0.014000000000000012
THA,2024,0.99,0.010000000000000009
THA,2025,0.992,0.008000000000000007
TJK,1998,0.31699999999999995,0.683
TJK,1999,0.273,0.727
TJK,2000,0.17500000000000004,0.825
TJK,2001,0.22299999999999998,0.777
TJK,2002,0.243,0.757
TJK,2003,0.22399999999999998,0.776
TJK,2004,0.23399999999999999,0.766
TJK,2005,0.23299999999999998,0.767
TJK,2006,0.18799999999999994,0.812
TJK,2007,0.17200000000000004,0.828
TJK,2008,0.11399999999999999,0.886
TJK,2009,0.08699999999999997,0.913
TJK,2010,0.133,0.867
TJK,2011,0.129,0.871
TJK,2012,0.19299999999999995,0.807
TJK,2013,0.19499999999999995,0.805
TJK,2014,0.17400000000000004,0.826
TJK,2015,0.139,0.861
TJK,2016,0.263,0.737
TJK,2017,0.19099999999999995,0.809
TJK,2018,0.20299999999999996,0.797
TJK,2019,0.20399999999999996,0.796
TJK,2020,0.135,0.865
TJK,2021,0.123,0.877
TJK,2022,0.129,0.871
TJK,2023,0.11299999999999999,0.887
TJK,2024,0.11199999999999999,0.888
TJK,2025,0.138,0.862
TLS,2012,0.546,0.45399999999999996
TLS,2013,0.0,1.0
TLS,2014,0.010000000000000009,0.99
TLS,2015,0.025000000000000022,0.975
TLS,2016,0.08599999999999997,0.914
TLS,2017,0.0,1.0
TLS,2018,0.0010000000000000009,0.999
TLS,2019,0.010000000000000009,0.99
TLS,2020,0.0,1.0
TLS,2021,0.018000000000000016,0.982
TLS,2022,0.03500000000000003,0.965
TLS,2023,0.02200000000000002,0.978
TLS,2024,0.02100000000000002,0.979
TON,1989,0.369,0.631
TON,1990,0.42800000000000005,0.572
TON,1991,0.41300000000000003,0.587
TON,1992,0.41100000000000003,0.589
TON,1993,0.43000000000000005,0.57
TON,1994,0.353,0.647
TON,1995,0.26,0.74
TON,1996,0.22999999999999998,0.77
TON,1997,0.22999999999999998,0.77
TON,1998,0.124,0.876
TON,1999,0.18700000000000006,0.813
TON,2000,0.19199999999999995,0.808
TON,2001,0.32999999999999996,0.67
TON,2002,0.386,0.614
TON,2003,0.371,0.629
TON,2004,0.387,0.613
TON,2005,0.277,0.723
TON,2006,0.31200000000000006,0.688
TON,2007,0.28700000000000003,0.713
TON,2008,0.15000000000000002,0.85
TON,2009,0.11699999999999999,0.883
TON,2010,0.126,0.874
TON,2011,0.08599999999999997,0.914
TON,2012,0.08299999999999996,0.917
TON,2013,0.07799999999999996,0.922
TON,2014,0.08299999999999996,0.917
TON,2015,0.09599999999999997,0.904
TON,2016,0.128,0.872
TON,2017,0.10899999999999999,0.891
TON,2018,0.17800000000000005,0.822
TON,2019,0.15600000000000003,0.844
TON,2020,0.138,0.862
TON,2021,0.16600000000000004,0.834
TON,2022,0.25,0.75
TON,2023,0.33099999999999996,0.669
TON,2024,0.377,0.623
TTO,2015,0.696,0.30400000000000005
TTO,2016,0.626,0.374
TTO,2017,0.638,0.362
TTO,2018,0.62,0.38
TTO,2019,0.638,0.362
TTO,2020,0.655,0.345
TTO,2021,0.673,0.32699999999999996
TTO,2022,0.677,0.32299999999999995
TTO,2023,0.677,0.32299999999999995
TTO,2024,0.663,0.33699999999999997
TUR,1989,0.514,0.486
TUR,1990,0.49,0.51
TUR,1991,0.46499999999999997,0.535
TUR,1992,0.485,0.515
TUR,1993,0.479,0.521
TUR,1994,0.41800000000000004,0.582
TUR,1995,0.43600000000000005,0.564
TUR,1996,0.492,0.508
TUR,1997,0.501,0.499
TUR,1998,0.526,0.474
TUR,1999,0.55,0.44999999999999996
TUR,2000,0.577,0.42300000000000004
TUR,2001,0.7050000000000001,0.29499999999999993
TUR,2002,0.637,0.363
TUR,2003,0.7110000000000001,0.2889999999999999
TUR,2004,0.7110000000000001,0.2889999999999999
TUR,2005,0.647,0.353
TUR,2006,0.639,0.361
TUR,2007,0.6990000000000001,0.30099999999999993
TUR,2008,0.673,0.32699999999999996
TUR,2009,0.719,0.281
TUR,2010,0.741,0.259
TUR,2011,0.7130000000000001,0.2869999999999999
TUR,2012,0.734,0.266
TUR,2013,0.6990000000000001,0.30099999999999993
TUR,2014,0.692,0.30800000000000005
TUR,2015,0.6659999999999999,0.3340000000000001
TUR,2016,0.625,0.375
TUR,2017,0.627,0.373
TUR,2018,0.577,0.42300000000000004
TUR,2019,0.5329999999999999,0.4670000000000001
TUR,2020,0.482,0.518
TUR,2021,0.395,0.605
TUR,2022,0.44099999999999995,0.559
TUR,2023,0.45499999999999996,0.545
TUR,2024,0.5369999999999999,0.4630000000000001
TUR,2025,0.556,0.44399999999999995
TZA,1989,0.0,1.0
TZA,1990,0.19499999999999995,0.805
TZA,1991,0.132,0.868
TZA,1992,0.08199999999999996,0.918
TZA,1993,0.05600000000000005,0.944
TZA,1994,0.15900000000000003,0.841
TZA,1995,0.22799999999999998,0.772
TZA,1996,0.18000000000000005,0.82
TZA,1997,0.15100000000000002,0.849
TZA,1998,0.135,0.865
TZA,1999,0.09099999999999997,0.909
TZA,2000,0.15600000000000003,0.844
TZA,2001,0.127,0.873
TZA,2002,0.124,0.876
TZA,2003,0.11599999999999999,0.884
TZA,2004,0.123,0.877
TZA,2005,0.18300000000000005,0.817
TZA,2006,0.627,0.373
TZA,2007,0.44999999999999996,0.55
TZA,2008,0.348,0.652
TZA,2009,0.32999999999999996,0.67
TZA,2010,0.33499999999999996,0.665
TZA,2011,0.32699999999999996,0.673
TZA,2012,0.346,0.654
TZA,2013,0.33199999999999996,0.668
TZA,2014,0.33999999999999997,0.66
TZA,2015,0.275,0.725
TZA,2016,0.34299999999999997,0.657
TZA,2017,0.32799999999999996,0.672
TZA,2018,0.33099999999999996,0.669
TZA,2019,0.29200000000000004,0.708
TZA,2020,0.32899999999999996,0.671
TZA,2021,0.359,0.641
TZA,2022,0.41200000000000003,0.588
TZA,2023,0.373,0.627
TZA,2024,0.42200000000000004,0.578
UGA,1989,0.624,0.376
UGA,1990,0.656,0.344
UGA,1991,0.56,0.43999999999999995
UGA,1992,0.28400000000000003,0.716
UGA,1993,0.124,0.876
UGA,1994,0.019000000000000017,0.981
UGA,1995,0.124,0.876
UGA,1996,0.18700000000000006,0.813
UGA,1997,0.11199999999999999,0.888
UGA,1998,0.027000000000000024,0.973
UGA,1999,0.18400000000000005,0.816
UGA,2000,0.14300000000000002,0.857
UGA,2001,0.242,0.758
UGA,2002,0.272,0.728
UGA,2003,0.22599999999999998,0.774
UGA,2004,0.254,0.746
UGA,2005,0.253,0.747
UGA,2006,0.733,0.267
UGA,2007,0.577,0.42300000000000004
UGA,2008,0.5549999999999999,0.44500000000000006
UGA,2009,0.375,0.625
UGA,2010,0.356,0.644
UGA,2011,0.369,0.631
UGA,2012,0.389,0.611
UGA,2013,0.41500000000000004,0.585
UGA,2014,0.44299999999999995,0.557
UGA,2015,0.389,0.611
UGA,2016,0.389,0.611
UGA,2017,0.33099999999999996,0.669
UGA,2018,0.33899999999999997,0.661
UGA,2019,0.36,0.64
UGA,2020,0.356,0.644
UGA,2021,0.376,0.624
UGA,2022,0.403,0.597
UGA,2023,0.40900000000000003,0.591
UGA,2024,0.498,0.502
UGA,2025,0.5489999999999999,0.45100000000000007
UKR,1995,0.42300000000000004,0.577
UKR,1996,0.489,0.511
UKR,1997,0.623,0.377
UKR,1998,0.45899999999999996,0.541
UKR,1999,0.43400000000000005,0.566
UKR,2000,0.491,0.509
UKR,2001,0.46299999999999997,0.537
UKR,2002,0.44299999999999995,0.557
UKR,2003,0.406,0.594
UKR,2004,0.375,0.625
UKR,2005,0.32099999999999995,0.679
UKR,2006,0.31499999999999995,0.685
UKR,2007,0.32399999999999995,0.676
UKR,2008,0.527,0.473
UKR,2009,0.608,0.392
UKR,2010,0.581,0.41900000000000004
UKR,2011,0.6,0.4
UKR,2012,0.614,0.386
UKR,2013,0.622,0.378
UKR,2014,0.56,0.43999999999999995
UKR,2015,0.478,0.522
UKR,2016,0.499,0.501
UKR,2017,0.509,0.491
UKR,2018,0.505,0.495
UKR,2019,0.494,0.506
UKR,2020,0.495,0.505
UKR,2021,0.521,0.479
UKR,2022,0.45099999999999996,0.549
UKR,2023,0.352,0.648
UKR,2024,0.31799999999999995,0.682
UKR,2025,0.28800000000000003,0.712
URY,2003,0.42600000000000005,0.574
URY,2004,0.41500000000000004,0.585
URY,2005,0.41800000000000004,0.582
URY,2006,0.365,0.635
URY,2007,0.345,0.655
URY,2008,0.41700000000000004,0.583
URY,2009,0.45799999999999996,0.542
URY,2010,0.475,0.525
URY,2011,0.5,0.5
URY,2012,0.505,0.495
URY,2013,0.476,0.524
URY,2014,0.45099999999999996,0.549
URY,2015,0.44799999999999995,0.552
URY,2016,0.512,0.488
URY,2017,0.548,0.45199999999999996
URY,2018,0.52,0.48
URY,2019,0.489,0.511
URY,2020,0.486,0.514
URY,2021,0.492,0.508
URY,2022,0.544,0.45599999999999996
URY,2023,0.575,0.42500000000000004
URY,2024,0.552,0.44799999999999995
URY,2025,0.581,0.41900000000000004
UZB,1998,0.6719999999999999,0.32800000000000007
UZB,1999,0.6910000000000001,0.30899999999999994
UZB,2000,0.6619999999999999,0.3380000000000001
UZB,2001,0.673,0.32699999999999996
UZB,2002,0.633,0.367
UZB,2003,0.579,0.42100000000000004
UZB,2004,0.522,0.478
UZB,2005,0.46299999999999997,0.537
UZB,2006,0.30400000000000005,0.696
UZB,2007,0.20099999999999996,0.799
UZB,2008,0.19299999999999995,0.807
UZB,2009,0.19999999999999996,0.8
UZB,2010,0.20199999999999996,0.798
UZB,2011,0.276,0.724
UZB,2012,0.33799999999999997,0.662
UZB,2013,0.30000000000000004,0.7
UZB,2014,0.30800000000000005,0.692
UZB,2015,0.262,0.738
UZB,2016,0.32699999999999996,0.673
UZB,2017,0.31499999999999995,0.685
UZB,2018,0.29300000000000004,0.707
UZB,2019,0.266,0.734
UZB,2020,0.21199999999999997,0.788
UZB,2021,0.19899999999999995,0.801
UZB,2022,0.16000000000000003,0.84
UZB,2023,0.16400000000000003,0.836
UZB,2024,0.15200000000000002,0.848
VCT,1990,0.716,0.28400000000000003
VCT,1991,0.6659999999999999,0.3340000000000001
VCT,1992,0.616,0.384
VCT,1993,0.5820000000000001,0.4179999999999999
VCT,1994,0.5589999999999999,0.44100000000000006
VCT,1995,0.534,0.46599999999999997
VCT,1996,0.46399999999999997,0.536
VCT,1997,0.43899999999999995,0.561
VCT,1998,0.376,0.624
VCT,1999,0.5680000000000001,0.43199999999999994
VCT,2000,0.575,0.42500000000000004
VCT,2001,0.589,0.41100000000000003
VCT,2002,0.605,0.395
VCT,2003,0.629,0.371
VCT,2004,0.569,0.43100000000000005
VCT,2005,0.43600000000000005,0.564
VCT,2006,0.41800000000000004,0.582
VCT,2007,0.514,0.486
VCT,2008,0.46599999999999997,0.534
VCT,2009,0.521,0.479
VCT,2010,0.42400000000000004,0.576
VCT,2011,0.43100000000000005,0.569
VCT,2012,0.494,0.506
VCT,2013,0.473,0.527
VCT,2014,0.45199999999999996,0.548
VCT,2015,0.43600000000000005,0.564
VCT,2016,0.506,0.494
VCT,2017,0.45299999999999996,0.547
VCT,2018,0.514,0.486
VCT,2019,0.497,0.503
VCT,2020,0.489,0.511
VCT,2021,0.43999999999999995,0.56
VCT,2022,0.41000000000000003,0.59
VCT,2023,0.403,0.597
VCT,2024,0.366,0.634
VEN,1998,0.11599999999999999,0.884
VEN,1999,0.14600000000000002,0.854
VEN,2000,0.249,0.751
VEN,2001,0.39,0.61
VEN,2002,0.523,0.477
VEN,2003,0.506,0.494
VEN,2004,0.46099999999999997,0.539
VEN,2005,0.4,0.6
VEN,2006,0.42900000000000005,0.571
VEN,2007,0.565,0.43500000000000005
VEN,2008,0.53,0.47
VEN,2009,0.56,0.43999999999999995
VEN,2010,0.694,0.30600000000000005
VEN,2011,0.74,0.26
VEN,2012,0.792,0.20799999999999996
VEN,2013,0.798,0.20199999999999996
VEN,2014,0.763,0.237
VEN,2015,0.74,0.26
VEN,2016,0.7050000000000001,0.29499999999999993
VEN,2017,0.7050000000000001,0.29499999999999993
VEN,2018,0.744,0.256
VEN,2019,0.7,0.30000000000000004
VEN,2020,0.6910000000000001,0.30899999999999994
VNM,1992,0.031000000000000028,0.969
VNM,1993,0.04600000000000004,0.954
VNM,1994,0.03200000000000003,0.968
VNM,1995,0.039000000000000035,0.961
VNM,1996,0.04200000000000004,0.958
VNM,1997,0.062000000000000055,0.938
VNM,1998,0.07199999999999995,0.928
VNM,1999,0.06699999999999995,0.933
VNM,2000,0.129,0.871
VNM,2001,0.134,0.866
VNM,2002,0.16000000000000003,0.84
VNM,2003,0.19299999999999995,0.807
VNM,2004,0.22399999999999998,0.776
VNM,2005,0.267,0.733
VNM,2006,0.32199999999999995,0.678
VNM,2007,0.387,0.613
VNM,2008,0.394,0.606
VNM,2009,0.396,0.604
VNM,2010,0.404,0.596
VNM,2011,0.39,0.61
VNM,2012,0.43100000000000005,0.569
VNM,2013,0.501,0.499
VNM,2014,0.556,0.44399999999999995
VNM,2015,0.5800000000000001,0.41999999999999993
VNM,2016,0.601,0.399
VNM,2017,0.598,0.402
VNM,2018,0.614,0.386
VNM,2019,0.619,0.381
VNM,2020,0.638,0.362
VNM,2021,0.6719999999999999,0.32800000000000007
VNM,2022,0.7,0.30000000000000004
VNM,2023,0.72,0.28
VUT,1989,0.481,0.519
VUT,1990,0.396,0.604
VUT,1991,0.30800000000000005,0.692
VUT,1992,0.241,0.759
VUT,1993,0.16300000000000003,0.837
VUT,1994,0.276,0.724
VUT,1995,0.29300000000000004,0.707
VUT,1996,0.32099999999999995,0.679
VUT,1997,0.33599999999999997,0.664
VUT,1998,0.249,0.751
VUT,1999,0.22399999999999998,0.776
VUT,2000,0.235,0.765
VUT,2001,0.264,0.736
VUT,2002,0.28800000000000003,0.712
VUT,2003,0.382,0.618
VUT,2004,0.28800000000000003,0.712
VUT,2005,0.29300000000000004,0.707
VUT,2006,0.29400000000000004,0.706
VUT,2007,0.249,0.751
VUT,2008,0.20899999999999996,0.791
VUT,2009,0.279,0.721
VUT,2010,0.276,0.724
VUT,2011,0.32399999999999995,0.676
VUT,2012,0.28,0.72
VUT,2013,0.21899999999999997,0.781
VUT,2014,0.33299999999999996,0.667
VUT,2015,0.368,0.632
VUT,2016,0.361,0.639
VUT,2017,0.381,0.619
VUT,2018,0.22499999999999998,0.775
VUT,2019,0.18500000000000005,0.815
VUT,2020,0.21499999999999997,0.785
VUT,2021,0.16900000000000004,0.831
VUT,2022,0.16300000000000003,0.837
VUT,2023,0.21799999999999997,0.782
VUT,2024,0.29200000000000004,0.708
WSM,1989,0.06599999999999995,0.934
WSM,1990,0.05400000000000005,0.946
WSM,1991,0.013000000000000012,0.987
WSM,1992,0.0,1.0
WSM,1993,0.0,1.0
WSM,1994,0.04500000000000004,0.955
WSM,1995,0.11299999999999999,0.887
WSM,1996,0.128,0.872
WSM,1997,0.136,0.864
WSM,1998,0.08899999999999997,0.911
WSM,1999,0.07199999999999995,0.928
WSM,2000,0.039000000000000035,0.961
WSM,2001,0.06999999999999995,0.93
WSM,2002,0.07999999999999996,0.92
WSM,2003,0.018000000000000016,0.982
WSM,2004,0.03400000000000003,0.966
WSM,2005,0.02200000000000002,0.978
WSM,2006,0.09199999999999997,0.908
WSM,2007,0.06599999999999995,0.934
WSM,2008,0.05900000000000005,0.941
WSM,2009,0.06699999999999995,0.933
WSM,2010,0.04600000000000004,0.954
WSM,2011,0.04300000000000004,0.957
WSM,2012,0.031000000000000028,0.969
WSM,2013,0.03600000000000003,0.964
WSM,2014,0.051000000000000045,0.949
WSM,2015,0.061000000000000054,0.939
WSM,2016,0.06899999999999995,0.931
WSM,2017,0.01200000000000001,0.988
WSM,2018,0.051000000000000045,0.949
WSM,2019,0.038000000000000034,0.962
WSM,2020,0.016000000000000014,0.984
WSM,2021,0.013000000000000012,0.987
WSM,2022,0.06399999999999995,0.936
WSM,2023,0.119,0.881
WSM,2024,0.09899999999999998,0.901
XKX,2009,0.0010000000000000009,0.999
XKX,2010,0.08199999999999996,0.918
XKX,2011,0.0010000000000000009,0.999
XKX,2012,0.704,0.29600000000000004
XKX,2013,0.752,0.248
XKX,2014,0.79,0.20999999999999996
XKX,2015,0.791,0.20899999999999996
XKX,2016,0.8240000000000001,0.17599999999999993
XKX,2017,0.7969999999999999,0.20300000000000007
XKX,2018,0.808,0.19199999999999995
XKX,2019,0.89,0.10999999999999999
XKX,2020,0.92,0.07999999999999996
XKX,2021,0.945,0.05500000000000005
XKX,2022,0.954,0.04600000000000004
XKX,2023,0.958,0.04200000000000004
XKX,2024,0.914,0.08599999999999997
XKX,2025,0.888,0.11199999999999999
YEM,1990,0.6890000000000001,0.31099999999999994
YEM,1991,0.7070000000000001,0.2929999999999999
YEM,1992,0.747,0.253
YEM,1993,0.781,0.21899999999999997
YEM,1994,0.817,0.18300000000000005
YEM,1995,0.492,0.508
YEM,1996,0.41300000000000003,0.587
YEM,1997,0.344,0.656
YEM,1998,0.238,0.762
YEM,1999,0.40700000000000003,0.593
YEM,2000,0.28400000000000003,0.716
YEM,2001,0.251,0.749
YEM,2002,0.246,0.754
YEM,2003,0.277,0.723
YEM,2004,0.31999999999999995,0.68
YEM,2005,0.33199999999999996,0.668
YEM,2006,0.34099999999999997,0.659
YEM,2007,0.367,0.633
YEM,2008,0.41800000000000004,0.582
YEM,2009,0.521,0.479
YEM,2010,0.558,0.44199999999999995
YEM,2011,0.607,0.393
YEM,2012,0.646,0.354
YEM,2013,0.6970000000000001,0.30299999999999994
YEM,2014,0.723,0.277
YEM,2015,0.763,0.237
YEM,2016,0.762,0.238
YEM,2017,0.719,0.281
YEM,2018,0.723,0.277
YEM,2019,0.725,0.275
YEM,2020,0.731,0.269
YEM,2021,0.6719999999999999,0.32800000000000007
YEM,2022,0.656,0.344
YEM,2023,0.643,0.357
ZAF,1998,0.911,0.08899999999999997
ZAF,1999,0.92,0.07999999999999996
ZAF,2000,0.893,0.10699999999999998
ZAF,2001,0.859,0.14100000000000001
ZAF,2002,0.759,0.241
ZAF,2003,0.812,0.18799999999999994
ZAF,2004,0.836,0.16400000000000003
ZAF,2005,0.827,0.17300000000000004
ZAF,2006,0.8069999999999999,0.19300000000000006
ZAF,2007,0.794,0.20599999999999996
ZAF,2008,0.761,0.239
ZAF,2009,0.793,0.20699999999999996
ZAF,2010,0.938,0.062000000000000055
ZAF,2011,0.927,0.07299999999999995
ZAF,2012,0.9359999999999999,0.06400000000000006
ZAF,2013,0.931,0.06899999999999995
ZAF,2014,0.927,0.07299999999999995
ZAF,2015,0.914,0.08599999999999997
ZAF,2016,0.896,0.10399999999999998
ZAF,2017,0.899,0.10099999999999998
ZAF,2018,0.884,0.11599999999999999
ZAF,2019,0.877,0.123
ZAF,2020,0.899,0.10099999999999998
ZAF,2021,0.902,0.09799999999999998
ZAF,2022,0.903,0.09699999999999998
ZAF,2023,0.897,0.10299999999999998
ZAF,2024,0.905,0.09499999999999997
ZAF,2025,0.704,0.29600000000000004
ZMB,1989,0.0,1.0
ZMB,1990,0.0,1.0
ZMB,1991,0.0,1.0
ZMB,1992,0.0,1.0
ZMB,1993,0.0,1.0
ZMB,1994,0.0,1.0
ZMB,1995,0.0,1.0
ZMB,1996,0.0,1.0
ZMB,1997,0.0,1.0
ZMB,1998,0.0,1.0
ZMB,1999,0.0,1.0
ZMB,2000,0.398,0.602
ZMB,2001,0.46799999999999997,0.532
ZMB,2002,0.388,0.612
ZMB,2003,0.362,0.638
ZMB,2004,0.34099999999999997,0.659
ZMB,2005,0.56,0.43999999999999995
ZMB,2006,0.7030000000000001,0.29699999999999993
ZMB,2007,0.7170000000000001,0.2829999999999999
ZMB,2008,0.645,0.355
ZMB,2009,0.708,0.29200000000000004
ZMB,2010,0.71,0.29000000000000004
ZMB,2011,0.624,0.376
ZMB,2012,0.529,0.471
ZMB,2013,0.552,0.44799999999999995
ZMB,2014,0.471,0.529
ZMB,2015,0.381,0.619
ZMB,2016,0.479,0.521
ZMB,2017,0.46399999999999997,0.536
ZMB,2018,0.45299999999999996,0.547
ZMB,2019,0.472,0.528
ZMB,2020,0.40800000000000003,0.592
ZMB,2021,0.5489999999999999,0.45100000000000007
ZMB,2022,0.491,0.509
ZMB,2023,0.513,0.487
ZMB,2024,0.515,0.485
ZWE,1990,0.493,0.507
ZWE,1991,0.504,0.496
ZWE,1992,0.476,0.524
ZWE,1993,0.46399999999999997,0.536
ZWE,1994,0.46299999999999997,0.537
ZWE,1995,0.45999999999999996,0.54
ZWE,1996,0.45399999999999996,0.546
ZWE,1997,0.44799999999999995,0.552
ZWE,1998,0.45899999999999996,0.541
ZWE,1999,0.45899999999999996,0.541
ZWE,2000,0.46299999999999997,0.537
ZWE,2001,0.44899999999999995,0.551
ZWE,2002,0.46699999999999997,0.533
ZWE,2003,0.53,0.47
ZWE,2004,0.43700000000000006,0.563
ZWE,2005,0.37,0.63
ZWE,2006,0.369,0.631
ZWE,2007,0.378,0.622
ZWE,2008,0.45799999999999996,0.542
ZWE,2009,0.599,0.401
ZWE,2010,0.597,0.403
ZWE,2011,0.606,0.394
ZWE,2012,0.61,0.39
ZWE,2013,0.625,0.375
ZWE,2014,0.696,0.30400000000000005
ZWE,2015,0.724,0.276
ZWE,2016,0.738,0.262
ZWE,2017,0.8160000000000001,0.18399999999999994
ZWE,2018,0.847,0.15300000000000002
ZWE,2019,0.877,0.123
ZWE,2020,0.876,0.124
ZWE,2021,0.86,0.14
ZWE,2022,0.909,0.09099999999999997
ZWE,2023,0.887,0.11299999999999999
ZWE,2024,0.897,0.10299999999999998
