index,w_m_exceso,m_x_infl,infl_prev_c,w_PIB_crec_real,w_r_fisher,w_deficit_rez,poca_prof_c,def_x_poca_prof,w_depreciacion,const
2,-2.45652684444625,11.496961672935972,-4.680169361441526,7.04687499241221,1.0641607356015381,2.343,-0.027815562296776286,-0.06517186246134683,0.0,1.0
3,11.089787095031513,-50.47306736410795,-4.551310762919973,1.99198444906199,1.1530505148030112,2.102,-0.0141789596068983,-0.029804173093700224,0.0,1.0
4,9.1789538162138,-31.933027380898707,-3.4789397593974023,1.2380418420716,-0.39991747406245004,-0.114,-0.04168310551411625,0.004751874028609253,0.0,1.0
5,-5.317449894091629,20.394627156983567,-3.8354150134342824,7.62292064930222,3.9240013296208742,-0.086,-0.043474858690989326,0.0037388378474250816,0.0,1.0
6,1.70543414585258,-8.0578250142207,-4.72479399677578,4.1820016304779,5.407868231153068,-0.645,-0.061406379121917265,0.039607114533636634,0.0,1.0
7,11.430664662293983,-89.93203029170606,-7.867611634900142,-0.944953481157384,9.299180911625559,0.835,-0.10338997492974028,-0.08633062906633313,0.0,1.0
8,7.76538053037622,-55.284869385927486,-7.119402477401713,1.11050459944282,0.6370602320656227,3.169,-0.14560302477590126,-0.4614159855148311,0.0,1.0
9,-4.07797449162946,26.296495035895042,-6.448420677930136,7.29372807096192,0.04944616254922707,-1.896,-0.1133301508396733,0.21487396599202055,0.0,1.0
10,6.574884926253588,-30.024978893502972,-4.566616637443023,-0.383137672063768,1.2548306819078814,8.531,-0.13608485978803936,-1.1609399388517638,0.0,1.0
11,1.2460844976441,-5.427545663659437,-4.355680272020866,1.12741146411624,-0.6353032548471971,2.957,-0.13431905523483229,-0.39718144632939906,0.0,1.0
12,0.2110513324248999,-0.8886485770911585,-4.2105802739121465,3.0895443848509,0.9814564636140499,2.541,-0.11275041257836932,-0.28649879836163644,0.0,1.0
13,14.72830343157762,-50.4432490186616,-3.4249191872643525,1.83575517191368,-0.9193891172196933,1.046,-0.10206242870428434,-0.10675730042468141,0.0,1.0
14,17.42736530386623,-64.36394099774516,-3.6932685965712864,-11.6777413693852,-0.8271904314766987,-1.466,-0.15440826392392132,0.22636251491246864,0.0,1.0
15,2.452122826961898,-10.512145556843567,-4.286957179003867,-2.73345679250639,0.1934249819620204,2.631,-0.18348442554686428,-0.4827475236137999,0.0,1.0
16,-3.242438223966584,20.80691096331365,-6.417057018856586,3.36923718421511,2.8583761112727535,3.487,-0.15798219418990933,-0.5508839111402138,0.0,1.0
17,9.2912906081052,-60.417998002210965,-6.502648614768942,-1.04079988436683,-2.5053192854331385,6.429,-0.1823368849469893,-1.1722438333241942,0.0,1.0
18,-10.15162926765104,71.15342462532197,-7.009064530366364,6.43146080719245,3.0104271282876294,8.955,-0.18711470402480934,-1.6756121745421677,0.0,1.0
19,4.1723209015669696,-30.318497407203026,-7.266578511690344,1.42609951155575,4.383439693227298,6.048,-0.19788323923344525,-1.196797830883877,0.0,1.0
20,5.841099825439581,-48.54810339295957,-8.311466135456092,3.61147906591042,1.0201034405932452,7.459,-0.16174667022791728,-1.206468413230035,0.0,1.0
21,8.26657135190384,-62.42329870187335,-7.551292554620834,1.23433537363427,-0.4533796598317874,1.475,-0.1676971694620653,-0.24735332495654636,0.0,1.0
22,-1.72931694968045,12.212476773238578,-7.062023404960697,3.49342985290626,2.1394403080905455,1.455,-0.1679431968517383,-0.24435735141927925,0.0,1.0
23,0.0187371640134803,-0.13684020742465874,-7.303144025755987,3.21247111920076,1.0507990203612483,2.587,-0.15512887087978533,-0.4013183889660047,0.0,1.0
24,3.16894588339471,-22.95285593394982,-7.243057085393247,1.22914408896015,-0.4333528859938207,2.641,-0.19180415269681828,-0.5065547672722971,0.0,1.0
25,28.92977345341899,-195.4026138910769,-6.75437760360283,-12.716771466874244,0.3587380058756917,0.247,-0.41987436760345737,-0.10370896879805397,0.0,1.0
26,-2.9918609844388,23.688535625262805,-7.917659192212165,14.833691976226,5.2165423168616165,16.709,-0.2799416105013294,-4.6775443698667125,0.0,1.0
27,-7.28487810440398,58.67263925827535,-8.054031710263699,10.6079607621246,-0.42616886743390703,9.704,-0.2003143357899983,-1.9438503145061437,0.0,1.0
28,-8.728092248436676,61.11100053993017,-7.0016446664935295,9.51636022347185,-1.2441114393727193,0.503,-0.1759413647803843,-0.0884985064845333,0.0,1.0
62,64.67003161011986,3708.478727662212,57.34462525114789,7.27427735417383,-30.753723343003294,-5.216,0.3528252159885015,-1.8403363265960238,68.01164671469917,1.0
63,52.95698793353916,3036.798627478364,57.34462525114789,4.69114645217414,-29.970384456875077,0.269,0.3692945559259654,0.09934023554408469,68.01164671469917,1.0
64,78.75633626224682,4516.252589111933,57.34462525114789,2.18148971731765,-1.9997570002615705,5.924,0.37931232133405357,2.2470461915829336,68.01164671469917,1.0
65,78.75633626224682,4516.252589111933,57.34462525114789,3.05462423452938,-30.753723343003294,9.399,0.3799322356072218,3.570983082472277,68.01164671469917,1.0
66,78.75633626224682,4516.252589111933,57.34462525114789,4.20599855694861,-30.753723343003294,-2.021,0.36833840459763856,-0.7444119156918275,68.01164671469917,1.0
67,78.75633626224682,4516.252589111933,57.34462525114789,13.6656887610553,-27.943153978628178,-2.805,0.37419102631903434,-1.0496058288248913,68.01164671469917,1.0
68,64.61100195458059,3705.0936941866075,57.34462525114789,3.48731240097521,-30.753723343003294,2.245,0.36970488679561864,0.8299874708561639,68.01164671469917,1.0
69,37.132101943377,2129.3264707303742,57.34462525114789,11.4198633904585,-30.753723343003294,4.102,0.36614636933637223,1.501932407017799,11.97628292364634,1.0
70,46.5512168500576,2669.462085251474,57.34462525114789,14.1547775343954,-14.982365390346287,-1.032,0.36698068019728247,-0.37872406196359554,4.330524495176502,1.0
71,48.0091073772585,2306.558228399749,48.04418066502827,11.8418178757042,-25.429587810945677,-6.404,0.3471379336695417,-2.223071327219745,-7.791574677367874,1.0
72,36.418747445349496,805.3362429901772,22.11323286718404,13.0026889457976,-8.61022487514499,-8.415,0.31717512869929954,-2.669028708004605,-4.556447867785285,1.0
73,78.75633626224682,1001.0426242260517,12.710629667849574,10.7866360496581,1.2964770868419961,-3.853,0.2968812570098538,-1.1438834832589668,-2.180775259140899,1.0
74,19.480091782115068,113.13271357244452,5.807606803799208,1.99558909788963,-9.912312945490044,3.796,0.20664338897419277,0.7844183045460357,5.723871133976255,1.0
75,-0.0058648001114294,0.02671001205606099,-4.554291970498392,5.29366572819954,22.430974234758846,6.796,0.23303306361332865,1.5836927003161816,15.855091832243383,1.0
76,33.55308642676638,109.98041713565391,3.2778032916792714,3.59386960240222,-17.378898915422013,-2.977,0.23726168178744267,-0.7063280266812167,2.2077294557736327,1.0
77,-3.604935393429321,-24.094074184740197,6.683635503886206,8.50312283866612,-20.08659273430089,-7.195,0.22610897008064168,-1.626854039730217,1.6322025888300118,1.0
78,9.26353434957428,127.94316488970449,13.811484910787243,4.88306129688392,-3.7037763411715274,-3.685,0.2147766291511296,-0.7914518784219126,1.1001849292848087,1.0
79,11.53347368404695,61.50095228657932,5.332387619841468,4.65572356315585,0.2842646593308018,0.27,0.22831219941894365,0.06164429384311479,1.848496871378913,1.0
80,11.013135716608812,-35.11716148755204,-3.1886614667421345,0.763177710914789,-0.7370281861932226,5.069,0.19262198723768276,0.9764008533078139,22.13402834371776,1.0
81,13.701319163850783,-89.67787356765456,-6.545199954487478,-0.233076954805284,8.76074961396689,2.575,0.2313923756704067,0.5958353673512973,36.31140901807848,1.0
82,0.7901376593368601,-0.5269043667301825,-0.6668513524243336,-0.164688656961076,-12.018312580486413,3.983,0.2675194121613297,1.0655298186385762,1.380646344346892,1.0
83,20.93475737854516,123.12203003623416,5.8812255527936,-0.506697543616156,-13.618245655893746,5.747,0.2830953061085678,1.6269487242059393,52.39990288905598,1.0
84,31.16935219888517,469.85353405600546,15.074215564634372,-1.05523414494337,-14.609200044999959,-2.03,0.28003139543013966,-0.5684637327231835,44.2821878696535,1.0
85,29.57425670595357,439.7095470981911,14.867983039102839,-5.27349128300007,-11.682448750625907,-0.693,0.3015200632449908,-0.2089534038287786,58.50270797330377,1.0
86,-10.41293099689274,-128.802633314633,12.369488797445044,1.09058369944815,-7.902033753230809,1.659,0.3256873769464569,0.540315358354172,9.197123682385744,1.0
87,-4.97066031962179,-79.67361269566432,16.028778386072972,3.55749206675667,-21.014758454206472,-3.399,0.3431657852003659,-1.1664205038960436,-14.901493798407714,1.0
88,36.44474154947369,557.6561063209134,15.301414761410669,1.32016587081031,-9.477033213180587,-0.584,0.3385177298509755,-0.1976943542329697,48.73394680725767,1.0
89,0.0107233807368896,0.17517623906974977,16.33591526477507,4.95267860425956,-10.000477498422333,1.875,0.34246340080435966,0.6421188765081743,26.98109364367751,1.0
93,12.3293313609689,161.1605339007339,13.071311751010406,8.3100252038309,8.694940746873513,11.762,0.36671255277434645,4.313273045731863,1.1417332747681197,1.0
94,10.0203801977456,45.26542500652173,4.517336080392001,12.2507281968475,4.7199216030274105,9.809,0.36435031062683076,3.5739121969385828,-8.592221730471373,1.0
95,4.56640366797636,-0.9092079090188532,-0.19910808923771217,7.46285871776054,5.367922135991665,8.737,0.35722947917185555,3.121113959524502,4.371274481976095,1.0
96,11.0427251963817,-27.362727554856342,-2.4778962681985526,8.8637306604876,1.7045258734371016,7.681,0.34460361935045325,2.6469004002308316,-0.156276003718625,1.0
97,-0.8880188324637,3.410850168119016,-3.840966028452379,4.62839587394552,4.599185222100788,6.757,0.3421562860622288,2.31195002492248,-2.3210240280910237,1.0
98,3.34003859151128,-11.583358232185182,-3.4680312561730062,5.33326426009945,4.303608221902766,6.139,0.33047229431717606,2.028769414813144,-13.050785956346544,1.0
99,8.19495689756845,-31.103070247750157,-3.7953915605070287,5.26626173860785,1.5906634111397588,4.947,0.31108680012866674,1.5389464002365143,-14.901493798407714,1.0
100,8.99439269500721,-36.147725040510004,-4.018917815382423,5.13082193056189,1.932370379639381,5.102,0.25457283333647773,1.2988305956827095,-2.8310909377919917,1.0
101,10.027257610514702,-42.83955230486099,-4.27230993446692,6.0189812403864,2.0202106992784907,3.417,0.18757829471086163,0.6409550330270142,-1.7691728120782235,1.0
102,7.174941523487711,-36.041295482283175,-5.023218010111899,6.50009261158209,2.896564176934402,3.225,0.1171398933536757,0.3777761560656041,-7.823872620672545,1.0
103,0.76047112035201,-3.299291994956568,-4.338484271998887,6.90706230713707,1.5722124801975434,3.142,0.061265727464902775,0.19249691569472452,-7.224861106183244,1.0
104,4.146320929486301,-17.498191283087035,-4.220172914896613,2.69075152362146,3.163130577500395,4.827,0.045365712103711764,0.2189802923246167,13.21123788435077,1.0
105,9.51264542860423,-40.50784699860092,-4.258315660204792,2.97315442681247,3.75079509346965,6.509,0.0358093662510387,0.2330831649280109,9.432221719301715,1.0
106,6.70427195588101,-30.833105057954832,-4.599023616711719,2.46351683915714,1.665563550043081,3.479,0.01389509015894963,0.04834101866298576,-2.925659856964802,1.0
107,3.992742520861162,-20.763483118210253,-5.200306057734959,0.984129880204108,3.667952520189499,3.475,0.01302176388328169,0.04525062949440387,7.223621722073781,1.0
108,0.5688774675245101,-3.4027440747555646,-5.981506157314901,1.7072283175406,3.9285575464472533,3.4,0.02641070697252368,0.0897964037065805,-2.3247394489335216,1.0
109,1.7728977306763605,-12.83542415012331,-7.239799525958328,2.24022695382642,1.5561165778786634,5.154,0.03241416254482876,0.16706259375604743,-0.1790178465812197,1.0
110,-0.4629834259238199,3.390700763720454,-7.323589946993838,2.2277040745779,-0.04937452353435123,5.393,0.05346365454286661,0.28832948894967964,19.41758311212267,1.0
111,-0.0213530833900801,0.15250324711369298,-7.141977780339709,3.90893551362245,0.05880333016807793,4.267,0.06238086813351662,0.2661791643257154,-1.444222448628818,1.0
112,-3.008533285334035,22.707168064785844,-7.547587449166176,3.28317593330073,1.6451503501814457,1.48,0.08475510549569965,0.12543755613363547,-4.061864389713432,1.0
113,-3.892425966441315,27.715517880593836,-7.1203712336584255,3.67141928098908,-1.9210525087855812,1.389,0.10353834922534866,0.14381476707400928,-9.328995242093196,1.0
114,2.25106072717726,-15.516863809713849,-6.893134255498906,2.06257790176122,-0.9470242427517261,1.601,0.09474505309024173,0.151686829997477,1.723938358013677,1.0
115,13.80395096036836,-86.571500026902,-6.271501563244603,-3.31375636888916,-0.5798308772962946,1.921,0.05549110116984368,0.10659840534726972,-1.0931490430201585,1.0
116,-0.3682817412251697,2.6391694276012427,-7.1661696255194975,8.96957619074095,0.43708884422573036,6.665,0.06844802850649268,0.45620610999577366,-4.721583064887258,1.0
117,0.0384576170776505,-0.2500711594994383,-6.502513117089781,4.8268006234359,-2.62307788009315,4.571,0.09202873310937865,0.42066333904296976,9.19790056671852,1.0
118,-1.66884417951063,5.922484501300912,-3.5488540955558925,4.01541716935742,-7.7498499488130035,3.639,0.10605024188216772,0.3859168302092083,-10.96645779579828,1.0
119,1.0782302319104398,-1.780416974255714,-1.65124007986784,4.04592845095348,-3.6598859222206737,1.316,0.08972597914620073,0.11807938855640017,-7.473462831404132,1.0
195,23.65264608312,232.54686702587884,9.831748473666071,10.1253981561002,-5.383024647799218,1.83,0.2795621335031996,0.5115987043108553,5.018408699594223,1.0
196,19.69658669187011,232.8822294705127,11.823481556153904,6.00395169280579,-8.465402963255874,1.393,0.2661011379707816,0.3706788851932988,5.488404067576891,1.0
197,35.9282538729459,431.1720031166227,12.000917290369536,-1.0264204544321,-9.441915021091907,2.746,0.2541444573705567,0.6978806799395486,10.38394867279453,1.0
198,24.62104826308954,352.4091327105077,14.313327724507133,2.40532378079436,-6.099360959170131,3.018,0.24886759202591868,0.7510823927342225,20.33131253923335,1.0
199,32.35884250851464,495.884778895154,15.324552439249672,-2.51261532081394,-2.848849506459572,3.254,0.26795274667586577,0.8719182376832673,47.91636461024697,1.0
200,36.71906806806186,765.6312070462253,20.851052255113444,2.73115982828944,-13.625191190779407,4.252,0.2621368927878347,1.114606068133873,14.338946841463262,1.0
201,43.66438873510231,972.5262717396809,22.2727558981687,-2.08032784377811,-1.8170561053142076,6.001,0.26955687948800366,1.6176108338075101,59.838389988164906,1.0
202,27.30092620887832,764.3244587307374,27.9962830888198,2.81850297775918,-15.674415113211682,6.655,0.2473094557796437,1.645844428213529,12.227337235953572,1.0
203,50.23120288457878,1167.243506910167,23.23741897227224,-2.61739646282038,4.69422434160911,6.693,0.2507588818309876,1.6783291960948,68.01164671469917,1.0
204,27.88500836841445,791.6175966247828,28.388644757283046,-2.00086100285785,3.6985064073729923,5.441,0.27673266491954474,1.5057024298272428,68.01164671469917,1.0
205,76.2315820926688,2369.3317808180013,31.080711114427473,-9.9004848136464,-13.321735984999595,4.445,0.26996737438299967,1.2000049791324336,46.50520349887246,1.0
206,40.8399097820721,1460.9639398613258,35.77294728752461,10.4418119882506,-4.66705944148178,8.674,0.29179507111242975,2.5310304468292153,34.663827424480466,1.0
207,78.75633626224682,3126.292115334809,39.695753557208704,6.02074537534855,-0.900781216447466,4.333,0.2981063467404267,1.291694800426269,37.5045059215858,1.0
208,78.75633626224682,3646.0379333408655,46.295169460398775,-1.85578803046339,15.386904484142638,3.844,0.28613638864045565,1.0999082779339115,68.01164671469917,1.0
209,78.75633626224682,4516.252589111933,57.34462525114789,-1.34293072157739,-30.753723343003294,5.362,0.27373374329795674,1.467760331563644,68.01164671469917,1.0
221,19.6770966486065,-64.9844476528885,-3.3025424844620357,13.1999999994661,2.5462306933786705,1.976,0.3171599913568517,0.626708142921139,-9.099357488192162,1.0
222,28.6287538614431,-94.36161973454277,-3.296043557859079,13.7000000015467,1.5640621431187274,1.95,0.26972852377236567,0.525970621356113,-14.901493798407714,1.0
223,-4.52136497856635,17.917942200114986,-3.9629497474889694,6.90000000042959,2.2537312525989783,2.334,0.21177215442927966,0.49427620843793874,-10.555954525066005,1.0
224,29.2461238865245,-88.79165665751319,-3.0360145160441245,-12.716771466874244,2.512857125725021,1.757,0.16235223274971766,0.2852528729412539,18.731901064308843,1.0
225,9.6278496132176,-36.036408800968516,-3.7429343258016727,2.2000000002151,6.295784182092112,7.686,0.12795600299220367,0.9834698389980774,2.856498370257765,1.0
226,18.95541668679388,-48.89210454836869,-2.5793210118367655,4.69999999867412,1.3726876368672425,4.979,0.06159815208668673,0.30669719923961325,-0.3103310072447351,1.0
227,12.26681076320564,-38.62399756012754,-3.1486584659788193,7.20000000096486,5.070465499845178,2.875,0.01594749570513576,0.045849050152265314,7.855845330040045,1.0
228,11.4811031009389,-25.248568606201676,-2.199141352901613,3.3,4.5701496107266815,1.493,-0.006275302584194287,-0.009369026758202071,1.9568139804245543,1.0
229,4.73605579908846,-17.364456368194794,-3.666438299045569,3.60000000058993,6.829038631712936,1.593,-0.0677362269088263,-0.1079038094657603,1.536534250070276,1.0
230,7.639885077405749,-33.03405443230957,-4.323894155162716,3.19999999896625,11.571763612268459,1.943,-0.03149890257769028,-0.061202367708452214,14.906363914464317,1.0
231,17.28265023538571,-98.53171290024932,-5.701192326308183,0.199999999825991,10.276993849004068,4.837,-0.057757445231444327,-0.27937276258449617,0.5377162093408439,1.0
232,10.97097087417396,-73.87788354222162,-6.7339421815559355,7.50000000164144,8.721336566615978,5.632,-0.08390172563179932,-0.4725345187582937,0.4637456860393518,1.0
233,2.2459208032186098,-15.242590659120323,-6.786789025363805,5.19999999965324,6.3759645312334134,4.785,-0.12170954571921733,-0.5823801762664549,0.0562551312874859,1.0
234,3.5840879472926206,-22.44423667594745,-6.262189155514885,7.59999999853918,5.54467223351558,1.752,-0.16888456910887228,-0.29588576507874426,-0.5264764557928681,1.0
235,16.16376550081332,-96.92612706580954,-5.996506634603952,-7.19999999920631,6.977910719128144,0.977,-0.2861273328638273,-0.2795464042079593,1.782457415224603,1.0
236,7.30419513638595,-44.637322085972954,-6.111189700232886,5.80000000065645,6.32074376625158,5.403,-0.1847817984553793,-0.9983760570544142,3.018517172320867,1.0
237,3.503866143943501,-16.609218958035747,-4.7402549856949,12.5999999997766,1.4721062608916036,4.584,-0.09838092027144335,-0.4509781385242963,-13.518776276983369,1.0
238,9.09601509366371,-22.135180224764856,-2.4335030226790453,8.29999999959539,0.3489222275210091,2.111,-0.12898962417146526,-0.2722970966259632,-9.913525426233072,1.0
239,7.75876803287952,-15.535188477755245,-2.0022751565611188,5.90000000046228,4.896244954019946,2.027,-0.21974680805249436,-0.4454267799224061,0.0645259952562593,1.0
272,1.6750928199963102,-7.987607137299508,-4.768456435337776,5.47125581395349,0.9142961396370275,1.611,-0.1133967003673193,-0.1826820842917514,0.0,1.0
273,10.07921407681069,-50.41125538003722,-5.001506565479019,4.73127914935051,1.7693889141870534,-0.0,-0.11286881032949331,0.0,0.0,1.0
274,21.12769119173632,-108.25792286352363,-5.12398263875925,3.70774594512658,1.7226730034803905,1.62,-0.12562984929791232,-0.20352035586261796,0.0,1.0
275,-0.1545207512730506,0.8638479920758556,-5.59049826614787,6.20355212555867,3.1037211821294264,3.076,-0.13319134906684232,-0.409696589729607,0.0,1.0
276,9.48004216842689,-56.14145397846967,-5.9220679593016765,-4.54810977120295,2.9091225397241516,4.503,-0.1645545153665573,-0.7409889826956075,0.0,1.0
277,4.32673755717892,-26.512980849957515,-6.12770719267851,1.02723486062159,2.2536805644916003,8.576,-0.1963562574456133,-1.6839512638535798,0.0,1.0
278,9.50144492243528,-60.55508176279155,-6.373249780126169,6.07663666406602,3.5374661137742347,8.829,-0.17816837984916534,-1.573048625688281,0.0,1.0
279,0.3673283087958499,-2.5877783213641323,-7.0448649325373465,5.76710338270556,4.623425984739726,7.322,-0.13970701873622826,-1.0229347911866633,0.0,1.0
280,2.37285135028534,-16.49109925304252,-6.949908282733106,6.47368941781741,1.4748218862423945,3.901,-0.1347811434924393,-0.5257812407640057,0.0,1.0
281,-1.1173096658161017,6.497408125001479,-5.815225916134596,12.7081474873625,-0.8062200275987697,4.294,-0.16522460820391033,-0.7094744676275909,0.0,1.0
282,2.0508482908311496,-10.834409668938612,-5.282891824508257,9.31518272315685,2.3796549599044647,6.625,-0.16414687820135432,-1.0874730680839724,0.0,1.0
283,3.316884220560766,-15.28862816735139,-4.609334288058639,-0.0140065981851762,-0.7972831175172557,4.979,-0.18203420681624227,-0.9063483157380703,0.0,1.0
284,2.1699230175742006,-9.958603469501755,-4.589381000545666,-11.9628794703471,-1.1980131701645802,4.716,-0.25339830349870235,-1.1950263992998804,0.0,1.0
285,8.086187493332263,-37.13225589785759,-4.592059722641386,-7.84050683730972,2.2358608883201514,15.801,-0.29515065621524234,-4.663675518857044,0.0,1.0
286,3.42417385295433,-18.876423557604156,-5.512694263849319,-1.95874262217572,1.739991084088599,0.245,-0.27263637693649734,-0.06679591234944185,0.0,1.0
287,-0.78665644495964,5.281571835812577,-6.713949742169279,3.37314273947959,2.003111716407502,3.09,-0.2142597575722583,-0.6620626508982781,0.0,1.0
288,1.944586339472001,-12.121685718889271,-6.233554907199739,-0.600982329599361,0.48125271409018566,0.975,-0.2082602066546853,-0.20305370148831817,0.0,1.0
289,-0.80705202281279,6.078622620681076,-7.531884499211669,2.19829188738797,5.302258804845716,3.829,-0.15581079998885028,-0.5965995531573077,0.0,1.0
290,4.39510938457403,-32.1621990671519,-7.317724373376213,1.42161997595372,0.6770626387559098,2.601,-0.08179526391858627,-0.21274948145224287,0.0,1.0
291,-5.365476691730169,38.81420205245612,-7.234064051061969,4.1203675438061,-0.8504729717914827,2.418,-0.06561209163032133,-0.15865003756211699,0.0,1.0
292,4.53431606370034,-30.06211920562813,-6.629912600555507,2.71272657973627,2.240763780147481,0.14,-0.037744105180822385,-0.005284174725315134,0.0,1.0
293,0.4964677593969409,-3.5332415844140557,-7.1167593817288,6.71200487159726,1.3313400093740269,2.717,-0.012019727218275267,-0.0326575988520539,0.0,1.0
294,-3.620977164836453,27.40821569602991,-7.569287086975553,3.1722219373937,0.1303880739083052,2.43,-0.0149691653102213,-0.03637507170383776,0.0,1.0
295,10.14924473318806,-72.80529821967481,-7.173469566814294,-12.716771466874244,0.7965950328291171,3.64,-0.13318191040105531,-0.48478215385984136,0.0,1.0
296,5.692371813403579,-39.9515072679295,-7.0184289743437756,8.17286311186622,0.7945021750792813,6.227,-0.04982531684471925,-0.31026224799206675,0.0,1.0
297,-3.901501179789,22.863097021002034,-5.860076921016979,8.49776342254205,-3.206271768713065,4.52,0.02088005822162875,0.09437786316176194,0.0,1.0
298,-0.5250417974447199,2.00489929061979,-3.8185517807863283,3.86550160079324,-5.038498030013905,2.843,0.03334386949156365,0.09479662096451545,0.0,1.0
299,2.07130594780637,-3.9678241999216657,-1.9156147377087462,2.54044193946544,-4.825131258496795,1.698,0.010931448598507698,0.01856159972026607,0.0,1.0
302,3.39262222889671,-18.64161599671288,-5.494751475107556,3.91795814771731,2.274093762966567,1.456,-0.3474925509186183,-0.5059491541375082,5.440070534407981,1.0
303,3.753544055101361,-22.168220850495548,-5.905943962577766,4.67681373479508,3.0289099418685073,0.493,-0.38522681380398827,-0.1899168192053662,18.14249382752675,1.0
304,6.6760377403743405,-41.99855455472867,-6.290940253488399,5.02822035850596,2.8875859444495777,0.246,-0.43452484665763724,-0.10689311227777876,-2.630832261016225,1.0
305,-0.1761479134950199,1.2391347026749546,-7.0346260599333625,3.9160574881715,4.404317603419239,-0.666,-0.46928818124281224,0.31254592870771297,11.282729550415826,1.0
306,8.89911755357172,-58.79171409206327,-6.606465611690546,2.03145880248898,1.1540422236131054,-1.25,-0.47737068293145435,0.5967133536643179,12.09488682920774,1.0
307,3.0861117596886203,-16.785332155004017,-5.43899037431412,3.94980535772942,-0.899331956848759,0.03,-0.5061632539308293,-0.015184897617924877,-4.803866678217728,1.0
308,9.6721548489553,-45.00174455670052,-4.652711340902613,3.0912800997751,0.6495777213211928,-0.193,-0.5851785539793802,0.11293946091802039,-14.901493798407714,1.0
309,7.199353921592841,-32.45578350887726,-4.508152240096635,4.21894147547516,0.8373226104619214,-1.051,-0.6199547901968183,0.651572484496856,-11.813995266706034,1.0
310,5.34537299642505,-26.610243944083553,-4.978182806303752,3.15548121323168,0.6400092148818759,-1.323,-0.6780679596463682,0.8970839106121451,-3.697670470668002,1.0
311,12.2922685282034,-57.158285113962485,-4.649937884355392,2.7709261737475,0.22871131451824844,-1.707,-0.7295370201945683,1.2453196934721282,1.412789912993273,1.0
312,14.44351460144977,-56.93542348135345,-3.941936921338976,3.78947119882653,-0.5541699454646776,-1.771,-0.7983503490684283,1.4138784682001864,-10.007801093518944,1.0
313,13.38075879477467,-44.924486374389176,-3.3573945292200227,3.62398503565633,-0.24728012539104727,-1.474,-0.8099260454355384,1.1938309909719835,-0.2421749865945344,1.0
314,1.25267331879329,-3.895612528578005,-3.1098391497079856,1.95484826298522,-1.4235177443288283,1.101,-0.8166085937971383,-0.8990860617706493,7.550084935658985,1.0
315,7.92072885126415,-24.949225118271197,-3.1498648150655093,2.21004795300735,-0.742047000190782,4.563,-0.8433912454983683,-3.8483942532090545,-14.901493798407714,1.0
316,5.57304274465096,-24.649591694135196,-4.423004240868963,2.39473494330615,3.135774549773629,5.116,-0.8133859150125984,-4.161282341204453,-11.07143371196736,1.0
317,3.3954453709089805,-13.171855885344462,-3.879271920613548,3.95247138119184,-2.149021075628499,4.526,-0.8032254143171783,-3.6353982251995487,-0.3777524337564397,1.0
318,4.09267896568735,-20.234363684406354,-4.944038820061243,2.65445302592404,1.427065328599486,3.509,-0.8373106089566684,-2.9381229268289495,7.252225213930563,1.0
319,4.431707918037271,-23.825713973016608,-5.376192297340889,2.60118978187332,3.0394292495259823,2.81,-0.8743163399120183,-2.4568289151527716,7.097618987213283,1.0
320,3.81973462816548,-26.624123070018538,-6.970149934945982,2.16434780647852,0.8747407509784866,2.918,-0.9534807796518683,-2.782256915024152,19.986867338569137,1.0
321,3.91054747204433,-30.417729410524043,-7.778381320767464,2.75564065529868,2.786557685292612,2.786,-1.016520409907688,-2.832025862002819,1.0610635478919717,1.0
322,2.22867735450231,-17.738257622598006,-7.9590962715009805,2.29331030192918,2.6999326480936503,2.424,-0.9965585226370384,-2.415657858872181,-3.0073951077478567,1.0
323,-0.5003480539287497,3.610525868149046,-7.216028602088238,2.87417039499501,-1.6084201575028656,1.718,-0.9904584808211483,-1.7016076700507328,2.579334081096274,1.0
324,11.865516150726531,-75.83845564793158,-6.391500772875182,2.19401703622717,-0.28262447572210414,1.259,-0.9521449964614984,-1.1987505505450264,7.47859304876417,1.0
363,-16.75414467140818,-960.7601475854184,57.34462525114789,9.99999961153691,3.8606727121329953,0.937,0.3737101424835939,0.3501664035071275,-2.920090748465698,1.0
364,12.66951061907866,45.200759883015046,3.5676800187489874,7.40000129958564,13.172263275274542,-1.631,0.37487058682873786,-0.6114139271176715,6.491815327951311,1.0
365,62.312455774833296,-281.52728483828315,-4.517993735563639,11.0999991434346,10.509788474774663,1.033,0.3455255423838033,0.35692788528246877,8.591571942882625,1.0
366,-16.75414467140818,57.54329291114525,-3.4345706116138457,9.89999986533643,-3.586399679524299,-0.145,0.35263432924942184,-0.051131977741166165,4.077409796955123,1.0
367,5.038390806915391,-11.459934500001308,-2.274522747277185,9.43891626906561,5.99342128271072,-21.764,0.34871346017493743,-7.589399747247338,4.385994738631571,1.0
368,19.5220404111753,-31.04865792152114,-1.5904412278415059,10.2082994004776,5.113446705704838,-19.393,0.3345118775581388,-6.487188841484986,1.0267641696318996,1.0
369,38.257440031121526,-131.38410592938507,-3.434210595965313,9.25380179728907,2.0757016963885766,-1.605,0.31137714838039077,-0.49976032315052715,0.055948911872572,1.0
370,-5.858972062988801,6.963733793329644,-1.188558968785606,18.20994670112416,-0.6699788938708484,-1.781,0.30976410795611176,-0.551689876269835,-3.793087482338131,1.0
371,52.3464355747267,121.15466266811275,2.314477792765077,18.20994670112416,-3.6109980175337397,-2.741,0.2881688769066847,-0.7898708916012228,-5.497656599546652,1.0
372,46.21997660100659,174.2671218509918,3.770385332631184,18.20994670112416,0.20432946831898668,-0.663,0.26193821481447865,-0.17366503642199935,-3.953370577514348,1.0
373,33.4453943516723,252.4199038625445,7.547224625561135,10.591437462476,-6.931617356429564,-2.337,0.24924306357669967,-0.5824810395787472,-4.253958349598886,1.0
374,-9.664343328440404,-115.61522692907914,11.963071157545134,9.36950260277183,-12.327166568217262,-17.194,0.2151436982433217,-3.699180747595673,-2.170864227044456,1.0
375,19.51465091252613,36.822825144598774,1.8869323007445047,4.78883248761557,22.430974234758846,-5.857,0.2275369946798107,-1.3326841778396512,-0.1409998548530522,1.0
376,33.638443979719,-12.267046268130779,-0.36467341579553203,-1.5729973511111,-2.594711178654152,-13.831,0.23263012265742566,-3.2175072264748543,-1.615101365615279,1.0
377,18.45511800799532,-27.424961581673614,-1.4860355577131656,2.20293891708398,-11.54987721345826,-10.86,0.20717933020822066,-2.249967526061276,-0.511727121472727,1.0
378,9.14606871362622,52.699965761779005,5.76203475087217,5.84341590483928,6.851752802498212,-3.705,0.15328244501185062,-0.5679114587689066,-0.1405563202664717,1.0
379,9.00548784257371,11.621889262674516,1.2905341127364238,2.79758521448559,8.722464667420171,-1.643,0.09876744088420475,-0.1622749053727484,-0.0246736945864411,1.0
380,-2.1982482415537,16.168519973823525,-7.355183854211012,1.04954641215085,10.467780401569193,-2.742,0.020333004989680714,-0.05575309968170452,30.6262617718027,1.0
381,1.05274329772825,-11.73708557709085,-11.149048018086365,-3.06359842251706,18.140625171882753,4.833,0.08703582965793366,0.4206441647367934,55.7464302186314,1.0
382,8.854784839874812,-57.57078496367188,-6.501658256496475,0.153614661745507,-5.4087895606350855,1.17,0.1930558341387587,0.2258753259423477,7.860596213569426,1.0
383,4.157066878105979,-2.7001064037869087,-0.6495220026426702,1.50040167167313,-5.119646846353243,1.342,0.2053259319653017,0.2755474006974349,-1.2281368028788098,1.0
384,17.49456553349655,111.06414759556134,6.348494187118204,2.47980879185565,-2.219796695363052,-5.429,0.18298798022571872,-0.993441744645427,-0.0009803825454679,1.0
385,5.30579226028767,7.420134225431239,1.3984969371998996,-4.19896065333343,8.93215814307824,-8.955,0.15427860324649867,-1.3815648920723955,0.0,1.0
386,13.09413986468656,-85.21817765143929,-6.508115732081283,5.61644027150554,17.513674603237583,6.44,0.18499262869483568,1.191352528794742,0.0,1.0
387,18.89017184745061,-63.72249136046017,-3.3733145402306155,4.71468033247649,-10.373609276317197,-4.205,0.22909304717196077,-0.9633362633580951,0.0,1.0
388,3.89602599138802,35.54789995716909,9.124143431215817,1.35447749115767,-20.847675714318758,-5.963,0.1836798515405037,-1.0952829547360237,0.0,1.0
389,-1.0045624521720402,-8.553329822495598,8.514482901487906,4.15806800428062,19.756298181137467,-7.92,0.16012557430037067,-1.2681945484589356,0.0,1.0
460,15.14721760794406,-83.8543179459404,-5.535955191002368,1.71316456361184,6.785559795771956,0.705,0.3147257081486725,0.2218816242448141,-0.0151078885008093,1.0
461,23.283466426959222,-123.15723357912576,-5.289471564102058,3.94373882815798,3.3827582534923906,1.523,0.3017356660212487,0.4595434193503617,-0.9165786826361376,1.0
462,12.90574156270361,-72.42616876934848,-5.611933914642561,5.98634932177609,5.601698923618903,0.147,0.2821133634626516,0.04147066442900978,-8.38241930181114,1.0
463,20.52567594395573,-117.78563018385069,-5.738453169847274,4.89657708429647,7.703956193911199,-0.222,0.27775448193399366,-0.061661494989346595,-6.818089863675758,1.0
464,5.69120370754895,-28.598054741530433,-5.02495714634099,2.31929213912838,2.015344150756393,0.041,0.25430383393600076,0.010426457191376031,5.44694611026646,1.0
465,7.65608192883685,-37.33487446846781,-4.876498816952957,2.11406472648392,5.702157367740179,2.241,0.24724816849513764,0.5540831455976035,5.2096920062078445,1.0
466,6.4164427135035496,-30.240189788314208,-4.7129213395255665,2.96375291904201,7.553410749926992,0.276,0.23999951428622768,0.06623986594299884,-4.75867209902956,1.0
467,2.6491214657366795,-14.870254522325045,-5.613277727976833,4.811223315688,4.1061316551379345,0.981,0.2491831689804227,0.24444868876979467,8.341183526073802,1.0
468,10.14123940193214,-39.4853116875712,-3.8935390559903693,7.19143372144946,-0.04154304908609019,0.216,0.24104867118706574,0.0520665129764062,-3.2624635808944147,1.0
469,11.99389983303548,-44.63411660521081,-3.721401481299062,6.35767909791932,5.7802673558178475,1.365,0.2381973235869086,0.3251393466961302,-0.0288103027502151,1.0
470,4.35830081364197,-22.00225716866929,-5.04835671273533,1.77815106030278,7.264115204650756,1.651,0.23810340760631166,0.39310872595802054,19.737300534231995,1.0
471,-3.164204509060088,23.19622841681453,-7.3308246513133435,3.33967342629693,6.022216310319917,5.553,0.23057125266367573,1.2803621660413913,0.2357729194385927,1.0
472,-4.6276733090621605,35.02559628739937,-7.568727079072403,5.67156195150444,4.5519587698524155,4.289,0.23933922272162667,1.0265259262530566,-2.0163267393074835,1.0
473,-1.8983668365549,14.444227971114927,-7.608765436151363,6.69725362180888,5.7825047619265435,4.204,0.23756098572923667,0.9987063840057109,-4.341685721816225,1.0
474,-0.8541592286297996,6.550647617737413,-7.669117651805554,6.86568662848335,4.610309343447838,2.976,0.22889352658590367,0.6811871351196493,5.491862428450389,1.0
475,13.45309657985557,-108.0216293904155,-8.029499286592886,3.84879240030133,5.514476804793711,0.54,0.24959370041832563,0.13478059822589586,-1.9892905401682204,1.0
476,9.511029663363502,-66.07809368151935,-6.9475226153538605,7.1554516457574,2.3542127094809517,4.682,0.24902015041132564,1.1659123442258268,-3.4279884419803897,1.0
490,-11.118070462558611,71.7528042309666,-6.453710153448161,8.66187322841225,7.510043661487109,4.194,0.2722688240403597,1.1418954480252685,-0.0151078885025413,1.0
491,4.058651608866019,-25.270154082910935,-6.226243717915807,6.25316468817478,3.935131535388048,4.89,0.25842515437446967,1.2636990048911565,-0.9165786826336952,1.0
492,3.8480204556598094,-26.71332586257922,-6.942095597046082,4.11137901761516,8.532717294714498,-14.346,0.27725830735934875,-3.9775476773772174,-8.382419301809673,1.0
493,21.16621255237853,-129.99290254904972,-6.141528732519598,5.79999174105387,5.494866229645234,5.015,0.25415656948766574,1.2745951959806436,-6.818089863676535,1.0
494,20.49155574230588,-88.82523271776503,-4.334723719116198,2.96195085866692,-0.5319117188717915,3.627,0.24428055903489676,0.8860055876195705,5.44694611026646,1.0
495,9.510369142137147,-31.497833681324938,-3.311946488151439,8.44628157707625,5.840664331284562,4.16,0.2486807941228486,1.0345121035510503,5.209692006210176,1.0
496,7.76252036143237,-22.378233366351203,-2.8828566399047597,6.62256261306693,4.549269560859703,4.058,0.2513788099301787,1.0200952106966652,-4.758672099031069,1.0
497,9.10722594044654,-33.60677343536142,-3.6901218499596853,6.45267237953146,1.175303206143452,2.039,0.23865552951632973,0.48661862468379635,8.341183526073138,1.0
498,5.06056958459533,-12.907608435162487,-2.5506236441158725,5.79258484509867,1.729444348694975,2.763,0.1968227564580708,0.5438212760936496,-3.2624635808936264,1.0
499,6.69089469572934,-30.24431789094808,-4.520220279397373,4.32684561452976,9.591728836857062,3.548,0.17093348540871667,0.6064720062301268,-0.0288103027524466,1.0
500,15.494175166039902,-108.04115494940896,-6.973017523786186,3.9212287937935,7.666280863348218,1.737,0.15465456385095078,0.2686349774091015,19.73730053423368,1.0
501,5.708117864433159,-55.11569526306353,-9.655668746170285,5.95797670754024,9.357050699268754,2.09,0.14689975939087863,0.3070204971269363,0.2357729194413016,1.0
502,14.87407349753492,-120.15046453802579,-8.077845289519265,6.20348941121868,2.9017960239871465,3.082,0.1308049113616867,0.4031407368167184,-2.016326739309293,1.0
503,3.8373062355473904,-28.392039098312754,-7.398950554245416,6.60456906812341,3.921496011999759,6.919,0.1334812403470077,0.9235567019609462,-4.3416857218186,1.0
504,3.20491985645789,-20.18985264202677,-6.299643531286552,5.88920497068135,4.1926718693137355,4.434,0.12150798554329978,0.5387664078989912,5.484696917502263,1.0
505,15.80803035827389,-110.60525411308024,-6.996776423521332,2.01077262406221,4.558717797353129,3.387,0.11822374789989465,0.40042383413694316,-1.762214472361423,1.0
506,9.919796731751322,-52.71059495340978,-5.313676920888259,6.94252492572348,-1.0948098108637838,5.16,0.11015043565591764,0.568376247984535,-3.658068353439381,1.0
512,5.25289063577379,27.03266001368919,5.146244589519629,4.4898964976265,-8.34507447987023,2.015,0.20465583464786474,0.4123815068154475,5.019713475974963,1.0
513,6.2369890128186,12.671254115671157,2.031630020451937,5.1770268731498,5.300021347837736,1.941,0.19955576791870067,0.387337745530198,6.865779368614322,1.0
514,10.801190562275089,13.271652980487497,1.2287213065975244,4.67015636882111,4.488693378504083,2.197,0.19773042507690475,0.43441374389395976,4.647091034623507,1.0
515,14.05383371105808,-54.6975744721522,-3.8920038187953017,5.29329471892532,4.726902945858891,1.35,0.18959861198525363,0.2559581261800924,6.226427138551793,1.0
516,37.92032919725172,-152.055265690394,-4.009861436050356,5.07728777526728,5.516537721072723,2.496,0.1659266377366737,0.41415288779073756,7.028927601086776,1.0
517,10.66730269613825,-48.019349294384604,-4.501545579255799,3.83312393993225,4.499600684154648,3.439,0.14587795578420482,0.5016742899418803,3.729542468044378,1.0
518,9.328730149578949,-41.645960938584906,-4.464269013126572,4.73956739963045,3.0965865553512772,2.305,0.14758241206869582,0.3401774598183439,0.4526672194582692,1.0
519,8.88978739871898,-32.66596751738584,-3.674549913543828,5.23953291029852,-0.013372274276002294,1.958,0.12896317700546966,0.2525099005767096,2.3432801307330164,1.0
520,9.27744121852048,-30.06717727322673,-3.240891164387425,6.53594493875502,0.9296197654601768,2.208,0.11421889557972276,0.2521953214400279,8.090407656970534,1.0
521,13.54371486204212,-40.7628807872664,-3.009726740593841,6.67190498576788,1.337305633482777,2.398,0.09575336024506265,0.22961655786766025,7.159861837159465,1.0
522,6.48974693350092,-19.402312167097133,-2.9896870195261185,7.05859935449848,1.055383844944302,2.148,0.08664856544332278,0.18612111857225733,-0.0846592137222157,1.0
523,10.393420520936449,-24.458965851964223,-2.353312444415601,6.01378975738535,1.0100439880027068,1.864,0.06634015338557175,0.12365804591070576,-0.401597825041422,1.0
524,15.199275968346228,-19.17810162494509,-1.2617773152408773,5.04512479919337,-0.04338865946665882,3.365,0.04466858355436265,0.15030978366043032,0.642569607860688,1.0
525,15.50706971951828,-14.974211013138737,-0.9656376919677578,5.57178818533122,0.41819074704188,2.68,-0.00315712884913133,-0.008461105315671964,0.8838836175846243,1.0
526,10.45098843675362,-7.74595963204207,-0.7411700509400037,6.46437912497728,1.5799545437438223,2.233,-0.018067751493963335,-0.04034528908602013,6.465404350247583,1.0
527,10.48986378606927,-7.780071101333575,-0.7416751313459047,6.52145877906443,2.1846787295680237,2.965,-0.023259099974827335,-0.06896323142536305,10.39785405911784,1.0
528,8.83620717618566,-2.4293867397486872,-0.27493546623670095,6.01360565834344,3.2885933624324126,2.556,-0.01129223643991828,-0.028862956340431123,-4.59235432842341,1.0
529,9.5491565545298,-2.5289858721682337,-0.26483866483145757,6.0610593588495,2.449309734791205,2.857,-0.030607523891195254,-0.08744569575714485,-0.5913028655813002,1.0
530,8.33969612305063,-8.298493359755819,-0.9950594406934172,6.55263987816197,2.437217439012196,2.619,-0.037519469764505375,-0.09826349131323958,0.3934756034929432,1.0
531,9.58427891719117,-16.85866660994283,-1.7589916524344575,7.11347821270093,0.3082847496453045,3.29,0.02807872460632066,0.09237900395479497,0.6686388780227093,1.0
532,7.14914572766953,36.69611065666279,5.132936445068793,6.59024999794057,-17.399120871228025,3.163,0.0014947851002556911,0.004728005272108751,2.5098737055646136,1.0
533,4.18675609996014,20.62342798200888,4.925872797368164,7.31941263014136,1.532545679310382,4.167,0.005709925089793622,0.02379325784917002,3.765232237641825,1.0
534,4.02335052925008,19.728338544578712,4.903460039375668,7.88191515117722,0.9162669972209381,4.068,0.015558870807770742,0.06329348644601138,1.1828986591712276,1.0
535,9.63686778961495,-30.459633674297073,-3.160740018361725,3.44801755122445,2.324335074203332,5.408,0.01425936801888572,0.07711466224613399,0.4947918740354495,1.0
536,2.2370303195336803,-7.970355779357664,-3.562918083747351,6.93867912442445,1.159403202224385,4.84,0.014931381504323715,0.07226788648092677,0.2502275256277109,1.0
537,0.4024696630905398,-1.659934919401872,-4.124372770497368,7.09982877575158,1.3772939935772666,3.555,0.01612440077754973,0.05732224476418929,7.829568104694884,1.0
538,1.23814192358126,-4.53252143683968,-3.660744661427505,5.77511237007889,1.3986912283646014,4.117,0.029204286612062647,0.12023404798186192,15.874388487943849,1.0
539,1.90774239062128,-5.040365619099239,-2.6420577767094544,4.22325911250161,1.5173064679415926,4.508,0.04746111397705266,0.2139547018085534,8.742559105222814,1.0
545,26.213089398571512,1503.179788235921,57.34462525114789,4.58722553234129,-0.17484878733505793,-0.151,0.2850479847848516,-0.04304224570251259,15.622645961718453,1.0
546,22.13434133608889,152.41356608585278,6.885841497228128,3.82370222571771,-4.1548251987260425,0.605,0.2612161806561647,0.15803578929697965,2.893329094598207,1.0
547,6.47270795565519,-15.482242898444419,-2.3919266873330223,5.87193134676191,-3.1234606811492482,0.58,0.21889594377568877,0.12695964738989948,-4.931245589609445,1.0
548,14.96708780254676,-33.159769652825574,-2.215512469111272,5.23715282493174,-0.8821345651639612,0.614,0.1475966032528766,0.09062431439726623,-14.901493798407714,1.0
549,17.4975153275466,-69.04512638889355,-3.9459960512333296,6.5104241389717,0.8418564922691552,-0.003,0.07481679324031765,-0.00022445037972095296,-9.095203925276586,1.0
550,14.43684500797151,-59.547879229582904,-4.124715559161485,7.05634916258309,-2.365188868877166,-1.593,0.015413352646644674,-0.024553470766104965,-0.061937515749999,1.0
551,20.12474009801708,-64.58876100757863,-3.209420876642409,6.80259262432862,-3.2100147897487274,-2.187,-0.018644259599376323,0.040774995743836015,-0.9444350330336416,1.0
552,24.63149135082638,-41.55495663015655,-1.6870662047331697,6.65438512368812,-2.879950673034537,-3.221,-0.1789252843018363,0.5763183407362147,-8.35114797554426,1.0
553,2.727093305340331,0.37148558744043114,0.13622034373116954,6.12955885899744,-5.949290473106117,-3.086,-0.26368920135424423,0.8137448753791977,-6.433178218629854,1.0
554,7.519269517030761,4.806982802159619,0.6392885361100635,-3.34714308501542,-1.781592047458147,-2.732,-0.28407639154049624,0.7760967016886358,5.203360464681439,1.0
555,4.7491464359977,-1.425674163785011,-0.3001958737213597,1.55536266288017,0.1328138954912017,0.856,-0.2765569432743893,-0.23673274344287723,5.025977026474626,1.0
556,10.09114656156782,-37.63281025889486,-3.729289831367587,2.09017598337418,2.5843876467266824,3.769,-0.24740217232809236,-0.9324587875045801,-4.801254463102644,1.0
557,7.683478965933896,-33.752252289806584,-4.39283460519035,0.748814556346105,-2.8541899718394825,1.834,-0.2524613305100643,-0.463014080155458,8.218634276403748,1.0
558,9.478524774156035,-50.56591821237314,-5.33478778788923,-0.542753400392826,1.2868253270784447,0.434,-0.25649290229073024,-0.11131791959417692,-3.18539688796885,1.0
559,0.194577899662699,-1.082925689994523,-5.565512280026539,0.949449772002041,1.5827203430914816,1.752,-0.18690905735357133,-0.32746466848345696,0.0418485760169229,1.0
560,5.3679829265262295,-38.41432209400015,-7.156193046772435,3.39755351999294,-0.7172772525132487,3.652,-0.14264010763751933,-0.5209216730922206,19.68660614351474,1.0
561,4.58023012419212,-29.974568853398754,-6.544336865319795,3.02662820096305,-2.6949173622816014,2.775,-0.11493913720670229,-0.31895610574859884,0.206396886571647,1.0
562,4.959837082891029,-27.08304018408148,-5.460469715326839,2.74592737750996,-3.1718328234684567,-1.54,-0.09283318638797933,0.14296310703748816,-1.8429052859806336,1.0
563,6.448144431582119,-27.746522821713675,-4.303024399673036,2.33015054210419,-4.5659012861149595,-0.823,-0.10024311204652436,0.08250008121428955,-4.518498955606932,1.0
564,6.08907187486193,-23.588112216052334,-3.87384361702697,3.79331964589196,-4.03924222311095,-0.123,-0.09321623931529532,0.011465597435781325,5.43136613945534,1.0
565,14.017400297204867,-45.1474589796898,-3.2208154167283363,-3.13323543125917,-5.004941917731376,0.961,-0.10792973726464627,-0.10372047751132507,-1.757733311073861,1.0
566,2.87054173474925,-9.688710324195956,-3.3752201568469067,7.82817310703665,-4.1534690581228055,2.917,-0.07650948470604735,-0.2231781668875401,-3.644882501456404,1.0
567,9.111233183618593,-22.458713274335377,-2.464947699364636,4.08386398118941,-6.4938482973870055,2.801,-0.042349052424996314,-0.11861969584241468,12.478521362740992,1.0
568,7.01674907134964,7.580368204959279,1.0803248239146779,1.68151075832925,-13.64836763822016,0.8,-0.04829447335139836,-0.03863557868111869,-2.751134546203915,1.0
569,5.350351936024519,12.284691019897217,2.2960528890039953,3.38708962009333,-7.103694663936944,3.034,-0.06576641476225531,-0.19953530238868258,-0.0621902006670449,1.0
572,4.75551832660749,-34.972732044662756,-7.354136740255555,3.09299923370425,5.0683098248844205,-0.242,0.008758261398464695,-0.002119499258428456,-6.648936734521271e-07,1.0
573,11.96675316349537,-86.85624175804554,-7.258129299683465,4.79000359326143,3.7681743823982483,6.387,-0.03583349291915139,-0.2288685192746199,-6.648936734521271e-07,1.0
574,-0.1759028845362102,1.7544828722716206,-9.97415634710899,4.29999824426375,12.752401261807123,5.491,-0.05561067324640534,-0.3053582067960117,4.432624645112071e-06,1.0
575,4.921221545988059,-45.0500951302187,-9.154250567513062,5.30006940305884,3.079264138975124,4.849,-0.0005957490934143106,-0.0028887873539659922,5.540780367851994e-06,1.0
576,6.75002124708015,-31.66197479485497,-4.690648167744799,2.49094875338352,-10.15987373517666,-7.327,-0.013634620643709239,0.09990086545645759,0.0,1.0
577,6.98990433745632,-24.18125074901815,-3.459453746661416,3.34855067103268,4.862391024652113,-0.695,-0.04086092404261732,0.028398342209619034,0.0,1.0
578,0.0605618182139,-0.19421062443529447,-3.2068162773673086,6.29644129075703,-1.8753195866229255,3.272,-0.016732712554571316,-0.054749435478557346,0.0,1.0
579,-2.83372163823912,14.490133215496606,-5.113463870255373,6.98096175867695,-6.500841172319694,1.703,-0.034907048909229244,-0.059446704292417406,0.0,1.0
580,15.22223214122118,-5.000400092596157,-0.32849322268941616,6.76899737789502,-7.07136390873524,-0.237,-0.03232136164587329,0.00766016271007197,0.0,1.0
581,8.4265764259858,26.22108777844131,3.1117130436960085,6.4669995195042,-8.234027307006532,-2.796,-0.044255409837423265,0.12373812590543544,0.0,1.0
582,31.00582314376017,98.96020199072052,3.191665047300509,8.29396129093843,-4.003436011120886,-2.242,-0.1266583952322463,0.2839681221106962,0.0,1.0
583,13.43481829230453,31.435430820170136,2.3398478592134264,6.24501094995797,-6.260056527914138,-1.521,-0.23761164383019528,0.36140731026572703,0.0,1.0
584,3.2698164564345102,5.067852520236065,1.5498889884975924,2.53988570158225,-8.78500158358455,-4.083,-0.3098505257221843,1.2651196965236786,0.0,1.0
585,6.175161224254199,-35.37690455717838,-5.728903792540412,4.3342989754845,16.34247221046843,5.359,-0.24485452996125423,-1.3121754260623615,0.0,1.0
586,1.47317669267717,-6.685959541437906,-4.538464105950295,1.92815791170796,-9.806936820217537,9.286,-0.26454377767353127,-2.456553519476411,0.0,1.0
587,0.2497792110666004,-1.2900697276514912,-5.164840268902566,3.80302899043062,-7.673857300579423,4.901,-0.26065012407651134,-1.277446258098982,0.0,1.0
588,2.909579811234729,0.42030573788210146,0.14445582013567027,5.29262224906203,-1.8221529166883577,5.766,-0.2653542519394133,-1.5300326166826572,0.0,1.0
589,2.20269988577979,-8.13071925244495,-3.691251497734812,4.30885692657077,0.4794413237179995,8.545,-0.20882585064087328,-1.784416893726262,0.0,1.0
590,0.43815839168857,-3.2131841156884096,-7.333384859537839,2.50787205267615,2.469339442963747,3.319,-0.3009786556208284,-0.9989481580055294,0.0,1.0
602,22.18957639113901,-157.6456641723555,-7.104491829564999,1.28775320549799,4.202724642526912,0.154,0.011593602596232655,0.0017854147998198288,0.0,1.0
603,11.52654848823039,196.03836994927568,17.007551753193763,4.71679855496301,-30.753723343003294,1.604,-0.0004699353913483195,-0.0007537763677227046,0.0,1.0
604,3.420381292489389,60.733591399227286,17.756380416589387,7.14410390677141,1.4785003597284962,0.428,0.004788679763516712,0.002049554938785153,0.0,1.0
605,5.16380673389406,98.51826603712051,19.078612177808452,4.14841930754267,-0.8306474117314666,-1.778,-0.030222239685732233,0.05373514216123191,0.0,1.0
606,2.28398324955624,-11.473914391877047,-5.023642092868386,2.62600982683425,3.2927435191097754,-0.093,-0.05015172787339428,0.004664110692225668,0.0,1.0
607,0.2758500002836199,-1.6336477817745334,-5.922232300507053,2.70495624731029,3.8847967749243484,-0.302,-0.03749218405703425,0.011322639585224344,0.0,1.0
608,4.94181921283934,-30.898167027874564,-6.252387166976494,-1.26491667612372,-0.010876882227350837,1.668,-0.04054661739979326,-0.06763175782285516,0.0,1.0
609,8.338014129898971,-51.48720910279261,-6.1749966239762735,0.882373744518318,2.639636338539053,1.629,-0.05925096201584734,-0.09651981712381531,0.0,1.0
610,7.43939106994819,-43.850605337881206,-5.894380995108326,3.39608420536011,2.0043834087166923,1.947,-0.08418284029432932,-0.1639039900530592,0.0,1.0
611,5.24477963938968,-28.999451162351004,-5.529202970618149,2.51659221712706,-1.6159714147140347,1.155,-0.14694457171850134,-0.16972098033486904,0.0,1.0
612,9.08302150916262,-51.21096376590456,-5.6380978195686104,1.44609991235758,2.839125345734339,0.439,-0.17829964959987932,-0.07827354617434702,0.0,1.0
613,7.57881481746672,-38.30162545568699,-5.053775079371793,-2.32364807041851,0.9450089799317274,0.773,-0.21426941634274027,-0.16563025883293822,0.0,1.0
614,5.84025622787775,-36.46018028016067,-6.242907649517576,-4.17542805647342,2.2602430917056493,0.824,-0.25383552984558727,-0.2091604765927639,0.0,1.0
615,3.9837365747583,-27.34609117369186,-6.864432589986449,1.53866248693835,4.524100534638964,2.388,-0.25159725321549437,-0.6008142406786006,0.0,1.0
616,1.831566832075912,-14.612135876946153,-7.977943049113117,0.613170735890648,3.0381843005686804,2.57,-0.2635471047146513,-0.6773160591166538,0.0,1.0
617,-1.5555938969423195,13.627544484442938,-8.76034838605968,4.52003886739061,2.8955500025637404,2.868,-0.23811320202308828,-0.6829086634022171,0.0,1.0
618,3.408457138329239,-26.579500015990497,-7.798103052872556,-2.86320081549439,-0.16726076647911592,3.253,-0.2480846514464583,-0.8070193711553288,0.0,1.0
619,-0.2903613788885801,2.168789783723263,-7.469277739432038,1.8469701294558,0.8187271199971313,5.117,-0.20277269688306832,-1.0375878899506605,0.0,1.0
620,-1.37293254603676,7.844391445942121,-5.713602950550266,0.997411675486745,-2.8766061888161776,4.563,-0.16291905689399733,-0.7433996566073098,0.0,1.0
621,9.95379108287996,-45.687732282084,-4.5899830428091555,-1.15650811269629,-3.7820782878022707,3.385,-0.1420840861303253,-0.48095463155115115,0.0,1.0
622,-1.5642240343951,6.686409307320121,-4.274585455980299,3.3713988456489,-0.5376560114281559,2.61,-0.10417383312109935,-0.2718937044460693,0.0,1.0
623,-1.34590457746017,7.126583857492613,-5.295014205940996,2.39795510823548,-0.49956959480503826,6.092,-0.08356845107311228,-0.5090990039374,0.0,1.0
624,11.431670434713602,-78.2192894861761,-6.842332442392153,-0.838585871193203,0.009020382352153966,3.327,-0.056925996001718326,-0.18939278869771686,0.0,1.0
625,19.821724986229157,-116.41970565214947,-5.873338760023676,-12.716771466874244,-3.8247046788305594,1.692,-0.1761690483654743,-0.29807802983438253,0.0,1.0
626,-13.247408718138711,94.0160435230014,-7.096938391752953,17.5861390037409,2.9133202700778904,7.381,-0.08622837182819532,-0.6364516124639097,0.0,1.0
627,-1.5163074060337305,11.670639692839679,-7.696750438861909,10.8779009410268,1.7591400365902787,13.087,-0.02745974770837234,-0.3593657182594688,0.0,1.0
637,5.206268155692001,33.83820755639483,6.49951299942159,5.027444647203,-0.18885706940969804,3.443,0.10466597835377978,0.36036496347206376,-4.9179276546368005,1.0
638,4.51084160169469,24.167712174773456,5.357694707278975,3.86713552011777,-0.9359956541886483,2.988,0.06260593688660376,0.18706653941717205,-14.901493798407714,1.0
639,17.97204668281648,-76.97215302992218,-4.2828818769715955,6.32526794858342,2.277832998497842,0.442,0.04064463083928471,0.017964926830963842,-9.104520988186293,1.0
640,14.30547304539466,-73.49577430051751,-5.1375983210969665,3.89718320544974,1.3725264281364113,0.184,-0.016217937317262288,-0.002984100466376261,-0.154588292265001,1.0
641,17.20753776481548,-81.6305533214641,-4.743883432781148,5.41400299607282,-2.3502246932947335,-0.74,-0.02100815587253224,0.015546035345673859,-0.867926014359599,1.0
642,14.85839424766722,-38.84175225125563,-2.6141285258569456,5.85911689412598,-3.937188846567774,-2.082,-0.08808913747234426,0.18340158421742073,-8.34273324767979,1.0
643,-1.3752959345227893,1.7460664476882186,-1.2695932590639716,5.44184730165964,-2.552434542949744,-0.169,-0.12662023025452634,0.021398818913014955,-6.564512327950234,1.0
644,5.17337770258698,-4.587790821396603,-0.8868076303615817,-3.0044555389081,-3.4818913673219876,3.823,-0.1234220520408883,-0.47184250495231594,5.444562092865146,1.0
645,6.357898852724686,-21.77598310337934,-3.425028237756128,0.865667236280544,2.9681955441170027,5.342,-0.12331000750393528,-0.6587220600860222,4.890173914322693,1.0
646,4.839422606398263,-24.300936693413718,-5.021453729063698,0.959511709726897,1.3702673178288327,4.058,-0.1267442095099563,-0.5143280021914026,-4.726830937234428,1.0
647,4.236643303135773,-28.200798683298505,-6.656401463494824,-0.821837252962993,0.7271185364095878,2.728,-0.14257592557987936,-0.3889471249819109,8.193218511715017,1.0
648,5.5905612315741,-36.075698523806835,-6.452965459006202,2.34985873172397,2.192942938175957,2.682,-0.1439819932849683,-0.386159705990285,-3.2294264683602414,1.0
649,6.14939491348715,-43.02385752704017,-6.9964375572429365,1.15384793371298,2.8923881940229323,1.28,-0.14205807244939228,-0.18183433273522212,0.0758876587987789,1.0
650,3.69706049466506,-27.631214645852477,-7.473833518744129,4.28413016137854,1.0488320821647967,2.866,-0.12530537259828328,-0.3591251978666799,19.626136724650568,1.0
651,5.071858158566279,-36.89233541839267,-7.273928857036777,3.24225822231566,0.18450267054483938,0.194,-0.12080947757672128,-0.023437038649883928,0.2635327113874375,1.0
652,6.255729858036499,-42.25611807684227,-6.754786257683016,3.24409895306594,-0.12268219729761887,-0.342,-0.13138731137789428,0.04493446049123985,-1.8542835473718269,1.0
653,5.552243789149469,-36.063659257548856,-6.495330649570295,3.82900399349064,-0.7830426266253299,-1.789,-0.12463497518595429,0.2229719706076722,-4.51592760030306,1.0
654,5.967069783700959,-35.984061742265304,-6.030440910973709,2.88585242083978,-1.8263078329762372,-1.632,-0.1290941542341123,0.21068165971007127,5.437647066081608,1.0
655,10.29234348565068,-58.1574368882997,-5.650553439980049,-3.01509335460439,-1.6366934012764456,-1.368,-0.1298014408830373,0.17756837112799503,-1.7237822417262572,1.0
656,4.171929337586641,-25.96082904262147,-6.222739395111417,7.39164256472846,0.5139389245603976,4.502,-0.08822037549359929,-0.39716813047218397,-3.690473482854895,1.0
657,1.2447770797448303,-6.844374934469054,-5.498474422321544,4.22681333390325,-4.117245497350264,0.177,-0.03883136410263932,-0.00687315144616716,12.440672294306657,1.0
658,5.67955257633834,-13.554356345888285,-2.386518332862569,1.99439414850893,-9.510385790513476,-0.149,-0.029672773579211387,0.004421243263302496,-2.695766104182895,1.0
659,6.10973743313447,0.1415927554731047,0.023174932969331152,3.22679979810856,-5.29488493499235,1.671,-0.035384197857650235,-0.059126994620133544,-0.0906055777007197,1.0
667,43.98326491996778,2522.2038441575114,57.34462525114789,5.04526758311702,-29.345084753009054,4.738,0.31407637280903733,1.488093854369219,28.842925659472662,1.0
668,47.302169445901065,2712.5251804414943,57.34462525114789,7.04319246586394,-18.94634806389336,7.807,0.2873731325921117,2.2435220461466163,14.537480805918346,1.0
669,38.5314287839935,1684.0820972202573,43.706712944936235,11.4497432088167,-13.749558655614969,6.739,0.26593941983685065,1.7921657502805366,5.313129056174692,1.0
670,32.80927615822746,812.1464813831217,24.75356290905134,9.40000151584914,-10.957224861752934,7.063,0.24985578298959077,1.7647313952554795,-0.2979968823161094,1.0
671,29.26050977548207,471.4756728169929,16.113036868962933,9.99999473022963,-9.488629287472106,6.706,0.2097648764086757,1.4066832611965794,-0.4297403373229813,1.0
672,31.38745691825753,297.1597514701738,9.467468238795771,8.60000659811426,-2.2034427941052592,7.705,0.16793068728414973,1.2939059455243735,0.070604866489643,1.0
673,16.140807623833503,100.07292446429321,6.199994869929904,10.1999994860937,-3.851863333416805,7.821,0.1323058493306567,1.034764047615066,-0.4510941275052915,1.0
674,22.88049134903522,158.95351998688065,6.9471200404786355,0.199995231733979,-8.687315892383197,10.906,0.06268467389242272,0.6836390534707621,30.73640171759657,1.0
675,24.14195828581704,155.72694803529913,6.450468772733563,7.75001707500896,-0.15284395148263963,7.232,-0.003937869209131306,-0.028478670120437605,6.640082850232343,1.0
676,78.75633626224682,467.78675178666697,5.939671320273293,5.54997471638077,1.7675749800718954,4.187,0.031839438816562704,0.13331173032494806,67.01751323088827,1.0
677,43.34659637915852,973.3733791131696,22.455589606135195,1.70785253368828,-28.379552942279517,2.806,0.19706852829430865,0.5529742903938301,67.58819745508889,1.0
678,18.84892945411024,837.8334918142701,44.44992453571788,0.998719299661161,-30.753723343003294,-0.36,0.18999614613830862,-0.0683986126097911,6.515062856110188,1.0
679,22.21557341429073,1060.9599804662184,47.75748798740118,1.65112470228097,-2.209797621656795,0.982,0.18339352114582974,0.1800924377652048,15.13560871402506,1.0
680,40.37111344320473,1220.6040821962677,30.234590480479305,-3.82957056812593,1.4516432487853947,-0.092,0.1648488281078676,-0.015166092185923819,55.76905976180597,1.0
681,6.32252654522466,66.35406996850395,10.494866173178902,-2.5264464460425,-1.1901374276347298,2.964,0.18773484053416778,0.5564460673432733,24.92554883825635,1.0
682,14.89402840037471,92.16184162672654,6.187838451040411,2.53218349471909,-1.2394168088110336,1.659,0.18200550882308963,0.3019471391375057,-2.8760673303688145,1.0
683,5.34387043944654,16.021038125043624,2.998021435321869,3.14919758275296,-2.4877884145381945,0.337,0.17362503925233663,0.05851163822803745,5.447621840512662,1.0
684,10.759027059847153,18.329080307736948,1.7036001680989674,1.44645548204305,-5.0220872647905646,-1.805,0.16241867688749478,-0.2931657117819281,2.658754340260039,1.0
685,5.395437246631468,9.614439927545218,1.781957511144773,-0.672742918585868,-1.8131427056485516,-0.91,0.14337407045026773,-0.13047040410974364,16.626562661843746,1.0
686,4.55078331730587,13.045867316475821,2.8667300565299527,2.43886210234947,-3.1492475970390066,2.87,0.1634538464752877,0.46911253938407577,4.062182962196292,1.0
692,7.304581291248499,-29.093344316782456,-3.9828900736088357,4.2346158780441,6.270973403148417,1.761,0.09519801480287482,0.16764370406786255,0.0,1.0
693,1.99078293468729,-11.598967458153027,-5.826334582265735,3.89301999542513,10.429269966349208,1.807,0.07584017544796273,0.13704319703446866,0.0,1.0
694,6.343912152273759,-42.97756119978072,-6.774614806791876,9.42319471476534,5.544084171820551,2.688,0.08386063358278073,0.22541738307051462,0.0,1.0
695,0.1774983754337,-1.4630087589674738,-8.242378305676063,12.2406120663359,9.512550671361208,6.509,0.10591646853268866,0.6894102936792705,0.0,1.0
696,5.208950485184161,-37.81872938695433,-7.260335742204172,4.99356206143864,4.853162016454049,6.678,0.07559710556597976,0.5048374709696128,0.0,1.0
697,-2.46199475885765,21.453642384902256,-8.713926911386526,5.39907320663811,8.358961867732905,7.23,0.049141716770028654,0.3552946122473072,0.0,1.0
698,-4.7345802352138495,37.53922296438122,-7.9287330870813015,9.66522679614125,6.195948581364008,5.403,0.01823297121275569,0.09851274346251898,0.0,1.0
699,8.37243983234546,-81.80356975268853,-9.770577202197945,4.78066505273344,12.005567200447253,8.407,0.002823321091967701,0.02373566042017246,0.0,1.0
700,4.35432221923177,-36.64903663059978,-8.416702941443258,2.2191905367057,5.451797794426816,4.52,0.0034571391263357176,0.01562626885103744,0.0,1.0
701,11.96362830317069,-91.4791561336506,-7.646439175095913,4.51145460193301,4.998800703032513,3.701,-0.01734900446348231,-0.06420866551934802,0.0,1.0
702,12.03170654029336,-62.653248423811064,-5.20734512714299,3.33939738340764,4.94079829775893,2.269,-0.049787041819106315,-0.11296679788755223,0.0,1.0
703,14.90635973044092,-69.34119907246595,-4.65178623932316,-1.62747776449082,4.47721925445026,0.187,-0.08890747303551128,-0.016625697457640608,0.0,1.0
704,6.880865336864167,-30.69935659315684,-4.461554628701327,-0.446709636828217,4.630259346621246,-1.253,-0.12320520536612029,0.1543761223237487,0.0,1.0
705,-1.531812916865175,9.738721415096492,-6.357644140399726,1.41741099233461,10.485157936716249,2.463,-0.0927807506596463,-0.22851898887470887,0.0,1.0
706,5.410929625898651,-37.368702815121736,-6.906152066044569,-0.13007112300869,4.1860514894228595,1.907,-0.06994392327689736,-0.13338306168904326,0.0,1.0
707,7.064985390025829,-45.77318745818704,-6.4788792801763595,3.94389321816617,-0.42528914780460836,1.058,-0.059065901838336266,-0.06249172414495977,0.0,1.0
708,-2.7135128059311904,14.719685346729776,-5.4245866518689425,4.06646561608865,2.8679133741784435,0.225,-0.04299815836362231,-0.00967458563181502,0.0,1.0
709,4.0010545843553,-21.90635716677713,-5.4751457909207595,3.89226067249989,0.8671004707303531,1.21,-0.04088693674915733,-0.049473193466480374,0.0,1.0
710,4.801240874231221,-32.25887282036991,-6.718861574620589,2.7602602736023,1.4568694053861186,1.724,-0.053302721708324285,-0.09189389222515107,0.0,1.0
711,2.667820659134812,-18.713316275293796,-7.0144581162973,-0.0187414958130319,2.4921848546415326,5.143,-0.04100062213605438,-0.21086619964572764,0.0,1.0
712,1.464750247909292,-10.212240837071395,-6.972001439595463,-1.83323729057784,-0.02002306806132559,4.472,-0.03810737409451226,-0.17041617695065883,0.0,1.0
713,1.8298252902381424,-11.573025016065953,-6.324661200064506,0.822068592512508,-1.0382898270473118,3.481,-0.04666019202703331,-0.16242412844610293,0.0,1.0
714,0.3846806814678194,-2.4015876467068806,-6.243067984446696,4.25658710030072,1.894705063422708,1.362,-0.05288191670610032,-0.07202517055370863,0.0,1.0
715,25.4455312195939,-177.73049051206067,-6.9847427816795715,-12.716771466874244,2.267074228193744,2.894,-0.14482966230513833,-0.41913704271107033,0.0,1.0
716,-5.598428707658401,45.90960922883381,-8.200445451065852,17.9899244143607,2.8232620207747194,8.585,-0.07039510194409127,-0.6043419501900236,0.0,1.0
717,-5.76948972457347,46.382002517003926,-8.039186259306993,9.25051329530994,1.6744998670376932,3.302,-0.018876172773341304,-0.06232912249757299,0.0,1.0
718,7.714322893536913,-43.0602187393275,-5.5818533050260974,0.500127941638667,-4.850878437566964,0.48,-0.013941235378998273,-0.006691792981919171,0.0,1.0
719,5.8550938321289605,-18.48879529407037,-3.157728266046881,3.50466435023895,-4.336186421433963,1.989,-0.005919995166644321,-0.011774870386455555,0.0,1.0
752,14.01030929202864,49.118924935248145,3.505912961050406,4.95420873383996,2.8214022657690574,1.9,-0.1781758476083523,-0.3385341104558694,3.540089678440084,1.0
753,8.393833480395779,13.203606305274043,1.5730126569834546,5.02935475584462,6.7301644960220175,3.281,-0.23594997634597326,-0.7741518723911383,4.869859526637921,1.0
754,2.803693145613348,0.3204462629792144,0.11429434190420729,0.426885378297442,4.8650024143969794,5.1,-0.23992630044679836,-1.2236241322786716,5.4858019164690575,1.0
755,-0.95468786365359,2.8086146481205034,-2.941919296399073,2.50781081484664,8.369107519820806,3.837,-0.18263192371163534,-0.7007586912815448,6.3851903040766045,1.0
756,24.33816732355161,-75.73547706974507,-3.1117986848770327,1.68379914527159,4.395018005747509,3.728,-0.1291104342326443,-0.48132369881929793,6.846804352953062,1.0
757,-8.28706558008124,40.099533534047175,-4.838809726621479,2.48556576601922,7.5683231438970155,6.82,-0.10287965956732231,-0.7016392782491382,8.522634108194627,1.0
758,11.5095676581094,-54.122735765126855,-4.702412581674439,2.7113398065361,8.353513653664923,8.788,-0.07209010571537633,-0.6335278490267272,6.822408182240869,1.0
759,-9.281870040409933,40.13681905400637,-4.324216874322206,4.1732955905708,1.0248983553730717,7.875,-0.019747608134573325,-0.15551241405976493,3.617887063431491,1.0
760,9.42399067002664,-21.596754461984528,-2.2916782516215584,4.42143313550196,-2.8097532014708992,5.543,0.00848961997272768,0.04705796350882953,1.6354772185075197,1.0
761,18.56208630771953,-23.23351067992917,-1.2516648341553562,4.79700881067477,-1.8069424915773569,2.245,0.05277496829239181,0.11847980381641962,-0.6749989022937664,1.0
762,22.37579344946744,26.692029765420088,1.192897575931788,4.56438425143126,-8.901821520591646,-4.47,0.0610821713833547,-0.2730373060835955,-2.001737128586245,1.0
763,18.54305691112632,18.446244223204772,0.9947790330156696,6.14849787777658,-2.5309077601905816,1.54,0.08959566340608671,0.13797732164537355,-7.80671663850776,1.0
764,6.77122392708851,16.75815003057675,2.474907078989842,3.35699958346049,-6.28902346886685,-3.528,0.06433910234161466,-0.22698835306121654,-3.0161788624443853,1.0
765,8.506987302375759,-24.553583194364805,-2.886284218093013,4.12672258996274,3.552530332673265,-2.63,0.04428771721680169,-0.11647669628018845,-0.0474833808166597,1.0
766,17.76219848318022,-42.953131070572965,-2.4182328055418987,5.20409245282328,-6.779408803608655,-1.624,0.037021227413783664,-0.06012247331998467,-1.1359263657957697,1.0
767,14.24622808388257,-14.405434177692198,-1.0111753155201653,5.12227560125973,-11.322805055299789,-0.831,0.014883463438854716,-0.012368158117688268,-0.3886787624987176,1.0
768,11.312693817046622,24.460472003464538,2.1622146235944335,6.79601141268498,-5.0056752248119345,-1.715,-0.004747335268197372,0.008141679984958494,0.0,1.0
769,10.183270021231142,12.574723198979044,1.2348413793174444,5.46056949136766,-2.8730038402288494,-0.595,-0.032945291344943284,0.019602448350241254,0.0,1.0
770,8.28285790438507,-24.429826519149117,-2.9494441171344494,4.85718718508603,-0.6228352078492039,3.41,-0.10994724323689231,-0.3749200994378028,0.0,1.0
771,-4.261429878149734,29.218082156501197,-6.856403365057216,4.26392086992173,6.35817544894588,6.935,-0.1695430532922913,-1.17578107458204,0.0,1.0
772,5.794951086956,-53.9306525359069,-9.306489688463593,4.19520633364647,3.8764152999154478,7.243,-0.0741880826444613,-0.5373442825938333,0.0,1.0
773,1.2624316357273897,-0.04297930489847454,-0.03404485730723206,2.86808404814794,-20.661954775480375,7.855,-0.11662173517641328,-0.9160637298107264,0.0,1.0
774,-3.06820263372216,-7.1525797143237995,2.3311953505648084,1.50672102666863,0.6867764779164398,8.172,-0.14432801383853627,-1.1794485290885186,0.0,1.0
775,-16.75414467140818,-45.636667490590305,2.723903152661183,-12.716771466874244,3.72455102766176,7.249,-0.27464342571544326,-1.9908901930112481,0.0,1.0
776,0.7449927761603998,-5.6793682447500355,-7.623386999832124,10.0290488827886,4.383682138665801,12.722,-0.22395042045213132,-2.8490972489920146,0.0,1.0
777,1.35593908536043,-10.173670400941093,-7.503043839345313,3.74741781241461,0.36126297420189246,9.329,-0.22493589986608126,-2.0984270098506723,0.0,1.0
778,-1.3885758275349402,9.13746842468522,-6.580460529048996,2.51636590154891,0.5414182719044591,7.122,-0.1976736135249863,-1.4078314755249524,0.0,1.0
779,12.920836134860918,-79.14962223061738,-6.125735316545701,-1.12335595517212,3.0080636883428102,10.945,-0.1878841017842643,-2.0563914940287726,0.0,1.0
787,3.090154248221749,-2.216499257721974,-0.7172778701896432,3.05346185909312,10.08789473057552,3.468,0.10807072798602868,0.37478928465554745,24.29024541030436,1.0
788,17.44341758079632,-2.117760301885908,-0.12140741870545924,1.14082899824888,11.086327437428324,4.149,0.1276654479598267,0.529683943585321,5.379882561435756,1.0
789,7.80686577681656,21.132493777136144,2.706911375355224,5.75996463670954,1.1614668932031558,5.401,0.11079444485002177,0.5984007966349676,-4.950671024027908,1.0
790,15.150171694221893,38.62132555717735,2.54923352267401,3.20213206130431,9.16612344586536,2.955,0.08612430585426278,0.25449732379934653,-14.901493798407714,1.0
791,12.796114127160427,22.524628985828482,1.7602710293134045,3.96198871122617,6.051478917738984,3.364,0.0502704806382378,0.16910989686703196,-10.641818513446054,1.0
792,15.95010318677572,-10.824454307905148,-0.6786447824914221,6.06987060678338,3.5616992162812,4.868,-0.0023872320293523153,-0.011621045518887072,-10.493519747225989,1.0
793,12.78826273323414,-14.275780687328128,-1.1163190016598756,5.09419544658736,4.900734020577713,2.66,-0.05330041254751838,-0.1417790973763989,-5.818606701562279,1.0
794,15.82049192552117,-10.555585324917017,-0.6672096780940828,-0.125812002161169,0.4599059529972971,2.393,-0.07042075106197332,-0.16851685729130214,9.03394687497081,1.0
795,6.190661053875861,-3.0177829614882317,-0.4874734596556296,7.52822581815364,1.4508489836893235,4.23,-0.12312442890025826,-0.5208163342480925,-12.01350795109305,1.0
796,12.603503718851782,2.1925048890663588,0.17395995097671957,3.97442307944702,2.369440488678465,3.554,-0.17626276365784632,-0.6264378620399857,-4.911132534007101,1.0
797,11.285722994774533,0.2329348648635651,0.02063978222497731,1.92117598576537,-0.3795523112755217,2.741,-0.2206707846140633,-0.6048586206271476,16.752453291328973,1.0
798,7.132867157766581,1.6442769506326331,0.23052117952908624,3.00482266944432,-0.12601371865306188,2.351,-0.23778359087960532,-0.5590292221579521,10.394951768812176,1.0
799,12.407931318927451,-0.9397364552739086,-0.0757367550737813,0.503955740242247,2.343221963650133,3.422,-0.2557629565363883,-0.8752208372675209,9.130550626269374,1.0
800,15.10473093938265,-3.519869223913418,-0.23303091184074276,-3.54576339269425,4.428275186451858,6.275,-0.2637748590715564,-1.6551872406740165,41.39278809826996,1.0
801,14.66671914727052,-5.260681624066064,-0.35868155456191975,-3.27591690782192,4.536360405551454,9.281,-0.2174179222293503,-2.0178557362106004,4.941802345010338,1.0
802,2.86732786563435,-0.45590973871831025,-0.1590016070999427,1.32286905404399,0.37919995797746076,7.991,-0.19032094556957035,-1.5208546760464365,-8.590577214265826,1.0
803,5.32049140870785,-8.250894056270585,-1.5507766900566091,1.783666761634,3.0874232317958494,7.97,-0.19766133197760433,-1.5753608158615064,14.490112314344294,1.0
804,6.9154836549508,-17.80730298223009,-2.574990249522436,1.22077782360842,0.8963625941076581,6.99,-0.22338290203194927,-1.5614464852033254,7.954560140148792,1.0
805,20.301030388125803,-78.52652568483956,-3.8681054204406395,-3.2767587964736,-1.9456425556359402,4.859,-0.28243939843817734,-1.3723730370111036,30.6937903818328,1.0
806,7.496603875477519,-21.998037263194288,-2.9344003803046155,4.76260437908608,-1.9952999574269326,11.637,-0.28353009831646636,-3.299439754108719,4.640421059531019,1.0
807,9.73315722042385,-0.8093594203257567,-0.08315486968888308,3.01669435393015,-0.9269244868623239,2.631,-0.3015388243946084,-0.7933486469822146,-4.271660701353586,1.0
808,11.449679589724791,15.63476070715898,1.3655194963874777,3.24165532906981,3.2867960246911077,3.965,-0.3062332562773464,-1.2142148611396784,-3.2841112282151808,1.0
809,10.28764492481254,9.54542542911384,0.9278533132584545,3.41931516501906,2.419357030230085,7.712,-0.35178658183928624,-2.712978119144575,7.89998281209443,1.0
812,1.40743462989567,-8.755014747577677,-6.220548053607766,4.74010359217981,1.9861651913690936,-3.7,-0.03744601179980833,0.13855024365929083,0.0,1.0
813,4.208310753332761,-27.3849231095999,-6.507343377128811,3.72846419786779,3.2574023383322492,-5.444,-0.04930947984609335,0.2684408082821322,0.0,1.0
814,6.7976779629169,-26.816663118494464,-3.9449740433110145,0.33465616730885,-3.958719373732067,-5.952,-0.07113559219495225,0.42339904474435575,0.0,1.0
815,5.1510823855526,-17.067110498362176,-3.3133056745958536,4.44718949183194,0.5161922674184805,-5.351,-0.07449893447195133,0.39864379835941155,0.0,1.0
816,36.593240611445374,-148.5643284701285,-4.059884448267793,-2.36546415544167,5.433887274788596,-4.944,-0.1795716486344603,0.8878022308487716,0.0,1.0
817,14.587395356144594,-90.57567137030915,-6.2091736844683725,0.787401645449506,0.438879054161756,-4.048,-0.1922512309959573,0.7782329830716352,0.0,1.0
818,2.4412821614684,-18.027312554610255,-7.384362544871526,2.175481019956,1.6405830331399862,5.238,-0.21322282844876533,-1.116861175414633,0.0,1.0
819,10.317590227944,-67.8016200919507,-6.571458896314552,1.411597864066,1.4034671847114932,3.023,-0.26407053658479634,-0.7982852320958393,0.0,1.0
820,12.93031272921073,-69.57206885927062,-5.380540309910765,3.95545709487497,-2.5023068697686335,2.885,-0.3198106186646853,-0.922653634847617,0.0,1.0
821,-0.72535008591802,2.5101349057387,-3.460584005531363,6.07054679359618,-1.9408167536825394,2.943,-0.3298147071040693,-0.9706446830072759,0.0,1.0
822,18.83312711806779,-46.46292124089281,-2.467084778306309,2.07918360507011,0.9969579821957231,3.308,-0.30662894810731534,-1.014328560338999,0.0,1.0
823,0.520546901819311,-0.8011456080767081,-1.5390459635370126,0.633460425791839,-3.8230134722863185,4.309,-0.3490995047198303,-1.5042697658377489,0.0,1.0
824,5.590296382970193,-17.661474522907586,-3.1593091516059886,-5.01727544996282,1.0401038132396234,4.168,-0.4213531036922713,-1.7561997361893869,0.0,1.0
828,3.563392730686391,14.611398169428456,4.100417572164146,0.195322007310409,0.9725267232894241,7.039,-0.28232351984302334,-1.9872752561750413,0.0,1.0
829,2.360907481431736,-13.342613115969353,-5.651476485591859,0.807325350394564,-0.440075295949216,8.97,-0.2709371120885952,-2.4303058954346994,0.0,1.0
830,6.894265870248915,-45.67040369953255,-6.624404187342957,-0.772620078410995,1.6941790893688413,6.592,-0.28006177451200337,-1.846167217583126,0.0,1.0
831,2.7365562489065898,-18.56949716977336,-6.785717332575544,1.41632446821541,-0.6849306225065077,8.149,-0.2930189523223063,-2.3878114424744736,0.0,1.0
832,0.5603989942101969,-4.683474266223618,-8.35739234832909,0.654655602860373,1.9823821704501476,4.84,-0.29490508746829425,-1.4273406233465442,0.0,1.0
833,0.123416474166864,-0.9219998671461205,-7.470638529987009,-0.252085325827849,-2.096389035669588,3.868,-0.27956174283061735,-1.081344821268828,0.0,1.0
834,2.7219403802220934,-18.65729732726063,-6.8544107221548725,0.241099789148677,-2.6613677141523406,0.342,-0.2673341847706863,-0.09142829119157472,0.0,1.0
835,24.66372202587346,-133.98974119222703,-5.432665071868113,-12.716771466874244,-2.3045875854365683,-3.032,-0.3533599543570244,1.071387381610498,0.0,1.0
836,-2.049304085244909,8.544342293880224,-4.169387235110646,8.0198770096479,-5.594221442845193,4.473,-0.27901251028178925,-1.2480229584904432,0.0,1.0
837,-10.59979111524639,47.60007009049359,-4.490661143503782,15.9453206225473,-1.7474510231055729,4.345,-0.2048985324843583,-0.8902841236445368,0.0,1.0
848,0.4876297723684901,-4.344002790299895,-8.908403539842181,3.58342909978997,1.2017613156886542,4.613,-0.06057855886991825,-0.2794488920669329,-2.703301428859972,1.0
849,15.730133710437386,-119.50686453063109,-7.597320323560564,0.104538372603315,-4.953489949937406,-8.061,-0.019593035279901305,0.15793945739128443,-2.9821775358506275,1.0
850,-4.493490761326435,1.9126619168307257,-0.4256516856098145,-0.0039253166074644,-13.330781296678317,-8.565,0.04040571454302466,-0.3460749450610062,-1.528245197640754,1.0
851,-1.98151827667874,-12.788749156928956,6.4540152404571405,4.09841257308588,-16.150649275765815,-16.009,0.0892118768150677,-1.4281929359324188,-4.534023072413296,1.0
852,10.46977782811539,80.2558282263352,7.665475766908573,-3.76362326254647,-7.97821363449589,-19.78,0.06454644101466678,-1.2767286032701088,-5.150100696483606,1.0
853,13.47947342391607,50.10483328599275,3.7171209668393885,-3.90071101715114,-3.6497044484496755,-3.119,0.08832095190201361,-0.27547304898238045,-5.96741427530324,1.0
854,11.55585982301573,25.686803984508302,2.2228379694731206,-1.90025367202547,-13.205261876507702,-25.83003,0.005159076412761698,-0.13325909851392706,2.639252498409728,1.0
855,2.0656812926043204,-17.224411301830937,-8.338368248528385,2.74136439456163,22.430974234758846,-3.61,0.03862865497521473,-0.13944944446052515,-6.260258710885792,1.0
856,6.31048555107379,-52.02343983366441,-8.243967823492143,3.74440625524871,-4.366926218011258,-7.612,0.12578359198779676,-0.9574647022111089,-7.744460568503997,1.0
857,-0.014056232153474,0.09638781112288973,-6.857300738239975,0.913135189664487,-16.59935406237493,-25.632,0.1268184923647787,-3.250611596294008,-0.6634801861232997,1.0
858,3.59105189238878,2.8580184392385655,0.7958722193060268,-2.12478292664558,-0.9246227664701068,-15.786,0.09531634179382276,-1.504663771557286,0.1279365764221385,1.0
859,5.729013392376549,-10.342707927545183,-1.8053209547926627,-2.50788727590711,3.2142436345358183,-13.025,0.07544139777282466,-0.9826242059910412,1.2687730893261806,1.0
860,-1.366981306792269,12.504573990586488,-9.147582288399738,-0.392383749502031,2.2228232687579563,-3.576,-0.0068801448985892355,0.024603398157355107,8.513599494792,1.0
861,3.98718671117906,-44.45333610001119,-11.149048018086365,-2.47791771833224,21.792093862291352,14.523,-0.031142733812020373,-0.45228592315197186,0.4681054272917428,1.0
862,-1.770311666170081,19.737289773108714,-11.149048018086365,1.32872661057823,10.442521958388173,17.59141999999995,0.016463678041185648,0.2896194751672732,-0.0329904702197847,1.0
863,2.7851444585210965,-31.05170930535885,-11.149048018086365,0.0523710418528935,-4.423886535279831,10.397,0.06051723498159167,0.6291976921036087,-2.3153597806798265,1.0
864,0.4001156006926103,-2.533011288711616,-6.330698638910627,3.86884436177075,-8.101290252185912,3.587,0.05514299199434869,0.19779791228372876,1.13423812389708,1.0
865,-1.5632445831781232,6.855519581895217,-4.385442723209531,1.1335733495246,3.686629839845512,3.689,0.01634762470705864,0.06030638754433932,1.13507590607429,1.0
866,4.29635840059708,-41.49617205985735,-9.658452156619543,-1.59076260099606,12.343194631011523,15.774,0.05366688513791262,0.8465414461654337,-2.6017523742795534,1.0
867,2.8798362493855603,-21.814810015467117,-7.57501751015236,-1.62833154515108,-13.271890857979907,8.164,0.10030165481902564,0.8188627099425253,2.615660918365559,1.0
868,1.5616943079993402,2.522345548502053,1.6151339833807725,1.12764418162719,-19.353742341140368,-2.531,0.045802391803929754,-0.11592585365574622,-2.6017353023854994,1.0
869,-0.4195176789253203,-0.4002072601443482,0.9539699522784364,4.05251709306727,15.186270072706876,10.862,0.03888610944691373,0.42238092081237694,-0.5246393911477854,1.0
872,53.56784978051199,10.749801583884533,0.2006763689028137,5.37383854585261,0.12705934782584194,-2.554,0.28940631604708167,-0.7391437311842465,2.483865872583446,1.0
873,8.03040462121146,14.21487686247222,1.7701320833728769,5.91403093576604,-4.124527260083832,1.916,0.30634303878218805,0.5869532623066723,13.620577298809213,1.0
874,24.062390367421308,61.93884478909288,2.5740935893448675,7.98397179406629,-2.2098912304521323,-1.277,0.31785070726475195,-0.4058953531770882,4.353104642626948,1.0
875,14.01943987017392,27.010353152651803,1.9266356860744338,3.35506838174288,1.9588733548348891,1.281,0.3201267248438249,0.41008233452493964,4.380810363942711,1.0
876,0.5239835427830402,1.6418463317129182,3.133392936336435,7.32837435673082,-7.478640675017201,3.391,0.3106733269476615,1.0534932516795201,4.9949465905071655,1.0
877,32.672530144904904,44.01253743070624,1.3470807811794074,10.4437797168913,1.7762009806880474,12.169,0.2979034800782566,3.625187449072305,3.0176164583531007,1.0
878,-2.7055768349552105,-2.738202582413213,1.0120587029858061,7.78656040877364,0.8334257689791125,4.332,0.28070610261790774,1.2160188365407762,-4.169968506172628,1.0
879,11.01577681978669,-36.229656613685734,-3.2888880381644556,5.15725736177561,0.8450658658478938,10.213,0.25340592581179566,2.5880347203158687,-2.7194679865585547,1.0
880,6.05412143549361,-21.91211200727739,-3.619371074853709,6.93507146766659,0.14769962573375484,-1.8,0.2325556932852627,-0.4186002479134729,-2.684436268199641,1.0
881,13.0222960709441,-41.428714585597746,-3.1813678908771896,5.6408051539139,-1.8587689959690845,6.962,0.20090863863487163,1.3987259421759761,2.7370385886461346,1.0
882,-4.329045692682399,9.514212375576815,-2.1977620591205955,16.1047836542012,-1.9470996405941965,0.073,0.1816647200158047,0.013261524561153742,-8.737003712266011,1.0
883,21.64145784800225,-45.09351065727302,-2.0836632621510596,4.52944877696235,-2.5677951111414243,-0.793,0.11866056789842672,-0.09409783034345238,5.215783550565267,1.0
884,18.17709846668485,-43.1646186730508,-2.3746704542621755,7.66749238553135,-3.4147440963068876,2.566,0.09677636087976171,0.24832814201746853,11.26321729479738,1.0
885,4.7119157746508,-14.567729136966843,-3.0916785939465266,11.9318738376229,-2.12189151079909,0.801,0.020219071019142665,0.016195475886333275,-5.5354607669162,1.0
886,-4.10054831890493,7.703906905380838,-1.878750427074153,8.4892584842808,-3.5327884487189487,-1.923,-0.026080486084949284,0.05015277474135747,2.065910919089786,1.0
887,0.6253564828088205,-0.4924111528868158,-0.7874087283386366,5.16482012683895,-3.755080383991305,3.024,-0.017804448972623232,-0.053840653693212656,14.49903365011691,1.0
888,2.0101986897129898,1.239936007051925,0.6168226123105072,1.73634039505693,-3.6161414545542114,2.102,-0.017602046223677337,-0.03699950116216976,9.657333962524373,1.0
889,20.03389109972892,-2.0859486416835997,-0.10412099333572922,5.88108550658288,-1.5282609173345563,4.545,-0.006191691402549271,-0.028141237424586435,4.149758454132457,1.0
890,-2.77352188929572,3.2083547264638916,-1.156780027172812,6.66080128866197,-1.6290129701015066,-2.456,-0.020475892458548306,0.05028879187819464,5.116262238167857,1.0
891,15.058487673348871,-44.66024320630677,-2.965785421158082,8.47594339232963,0.7656471570958612,0.49,-0.036440583006236316,-0.017855885673055794,4.744000153967076,1.0
892,15.240511280422329,-55.945757167940236,-3.6708582893676995,2.08684522733067,-1.1682771354105226,2.309,-0.07838811464721429,-0.1809981567204178,-3.0861440711909998,1.0
893,3.04848702103128,-12.585343057571095,-4.128389909730883,3.50187185732737,-2.2516935321453824,4.492,-0.1437675182267133,-0.6458036918743961,5.01815069334004,1.0
894,6.67132556833534,-32.12039616703428,-4.814694746646746,5.75514851246506,1.086631597856047,1.519,-0.18905932866409725,-0.2871811202407637,2.969570503649499,1.0
895,38.2200378585163,-196.0049522180558,-5.12832961975681,-10.2183974208569,-0.10475265292410052,1.486,-0.27088177334975533,-0.4025303151977364,5.224664237134102,1.0
896,-1.2174765985634806,5.863062322595809,-4.815749501480132,4.42136738945015,-2.1725057998729924,1.807,-0.2442740888934093,-0.4414032786303906,-0.2450136698575855,1.0
897,5.325546829629061,-14.148376423544507,-2.656699279185567,5.21386783786224,-4.300008225622354,5.76,-0.2741244128710353,-1.5789566181371633,6.340102485246857,1.0
898,1.3650006951892193,-2.403880448354533,-1.7610836806360028,4.63215702969933,-1.9328493493524612,6.952,-0.3098672024418553,-2.154196791375778,5.082134409190098,1.0
899,4.01368393756602,-8.250838751520455,-2.05567724810039,7.49856206754038,0.0923401058948059,4.703,-0.2793781971585903,-1.3139156612368503,1.2954170797865316,1.0
905,-0.6013279212646299,-1.0422203194800321,1.7331979484474598,1.98769583378552,-4.218270553088588,-5.949,0.2574108165608857,-1.531336947720709,10.333165545628264,1.0
906,72.14218276298551,345.8003816411278,4.793317423971125,0.250573949689084,-3.578084421497729,-8.73,0.2393999147520396,-2.0899612557853056,14.487259684877074,1.0
907,17.19378365164173,72.93320160124787,4.241835484203264,6.06953087648317,1.9766126499762615,2.913,0.21254393959385065,0.6191404960368869,8.326319243334224,1.0
908,9.68870901214921,-1.040991538239053,-0.10744378192530046,4.62589474959299,8.654966929455266,3.941,0.20474852616118466,0.8069139416012288,-14.901493798407714,1.0
909,8.00391649658067,-29.972569955130364,-3.7447379627129864,2.70582170611173,6.38390058826348,0.175,0.18608226881504075,0.03256439704263213,-5.168698228837076,1.0
910,9.846215756138193,-31.075478212615398,-3.156083411359613,4.55664565323181,-0.7494301705747497,-1.346,0.2077715595661026,-0.2796605191759741,9.01004864538586,1.0
911,0.5980388967926284,0.9600688474888166,1.6053618797001477,8.36387109282306,-5.716065786388813,-10.325,0.1961449716713397,-2.0251968325065826,13.945375482484,1.0
912,25.66720828884922,57.42096404810681,2.2371332091091727,5.79255577727118,3.2944326252196454,-13.311,0.17086998726535574,-2.27445040048915,5.301756913595002,1.0
913,18.20886376066578,16.156170199545425,0.8872695414661447,3.25207295796832,2.4936785413276485,-5.733,0.14250106855908262,-0.8169586260492206,11.19733307634152,1.0
914,12.84160222041554,-14.712913410188351,-1.1457225630924626,-12.716771466874244,-1.7401132968455912,7.614,0.11206097686668959,0.8532322778629745,4.808702880656512,1.0
915,0.5819089438553,1.2641715180643844,2.1724558995242713,10.119723322694,-8.262651824718947,13.78,0.1302972708427267,1.7954963922127736,-5.052543800087861,1.0
916,-2.3980915422818896,-6.533730137604695,2.7245540974584994,6.83841052493574,-2.356635691171838,7.951,0.12667861972074068,1.007221705399609,0.656620483664172,1.0
917,10.164886758651612,38.81082293403673,3.8181264440554425,-0.170857099335691,-8.029811792357656,0.116,0.07601196929444864,0.008817388438156043,11.732440640126418,1.0
918,-2.66823256894393,0.5716758201127595,-0.21425262054237848,11.1029068737822,0.09499489280140327,-0.887,0.07301645686863578,-0.06476559724247993,9.925801346547903,1.0
919,-1.10383519197355,2.500630100441001,-2.265401681903362,5.69714422072884,0.9872055064392038,-5.839,0.07904286512460168,-0.46153128946254923,6.872024042807157,1.0
920,24.72682331669239,-81.17077968129121,-3.282701487436725,-4.85132507409779,-6.477332071995578,-3.897,0.04496211526626159,-0.1752173631926214,12.844224931067227,1.0
921,-1.8133479068651,5.5183774248217,-3.0431983867683847,7.20442475914267,-1.5494965619679446,4.821,0.07797654771285356,0.375924936523667,7.623332036176,1.0
922,-1.3974313841389203,-0.5791285967430786,0.4144236370502945,4.11437856445083,-9.3478719501096,-0.714,0.06539676173414766,-0.04669328787818142,-5.079658965904399,1.0
923,4.130254276593089,-15.155569053759631,-3.6694033923405227,4.18869237159223,4.283552831707738,1.143,0.05774361615265167,0.06600095326248086,-1.424912820430535,1.0
924,4.9583078728628,-24.26578377941013,-4.893964715708483,3.0317733945467,1.53487015248861,5.031,0.04592707823725273,0.23105913061161845,5.449931658329543,1.0
925,14.62134235321313,-127.10236006121492,-8.692933725971022,-8.72888243996397,1.043461737216722,8.533,0.008180766453909638,0.06980648015121094,6.511562682071159,1.0
926,-6.89588592225981,43.788878253436614,-6.350000383864648,11.9162724376008,-2.822314746404586,10.869,0.060134287461246716,0.6535995704162906,-3.220806125336906,1.0
927,1.2998138940016697,-4.646868971835942,-3.5750263889931713,5.48601706446772,-6.356438674667841,2.333,0.10640182603559178,0.24823546014103565,11.558763776136448,1.0
928,6.14020495454301,6.927365836241699,1.1281978187252992,3.20806812224438,-10.180757358745563,0.006,0.10476991088457777,0.0006286194653074666,9.924763703320938,1.0
929,7.57805841397596,1.9122845335244285,0.2523449185872817,-2.77988981666252,0.5895271685127268,4.189,0.07408787091374969,0.3103540912576974,-0.2445503277219596,1.0
932,-13.02519322276311,62.78620188788094,-4.820366255922746,5.29993601826074,8.856847904716147,1.059,0.3603550894447285,0.38161603972196745,14.097663858709788,1.0
933,-16.75414467140818,93.90800193551974,-5.6050609432649,4.70014237879329,4.142510356130402,1.565,0.35554224087112263,0.5564236069633068,1.0763631794837636,1.0
934,7.4647753622236594,-67.49976536882014,-9.042437594359548,3.59997490432274,5.436670287609191,-0.001,0.3593953685713476,-0.0003593953685713476,4.326044238200555,1.0
935,4.86812116159356,-31.64205986420132,-6.499850520122104,-2.48943244028874,0.8793649537636838,0.496,0.3570595771718028,0.1771015502772142,15.392157567342023,1.0
936,-6.453667385317369,25.41955770126465,-3.9387771608893667,4.46473902640867,-3.2316937803753554,2.008,0.34342735601644114,0.6896021308810139,3.1243969297011898,1.0
937,-8.69804493279455,31.82393917197961,-3.6587462375588187,3.61654219150596,4.5546612611637505,0.876,0.3461171715998631,0.3031986423214801,-5.281893583205088,1.0
938,-2.2422651303325303,13.029680026576182,-5.810945302727812,-5.39748521855877,7.550982068024359,1.19,0.3426873002850638,0.4077978873392259,-14.901493798407714,1.0
939,7.07948015433854,-58.05886006063578,-8.201006118373732,5.99488422798696,3.6152662764980414,3.063,0.33291622895021555,1.0197224092745103,-9.063567367043014,1.0
940,17.375769774843246,-170.68069779152876,-9.822914322831407,0.908210514871953,9.791159110417546,1.738,0.33553306861945464,0.5831564732606122,-0.0151078885025413,1.0
941,-9.36453926838745,71.5089459404243,-7.636141393717276,4.77108543044105,0.13907133631920754,4.367,0.3374655436799978,1.4737120292505506,-0.9165786826336952,1.0
942,-10.91792306591908,76.10082383865424,-6.970265624622993,4.60753485452025,0.8864010433238478,-8.584,0.3366695391397819,-2.889971323975888,-8.382419301809673,1.0
943,16.37392011975225,-79.86531971463202,-4.877593095027292,2.05413096200485,1.8772599627800979,-1.044,0.3350813897500201,-0.349824970899021,-6.818089863676535,1.0
944,3.12391046834366,-12.229219838704132,-3.9147152143538326,8.58726042640994,-3.5741272129983903,1.231,0.33551807860066307,0.4130227547574163,5.44694611026646,1.0
945,11.49836363141593,-55.063989234603426,-4.788854396999335,4.63081843223307,2.5204354748362467,0.544,0.32211243247918997,0.17522916326867935,5.209692006210176,1.0
946,9.59955187672501,-38.37736217742323,-3.9978285101487545,4.19461533741989,-0.9224615997352914,1.347,0.3138672926566576,0.42277924320851773,-4.758672099031069,1.0
947,-3.49847010085646,17.564000567790732,-5.020480398986658,5.05376125356918,-0.7298543562107573,2.149,0.29809646809589063,0.640609309938069,8.341183526073138,1.0
948,42.00819943376037,-134.31468416522497,-3.1973444702626663,-12.716771466874244,-2.7996551461783703,0.776,0.2707970904590177,0.2101385421961977,-3.2624635808936264,1.0
949,14.498849915284312,-54.688965665796346,-3.7719519813874793,0.0810705153264877,0.10978239972212478,2.304,0.27862457392553075,0.6419510183244228,-0.0288103027524466,1.0
950,0.9753789697976902,-1.1155629386748607,-1.14372256652842,4.33712103020231,-8.439969884852516,3.264,0.28950128148862464,0.9449321827788708,19.73730053423368,1.0
951,0.9997655854168706,-2.3007741280871215,-2.3013135895528665,4.75031684122342,-0.2514530964092154,0.588,0.28378237101621273,0.16686403415753306,0.2357729194413016,1.0
962,0.09195604578629,-0.5543598665132913,-6.028530933155266,4.28016680422402,0.22430067421896904,3.053,-0.41078964137866525,-1.254140775129065,1.545732164867264,1.0
963,-1.47234570708394,9.281006398373655,-6.303551097897509,3.89288658501088,1.9130370424783383,-0.039,-0.39410409984297123,0.015370059893875878,7.143392617162458,1.0
964,0.2212668486199005,-1.5747134257244935,-7.116806858082876,5.14100348449622,3.061009073123966,-0.143,-0.3679766620251482,0.05262066266959619,0.1482648897532801,1.0
965,1.4847566243057295,-10.443495103251966,-7.033809401682469,5.13853918994158,1.5296317533608272,-1.656,-0.33535523751874824,0.5553482733310471,-0.0209142598624811,1.0
966,78.75633626224682,-469.1719647156407,-5.957259910534287,1.87509813099847,-2.030892717713695,-2.64,-0.8090061702095283,2.1357762893531547,4.271314946892946,1.0
967,-0.3437297219214601,1.8471647354765397,-5.3738871493300895,2.99925533832644,-0.7329754371227293,-0.529,-0.7738704422904683,0.40937746397165775,1.3883215691365525,1.0
968,-1.2957179910178689,7.250939678761253,-5.596078567270012,1.8063851195103,-0.15573445977420386,0.234,-0.7278858513589183,-0.17032528921798687,-10.782886576263271,1.0
969,2.37074406946547,-14.155235103551982,-5.970798487220746,3.09236381038156,-2.3887668324183653,0.127,-0.7499101197166784,-0.09523858520401816,-7.118623620144804,1.0
970,6.434736726456929,-34.801813700676554,-5.408428530974103,3.21045441502793,-2.3911496807772603,-0.768,-0.8120785124227082,0.6236762975406399,-6.906764929179687,1.0
971,9.84154832754318,-47.12640842793548,-4.788515674514805,2.63794375302722,-1.25335907765467,-1.553,-0.9366590388013982,1.4546314872585713,-6.361241682069496,1.0
972,-16.75414467140818,84.01596297548328,-5.014637549290169,2.04990459443619,-0.47579522487227743,-1.828,-0.8308143332063483,1.518728601101205,-5.315765374794856,1.0
973,13.926361887674878,-69.66070349404536,-5.002074774151643,0.995406371264522,-1.741046963929893,-1.82,-0.8364525738464383,1.5223436844005178,-0.6478964387510611,1.0
1003,1.48737408392406,-9.145320506515617,-6.148635104887672,2.53159615417233,-0.6485291686145422,-1.575,-1.0351725263784282,1.6303967290460244,-9.770007615733556,1.0
1004,9.54066651008463,-57.38533666523537,-6.014814227557183,-1.93490944903913,-1.2438659008795927,-1.935,-1.1206655258445684,2.16848779250924,0.4664151919674175,1.0
1005,2.24055416798753,-14.709715980706402,-6.56521328110478,3.26063082122047,-0.40154195522094094,-0.498,-1.1066304493415984,0.551101963772116,-4.1571838229216285,1.0
1006,9.821220789219067,-71.08946810896099,-7.2383535239322985,1.40766067483813,-0.393355710302723,-0.354,-1.1342129690172282,0.40151139103209876,-14.849245293069323,1.0
1007,11.88084541171085,-90.93289907604655,-7.653739773973892,1.12413575027705,-0.06778996508081114,-0.683,-1.1910557459403384,0.8134910744772511,5.590101696581673,1.0
1008,2.23956350626398,-17.344654389593895,-7.74465843057431,1.83612392927999,-0.16868575724284796,-0.235,-1.2074579854080383,0.28375262657088896,-1.14973993628521,1.0
1009,2.02653132028149,-16.019560148111577,-7.904916143060855,2.54342347675991,0.058994458414751705,0.432,-1.2140588154330083,-0.5244734082670596,-1.160045238868368,1.0
1010,-1.3750888497576637,11.19594494018544,-8.141979292580649,1.45450336491099,0.4653092542122428,0.247,-1.2322806239764041,-0.30437331412217183,5.046141775181479,1.0
1011,1.39579603292706,-12.08447040910626,-8.657762397966177,1.91159094214852,1.1597541026268088,-0.546,-1.2322806239764041,0.6728252206911167,2.3912627532167496,1.0
1052,17.0756134075867,-14.367768911765383,-0.8414203676795458,7.3917392684331,8.493404295762286,-2.071,-0.12392992461006724,0.2566588738674493,1.7048027166881583,1.0
1053,9.11312577330201,-19.289727658338684,-2.1166971836216995,4.18088662700669,11.213890414334248,-2.039,-0.14968449722485333,0.305206689841476,9.77652965096174,1.0
1054,13.2584486495196,-73.51926354118093,-5.545087927300212,-0.2736313981937,7.7209418149714715,-0.39,-0.1768362933585183,0.06896615440982214,10.534539101467445,1.0
1055,4.120977202937969,-24.308484293634972,-5.898718458404652,4.9716214882971,6.863071399918064,2.018,-0.2084851657732013,-0.4207230645303202,6.05586603159205,1.0
1056,78.75633626224682,-432.2854543760142,-5.488897463901422,3.15403492459967,1.556391736763496,0.693,-0.2245337746841023,-0.15560190585608288,17.671060455131737,1.0
1057,2.87636362945148,-12.43407472491766,-4.322845205523903,3.20279913520113,-0.45791678822206805,0.495,-0.23513242139579932,-0.11639054859092066,8.504500437050266,1.0
1058,-5.235597654788104,20.62065112737683,-3.938547704963282,4.72324526861041,-0.5873030845188421,1.171,-0.21762167151674533,-0.25483497734610877,0.3571929688747088,1.0
1059,2.879076007921189,-11.588651101985095,-4.025128572535525,6.67425416822923,-2.265435040556718,0.416,-0.2254552094228633,-0.09378936711991112,-11.840993543270406,1.0
1060,5.35460029514102,-16.648828437096665,-3.1092569976146462,5.83704571917758,-2.889843696258654,-2.051,-0.24230378021648524,0.49696505322401124,-8.163951684018455,1.0
1061,13.136400759782118,-24.29409180256415,-1.8493720043120163,6.04999082563968,-1.8804850576416343,-4.568,-0.22613398264258833,1.0329800327113434,-5.268705310687039,1.0
1062,13.58635042689859,11.32865686880334,0.8338263413532001,5.16823098528431,-5.998820417475259,-7.509,-0.2880448862715243,2.1629290510128762,-1.47297785740097,1.0
1063,-3.5528783362017187,-0.6696872299004175,0.18849146143753437,3.78939280635238,2.2842028008572157,-7.955,-0.32428881886167327,2.5797175540446107,-0.0005992436482249,1.0
1064,-3.5799137508377106,7.450645935138134,-2.081236156428255,-1.11803723642878,1.7310882082651968,-3.93,-0.2950790793195323,1.159660781725762,7.349612004403205,1.0
1065,1.86280477282114,-9.323840440670171,-5.005269782806925,5.85165102224047,-1.7635127862995148,4.259,-0.2539054706633873,-1.0813833995553666,-9.02377378737812,1.0
1066,16.65280114313792,-62.43204494094858,-3.7490416419627275,6.22389678509138,-3.280072658771005,0.363,-0.2930036045631123,-0.10636030845640976,-5.209546316423896,1.0
1067,4.14543462117966,-11.465916426464503,-2.765914186146702,6.15534001855494,2.4478890372609197,-1.427,-0.32524889778772226,0.4641301771430797,0.5796964631803903,1.0
1068,8.43435978685995,-31.24106803744583,-3.7040236398400843,3.30850824710085,4.372022538746778,-0.682,-0.3605076898056503,0.2458662444474535,1.8092689523712344,1.0
1069,6.949870034000531,-41.02448465790927,-5.902913933240055,1.79264947139259,1.6216722757917745,0.47,-0.3850759764250653,-0.1809857089197807,15.158378718180687,1.0
1070,6.999561604510269,-35.269309445227755,-5.038788346758954,2.15194249981184,-2.1202515545750478,1.496,-0.40692418689452725,-0.6087585835942128,14.688547409787445,1.0
1071,3.14877870032897,-11.467291744371595,-3.6418220636380525,1.753038749071,-1.0854248853219173,2.089,-0.3957898061110743,-0.8268049049660342,3.4907217667264234,1.0
1072,-0.801674265900047,2.30496870879073,-2.8751935877633796,1.35769537343957,-1.5506838404034662,2.661,-0.3836603215812904,-1.0209201157278136,-4.154460751230826,1.0
1073,0.1887102870645303,-0.6070357346397396,-3.216760167569249,3.99002947789977,-2.0273437638160474,2.628,-0.41597452839744525,-1.0931810606284862,-1.1647019033339756,1.0
1074,11.515831297913175,-49.95738932518303,-4.338148765190402,0.644223402631923,0.9296412480830352,1.482,-0.46899983427639536,-0.6950577543976179,9.609049982718476,1.0
1075,20.2053304087426,-101.08553763182957,-5.002914359078785,-6.1396969411886,-1.666253825446229,2.731,-0.47778781890787236,-1.3048385334373993,12.779927861206051,1.0
1076,7.947842662303302,-26.912113958216064,-3.3860904275144366,11.3374032409913,-7.660416322649954,7.095,-0.40529590941711224,-2.8755744773144114,-4.260207948482697,1.0
1077,1.7278847812283598,-2.8023234480564256,-1.6218230975240395,2.06391864254198,1.9675721739365493,7.525,-0.4243631252730292,-3.193332517679545,15.06792284496372,1.0
1078,1.9353372633771424,0.0746338993297311,0.03856376908668402,0.677024831595858,2.6595869592260346,-1.36,-0.39378895087122334,0.5355529731848638,-3.80706775289118,1.0
1079,-4.9252610332498,4.932897918344113,-1.0015505543853935,2.80512637106611,-0.458374549313012,2.273,-0.3471239612573743,-0.7890127639380119,12.32112427840233,1.0
1082,11.429717067691833,23.795557635983624,2.081902596105907,9.29759460595947,-0.7874031729132036,0.733,-0.5544556026737343,-0.4064159567598472,-0.2929735461826399,1.0
1083,6.980804714514731,-5.087105401195526,-0.7287276480630149,7.92354535108497,2.0975917944294764,0.726,-0.6380122587898183,-0.46319689988140805,-0.1309839984399374,1.0
1084,6.925239429117189,-38.47201546396351,-5.5553336253195535,7.74123827728161,3.1047409955881955,1.076,-0.6883627527204783,-0.7406783219272347,-0.0085558267696295,1.0
1085,3.7512086914818905,-30.507601558468078,-8.13273908960161,8.57357328926101,3.5165916286615806,2.296,-0.6943388574858382,-1.5942020167874844,0.0030702946475447,1.0
1086,6.71836655230244,-53.59954055398996,-7.978061354157724,8.32404695347056,0.135266940886547,2.811,-0.6814823302357182,-1.915646830292604,-0.0173441156086084,1.0
1087,3.904387578739089,-27.205638204253766,-6.967965565816023,9.23604870383861,-0.2165185632541422,2.562,-0.7535951956908582,-1.9307108913599786,-0.0013390409365654,1.0
1088,9.1259547543439,-57.89161959662988,-6.343623341883633,10.1138119025242,1.32195162786235,2.843,-0.8330824697034882,-2.3684534613670167,0.0009564706194176,1.0
1089,4.746490953460901,-29.263671835301558,-6.165327633030453,10.1404291872206,-0.3865329032304188,2.36,-0.7637598142588784,-1.8024731616509528,-0.0028492483824527,1.0
1090,5.288139392244499,-24.177089897413452,-4.571946407628964,11.4535130030645,-4.4226633529147685,1.489,-0.6983106001176482,-1.0397844835751784,-0.9965706355343218,1.0
1091,9.4408346242139,-33.39596286435785,-3.537395176767922,12.6752842281595,-1.1885103046974987,1.38,-0.6713646412509683,-0.9264832049263362,-2.69550643840556,1.0
1092,2.5847635329414995,-7.9611179679124024,-3.0800179074224756,14.1507710506103,0.11642565180156605,1.126,-0.6373505732968884,-0.7176567455322962,-4.589059550428121,1.0
1093,8.109331469372462,-22.458970125874625,-2.7695217800256726,9.66877608164454,-5.247672826458638,-0.058,-0.5994214227606484,0.0347664425201176,-8.660856854702892,1.0
1094,19.01717772925124,-26.647185368077558,-1.401216613077672,9.40610014336416,-5.199456988624396,0.024,-0.8183653391125584,-0.0196407681387014,-1.6872178606268329,1.0
1095,8.3566242247543,-23.141212896633544,-2.7692058747937702,10.5916903885704,2.8374863815494367,1.721,-0.8396743328534283,-1.4450795268407501,-0.8950856249116401,1.0
1096,7.860917303303541,-24.336475778308294,-3.0958824319498843,9.46205248298186,-3.2103193246785677,0.356,-0.8070983724345382,-0.28732702058669557,-4.56123236535827,1.0
1097,6.5338318685685,-19.885332837955318,-3.043441159484871,7.8578201481217,-4.643187778215962,0.096,-0.8636295559601083,-0.0829084373721704,-2.3079686185761505,1.0
1098,5.810472667058829,-12.86366900996981,-2.2138765203900697,7.77842954757257,0.5823803262672511,0.297,-0.9148269132257982,-0.2717035932280621,-1.846773355391318,1.0
1099,3.5509287783519907,-13.347045447146792,-3.7587477193336563,7.46100735778161,0.4415777909848817,0.823,-0.9716973930846384,-0.7997069545086574,-0.8445173079858037,1.0
1100,6.361479138672329,-38.592268793784186,-6.066555898796609,6.98162255562367,0.4036610382665007,0.672,-1.0916640541287683,-0.7335982443745324,1.3682018428631926,1.0
1101,4.5594302646604,-31.10851946288355,-6.82289620788851,6.7736886867727,1.3635641075281812,2.5,-1.1272990201577984,-2.8182475503944957,6.695944037139556,1.0
1102,1.21853879547783,-8.64664837381378,-7.09591553908888,6.89123916636191,0.020481484821699425,3.326,-1.1162550213710083,-3.7126642010799737,1.719883184540394,1.0
1103,0.2332555511895799,-1.4176983946542043,-6.077876335307283,6.757806142324,-2.54070980193023,3.339,-1.1453637128419385,-3.8243694371792327,-2.112784191134132,1.0
1104,2.81490099635288,-13.98197577894012,-4.9671287896291325,6.06737806333672,-1.900940537908602,4.202,-1.2175535149234085,-5.116159869708162,4.420038170373353,1.0
1105,7.674058462094569,-38.53406053757545,-5.021340497718583,2.33950385203023,0.18103608869139975,6.005,-1.2322806239764041,-7.399845146978307,-0.110268036144645,1.0
1106,0.5053615837498899,-3.146616562954169,-6.226465691368165,8.57038414981781,0.9642099045014341,9.563,-1.2322806239764041,-11.784299607086353,-6.546983423223707,1.0
1107,8.52944584011591,-50.2460176921512,-5.890888884695514,3.13385438394069,-2.846244732516745,5.902,-1.2322806239764041,-7.272920242708738,4.4686624474985726,1.0
1108,4.4328311901911,-25.2001169283622,-5.684880801264128,5.41600334492955,-0.426356365708791,7.319,-1.2322806239764041,-9.019061886883302,5.148169380621059,1.0
1109,1.8524032960837904,-11.171297889411033,-6.030705037627896,4.95830378788091,2.0170216721214995,6.708,-1.2322806239764041,-8.26613842563372,1.6020992337799855,1.0
1120,-1.172858121185477,7.286026652187356,-6.212197810271322,0.996065564854788,10.370467395451577,1.038,0.31654615911975237,0.328574913166303,-0.0151078885025413,1.0
1121,10.35013105650593,-75.91336689742465,-7.334531947757966,2.81557859252327,6.527217229811111,1.025,0.30357544794701374,0.3111648341456891,-0.9165786826336952,1.0
1122,31.05129922189493,-247.60490523465276,-7.974059425509039,1.10142976793477,6.367230143849967,1.034,0.28354428473701265,0.2931847904180711,-8.382419301809673,1.0
1123,3.234239885325259,-19.761498194031475,-6.110090436920116,4.7826659787672,4.884749322809179,0.389,0.28477550290127673,0.11077767062859666,-6.818089863676535,1.0
1124,17.56646332003427,-82.98674099622767,-4.724157588487525,3.60332156667053,3.0427483373798303,0.21,0.2781154145510226,0.05840423705571475,5.44694611026646,1.0
1125,12.272362794456969,-58.59738950525306,-4.774743909275532,6.84804939907013,7.093216963437299,1.002,0.27411716411181963,0.2746653984400433,5.209692006210176,1.0
1126,16.38624367927799,-86.82831968897855,-5.29885441645064,-5.37044724000579,6.880295140970638,1.337,0.27325191618360467,0.36533781193747944,-4.758672099031069,1.0
1127,-2.7645186044433503,14.338798896045173,-5.186725411432839,7.62041176451649,2.1598658369410106,2.889,0.2682430759777418,0.7749542464996959,8.341183526073138,1.0
1128,0.579951285535401,-3.3196515767029373,-5.724017964092091,10.7602131311256,8.090960466018938,2.276,0.2618760645035867,0.5960299228101632,-3.2624635808936264,1.0
1129,4.805792621066349,-25.32899630996304,-5.270513795982906,9.37199994240375,4.259080636171975,1.621,0.25830758512593865,0.4187165954891466,-0.0288103027524466,1.0
1130,10.959742103421291,-62.519956717708304,-5.704509844094918,7.19494942728191,2.4816274098306668,1.568,0.2380333615325787,0.3732363108830834,19.73730053423368,1.0
1131,3.865708703722381,-15.377465533231776,-3.9779162662785366,7.17275963956332,2.0513515909599933,2.042,0.2288274387230007,0.4672656298723674,0.2357729194413016,1.0
1146,-2.9494768412507195,18.884785082601873,-6.402757539399366,4.32426119221549,3.4161170578373756,-1.545,0.3261146558139092,-0.5038471432324897,3.1243969297011898,1.0
1147,16.69655540328285,-99.09285183868273,-5.934927860581306,4.47702683369155,2.46965640469341,-0.861,0.3238887513827229,-0.2788682149405244,-5.281893583205088,1.0
1148,-3.5057335469621496,20.120665993626016,-5.739359744285567,5.45315368881347,2.1654275187902527,-1.507,0.3221366503081813,-0.48545993201442916,-14.901493798407714,1.0
1149,0.4018532162127899,-2.249939688378402,-5.59890924746764,7.04886281858374,2.988718436672899,-0.56,0.3265679521680145,-0.18287805321408812,-9.063567367043014,1.0
1150,3.4258734853422603,-21.84176925671029,-6.375532940770053,2.22827020924117,4.7705245304829225,0.456,0.3204935231461562,0.14614504655464725,-0.0151078885025413,1.0
1151,4.318329304446601,-29.571846691299562,-6.8479832376028655,3.80958327566137,2.9363410577377014,-3.029,0.3232868175622913,-0.9792357703961803,-0.9165786826336952,1.0
1152,10.54426424263009,-70.98816657177801,-6.732396394693462,4.32758900972871,1.9064821296455037,-25.83003,0.3216712803627494,-8.308778821908227,-8.382419301809673,1.0
1153,11.1036262235874,-73.45407388175397,-6.615322994727228,2.8476778892105,3.2433764564266276,-3.874,0.3122760347299294,-1.2097573585437464,-6.818089863676535,1.0
1154,5.652270535384609,-30.64015619774504,-5.42085804384806,2.57925177738754,-1.6109473641361283,-2.0,0.3082323068313101,-0.6164646136626202,5.44694611026646,1.0
1155,10.90880848975356,-54.39398787981577,-4.986244641741306,2.89902472122014,-0.3412192950725923,0.041,0.2969401934864737,0.012174547932945423,5.209692006210176,1.0
1156,6.751161821604951,-33.21854012186999,-4.920418292384075,3.37921128506045,2.544303350219468,0.932,0.2816431926989167,0.2624914555953904,-4.758672099031069,1.0
1157,-4.684881298254702,26.723730149914253,-5.704249147117104,4.62597872209571,0.6442751829587312,2.258,0.2808070562494237,0.6340623330111987,8.341183526073138,1.0
1158,6.449750278725971,-40.362488358696574,-6.257992420548325,4.99552916130783,1.2419262182772117,1.396,0.2752882362250687,0.3843023777701959,-3.2624635808936264,1.0
1159,7.52341855708612,-41.14985233754865,-5.469568391724083,5.71981814509198,-0.44002323930303344,3.555,0.26759945251788375,0.9513160537010767,-0.0288103027524466,1.0
1160,3.135969267542011,-17.753283145075056,-5.661178930809539,5.66695298703932,0.42718299591946174,4.087,0.2629948365620367,1.074859897029044,19.73730053423368,1.0
1161,0.4651931983651103,-2.8866835863908937,-6.2053434928454365,4.53579423678801,2.1335986112844596,4.246,0.2611947755752697,1.1090330170925953,0.2357729194413016,1.0
1162,1.8911066645001904,-13.24258830730724,-7.002560223543598,3.54117654926007,1.7764344203767601,5.881,0.2642755497566036,1.5542045081185858,-2.016326739309293,1.0
1163,9.98234210737951,-73.19303503820578,-7.332250713396944,3.95551423892049,1.4104002458868115,4.725,0.25804316670717775,1.2192539626914147,-4.3416857218186,1.0
1182,42.00343954378613,485.6094635879809,11.56118329504329,8.58332298445387,-0.9100947655344416,-0.985,0.3799322356072218,-0.3742332520731134,10.350898669540754,1.0
1183,47.61694155137468,776.459848786122,16.306378013556103,7.43333574200602,-10.616444237548862,-0.41,0.3613145457809257,-0.14813896377017952,8.232728705458436,1.0
1184,55.67247572135504,679.8067759851464,12.210823520542373,0.541570197421564,-6.831980513176639,0.412,0.3516402695617036,0.14487579105942186,44.78753447752395,1.0
1185,26.14560668738357,340.90183260085735,13.038589491417607,8.61867717510543,-0.9736519304630376,-0.918,0.3715190702057821,-0.341054506448908,11.870746689196633,1.0
1186,21.900021132777944,381.4480405076343,17.417701937132737,-0.403164081254445,-15.239988046806962,0.966,0.365357424067176,0.352935271648892,1.4988011869971674,1.0
1187,12.00201427984844,155.96576583813044,12.994965861688673,8.66859360586926,-3.233394222805186,0.964,0.3579369156069169,0.34505118664506784,0.028680713636664,1.0
1188,1.224464682125003,10.529389728918675,8.599177977632966,17.5159124688348,-0.02397922498347249,-1.708,0.355587239290327,-0.6073430047078785,-0.0205608350440256,1.0
1189,7.35803231490987,-22.293062400183707,-3.0297586971737536,7.30227750870263,5.214987429878271,-1.756,0.35129125958784047,-0.6168674518362478,0.6155486117789932,1.0
1190,3.025721922617441,-17.484732459725954,-5.778697747809076,6.35973756164829,0.5691345797712355,-4.36,0.34552785248665485,-1.5065014368418153,0.0819992646901246,1.0
1191,22.211279184050337,-173.92238413207096,-7.830363244317897,0.393832798154563,4.865008087758449,-0.657,0.3337062806083759,-0.219245026359703,9.105741390408518,1.0
1192,37.62420888724051,-224.95205997753663,-5.9789180060029,4.24121047272719,-0.21158328636802226,0.476,0.34949686872725716,0.1663605095141744,44.94842474165,1.0
1193,21.58704495493425,102.28155910712876,4.738099138657224,6.07168870646615,-22.450189741339898,-0.239,0.3456940937245405,-0.08262088840016518,10.796478694350965,1.0
1194,34.130437387225385,517.3512981832288,15.158062356882283,0.555384294580819,-18.764140848115375,1.173,0.33851659477723917,0.3970799656737016,1.555393535331051,1.0
1195,44.87927558312798,635.2698013918105,14.155081452131,0.775427992354622,4.738508733966262,2.632,0.32719066123147267,0.8611658203612361,12.341725666851788,1.0
1196,28.382374725094053,173.63883714093495,6.117840343620491,6.42961005647355,-4.841557886246939,3.186,0.33713500685791653,1.074112131849322,7.469485928404818,1.0
1202,10.140864993882456,27.340739968654322,2.696095449958934,-0.624812152260716,-11.010858695531,-9.195,0.3259450285725718,-2.9970645377247975,14.097663858709788,1.0
1203,-16.52046195626984,-12.989914029559344,0.7862924211165545,3.73755276980884,0.03380410709750148,-3.668,0.3071306162329691,-1.1265551003425307,1.0763631794837636,1.0
1204,22.45361526118203,-144.1457875579572,-6.4197139694985985,-2.58219935813743,22.430974234758846,5.16,0.29550469070093566,1.524804204016828,4.326044238200555,1.0
1205,50.9459735770319,-134.08511554444334,-2.6319080023409986,7.5759803952642,-18.828245950378474,4.746,0.3567166948414673,1.6929774337176038,15.392157567342023,1.0
1206,-16.75414467140818,-190.88466914859148,11.393280462376936,3.80260189913561,-28.590899975485605,-1.047,0.35554787605720106,-0.3722586262318895,3.1243969297011898,1.0
1207,8.10336875693421,103.9303580190452,12.825574293420868,4.58187006108889,21.986934578165695,0.706,0.3758614034258354,0.2653581508186398,-5.281893583205088,1.0
1208,-2.561337406085191,-6.302984673694675,2.4608177972648697,0.813264076303781,6.858186454669979,7.342,0.3681637459867094,2.7030582230344207,-14.901493798407714,1.0
1209,16.50633657211101,-184.02993904516075,-11.149048018086365,3.47663162118089,9.662334645104043,-0.366,0.37519565501879837,-0.1373216097368802,-9.063567367043014,1.0
1210,26.45877931233652,-116.2133099985111,-4.392240043527863,7.75575897806648,-10.179653086215822,-3.326,0.3799322356072218,-1.2636546156296196,-0.0151078885025413,1.0
1211,39.11305258498409,274.5859750543565,7.020315646745836,7.98623836334291,-21.25711254405648,-13.403,0.3799322356072218,-5.092231753843594,-0.9165786826336952,1.0
1212,23.17880264831851,283.4982788583922,12.230928541037404,-6.61399480441001,-6.401761936118899,-15.957,0.3799322356072218,-6.062578683584438,-8.382419301809673,1.0
1213,26.66207042789411,236.63178024415055,8.875221483046722,6.30637595585259,-2.8013058371675337,-8.986,0.3725811915966666,-3.348014587687646,-6.818089863676535,1.0
1214,-6.727856606665171,-23.314553637532175,3.4653761220824553,11.6372888615758,-11.197465058539402,-23.897,0.3560608531960666,-8.508786208826404,5.44694611026646,1.0
1215,22.01464964643582,-162.53714139231695,-7.383135503073144,9.93126543095578,22.430974234758846,-4.756,0.34501295315434566,-1.640881605202068,5.209692006210176,1.0
1216,35.827629020351424,6.307575372689451,0.176053385199074,2.20591936286718,-20.219558122945713,-15.517,0.3331946738078233,-5.170181753475994,-4.758672099031069,1.0
1217,9.91343666975676,-15.820912270774022,-1.5959059201981276,9.94715314257564,-6.942852299335733,-16.065,0.33073667448131394,-5.313284675542309,8.341183526073138,1.0
1218,1.767356429523617,16.343101667778097,9.247201863057871,-0.712434451876447,-7.323506963682047,-7.236,0.3160961938957374,-2.2872720590295557,-3.2624635808936264,1.0
1219,7.159310266472629,-6.635822446546233,-0.9268801322415214,6.64606540928447,3.7459384085628544,2.849,0.2933475695265567,0.8357472255811601,-0.0288103027524466,1.0
1220,-11.928098427209065,80.31001487807725,-6.732843073702585,0.415193061293763,9.530680166432216,10.732,0.25284650293377975,2.713548669485324,19.73730053423368,1.0
1221,-6.34665895386514,70.75920543106022,-11.149048018086365,-8.68524343913786,22.430974234758846,17.59141999999995,0.22608605786578573,3.977174800061329,0.2357729194413016,1.0
1232,20.450853475769065,201.6829774493669,9.861836704679753,3.43029367788374,6.212077740434507,2.495,0.04081769503849575,0.1018401491210469,10.080252615264484,1.0
1233,10.788414007539885,102.72618144714504,9.521898341623803,0.569784088434517,13.474409633246708,3.227,0.056171899821045757,0.18126672072251465,25.00248294798948,1.0
1234,16.10147344540507,131.42979685725516,8.162594392549938,-4.20401524244947,5.708617878195965,3.864,0.09155204878734369,0.353757116514296,23.15311773204387,1.0
1235,0.7235878614959401,4.882371763465698,6.747448407124905,2.92486148176778,-0.42289267400883457,5.367,0.1969542980418707,1.05705371759072,18.855534308686405,1.0
1236,17.90783458260011,221.32807788061584,12.359287598940973,1.67789830787579,-15.889516841128337,2.937,0.1864005996688617,0.5474585612274467,10.152456473792482,1.0
1237,2.1035248575868994,20.2101519437194,9.607755226103617,2.50398046659659,2.271798998480379,2.709,0.1901753400216747,0.5151849961187167,8.904217297034101,1.0
1238,6.607123968181271,48.82337651787224,7.389505139149334,3.91827190322513,1.7317864460944854,3.452,0.1945417744154927,0.6715582052822808,14.8866272715386,1.0
1239,13.95575324443065,-21.760928081393434,-1.5592800832930758,5.33302206759905,0.9073550781455886,2.702,0.18307105363585174,0.4946579869240714,-8.659296182044173,1.0
1240,12.80471747060399,-16.70270879762428,-1.3044183783022918,4.82876110773741,-0.25051787722534247,1.311,0.17748289680369067,0.23268007770963847,-11.689254613603527,1.0
1241,11.23271984939628,-19.201397021855957,-1.7094165330659399,6.71686869844402,1.452953750184549,0.021,0.1316597687006067,0.0027648551427127406,1.6139945499209718,1.0
1242,10.654056516384948,-21.839407989379954,-2.04986785604084,6.73819469090975,2.085152586777017,0.993,0.09919930786075282,0.09850491270572755,-11.904701482114245,1.0
1243,15.19853308938849,-41.697698171462996,-2.7435343875769194,3.28344618616541,4.314599305203037,0.82,0.0914057604132007,0.07495272353882457,-5.422700168243811,1.0
1244,6.91623715965575,-12.23347799323964,-1.7688054516986158,1.13964864548062,-1.4223966544479327,-0.042,0.10423994695783767,-0.004378077772229183,9.793759130510216,1.0
1245,6.96300362259908,-16.362714450084027,-2.349950586981932,4.49465897070922,-0.38665077820517757,2.674,0.08127947412769776,0.2173413138174638,-11.985587369907314,1.0
1246,11.97592506012595,-33.72031391816362,-2.8156750938961688,6.94789198173555,0.4421992420701404,3.303,0.055207965982257634,0.18235191163939696,-2.6846182437486044,1.0
1247,12.158972305204651,-39.46642245808962,-3.245868274672852,3.91263576716115,-0.9690765218781094,1.993,0.02731742775334367,0.054443633512413936,-2.7058738647739444,1.0
1248,8.60080031347428,-29.200219433519308,-3.3950584095962952,5.13399351995672,0.5340478339984855,-0.155,0.009969867952500655,-0.0015453295326376016,3.942317763974268,1.0
1249,4.69186669474071,-18.89627273302592,-4.027453029347032,4.49903000110972,2.140889473593832,1.021,-0.019060138803372317,-0.019460401718243134,7.074233704943289,1.0
1250,8.46509461040417,-45.806122675271574,-5.411176694820726,2.95590137527523,2.2923581056573106,1.744,-0.06432924848588328,-0.11219020935938044,37.01338343898346,1.0
1251,5.09918556343522,-29.57673247060639,-5.800285575542212,2.08738250162794,4.23048568415787,3.52,-0.06582819339711532,-0.23171524075784591,11.433198242748354,1.0
1252,5.43041022069995,-25.63189619407825,-4.720066284564123,1.35936086788746,0.799883884209307,2.274,-0.09335100801523433,-0.21228019222664285,-3.3963806228413107,1.0
1253,-16.75414467140818,62.8955914900756,-3.7540317768301357,2.56432428277704,-0.4044221463965991,2.496,-0.05404618637802627,-0.13489928119955358,0.1428791285099429,1.0
1254,4.00194958525956,-12.113693396895673,-3.026948025910726,3.18685539245533,-0.12677679578187995,4.668,-0.05572291076605029,-0.2601145474559228,11.026754612432988,1.0
1255,27.116983611721388,-92.43780045000655,-3.408852613313896,-7.18591413760859,-0.6004952734819269,3.482,-0.11526208259239135,-0.40134257158670666,12.544211831908855,1.0
1256,5.8164020356,-26.907779225375982,-4.626189706399872,10.8011981904878,0.582297002992016,6.957,-0.07440916711832035,-0.5176645756421546,1.3800305104029853,1.0
1257,5.05989216515631,-18.05881534513185,-3.5690118990063455,7.32827729427979,0.6474923841357061,7.085,-0.03720016841406537,-0.2635631932136532,13.67298651507991,1.0
1258,3.4473471500760304,0.24749704952512414,0.0717934802474609,0.841819555752039,-1.4893684409549413,6.165,-0.011181522128524302,-0.06893408392235233,1.6390425483798987,1.0
1259,9.84793361090974,18.79826864583336,1.9088541199148885,1.49330728771066,2.9718945429682453,3.224,0.010988752691082682,0.03542773867605057,-5.814226762260121,1.0
1264,15.846661472258509,-98.6684257033426,-6.226448761846372,2.69768646408839,1.6162853017251955,2.003,0.35444761787184453,0.7099585785973046,4.3697087621790365,1.0
1265,15.53798474980015,-91.98441433631119,-5.919970692305789,-1.00701887109655,-0.8233078782010961,0.456,0.3520998269976221,0.16055752111091567,15.345183782819394,1.0
1266,46.89076263073349,-193.97044005232937,-4.136645027078229,5.41959971808741,-3.1652792399180063,1.138,0.3619783271413133,0.4119313362868145,3.124396929695017,1.0
1267,6.66322923930417,-14.149677332597404,-2.123546530431997,4.59768263263243,-3.9425465576023,2.128,0.36131371940584467,0.7688755948956375,-5.281893583200715,1.0
1268,-4.00191368282493,8.541715453112792,-2.1344077184301584,1.93442812313498,-0.31059099165696713,2.146,0.3573430362108353,0.7668581557084525,-14.901493798407714,1.0
1269,-5.99330598518437,15.658189600217023,-2.6126130784786445,3.10041210399676,-1.3648722640753785,2.045,0.3634656502221941,0.743287254704387,-9.063567367038395,1.0
1270,1.3932591291811098,-6.874685900936409,-4.934247877476329,5.66520240193151,2.5527707071445027,0.98,0.3532316210810713,0.3461669886594499,-0.0151078885008759,1.0
1271,14.25863815447114,-90.45905546679283,-6.344158150785755,-1.75444679449394,2.919156380040011,1.414,0.35505471565751623,0.5020473679397279,-0.9165786826360932,1.0
1272,8.754694173591488,-52.57075782927145,-6.0048651371342014,0.803599788247752,-3.2563163221388858,1.507,0.35140352168251376,0.5295651071755482,-8.382419301811195,1.0
1273,7.56729745221485,-33.83996117765503,-4.471868773673025,3.96461118871815,-2.4135609670019598,1.179,0.3414946844085598,0.402622232917692,-6.818089863675692,1.0
1274,10.10399341913075,-33.22209512626836,-3.288016306836279,3.24074074074075,-1.2305962851956176,1.464,0.31730875006569637,0.46454001009617946,5.446946110266615,1.0
1275,15.634300044838872,-77.27553614152397,-4.942692408352099,3.77776673684423,0.7564995052171453,-0.36,0.30076771547656367,-0.10827637757156292,5.209692006207689,1.0
1276,5.428279488805589,-32.90972326967861,-6.062643483546919,4.14350668765977,0.07353550155391186,-4.204,0.29934537794371474,-1.2584479688753767,-4.758672099029693,1.0
1277,12.8227524361971,-78.16105142058497,-6.095497188259336,3.1684098843342,-1.2574307553138708,-0.861,0.2859450713671877,-0.2461987064471486,8.341183526073914,1.0
1278,-1.6166157877783398,8.084282019098842,-5.000744196744977,4.46624729869704,-2.4170833607663034,-1.962,0.27878131683664964,-0.5469689436335066,-3.262463580894293,1.0
1279,5.99028406963393,-29.802343690928534,-4.975113591357576,2.10665760321017,-0.002087842312892274,-10.489,0.26993875481054463,-2.831387599207803,-0.0288103027503483,1.0
1280,15.962967348724831,-91.18016604142615,-5.711980990095171,1.14735632260047,0.9072964388084692,0.328,0.24840919410597373,0.08147821566675939,19.73730053423195,1.0
1281,6.9391995585169,-50.723466723080875,-7.309699958235802,3.3204465548877,2.2848030801114527,-2.598,0.24519807242695268,-0.637024592165223,0.2357729194385927,1.0
1282,-1.99897053918181,14.6366205283961,-7.322079161000018,3.81576287489548,0.0344228372640254,5.52,0.2419249807268986,1.3354258936124803,-2.01632673930755,1.0
1283,4.829048931631519,-36.055079481063906,-7.466289944774387,3.64245114733689,1.3421039732151252,0.098,0.24857810953441262,0.024360654734372437,-4.341685721816113,1.0
1284,4.14591970069203,-27.695220481694676,-6.68011502419399,1.76078023564568,-0.08412369885011373,1.347,0.2514991042666367,0.3387692934471596,5.491862428450589,1.0
1285,13.09258087177076,-76.57512726842388,-5.848741972144653,-0.195556841918759,-2.359780317499005,4.295,0.25762616211339173,1.1065043662770175,-1.9892905401683316,1.0
1286,16.499110437977258,-95.02966044711606,-5.7596838814036335,2.04245238320844,1.0731450772293094,0.516,0.2474404282522067,0.12767926097813864,-3.427988441980445,1.0
1287,4.92450557631107,-30.79271698272812,-6.252956059356285,2.45381174550259,1.7005970050503638,2.814,0.24460647580482564,0.6883226229147794,12.31582922658012,1.0
1301,10.04563527223052,-91.07983840670222,-9.066608127658906,7.98375044795048,5.225727711331007,4.693,-0.03155176547280836,-0.14807243536388962,-0.8123347311926432,1.0
1302,-4.4312614312866,40.59205808957513,-9.160384400472932,15.1706879735517,-1.2933028161800753,4.316,-0.004506723798979317,-0.019451019916394734,-8.31498345931616,1.0
1303,0.5354792768452299,-0.4605459870496243,-0.8600631377612329,7.03901129565128,-12.44703550648094,0.863,-0.0651445684100993,-0.0562197625379157,-6.548435824944487,1.0
1304,4.9652290007547295,4.845132458256096,0.975812486698926,-1.50358672385678,-0.7985037701163544,1.415,-0.1192483289292523,-0.168736385434892,6.237938899682383,1.0
1305,3.5690354057656704,0.2881696130855171,0.08074159550784721,1.83641914989978,1.1374877751917811,5.32,-0.15158138327499726,-0.8064129590229855,4.052295521400762,1.0
1306,0.6598772001969699,-3.887067488632237,-5.890592200294187,3.92471821338283,2.6792667260475023,9.597,-0.1905631911287633,-1.8288349452627413,-4.80532046046055,1.0
1307,5.22083602760015,-32.43440798286456,-6.212493135466968,1.08364848376166,1.0126793172349213,6.976,-0.17678092437137427,-1.233223728414707,8.882883102190743,1.0
1308,10.78063743489807,-71.56341721799079,-6.638143398305225,0.632136727385131,3.473352200899593,9.364,-0.1762517021029663,-1.6504209384921766,-3.760998051201448,1.0
1309,6.740386086045949,-43.012842295398066,-6.381361801283744,0.696666840118581,2.028650054551595,8.49,-0.16740157119894128,-1.4212393394790115,-0.0457431761413329,1.0
1310,5.301040076208516,-38.859179357196126,-7.330482093806303,0.936026507808833,2.971181695935221,6.934,-0.15553796658898633,-1.0785002603280311,19.69204793497703,1.0
1311,4.075514508517511,-28.594687629367627,-7.016215393076613,4.28071482662371,0.997197320180554,4.157,-0.14170026222730636,-0.5890479900789125,0.3042893630012866,1.0
1312,1.95413828494533,-13.5444461464721,-6.931160527798077,4.5513148102974,0.8360589939579111,2.728,-0.14493136947654128,-0.39537277593200465,-1.8870613518814692,1.0
1313,-2.3125271996502,14.951450301272754,-6.465415975878837,3.70696458310842,0.5514525883661303,2.635,-0.12744407504228028,-0.33581513773640853,-4.491868330698157,1.0
1314,1.5003253469658588,-9.658336566888925,-6.437494764999601,6.94782634051859,-0.2355791883424052,2.364,-0.1074361445083113,-0.2539790456176479,5.4398940055018,1.0
1315,24.58010095673529,-166.3051768930082,-6.765845965634176,-12.716771466874244,0.1876083473405732,1.617,-0.2741890900068653,-0.4433637585411012,-1.7253999893939165,1.0
1316,-3.99688190238544,28.282324234434146,-7.076097048940711,7.03353010694514,0.3019004266948455,9.287,-0.26321534411675024,-2.44448090081226,-3.69608236102974,1.0
1317,-10.04200064398876,72.24403119890935,-7.1941870708956115,15.843675684642,-0.3747564718529106,7.512,-0.1676991647102613,-1.2597561253034828,12.492181650035183,1.0
1318,1.4757145645579506,-7.8381309978962355,-5.311413999796189,4.7947613911073,-5.250027120600398,4.146,-0.15181775346312426,-0.6294364058581132,-2.9164256041737118,1.0
1319,0.7510951747137895,-3.265110493383743,-4.347132831239314,6.98888280991075,-1.534196878959715,0.268,-0.13541873802840326,-0.036292221791612074,0.1151205434866131,1.0
1322,-16.75414467140818,-170.18565840610108,10.157824332061054,5.47616597492105,-1.7815051766389756,4.322,0.2565215206874307,1.1086860124110756,11.99308261143437,1.0
1323,13.222056822720653,118.9884068729612,8.99923578217367,7.08853729218445,-1.6770362565852626,3.39,0.21397333893337966,0.7253696189841571,10.589824338897458,1.0
1324,25.9997056551953,154.0002029017628,5.923151782719904,4.147800457203,2.0537305495074376,2.965,0.17999891022954362,0.5336967688305968,11.062325682351704,1.0
1325,20.23410520557472,93.04516040182332,4.598432174613205,3.80207210664838,2.0531227299102506,2.881,0.1494893779638986,0.43067889791399183,7.876505896285946,1.0
1326,78.75633626224682,225.12112796878642,2.8584509977605705,3.49117013515725,2.1119274355026585,3.684,0.12209895473221277,0.44981254923347186,6.711570909405329,1.0
1327,15.86746368181505,33.259796717823605,2.0961003840797243,3.41687615891895,1.5834663676402183,3.471,0.10071436588101268,0.349579563972995,9.40998422837347,1.0
1328,20.35953635329976,33.75799786448718,1.65809266373671,4.31718000096654,0.5673135742551239,4.992,0.08859561759254864,0.4422693230220028,10.795665146481625,1.0
1329,18.36960661883562,37.73464333753556,2.0541889720623434,4.42459978667458,-1.0251826452287283,3.432,0.08609276662047372,0.2954703750414658,9.851141038361687,1.0
1330,23.69976973492288,77.3558721171361,3.263992561208225,3.97666631433462,-2.830030902022118,3.415,0.05114339857383565,0.17465470612964876,9.099921560837789,1.0
1331,15.4284402333825,66.95128732379827,4.339472189738004,7.3266951372695,-2.8683861187418724,2.091,0.030168930497697755,0.06308323367068601,7.014651839972208,1.0
1332,12.24630013976293,62.67857405462298,5.118164126249836,8.21513209207497,-5.8711495435713745,1.043,-0.028444645302028282,-0.029667765050015497,1.0396153712184164,1.0
1333,17.764720138020728,74.14359457358115,4.173642702926472,4.73817511214847,-5.760921856854706,-0.558,-0.08443694867774232,0.04711581736218022,1.86174979583007,1.0
1334,10.114657013786047,36.85574860433982,3.6437961815320357,-0.87345608994562,-4.006881423671826,-0.182,-0.06535742600706429,0.0118950515332857,8.941327996796034,1.0
1335,-4.419057625574553,-11.266252092023112,2.5494693770955994,5.36034347722267,-3.9908334992057926,3.251,-0.03203596190615432,-0.10414891215690769,-8.278345194414937,1.0
1336,1.03031143179727,1.291484284148111,1.253489230819513,4.40315921836142,-2.456819774866603,4.956,-0.0501841922839793,-0.24871285695940143,-3.834887976932577,1.0
1337,5.0503232445647,-5.168320020563763,-1.0233642027024814,4.88259252932575,0.13900114122331608,3.91,-0.06467842008971725,-0.2528926225507944,-0.5463660903188616,1.0
1338,7.12440476721461,-19.08815794115828,-2.6792635405836256,2.49476596233289,-0.8174382529172686,4.215,-0.08669650066732426,-0.36542575031277175,-0.6233088692826128,1.0
1339,10.72647651116501,-36.02817623634129,-3.3588081043052824,3.54210997703849,-1.2118091495336492,5.246,-0.12042044623475129,-0.6317256609475053,7.713670696371855,1.0
1340,0.3767376508935602,-1.0627429116484994,-2.820909747480367,3.65208093006359,-3.6118993534293597,5.454,-0.14027793190693133,-0.7650758406204035,-0.6968810039573947,1.0
1341,-1.1182432692521802,3.4446165814344956,-3.0803821280659855,4.20432320775184,-2.6383627021059675,5.522,-0.1738490331823903,-0.9599943612331593,1.903151647799417,1.0
1342,-2.61015124906755,10.329754683472753,-3.9575310768534786,4.15769914676933,0.8195162541061229,5.094,-0.18108915146965932,-0.9224681375864446,4.1806640846622445,1.0
1343,-0.6936988554504899,3.519511213422134,-5.073543347763712,2.85285959760458,1.1246906720330907,5.879,-0.1877395505645073,-1.1037208177687383,1.6668181051359587,1.0
1344,1.3309822121399,-7.532343237170079,-5.659236591193716,2.70813912948329,2.384555480104056,5.66,-0.14494590660703432,-0.8203938313958143,1.7890097735534516,1.0
1345,21.91855825882778,-119.59668866162357,-5.456412198710906,-4.14159340574358,0.015578432864793434,6.684,-0.1834991184673293,-1.226508107835629,-0.4075877321880417,1.0
1346,0.5506737311368308,-3.3878471840159365,-6.152185935984166,8.21817953969082,0.8291739828039768,8.38,-0.14573784739091827,-1.2212831611358952,6.135033783475952,1.0
1347,-7.816319426756319,47.509921718347655,-6.0782983811683495,5.46119455235068,0.6369688286590458,5.086,-0.09923772218964033,-0.5047230550565107,4.24480448176694,1.0
1348,0.1813150734295199,-0.8339816740499834,-4.599626816874469,4.79187732359398,-1.802335530507504,2.805,-0.09065369504263532,-0.2542836145945921,-14.901493798407714,1.0
1349,7.05379487046052,-36.88551548022316,-5.229173254625,4.08292444182048,4.863236100924095,3.252,-0.09802481174602834,-0.31877668779808416,-5.319540911844445,1.0
1467,2.2602493827919927,3.414759269307292,1.5107887188488824,-0.595838414214853,-1.9973547546141113,2.976,-0.22621917268745328,-0.673228257917861,16.774779808374163,1.0
1468,3.7557678686431553,4.227982449394889,1.125730502327965,-0.393150193750415,-0.2530564551050052,3.136,-0.13781192855378632,-0.43217820794467393,1.8384199000475832,1.0
1469,1.2457433516984298,1.7055735679933797,1.3691211481626802,1.37836060943835,-4.87761773590355,4.139,-0.07996707423854932,-0.33098372027335565,7.087982156778594,1.0
1470,11.9901681294551,-10.740506854543396,-0.8957761674882789,4.010669619984,0.2973068822571534,3.08,-0.024653582895449278,-0.07593303531798377,11.655348804694077,1.0
1471,8.266430584473,-25.574402963336542,-3.0937661306166957,2.9172195289956,1.0945986399589103,3.547,0.050927999600558604,0.18064161458318137,-1.4588379057001166,1.0
1472,-12.60565790704726,59.6006410022207,-4.7280865022444125,1.51345949139996,-2.798960602123357,5.757,0.16930011096518582,0.9746607388265748,-13.926026754863033,1.0
1473,3.26409342917385,-15.7755423598914,-4.833054782958289,3.300836832613,-1.4269837995603551,6.345,0.16222554748542273,1.0293210987950072,-13.835440832157309,1.0
1474,2.6228127586111505,-12.979564952806916,-4.94871961797225,4.73633969683438,-0.1273488813774315,6.875,0.1486286680499307,1.0218220928432735,-8.89521074834272,1.0
1475,4.622148213361091,-24.225642866856003,-5.241208578476073,6.37502886086791,-2.7705400591183094,2.405,0.11270033114973566,0.27104429641511424,-6.779573082747115,1.0
1476,6.327424174736129,-38.821069883725364,-6.135367064330614,6.62317299177447,1.0668078404223236,3.061,0.06619842433850975,0.20263337690017835,-5.6843914028017695,1.0
1477,10.62854836198533,-67.79363602461383,-6.378447339722177,5.48882595164517,0.6360996506792338,2.186,0.01754481564630772,0.038352967002828676,-10.18746288913366,1.0
1478,10.973960238466208,-71.81206395244249,-6.543860410640544,2.61226807205139,-1.8818285593859452,0.678,-0.028187030704212246,-0.019110806817455903,-14.901493798407714,1.0
1479,5.011650733312488,-29.607247599525518,-5.907683750331179,-4.79832416684926,-0.7461941195136879,1.999,-0.04611573038333627,-0.09218534503628921,11.664551400956524,1.0
1480,-0.8381983019381498,4.40364398061863,-5.253701863194149,2.71466509907701,-1.523308163685555,5.456,-0.054046166823223385,-0.2948758861875068,0.1849131826050509,1.0
1481,0.9820693761467498,-6.483982857980514,-6.6023674248158395,1.77238085338473,1.5308016032442806,4.144,-0.07471176516262634,-0.30960555483392355,-7.342732100235882,1.0
1482,5.560984947510633,-40.88170474138595,-7.351522280182864,-0.770668190622743,1.24819622820469,2.712,-0.08593406529662928,-0.23305318508445863,10.632867281058031,1.0
1483,5.852041415201839,-45.56080035288039,-7.78545418946065,-0.0418124160447491,-0.4754547164821932,3.918,-0.09833764356303831,-0.38528688747998413,-0.0353296726686269,1.0
1484,3.67474495853234,-26.45773434936885,-7.199883161397907,2.24521219862635,-0.562929742835705,1.299,-0.08636847650209023,-0.1121926509762152,6.064799635507567,1.0
1485,2.99216429815102,-18.623031242310606,-6.223933376191453,4.95875848915604,-2.120000697012858,2.093,-0.08804386932951924,-0.18427581850668376,18.505359508611345,1.0
1486,3.94692065641932,-24.708583436391812,-6.26021792361229,2.58087013921376,-0.8509182262367299,0.666,-0.10117098272304231,-0.06737987449354618,-0.645696766434467,1.0
1487,5.183531401664091,-32.070521995892825,-6.187002549188203,5.17356529967881,-1.1982407392426064,-0.685,-0.09777312396610227,0.06697458991678006,-4.351828804653857,1.0
1488,3.4810689998591497,-22.724538045033725,-6.528034361270403,2.83030588267866,-1.3844158280231444,-1.46,-0.10262908037681934,0.14983845735015622,-7.043092016141406,1.0
1489,2.79263849486789,-16.76074577315442,-6.001759914129993,3.56577658128261,-2.3584502981046973,-0.882,-0.08983984298821135,0.07923874151560241,5.533078436410466,1.0
1490,15.26116479839252,-79.63884078189538,-5.218398584509346,-5.30487955463876,-3.406890230295423,-0.283,-0.11526246283844033,0.03261927698327861,1.2122665678247824,1.0
1491,2.74039272285792,-11.712971981435143,-4.274194674265459,4.02901832055149,-4.09776594205713,5.65,-0.11577691303809329,-0.6541395586652271,-6.600891129278219,1.0
1492,3.25868370747761,-12.601891963099783,-3.867172482613939,2.8471706583814,-2.5344881083196658,4.951,-0.08176256811974125,-0.4048064747608389,7.744351075198375,1.0
1493,9.682664827024963,-21.85614504744895,-2.2572448223599553,0.0475803308973752,-5.760075283879107,3.069,-0.0726127888299013,-0.22284864891896708,-4.9617530790199815,1.0
1494,6.09629476792962,-5.466500047747322,-0.8966922131955597,1.25131096245923,-6.035550534896361,3.781,-0.0756179789125373,-0.28591157826830355,4.589360192509129,1.0
1557,2.6683030657468705,-15.938811219947034,-5.973388639601809,2.18562742404438,0.9718543362692955,1.59,-0.06774306217447035,-0.10771146885740786,0.0,1.0
1558,-0.6140323389837801,3.7864795652022716,-6.166580039528331,3.77423043853915,2.742536120989003,2.24,-0.06643166128269029,-0.14880692127322626,0.0,1.0
1559,8.313263444566031,-46.39787916726948,-5.581187156723329,0.354077659205259,1.7936081461270792,5.99,-0.06410637617941728,-0.3839971933147095,0.0,1.0
1560,-5.54341589681858,32.2850848027175,-5.824041602443399,2.3402193777688,1.3050379160709502,9.176,-0.0998105158342743,-0.9158612932953011,0.0,1.0
1561,5.318064613263357,-36.69415647598257,-6.8999079824014595,-0.0638434428881567,5.863775139804006,8.661,-0.0267961080047473,-0.23208109142911634,0.0,1.0
1562,12.5350101799593,-41.67960665488063,-3.3250556686038495,-3.08742052359268,-8.255623603716133,6.544,-0.023239836327961227,-0.15208148893017825,0.0,1.0
1563,2.603618241479269,-8.630471965584,-3.3147993158476723,5.80495468629533,1.0641587976026656,4.071,-0.012776158084141342,-0.0520117395605394,0.0,1.0
1564,2.45389329223977,-11.55136196174533,-4.707361154731355,4.09783662273917,9.803140632897378,-0.85,-0.016211290492609276,0.013779596918717885,0.0,1.0
1565,4.550460009664506,-38.381340030471954,-8.434606599982342,0.915286472779144,1.0423109287462262,0.673,-0.04757969472350032,-0.03202113454891572,0.0,1.0
1566,6.78895744986991,-68.09489764996079,-10.030243693936486,4.40077479812059,5.6788243826326745,-0.947,-0.06765523610901025,0.06406950859523271,0.0,1.0
1567,4.808861747010601,-35.54534279785476,-7.391633336090666,5.3579375575878,1.2777027747242764,-2.928,-0.0609348966969403,0.1784173775286412,0.0,1.0
1568,-1.5210063681592,11.642095608164226,-7.654205696886126,7.12131217762231,1.8824807056995851,-1.798,-0.06279446280716927,0.11290444412729035,0.0,1.0
1569,11.22439420295292,-74.74098296470234,-6.658798828095278,-1.13575145648322,2.418229169133612,-0.7,-0.059460699518258386,0.04162248966278087,0.0,1.0
1570,2.743075798488294,-12.140925900449606,-4.426026399686242,-0.105610857694984,-4.963720115211867,0.309,-0.0999113887380893,-0.030872619120069594,0.0,1.0
1571,2.6031252726500766,-11.839224624343453,-4.548081011979377,0.0427388878891435,2.2523851844788556,3.383,-0.1191674852057043,-0.40314360245089764,0.0,1.0
1572,11.45923767362361,-46.2318133087288,-4.034458017669294,-0.15739179314221,0.7729423282438752,4.402,-0.14760460353535731,-0.6497554647626429,0.0,1.0
1573,3.038264804792136,-23.097622537319833,-7.602241417827985,0.0045039972976042,5.206749237735608,5.414,-0.12199478436615935,-0.6604797625583867,0.0,1.0
1574,2.63436655456606,-16.633197329428985,-6.313926701126393,2.33521742067693,-1.8314749016269838,2.883,-0.08361511320847836,-0.24106237138004313,0.0,1.0
1575,6.89422667085802,-42.986589434515466,-6.235157543661902,-3.37338262476895,-0.09042926466558132,5.545,-0.07120217273199125,-0.3948160477988915,0.0,1.0
1576,4.66916479134642,-17.4151166774092,-3.7298141007328427,1.44724556489263,-3.376821332753255,-11.379,-0.036984332599697356,0.4208447206519562,0.0,1.0
1577,24.7509171074512,-102.45289874384102,-4.139357677093825,-7.5443637547282,-1.7480385715024083,-11.593,-0.06772155106926125,0.7850959415459458,0.0,1.0
1578,-1.39792747140099,7.229297584798378,-5.171439672441119,2.964010610466,2.1995473831831314,3.266,-0.012016590760968282,-0.03924618542532241,0.0,1.0
1579,-15.73226206493463,66.45679454008904,-4.224236429941849,3.94809757938053,-6.038211895649582,17.59141999999995,0.02096192895059268,0.368750096180034,0.0,1.0
1580,3.9463514042942,-23.130745975734868,-5.861299110506296,-12.716771466874244,3.2021625812273635,8.719,-0.10302047767022526,-0.898235544806694,0.0,1.0
1581,-3.5489575072430704,23.22464924610176,-6.544076450254068,5.37983838954712,4.398145645392448,7.53,-0.08927991331194729,-0.6722777472389632,0.0,1.0
1582,-11.65336983327386,104.692627686574,-8.983893001288365,10.3968076616121,0.6212926879020086,8.222,-0.05396727462677431,-0.4437189319813383,0.0,1.0
1583,-4.101780023889942,34.6518783405587,-8.44800992221334,3.65221012208734,1.3661977922360569,7.209,-0.013207918770399285,-0.09521588641580844,0.0,1.0
1584,1.26140773454933,-8.684319814464638,-6.8846254677258125,2.052738472526,-0.47777079978037484,4.516,0.010659847809552647,0.048139872707939756,0.0,1.0
1618,11.01776913123978,-4.529125285312226,-0.4110746223997692,6.70585570778992,7.500227987783825,0.641,0.17687174807957373,0.11337479051900677,4.977821802778926,1.0
1619,15.942938030304768,-23.155526681057253,-1.4524002186449323,5.95651024999543,8.969170081723753,0.289,0.1441914399770906,0.041671326153379186,7.694419732631208,1.0
1620,12.146523018823022,-17.107109312324578,-1.408395578373689,4.65172550299128,13.326501429919023,0.788,0.11841507717845867,0.09331108081662544,2.1916025631274483,1.0
1621,35.097074746871414,-75.38991139585892,-2.1480397423314956,2.46937023763239,7.8223356036967395,0.859,0.09046649779788174,0.07771072160838041,3.148689413334416,1.0
1622,0.9978775738337902,-2.3040609663868863,-2.308961566833106,4.48650367045651,9.91172762113246,0.728,0.08048222735469157,0.05859106151421546,5.404614733498292,1.0
1623,78.75633626224682,-100.16332671272447,-1.2718129291743026,-1.34935744782766,12.688766914589667,2.277,0.09246923887497072,0.21055245691830834,66.94098039946898,1.0
1624,13.070836270375333,97.73934294553632,7.477665615555118,2.58556667449577,-9.252495695250829,4.242,0.2116178523458847,0.897682929651243,42.7657988456464,1.0
1625,-1.9942778529681204,-40.91389138491689,20.515642453745343,9.43178931977285,-21.580432885585353,3.599,0.2152732395574457,0.7747683891672471,-14.901493798407714,1.0
1626,-3.20888259357958,-64.60045040153454,20.13175880313879,9.17120650955299,3.796966859738249,0.714,0.22481486253383576,0.16051781184915873,9.963498124343651,1.0
1627,9.718065530984749,108.75524957250867,11.191038918780404,7.41840577774235,0.2710061216946169,1.687,0.20447423018532374,0.34494802632264115,-0.384878350419493,1.0
1628,2.14381276875378,-2.8135305153866867,-1.3123956328622022,3.26808671288212,2.287066441883856,-0.281,0.20680997864110062,-0.05811360399814928,4.092293736373387,1.0
1629,12.52792143670901,2.2658888658860863,0.18086710371974668,1.00345293018719,-2.3808844340915347,3.43,0.19907572319713973,0.6828297305661893,4.1776173897082325,1.0
1630,3.93680666810514,-3.5106334358750435,-0.8917464665758601,8.40114541209596,1.3473532264483223,2.896,0.1869096347862107,0.5412903023408662,2.3613629956243054,1.0
1631,9.37672863118697,-15.503159447376683,-1.6533654814124858,3.19196227475523,2.0936906262138733,2.975,0.18451699549102263,0.5489380615857923,3.4390238243120264,1.0
1632,7.177972666089019,-17.350148594130893,-2.417137735296542,2.77567100848816,-0.8479950095460875,3.068,0.18884777370482375,0.5793849697263993,3.2365296479853978,1.0
1633,7.01584168226019,-13.328738530140324,-1.899806058030432,4.93473300709881,0.5788956998757255,6.265,0.17841680732317267,1.1177812978796766,6.292430446727271,1.0
1634,2.15629669334262,-4.614570382217649,-2.1400442696335515,7.11122629673892,1.6925863825763443,4.413,0.16230495718155669,0.7162517760422097,4.199521587708044,1.0
1635,5.1236042112942295,-17.370112619665104,-3.3902135885857954,6.98771131236387,2.1238483951839138,2.76,0.15526087526264665,0.4285200157249047,3.434759356542827,1.0
1636,3.0324930114411,-12.906244904288835,-4.255985044514755,6.71974078681295,4.211881030717346,0.033,0.14772747800093877,0.004875006774030979,2.2620348009558366,1.0
1637,5.776536224678381,-29.61660680918519,-5.127052901124003,3.93386176401576,3.909155345722848,3.109,0.14249846290587964,0.44302772117437983,3.1909953342500685,1.0
1638,-0.4605761091323304,2.408729568116479,-5.2298187429961,7.09751640210159,2.0224556000359994,3.124,0.14424712343319757,0.4506280136053092,4.156224541284814,1.0
1639,6.7748261028325,-30.55471828517428,-4.5100372793922485,4.8940301149584,1.5139617825524976,2.175,0.13652644741473274,0.2969450231270437,3.6050610658347138,1.0
1640,29.679888721604907,-118.22542700552029,-3.983351424072569,-7.92905234231061,1.0154316184434187,3.457,0.11371584964070969,0.39311569220793335,10.195320096247665,1.0
1641,-0.3082192778178001,1.068787829168776,-3.4676216125604453,14.0124289062207,-2.8159002142173706,7.936,0.13901489261654365,1.1032221878048905,1.2323557440544477,1.0
1642,0.3302506308907498,-0.8501021532651878,-2.574112125001239,5.23795652902595,-0.4494144665601607,2.92,0.13572195901873874,0.3963081203347171,-3.63524013716382,1.0
1643,12.290308823311609,-7.2371579586763195,-0.5888507817597928,2.19229848237939,-0.3554666170039966,3.249,0.10666266248236977,0.3465469904052194,1.8436526123411177,1.0
1644,6.328284098653509,-3.0250229319373783,-0.47801629711615234,4.95352204492849,3.7655460319281353,3.28,0.0954721660199076,0.3131487045452969,6.067804417092781,1.0
1647,17.159475453667408,314.046533400985,18.301639478954204,1.09999993684249,-9.206226500275005,-2.698,0.3654760343693233,-0.9860543407284342,5.403606036769126,1.0
1648,14.47261665178258,171.77746829127634,11.869136896548603,5.10000361107312,1.9841102809182276,-2.192,0.3589980366986467,-0.7869236964434336,1.7876550098614885,1.0
1649,10.74717204594284,13.968760315941394,1.2997614866707874,3.20000155319546,11.748959027771487,3.52,0.3508237633028908,1.2348996468261755,13.338535256626315,1.0
1650,10.33150283466624,-31.9115440392103,-3.0887610979628795,3.80000000158476,-3.0276449886579515,1.831,0.34503162548524535,0.6317529062634842,13.047034841620086,1.0
1651,51.05140869327697,109.07580754824275,2.1365876151152534,2.99999999863043,-13.391160565854133,-8.913,0.33101566439462016,-2.9503426167492495,2.5979731319569765,1.0
1652,12.652115364585192,74.0368663912958,5.851738168506904,5.40000000000001,-2.482104744212399,-3.152,0.2922742472793177,-0.9212484274244095,3.194817718163012,1.0
1653,9.806155679701169,26.38422718279297,2.69057804552385,6.50000000062043,3.8246372976220577,-0.215,0.3011700137022416,-0.06475155294598195,-2.8700683593137155,1.0
1654,5.95122349857482,-11.235538636677417,-1.887937604656936,4.49999999976698,-4.861859000461733,-7.217,0.3026506007333376,-2.1842293854924972,-6.89234023268307,1.0
1655,6.293603535618249,-4.6817528986032375,-0.7438906617023386,5.39999999969525,-8.532348226574872,-6.363,0.2903108684630318,-1.8472480560302713,1.686993294305994,1.0
1656,16.744776630286882,48.87836809902832,2.919021804723286,2.89999999905852,-9.444146372174211,-11.431,0.2895048955643277,-3.3093304611958296,-0.8593386880274334,1.0
1657,19.99073922084526,70.60587108787804,3.5319289751053358,3.10000000128674,-8.152272294308426,-12.869,0.2816662312873307,-3.6247627304366588,-4.617168452671738,1.0
1658,13.537082290578487,28.178785631010385,2.0815996406125272,2.49999999929371,-4.991353509955898,-4.628,0.28339956555781565,-1.3115731894015707,-6.796704977746471,1.0
1659,3.6408350973455006,10.923825393598772,3.0003625820799282,1.19999999969519,-11.612341987338493,-7.786,0.25623535247165075,-1.9950484543442726,12.487251507625396,1.0
1660,8.74843172919146,-26.693926954608813,-3.0512813931595826,4.80000000093564,9.85006733602669,6.529,0.26677918846274673,1.7418013214732735,2.393156902803284,1.0
1661,16.90700325579701,-3.9023721694217057,-0.23081394794690624,2.99999999941909,-11.948153642588943,1.347,0.2790334053454666,0.3758579970003435,-1.9467377254540952,1.0
1662,8.53691708556408,3.1256053847790364,0.36612811784999444,2.40000000034432,-12.966278197150494,1.058,0.2755877366109387,0.2915718253343732,6.304108541674691,1.0
1663,5.809999836385529,31.905767227681785,5.491526355623918,2.60000000061164,-5.78917120695831,4.036,0.25399738102489666,1.025133429816483,2.3633333175699933,1.0
1664,10.32367387163929,6.230041023196894,0.603471312699229,4.09999999866501,0.8496616273272917,0.788,0.24052296324534272,0.18953209503733007,1.5253131808965703,1.0
1665,-2.902868973299936,13.206050619372038,-4.549309920922681,3.20000000089023,0.2953516616872598,7.145,0.21258173059141972,1.5188964650756938,24.95986858448005,1.0
1666,-3.084225497731897,27.384962690802606,-8.879040365544343,3.90000000017621,7.090321010086065,13.879,0.2021759804051506,2.8060004320430854,8.691537148311546,1.0
1667,6.8808549985408,-61.178108096877075,-8.891061955215001,1.49999999895587,0.8857238837385317,11.847,0.1860722609018497,2.2043980749042134,1.3979414563188408,1.0
1668,9.70225920033249,-74.9840500460656,-7.728514410694774,1.40000000088281,-3.0379910748242867,7.547,0.18080332145335865,1.3645226670084976,5.064992525960888,1.0
1669,-1.657531111739426,6.648976140639628,-4.011373357367718,0.899999999219148,-4.15833065377903,6.154,0.1755408434014436,1.080278350292484,2.36699281086592,1.0
1670,12.44561734481049,-49.81489215107067,-4.002605155769331,-4.99999999908597,0.8594185668380216,8.509,0.1434904860816757,1.2209605460689785,6.219539467717605,1.0
1671,9.38375865426003,-67.74200020411799,-7.219068893397481,3.79999999900707,6.780856079935904,10.518,0.17807567362893872,1.8729999352291775,6.53688871570588,1.0
1672,10.72625275848355,-42.50916029856941,-3.963095151281821,3.60000000094915,-12.233487078152915,6.317,0.2222353032673806,1.4038604107400434,5.131577380535801,1.0
1673,1.89193682217559,6.399808850642761,3.3826757720606366,4.10000000005964,-17.222789591785926,2.962,0.21618565259736766,0.6403419029934031,-4.332577027227202,1.0
1674,5.33432791190072,28.202489665364656,5.286980877655791,3.69999999907979,0.7410467841267643,5.524,0.21434455317112477,1.1840393117172932,-1.3174713050950193,1.0
1687,14.20434725548546,-1.4360447652001476,-0.10109896212552627,1.90242859700484,-3.5749704602912824,-2.921,0.1794144841690537,-0.5240697082578059,0.0,1.0
1688,17.337256451203707,2.13540016853031,0.1231682864321968,6.56492068224719,-2.053382641509993,-2.658,0.17715041395775066,-0.47086580029970126,0.0,1.0
1689,5.99786740404073,13.756367995461133,2.293543199403432,1.0910129698311,-8.961462467379155,-0.568,0.17387425532906375,-0.0987605770269082,0.0,1.0
1690,12.408812647302693,-19.047867330739237,-1.5350273932034648,4.02913787986621,6.861633214881979,3.714,0.15462680053573474,0.5742839371897188,0.0,1.0
1691,8.137365014917272,-7.200988957648059,-0.8849288368467354,8.48147656332823,-4.742110298872504,1.385,0.1508087603010757,0.20887013301698987,0.0,1.0
1692,11.175940553605802,-40.6483497432424,-3.6371300964130153,5.783212336172,-2.758873889920521,0.127,0.14313139738144465,0.01817768746744347,0.0,1.0
1693,6.745487201006709,-7.058092037863097,-1.0463428107623916,7.21123653679159,-1.0601920010584687,2.835,0.1435617783533616,0.4069976416317801,0.0,1.0
1694,10.71459506748324,-33.87911579845694,-3.1619595127093154,4.22606520388456,1.3252890205709411,8.165,0.13588368735313172,1.1094903072383204,0.0,1.0
1695,-4.946296393727892,23.528592564076806,-4.756810083987695,0.119692109287612,2.2753279008856486,8.106,0.12663517254517664,1.0265047086512018,0.0,1.0
1696,18.521419896850347,-152.79738517845703,-8.249766272209019,-0.687954245877947,10.840025993336223,6.866,0.11048663345814369,0.7586012253236145,0.0,1.0
1697,-16.75414467140818,146.57096289040064,-8.748340530957192,5.97039880954841,2.297778522527083,10.292,0.08236736711205261,0.8477249423172455,0.0,1.0
1698,3.63222367197392,-33.13308434648847,-9.12198348415102,1.04429460679607,2.669752076052978,5.772,0.04458416847264868,0.2573398204241282,0.0,1.0
1699,8.68956694831459,-58.135870838778956,-6.690307029633377,0.1654044646003,2.5688654399449673,2.803,0.003555306960633664,0.00996552541065616,0.0,1.0
1700,19.20344489891946,-136.33575226826764,-7.099546617072803,-9.24509619165865,4.83514303804029,3.468,-0.05822599967898123,-0.2019277668867069,0.0,1.0
1701,3.1827601170634896,-25.52215875808627,-8.018876013073138,9.42189269033631,6.0998369022261745,7.376,-0.07031193658875434,-0.5186208442786521,0.0,1.0
1702,4.25200118348429,-33.59262450066033,-7.900426893374698,5.86842354862311,1.9421850466816215,1.588,-0.09887585871675225,-0.15701486364220257,0.0,1.0
1703,3.38274855676665,-24.013723805211075,-7.098879329111069,1.8328406107788,3.434617724306732,-0.045,-0.12423170382906534,0.00559042667230794,0.0,1.0
1704,14.387859370010393,-83.11573449174549,-5.776796419416591,-1.94409022506859,4.842725983110752,3.484,-0.1455301635878613,-0.5070270899401088,0.0,1.0
1710,5.211317827099941,-18.79565934755849,-3.6066998734594806,6.37000382991766,8.459452050024407,-2.135,-0.1150106370709823,0.2455477101465472,2.261983653633748,1.0
1711,9.67999926057143,-54.0530192449713,-5.583990017968291,3.53525197391507,5.304687859971535,-1.32,-0.14478925488186128,0.1911218164440569,14.428075632551373,1.0
1712,10.240168008389327,-58.92176185601528,-5.753983900239061,2.39020402675627,7.328754357362288,1.07,-0.14203182462010927,-0.15197405234351694,13.256145649802908,1.0
1713,18.08630488684538,-90.52682752018333,-5.005269350845996,3.19345473756772,4.904175384175669,6.768,-0.13445414002097833,-0.9099856196619813,30.029076227868657,1.0
1714,12.14717950256592,-49.3285680576945,-4.060907146986223,4.09207161019908,0.8873652696272716,5.729,-0.13590699539409734,-0.7786111766127837,5.902820803156117,1.0
1715,7.0176098737012,-5.568503707932985,-0.7935043138834486,4.4717444710621,-3.980399382165589,5.762,-0.10713219312693334,-0.6172956967973898,-6.736476008978509,1.0
1716,8.15827438266056,1.8128705428510294,0.22221249958251832,6.84383819369884,-0.1845944842213676,6.687,-0.08838764994891224,-0.5910482152083761,-0.7902402445707613,1.0
1717,12.02642139095198,5.00748767080407,0.4163738744903309,7.08782742675582,-1.1736009612877796,7.355,-0.05063006826177929,-0.3723841520653867,-1.7047007180438944,1.0
1718,3.32661170312078,2.41174148506159,0.724984368569098,7.15628356711522,-5.339817030379967,4.899,-0.023452990399290274,-0.11489619996612306,-3.601024470168046,1.0
1719,4.7989922981103605,13.063189862885228,2.7220693536076226,4.67359980000663,-5.09101153824102,6.049,0.04359501389716769,0.2637062390639674,2.0626471906078248,1.0
1720,7.27127848318078,29.065172686253206,3.9972575322873354,5.14723485746742,-4.45400438980773,6.195,0.07379919518998268,0.4571860142019427,1.3957771649571349,1.0
1721,4.9003137884095205,15.522393057250618,3.167632467529936,1.76457194806041,-3.0563016886493766,7.447,0.09297291450478973,0.6923692943171691,5.529845081329743,1.0
1722,10.121104988799429,30.23474080865468,2.9872964307863725,2.22619979818487,-3.6012918663636095,9.6,0.13063765010913164,1.2541214410476638,2.0770986291285487,1.0
1723,16.70525052800574,96.10655637256082,5.753074831858504,2.18546605363386,-9.875510522063147,9.471,0.14229775244612874,1.3477020134172855,13.445489158927693,1.0
1724,12.85047332735304,67.95773397294879,5.288344813595035,2.91591188052836,-1.6520685515541422,12.279,0.14845534201125365,1.8228831445561837,3.0170852267696224,1.0
1725,14.23294536679693,73.29816275583175,5.14989419736157,4.37201907781687,-3.900569732712844,10.723,0.14135820980112168,1.515784083697428,8.670298271973431,1.0
1726,35.16249853777536,69.12589554350801,1.9658982841974524,4.34664345601914,-1.885326683152877,10.37,0.06317352115153263,0.6551094143413934,30.34799188966484,1.0
1727,16.26927269572858,18.604907982209742,1.1435611370073335,4.18122099961562,5.502345564948707,11.796,0.13382390066691763,1.5785867322669602,68.01164671469917,1.0
1728,7.971031204164349,57.66121416621602,7.233846247658867,5.33110861887155,-13.281358143070987,9.898,0.16156935669652972,1.5992134925822512,-0.085719468713441,1.0
1729,7.72641777502538,84.85015456461839,10.981823276355215,5.55209307084222,-8.438073807444347,8.975,0.17603483843140977,1.5799126749219026,-5.609795051871636,1.0
1730,16.15562155690355,217.12025883185703,13.439300869181238,3.55016483883115,-5.135416617944721,7.595,0.14662740485630577,1.1136351398836422,-6.030851736007126,1.0
1731,15.043262957908349,85.12660015433374,5.658785623339922,3.29064601193245,1.1519129958909247,7.469,0.12221460350989366,0.9128208736153958,-0.7274851260382631,1.0
1732,20.54912935172313,4.443355268197738,0.21623082867134436,6.58784560870467,3.412437389057965,6.955,0.09605212623745163,0.6680425379814761,22.47375328827104,1.0
1733,16.16279055234583,-13.70396775665398,-0.8478713940065887,3.76028052279247,2.0142131394189633,5.745,0.11194393201070874,0.6431178894015217,59.84191444282787,1.0
1734,28.6771391915622,153.69539125409364,5.3595091974626285,2.3991692678251,-4.519859221038425,5.768,0.1288298676750227,0.7430906767495309,47.90912330330135,1.0
1827,16.6911396792353,-25.45528646093978,-1.5250777927769406,3.1339068517801,6.7447327435035564,3.928,0.2645601388489317,1.0391922253986037,5.631060573260904,1.0
1828,2.3647148999219,-8.54555259602032,-3.6137771180375937,-3.4581391346848,5.781396872455669,1.764,0.24687854133665477,0.435493746917859,6.059710279572927,1.0
1829,8.543210672009781,-67.48523400633597,-7.899282435752008,5.16214582255112,6.159395079670071,3.645,0.21532487942119272,0.7848591854902475,11.61259572155804,1.0
1830,7.000657455623051,-50.671370640805996,-7.2380874170762155,6.07321748125295,3.695144087939828,8.539,0.2282835520833798,1.94931325123998,3.462599809038114,1.0
1831,1.374444337070969,-6.927619969759791,-5.040305949765127,8.30130632267965,-0.7490636257778238,8.88,0.22673672362583563,2.0134221057974204,2.923521734236245,1.0
1832,14.41940210534487,-99.61935338920108,-6.908702084968902,1.51472570667433,10.132282584060848,3.76,0.22474101554884562,0.8450262184636596,1.3036765234766934,1.0
1833,14.59928352353615,-129.30227033316532,-8.856754519816771,-2.16135972256865,7.233392359379764,5.764,0.22956602921251168,1.3232185923809174,0.3727155126296733,1.0
1834,5.691868604998499,-39.08850007520496,-6.867428394407793,13.5726031401471,-8.324347562874813,5.592,0.2392495797373576,1.3378836498913036,0.4174572319523451,1.0
1835,6.773130467127,-24.689386703964296,-3.6451957959163517,11.8187659491625,-0.4310114904904627,2.651,0.21592534493073867,0.5724180894113882,0.3573393034634664,1.0
1836,9.158932909064502,7.819770934668073,0.8537862447850149,10.8347270679373,-5.746887172635895,4.122,0.20005959172821763,0.8246456371037131,0.3712500228370663,1.0
1837,10.7564328131621,4.82508552441235,0.44857673619344673,11.4561670019891,-6.670223051054702,3.788,0.2193006563286527,0.8307108861729364,3.073295473542337,1.0
1838,12.6011681314709,61.556484683850144,4.884982411282598,10.7885216870332,-10.702375353402182,3.567,0.2280756727060227,0.813545924542383,7.068873534501874,1.0
1887,-6.530866315662251,39.17477127952726,-5.998403486774605,-2.19999958040422,2.6189358056752265,3.456,0.06851638123237969,0.2367926135391042,2.8771467255754413,1.0
1888,-1.836055420858786,10.223512823159249,-5.568194024544946,1.29999962239084,1.2044823032371754,4.505,0.11108722580271069,0.5004479522412116,37.62215641793824,1.0
1889,4.841734864884231,-16.76376760380647,-3.462347293196383,8.79999882804397,-3.806916876763966,-5.397,0.14312601201181174,-0.772451086827748,-0.8652870169200355,1.0
1890,0.1541926277687899,-0.335300225991668,-2.174554197846909,-1.69999776168213,-3.388699648460969,-1.167,0.08374897605797982,-0.09773505505966246,8.07260265278924,1.0
1891,9.51117095451328,-46.07716356737678,-4.84453110849743,2.00000027123612,7.771688456146242,1.33,0.1198857620559527,0.1594480635344171,6.951809079858129,1.0
1892,17.86767779517801,-111.59050632518293,-6.245383849226233,3.19999861722759,-0.9253643457933336,4.501,0.007068724940837656,0.031816330958710295,-3.9453342609176767,1.0
1893,15.283495281802626,-113.10563116845775,-7.400508135277639,0.999998995078172,-1.3126622269519994,3.68,-0.01069711231104431,-0.03936537330464306,-13.307901224417106,1.0
1894,4.16226639987664,-13.56742090161254,-3.259623387396503,5.30000086613597,-5.552932445525038,3.458,-0.06939441694135728,-0.2399658937832135,-8.580515689062885,1.0
1895,14.467709495981437,-52.22967927155739,-3.610086260445356,0.699999592969263,-0.3593816604755884,0.982,-0.1434644717287643,-0.14088211123764655,-2.42660099985198,1.0
1896,20.41521699034739,-50.7081320384964,-2.483839973999392,1.85248357237371,-1.0201146325334087,1.179,-0.22050570897339333,-0.25997623087963073,2.378333406749178,1.0
1897,9.13911333273724,-34.75160191164841,-3.802513509397526,-0.8506533546566,3.1788699285052235,0.757,-0.21471504342871733,-0.16253928787553903,-6.980510862036682,1.0
1898,-7.49982416432375,26.442111495150534,-3.525697525141216,1.03279368777636,-0.2628557990678293,-0.357,-0.23992701653151932,0.08565394490175239,-1.0170917170344684,1.0
1899,8.46785668086102,-42.52038279954549,-5.02138668639134,-1.38603752085589,2.6965338760055912,-1.559,-0.2451937490879903,0.38225705482817685,22.838943886962525,1.0
1900,0.5517197109635501,-3.2036937152489116,-5.80674145147692,2.95467268842502,3.96893443341908,2.764,-0.22190709886524929,-0.613351221263549,-2.0216770099480086,1.0
1901,8.34242875283993,-45.090535542582046,-5.4049650142031265,2.70514231228027,-0.46331532055695623,1.295,-0.1749037074901923,-0.226500301199799,-6.652294483410781,1.0
1902,4.87798441616944,-14.604153829640632,-2.9938910385263,1.41131415220703,-7.033138272592298,0.719,-0.18241622718823625,-0.13115726734834185,-0.0553365791729043,1.0
1903,14.2517374560315,-32.28424322997836,-2.265284729639423,4.7342203729816,-2.3794134415664026,0.683,-0.18605360182753033,-0.12707461004820322,2.881949083911928,1.0
1904,4.791871783638091,-11.826887832655816,-2.468114416800316,5.60351397766961,-2.366592831789849,0.079,-0.1694988077416063,-0.013390405811586898,2.4908674282814847,1.0
1905,9.43444083500105,-13.49212590355676,-1.4300927992999872,4.50120064471365,-8.930576025015135,3.484,-0.20738221267864532,-0.7225196289724003,11.141811279259418,1.0
1906,2.89919248683392,-5.156594923559036,-1.77863144547202,2.44565202449249,0.2351089484520008,3.907,-0.25247333880952433,-0.9864133347288115,-0.1398662968598252,1.0
1907,2.72351669627027,-5.741049356829109,-2.107954529778066,5.35336434979577,0.6013808990724234,5.699,-0.2656070326745493,-1.5136944792122566,-1.3281467181037845,1.0
1908,-1.3523342659265003,7.7221946680343825,-5.71027065024032,3.812350939512,1.7172537338901561,2.094,-0.27841620323860033,-0.583003529581629,0.9920523699512795,1.0
1909,3.760433259698089,-22.85840963320809,-6.078663827966277,-0.581946590349759,3.20620878495963,4.376,-0.31614417619412527,-1.3834469150254922,3.497845789285181,1.0
1910,18.169470575668143,-128.25920906046738,-7.0590504289226335,-12.716771466874244,3.2125756238631897,3.613,-0.4746098819276373,-1.7147655034045537,0.3893647349711537,1.0
1911,15.7671324330288,-141.87059076310487,-8.997868912797108,-4.3459619989752,6.982594819037069,8.066,-0.5306412959987363,-4.280152693525808,-4.526529325517004,1.0
1912,-12.66445485978895,127.63027046198506,-10.077833738207346,17.7451269773594,3.4223794314177436,13.664,-0.3796779059360452,-5.187918906710122,6.31563548794265,1.0
1913,-0.6857217223497099,4.994709058138422,-7.283871715516663,9.44245856738313,-6.357048304888191,12.134,-0.3454755640775273,-4.192000494516716,2.213039811816442,1.0
1977,10.016402807675991,-63.32648443470361,-6.322278132242631,-6.21109742847426,2.3045024005525105,-2.337,0.12012979760681664,-0.2807433370071305,0.0,1.0
1978,-2.119965359598428,14.134348444311856,-6.667254434284359,2.83681803499502,3.3164629859716133,-2.621,0.10146553292961369,-0.26594116180851746,0.0,1.0
1979,2.2604723703224803,-13.925400201955183,-6.16039390031057,1.12881559676377,0.6901200547931641,3.269,0.07878845354108177,0.2575594546257963,0.0,1.0
1980,-5.580681582075749,39.34416952285488,-7.050065291168379,4.62454546471687,5.43611194310154,5.175,0.09272004929985167,0.4798262551267324,0.0,1.0
1981,4.14947801158963,-28.695538739420382,-6.915457476644722,1.82016351571185,2.1068803457195306,3.485,0.10879187040583371,0.3791396683643305,0.0,1.0
1982,-12.4135479072386,93.71004853969231,-7.549014128752669,0.4432199530481,0.35841699003340555,5.463,0.19178457017539874,1.0477191068682032,0.0,1.0
1983,-5.50796391183029,39.92983125410936,-7.2494721993994915,1.76275629920303,0.9286244633188501,-7.205,0.2383133214200146,-1.7170474808312053,0.0,1.0
1984,3.134062202830365,-24.197453581537708,-7.7207955731335005,-3.19037831026102,1.392584977463529,-2.618,0.22121422397267576,-0.5791388383604651,0.0,1.0
1985,-1.13088999496425,8.781495657619256,-7.765119239468433,2.7434627349036,0.6416021859953824,15.552,0.2042549409264387,3.1765728412879746,0.0,1.0
1986,-8.042948342232847,57.162381747710725,-7.107142718741068,-0.413223140495873,-0.030485829959514543,5.631,0.1948341474041717,1.097111084032891,0.0,1.0
1987,6.22608178242949,-40.090473968956914,-6.439117790276302,-1.65975103734441,0.8859660330578389,5.445,0.1914075228982427,1.0422139621809317,0.0,1.0
1988,5.75785974473953,-33.36643061338542,-5.794936329227106,-2.53164556962025,-0.4288783559936227,3.548,0.20421563399420972,0.7245570694114561,0.0,1.0
1989,14.98430755808011,-67.97548934477392,-4.5364451497873155,1.29870129870129,-4.304315477633902,1.553,0.1911503062489367,0.2968564256045987,0.0,1.0
1990,-1.7734581492676202,6.191889676550305,-3.491421367404329,1.7094017094017,-3.6831194617656826,-1.881,0.1951488597329386,-0.3670750051576575,0.0,1.0
1991,0.1644347647654203,-0.533799201352845,-3.2462673091931222,3.78151260504202,-2.9469412002888107,-0.465,0.20744747207949665,-0.09646307451696595,0.0,1.0
1992,15.49304680844288,-72.01333393877464,-4.648106652561795,-1.61943319838058,-1.2005952835679734,0.58,0.2092320239473816,0.12135457388948133,0.0,1.0
1993,11.839779723494969,-46.52061293233485,-3.929178922139819,-3.70370370370371,-6.122348178137638,-0.895,0.20599348498378967,-0.18436416906049174,0.0,1.0
1994,35.910698345272166,-177.03962526655002,-4.929996725888184,-2.56410256410257,-0.2593630573248351,-2.894,0.19065505879657674,-0.5517557401572931,0.0,1.0
1995,-12.67514211640034,55.52041004883638,-4.380259372161094,4.3859649122807,-2.8128724440116937,-11.232,0.1729356089426337,-1.9424127596436618,0.0,1.0
1996,20.778727762778328,-176.49106897963378,-8.493834222891572,1.26050420168067,6.125998650472364,-10.482,0.1745619027558536,-1.8297578646868573,0.0,1.0
1997,8.66518884795581,-65.3340683704842,-7.539832024076089,2.07468879668049,-2.930380078636974,-7.37,0.17332270142079276,-1.2773883094712426,0.0,1.0
1998,1.924058050769386,-11.384701858908699,-5.917026180346388,0.406504065040664,-7.1321653774094385,-14.477,0.20232671593209073,-2.9290838665488774,0.0,1.0
1999,-2.63173495010408,3.1908507107036086,-1.2124513946882898,3.64372469635627,-7.7179875985307955,-24.676,0.17642847651809568,-4.353549086560529,0.0,1.0
2000,17.68510556767719,-61.37396132747371,-3.4703757403431057,-2.05703124999999,3.4537024547737216,-19.539,0.16282370971519766,-3.1814124641252475,0.0,1.0
2001,12.321593331668211,-91.08261380387849,-7.3921132886104495,3.09969928290539,3.7883277469229704,-6.423,0.17024851390035056,-1.0935062047819517,0.0,1.0
2007,5.537201374367071,-3.0284903573656914,-0.5469352029321604,5.73836739483843,-7.54004483598375,-2.115,0.3177163193510374,-0.6719700154274442,14.097663858709788,1.0
2008,-5.322471387206949,14.450802350125043,-2.715054962034907,3.47783358718901,4.015455397082657,-1.407,0.2967270623380087,-0.41749497670957825,1.0763631794837636,1.0
2009,5.937529402821081,-53.973491778023444,-9.090227284159498,-8.93262280230105,22.430974234758846,13.113,0.3048854354571149,3.9979627151491473,4.326044238200555,1.0
2010,20.160970973446773,-145.4413972041057,-7.214007569162264,-1.88296639760897,-11.90634854674003,-1.114,0.3175566244287268,-0.3537580796136017,15.392157567342023,1.0
2011,2.0380470389337395,3.736952215760474,1.833594683720138,2.13523342197423,-18.025967616515725,-11.132,0.2793089117343157,-3.1092668054264023,3.1243969297011898,1.0
2012,4.958188058378554,38.208667500463356,7.706175532389649,-0.249033168543434,5.177391064929582,-4.067,0.28141261184708066,-1.1445050923820772,-5.281893583205088,1.0
2013,-4.02120640867339,-6.411141437812067,1.5943328410060715,2.2473300115045,4.109026813207239,-3.724,0.2893386684055077,-1.0774972011421107,-14.901493798407714,1.0
2014,9.02410950853776,-70.75944280634064,-7.841155156571929,0.689543058464849,5.228472475860868,-7.752,0.31181268229200165,-2.417171913127597,-9.063567367043014,1.0
2015,29.996118392189143,-155.87510921556228,-5.196509334226107,2.67620333310926,-2.643348494686415,-6.993,0.31988597076413094,-2.2369625935535677,-0.0151078885025413,1.0
2016,17.129883883548718,20.836431472317233,1.2163790259155363,-2.80657835569052,-13.123950820911212,-7.977,0.3089919162925695,-2.464828516265827,-0.9165786826336952,1.0
2017,1.49402988180423,6.839865388921847,4.578131583728329,6.00810802487668,-5.113527376465033,-8.672,0.3049998564138151,-2.6449587548206046,-8.382419301809673,1.0
2018,14.13849481192121,48.07313442977319,3.400159286350565,-3.30843064878751,-0.46182035319046744,-8.062,0.3180051711591362,-2.5637576898849557,-6.818089863676535,1.0
2019,3.262829709168403,11.512311675727256,3.5283213351215306,0.130331119816617,-14.30038836500459,-10.994,0.30371984696251764,-3.3390959975059187,5.44694611026646,1.0
2020,13.63204220553814,-78.87367106196079,-5.78590279231366,7.08988731455126,22.430974234758846,-6.77,0.3225886705276385,-2.183925299472113,5.209692006210176,1.0
2021,19.97326736305016,-33.4535570979276,-1.6749166017681967,7.09175334258654,-11.422294737920446,-2.698,0.3094202242220927,-0.8348157649512061,-4.758672099031069,1.0
2022,4.72311514198084,-20.187351504815258,-4.274160357722897,5.25107691750407,-8.369830502823694,-1.41,0.2917461005644316,-0.4113620017958486,8.341183526073138,1.0
2023,5.2580987507159405,4.049001270263651,0.7700504426076709,5.63869900338696,6.33665423932428,-6.204,0.25467907232267073,-1.580028964689849,-3.2624635808936264,1.0
2024,-6.950511371062211,47.291496736059365,-6.804031273576933,4.31496444107469,9.332620712326435,3.069,0.2593926021606936,0.7960758960311687,-0.0288103027524466,1.0
2025,-3.52262011497541,39.273860811337755,-11.149048018086365,3.8788993950789,3.329739412806876,-5.98,0.25967172491576374,-1.5528369149962673,19.73730053423368,1.0
2026,-6.09480152532266,67.95123486652837,-11.149048018086365,2.09144220829562,12.492389618015377,1.117,0.2665741029848526,0.2977632730340804,0.2357729194413016,1.0
2027,-16.75414467140818,186.7927634434956,-11.149048018086365,0.472642030911146,7.019467993766537,4.71,0.3019808547087868,1.4223298256783856,-2.016326739309293,1.0
2037,20.62523277967,-10.778220741025356,-0.5225745016390455,4.8799853038024,-0.4895722762264354,3.647,-0.6106029544435383,-2.226868974855584,-4.699547996824371,1.0
2038,17.598930060146017,-52.83708652956993,-3.002289704487384,3.24631482881618,4.445616758987736,2.01,-0.6094008126159283,-1.2248956333580157,-1.1480198759313498,1.0
2067,32.2563500078694,1849.728303171132,57.34462525114789,10.5208042446244,-18.69614378263451,5.91,0.36608815324403643,2.1635809856722554,2.747861894203374,1.0
2068,-3.888087376779019,-222.9609135651115,57.34462525114789,3.10150969616576,2.392039006968938,6.632,0.3567425731224967,2.365916744948398,7.114964675658575,1.0
2069,17.70765978920462,191.90424290926083,10.83735768552851,2.86729567454968,-1.5026960708597215,3.963,0.344589031169409,1.3656063305243678,45.66789384691015,1.0
2070,37.33250698627321,-9.822875540271484,-0.2631185616300362,1.84038117927339,-5.220907892207682,4.703,0.33055972960535973,1.554622408334007,-2.388224349844825,1.0
2071,14.62328941978371,-12.89832639948254,-0.8820400136533246,4.80729867243699,0.14471198216765568,1.921,0.3295389235504108,0.6330442721403392,4.900902420511066,1.0
2072,13.33975086860692,-18.729432554623475,-1.4040316598940654,5.47402488700408,0.4889403875227183,0.707,0.32598694022405195,0.23047276673840472,5.916900491232413,1.0
2073,12.004581638607602,-32.099699366804806,-2.6739540229848453,11.0570310020104,2.748080521274532,0.186,0.31815229142525037,0.059176326205096566,-2.278342650893239,1.0
2074,34.237357012613344,-105.83979824186478,-3.0913542246521093,5.79268292682926,3.527743039282205,0.548,0.3068814834310102,0.1681710529201936,-10.672756507352076,1.0
2075,18.26015681088794,-37.82722102650441,-2.0715715323950157,9.59113832853026,-0.8772156769382589,-3.592,0.25741421106399975,-0.9246318461418871,-5.424829781128526,1.0
2076,33.314844729578816,-46.62619401455518,-1.3995620989089526,9.42148081189909,2.035328098800915,-2.145,0.21068189750029565,-0.4519126701381342,-1.7786788402041176,1.0
2077,33.8237081186701,9.27455945828808,0.27420291783941586,12.5755698246405,1.6108719872087285,-3.284,0.1259961384527868,-0.4137713186789518,-6.174994851440296,1.0
2078,5.45475788999038,3.3754448720272157,0.6188074594880266,2.42161440960641,1.6185312407003716,-0.809,0.07365127811593664,-0.059583883995792744,-10.757311969031049,1.0
2079,11.38326612727268,13.332258845860123,1.1712155981241565,-3.65075229596822,1.1113880753322647,1.922,0.09502103756524671,0.18263043420040417,12.0536916140207,1.0
2080,23.88626015888637,-56.28738851486689,-2.3564755696561557,6.24640865303363,12.464124610580285,6.365,0.10614562144690676,0.6756168805095615,6.695925404540848,1.0
2081,6.564246961609601,-1.3809128723770523,-0.21036881769579896,7.9343365253078,-3.768603409578919,4.477,0.09928861471902273,0.4445151280970648,-5.377545638507764,1.0
2082,4.7762970324886505,-1.6744464421171383,-0.35057418555158026,6.57883101954195,1.4049508090147933,0.808,0.08084726688525468,0.06532459164328579,-2.089368055503904,1.0
2083,19.32237107514448,8.857453206437386,0.45840405258706873,5.13288531209382,9.408057687561744,0.71,0.03701295751212863,0.026279199833611325,0.7322698346212908,1.0
2084,9.66644519904717,-48.91730762573878,-5.060527072616168,4.09049059581743,9.136117926174325,1.248,-0.011697287555769376,-0.01459821486960018,6.15124096952957,1.0
2085,13.90161639132057,-91.58101293561215,-6.587796005706967,3.35102350265353,4.130706906065207,1.779,-0.035318553066842284,-0.06283170590591242,28.526052482537235,1.0
2086,17.633277993779792,-86.2686543420186,-4.892377604008184,3.45021517996871,4.328498155322591,1.163,-0.08846473265166532,-0.10288448407388677,4.291259212473353,1.0
2087,9.429583171822731,-36.93677540825101,-3.9171164552240922,5.15990261658827,7.213609067116855,1.49,-0.11243247990076333,-0.16752439505213734,6.034358308069998,1.0
2088,7.8589651568897,-23.038579543969888,-2.9315029503308985,6.062036412677,1.1956242856426824,0.452,-0.1599877436907503,-0.07231446014821914,0.9790300353647696,1.0
2089,10.89259593057929,-38.80347236270247,-3.562371413573479,5.38071926589951,5.04620764725201,0.803,-0.21702958601422134,-0.17427475756941974,11.20843504279787,1.0
2090,32.2763881281965,-96.46608003283296,-2.9887507750150224,-6.2904717853839,5.987294825199019,1.825,-0.35526626664031635,-0.6483609366185773,10.321387532106051,1.0
2091,0.766865043366801,-2.470599891404772,-3.221687978575722,10.6442336580969,3.2418034077138502,9.158,-0.29580880929113823,-2.709017075488244,3.61984764743386,1.0
2092,0.0786541245477998,-0.07656435189517984,-0.9734308573818025,10.9585321385624,1.27671772430471,5.972,-0.1987569755264903,-1.1869766578442,-9.47859084759697,1.0
2093,7.56722750744244,3.076020536757648,0.40649240871010583,7.83220126555726,3.071584247241965,2.199,-0.2316040074898813,-0.509297212470249,-9.884152893034424,1.0
2094,4.3815264370500895,-3.914684467390463,-0.8934522074973641,9.67979379712661,7.234977618907834,2.329,-0.25033867684557626,-0.5830387783733472,3.525867672940275,1.0
2097,39.89080442997699,1334.0963105293054,33.44370537503535,4.19635744019571,-2.9166490111139143,5.613,0.3225712071629825,1.810592185805821,25.221537575114628,1.0
2098,12.788921496199391,333.99439534951784,26.115915673481474,4.70039078427911,10.540090587208152,6.142,0.31248499031582766,1.9192828105198136,12.876026339321813,1.0
2099,21.01714366110744,366.75533373936037,17.450293895932536,4.39999682545296,5.565245764841187,5.271,0.2804680815726277,1.4783472579693206,15.347017763207305,1.0
2100,50.54415612523572,446.2089308384554,8.828101308742038,3.70000008164408,12.83921385957858,5.644,0.2663720278827537,1.503403725370262,68.01164671469917,1.0
2101,52.53421798444661,599.8751047763088,11.418750060273268,4.00000012807919,2.848423783978271,3.98,0.28706341252406664,1.1425123818457852,31.451633477017715,1.0
2102,34.714169878802394,602.0099982148458,17.341909667338836,4.49999955900331,-13.803511737162443,3.637,0.2845097556832997,1.0347619814201612,10.625628710671164,1.0
2103,18.0408347299491,366.06747159213705,20.291049559056066,5.200000133101,-6.916910342914184,2.726,0.28065200288354464,0.7650573598605427,9.382337115638917,1.0
2104,21.67517588140845,450.4639239874466,20.782480679837303,5.59999999077445,-11.716309902102196,1.994,0.27394176209281673,0.5462398736130766,3.776173808736116,1.0
2105,13.56750461777396,189.40077751029835,13.959883032741036,5.90000381855104,-3.6621299437219923,2.024,0.25022653686584073,0.5064585106164616,0.6353156775508628,1.0
2106,32.94060252729116,373.5989485370269,11.341594259774137,6.39991260618034,-5.287147825305749,1.874,0.29667238102186666,0.5559640420349782,1.0933726930868914,1.0
2107,32.487679859340304,974.6720601034143,30.001282465334107,4.34681910440079,-30.753723343003294,3.108,0.26034475159907067,0.8091514879699117,1.913699674101488,1.0
2108,30.02837296305813,918.4471834332794,30.585978952745215,9.14979893831817,-4.150787742892314,4.915,0.27893264232229165,1.3709539370140635,12.830081735557686,1.0
2109,19.89457801183814,637.9825740871053,32.06816318031365,4.84448705175076,-1.9647425626350579,5.557,0.22829550518497777,1.2686381223129215,33.517062238166815,1.0
2110,24.01801958319999,217.6639937153798,9.062528780167636,7.89971194051621,-2.4105801028166396,5.046,0.24500800168660963,1.2363103765106322,1.780587914303533,1.0
2111,19.9478268588587,184.0452366106698,9.226330161820936,14.0471235803149,-6.5931376909965085,7.128,0.23922267682120169,1.7051792403815256,6.338651965640851,1.0
2112,15.846444057531,117.17675018648048,7.394513858192203,9.2927894063005,-3.392729850388998,5.465,0.23288541260230267,1.272718779871584,20.00767228387472,1.0
2113,12.188029163789247,88.25047904211097,7.24075056402917,7.31252501678145,-2.4784270051660062,8.357,0.2590873128582597,2.165192673556476,8.575055711832636,1.0
2114,34.43640153481387,678.8507377190466,19.713172906081805,2.85624016330883,-26.691752413729542,9.117,0.2471080057694358,2.2528836885999466,46.19199030963736,1.0
2115,23.45325766921706,540.7121607974957,23.054885100554404,2.12075933817334,-8.553167355261204,7.812,0.2333292147927546,1.822767825960999,28.242550828708744,1.0
2116,19.12554763954674,428.4909575515241,22.404114414246337,3.37346574966936,-0.18657349141700807,4.007,0.23920378454058377,0.958489564654119,5.254208010193895,1.0
2117,7.936736210960442,76.58435029875774,9.649350597415168,8.12889488100956,-1.4567087740777418,6.746,0.25316469937440167,1.7078490619797138,11.272054529410848,1.0
2118,9.56083186515916,49.98849474968072,5.228467088919835,6.20007768127284,1.2703824495331695,3.966,0.2767210337899906,1.0974756200111027,5.396847896043466,1.0
2119,14.846814740194102,64.34073578615993,4.3336390270953675,6.5077747939152,0.8424801387475034,6.791,0.27410816491085777,1.8614685479096351,13.78401022101312,1.0
2120,27.847209943828428,53.219425497914415,1.9111223567914042,0.513941670628171,2.7829092160944757,7.519,0.2836572377497557,2.132818770640413,7.251582854696692,1.0
2121,16.22698678318278,23.916597756653,1.4738779340992334,5.07646643533542,1.9516424933799792,17.443,0.28427444992981177,4.958599230125707,3.752727164419212,1.0
2122,28.222249999991178,56.0611754118013,1.9864176460707004,3.80484978178042,-0.04818497571319469,12.032,0.2918154018082426,3.511122914556775,42.48755533355151,1.0
2123,34.27061792258294,293.15149963661923,8.554018497677696,3.14009100080186,-13.080589478308124,11.76,0.3180097012026988,3.7397940861437378,33.21899730831803,1.0
2157,13.02043256418878,-55.326136250706995,-4.249178049804216,5.18160345773762,13.905720408957611,2.201,0.3740611984039063,0.8233086976869978,9.094363398214478,1.0
2158,2.9926288109398795,-15.025052319358272,-5.02068691727907,3.64412124205991,4.871016783023596,-0.066,0.3799322356072218,-0.025075527550076637,12.91910486882668,1.0
2161,9.19226149112454,-31.073074141144925,-3.380351415279809,3.65834646929586,1.6226472532742342,2.421,0.37841243538481173,0.9161365060666291,11.660193739859736,1.0
2162,14.517313492860891,-56.681729661695094,-3.904422790729786,5.16460946696631,5.550308612577437,3.23,0.37920090581831833,1.2248189257931683,1.296316866538394,1.0
2163,31.91869732470302,-165.00020861853594,-5.169390434077533,1.24860125923698,6.041083482776766,3.373,0.3788916792079474,1.2780016339684068,0.4599300931564132,1.0
2164,34.12243826611673,-67.08014922078642,-1.965866234342239,2.34011731288737,-6.091496960387621,4.655,0.3799322356072218,1.7685845567516174,13.048310867189985,1.0
2165,30.355147343626523,89.76581980597702,2.9571861005914233,2.99727256275818,-1.8636747471160398,3.846,0.37414412465502944,1.4389583034232432,62.40842197519776,1.0
2166,78.75633626224682,940.6034968715607,11.943210432484971,1.18960211693242,-7.764172804906355,1.055,0.366874569471623,0.3870526707925622,41.280984176346976,1.0
2167,-16.75414467140818,-321.13783915824877,19.167665401999734,6.81747111070281,-14.597665784898684,2.129,0.3765237767241184,0.8016191206456481,-14.901493798407714,1.0
2168,34.287914722616065,624.0432827649037,18.200094342666137,4.13301615965833,3.4159201281437124,-1.281,0.37685922676044203,-0.4827566694801262,9.622745688622182,1.0
2169,19.76051858165827,289.2581904203575,14.638188224920736,-1.12264204848687,0.6810951679668609,-0.385,0.37824972803767076,-0.14562614529450324,4.333020908026808,1.0
2170,78.75633626224682,212.68236014691664,2.700511098417735,4.81336016967553,1.3167607946652948,4.868,0.3652601873644772,1.778086592090275,19.266230922815364,1.0
2171,12.625067160062647,44.546566927379764,3.5284221749168676,5.61211177430975,-10.046040439152437,9.661,0.3365659130356162,3.251563285837088,16.275736610831792,1.0
2172,-15.21040069557984,-14.59909544284014,0.9598100493882882,5.91528626133322,-4.210385788260728,0.921,0.34651598433882713,0.3191412215760598,4.923343782589207,1.0
2173,9.47084695371257,39.854464188810944,4.2081203913012235,3.94568708624053,-6.786885963990342,-23.717,0.33261808060097375,-7.888703017613294,-1.1158440399770986,1.0
2174,10.45800317949854,2.9669852125067115,0.2837047533436472,3.69655311664086,-0.631995138594954,3.857,0.3072572595361427,1.1850912500309023,1.5379644325090205,1.0
2175,9.77893684380755,-18.033267926895558,-1.844092892195639,3.82591056949435,1.2619249613202932,3.014,0.2894747567592916,0.8724769168725047,6.720701194077727,1.0
2176,2.0616339296795,-9.673155397563633,-4.691984963143973,10.82062719659,0.8434778685192379,6.531,0.29881153824943263,1.9515381563070444,19.803714146614794,1.0
2177,6.599125427148902,-28.0162784205828,-4.245453239200971,10.3000053427355,-1.750547287107751,0.084,0.31642763720960254,0.026579921525606617,1.3424776492933166,1.0
2178,3.5456312540817096,-5.904362694974689,-1.665250070259738,6.35849192736715,-6.570982895231891,1.985,0.3120017567630524,0.6193234871746591,-0.8492804309060853,1.0
2179,17.71091918924574,-5.366117405189798,-0.30298356329513165,5.61691446889876,-3.5213431668453476,0.974,0.3058601642913056,0.2979078000197316,1.9169805183233637,1.0
2180,18.08974314567335,17.034540332240805,0.9416684468687482,4.70459096113575,-5.553241493343231,0.169,0.30693432463920167,0.051871900864025086,4.1508217791415,1.0
2181,3.11159898554734,-3.4035932025661015,-1.0938405682657075,5.5823328114905,-0.88727131250812,3.0,0.3165369154564086,0.9496107463692258,0.0,1.0
2191,13.61937574990573,-85.34892564124384,-6.266728167907006,5.80000024323377,10.059989176382022,0.091,0.3235458012216814,0.029442667911173007,22.674524915116745,1.0
2192,38.53109245446986,-287.7831817731604,-7.468856018375769,-3.25000014970206,10.709541585595804,2.523,0.3003192097726066,0.7577053662562866,26.96898046650711,1.0
2193,35.87422068588648,-114.55510530074734,-3.193243033870705,6.86999962173842,5.458147193737162,-0.059,0.2887621889239167,-0.017036969146511084,43.24108346836715,1.0
2194,15.400652829186653,5.632683369213101,0.36574315593546025,7.05000000064635,8.06602969343977,1.732,0.355198005933128,0.6152029462761777,5.2560402446387045,1.0
2195,10.401509443258613,324.1176425173791,31.16063531792927,-2.35172936176019,-30.753723343003294,1.766,0.3470540087589037,0.6128973794682239,-4.843975901942788,1.0
2196,27.201144816176622,790.6862019185907,29.068122215516702,-0.555580977246521,8.214915746170348,3.332,0.33343330389110115,1.110999768565149,-1.7837291472977412,1.0
2197,3.73510289725908,94.14156215865813,25.204543154016392,3.04324950829739,11.439384157368892,3.194,0.3302437358827831,1.0547984924096092,-11.374342428947417,1.0
2198,11.899932641004131,-56.17426579701836,-4.7205532578777945,6.25590553394287,8.094484449571349,-0.275,0.318590411530694,-0.08761236317094086,-10.778903327914657,1.0
2199,8.160450314261801,-42.97733578976665,-5.266539729389235,6.6657243078367,12.709486827495464,0.454,0.31403780306345774,0.14257316259080982,20.06101744173689,1.0
2200,11.93234633590152,-50.07416232775251,-4.196505944274477,5.90833580968288,9.675030956920772,1.648,0.31069390982956724,0.5120235633991268,5.132765045369592,1.0
2201,19.32887221344529,-73.19207261718901,-3.786670624594234,-8.13044422315659,5.779457439189639,2.928,0.3020068795604717,0.884276143353061,5.174813634668141,1.0
2202,2.02570716555421,-6.25520427532226,-3.0879114127095013,5.24156924630741,6.624974480951384,3.028,0.30586047305692043,0.9261455124163551,8.878068148294016,1.0
2203,11.7388373090061,-38.862905394673696,-3.3106264591347445,2.872768790327,9.235551372711326,2.848,0.3067479794820599,0.8736182455649065,12.097255817858033,1.0
2204,10.41165312073891,-33.466797361099914,-3.214359619265225,-1.40738249510954,9.985263170168434,5.106,0.3187712421058183,1.6276459621923083,16.061630728956565,1.0
2208,11.014049459147213,-9.291415999218701,-0.8435967201420311,7.23489033258579,4.886641067367115,4.349,0.3400388678986124,1.4788290364910652,3.310249464324944,1.0
2209,20.78886488818431,-36.72275751335327,-1.7664628497453583,6.22205315994859,1.0782767095345092,3.923,0.327954047840462,1.2865637296781325,3.9680375371429655,1.0
2210,21.916527349109327,-50.172811294825586,-2.2892682994719316,0.591487287873974,0.5547746133578446,2.746,0.32867282264647224,0.9025355709872128,2.874806708281241,1.0
2211,16.48401513703546,-47.2583777315576,-2.8669215199505516,5.25596878816744,2.587930807379868,2.369,0.32089529419957763,0.7602009519587994,-0.0334289956218758,1.0
2212,2.2442398845181097,-6.112116812521223,-2.723468580469345,5.49299823010114,-2.373569692286337,4.766,0.31276591071207127,1.4906423304537317,6.679733180003389,1.0
2213,3.3500552491222004,-6.259618810047908,-1.868512112356382,5.91679576551141,-0.9921014655050797,5.006,0.31882188684985446,1.5960223655703716,11.239031230160524,1.0
2214,2.2740084947234607,4.4910823679046405,1.9749628808887962,5.55126065805138,-6.348255138919933,3.519,0.31329752732048777,1.1024939986407964,10.745170664021275,1.0
2225,11.99051209014343,-106.59653269261129,-8.89007340897783,6.55977111846077,13.847234828684062,5.92,0.3799322356072218,2.2491988347947527,-0.0151078885025413,1.0
2226,1.6500711393795,-14.812243549246757,-8.976730272863762,2.66650493269572,4.565078647384402,4.96,0.3799322356072218,1.88446388861182,-0.9165786826336952,1.0
2227,24.04479511345689,-245.28306745718032,-10.201087857051666,2.55982647078751,12.591004396400795,4.574,0.37474302543418925,1.7140745983359815,-8.382419301809673,1.0
2228,25.20455793057118,-160.73956165370848,-6.377400551776542,4.52457514610252,2.0132989141415036,8.774,0.35580207911017603,3.1218074421126842,-6.818089863676535,1.0
2229,4.78387802064975,-15.123244232953025,-3.161293864031043,2.44795106098685,-3.710060877122412,0.735,0.3632104975659609,0.26695971571098126,5.44694611026646,1.0
2230,13.94051963441839,-42.126871400421976,-3.0219010844052763,5.60536311358261,12.697583406417824,-2.679,0.34367271412864664,-0.9206992011506443,5.209692006210176,1.0
2231,37.43707392789466,-122.80550157312933,-3.280317842405573,8.08504167173554,3.1229552119809822,0.225,0.32267480083300537,0.0726018301874262,-4.758672099031069,1.0
2232,-3.67672771271296,17.342835654472328,-4.716921406637292,-1.71286958446419,-0.42453628284848666,1.354,0.2870496036953878,0.3886651634035551,8.341183526073138,1.0
2233,1.7388845597719702,-6.00076170082555,-3.450925863423886,3.25607190852087,7.6834793594046324,2.123,0.29007811350377377,0.6158358349685118,-3.2624635808936264,1.0
2234,47.81459428192287,-262.9813580444024,-5.500022785800924,0.964525745841428,8.267686169651679,1.673,0.27522571128026063,0.46045261497187606,-0.0288103027524466,1.0
2235,21.0585195866343,-166.04946631290872,-7.885144329817904,6.1340893623123,5.627752642398676,2.436,0.3308592480943866,0.8059731283579258,19.73730053423368,1.0
2236,3.90602245928252,-11.859398898011255,-3.0361829768356365,5.4326782650304,-6.631754500701426,3.161,0.3385388207337965,1.0701212123395307,0.2357729194413016,1.0
2247,-16.75414467140818,62.77469885427406,-3.746816091507336,18.20994670112416,4.144766962576019,6.355,0.35797693314522117,2.2749434101378805,14.097663858709788,1.0
2248,-8.2163402171129,78.43492878304646,-9.546212390241957,18.20994670112416,20.894165953769715,-3.214,0.33990492505715686,-1.0924544291337022,1.0763631794837636,1.0
2249,42.9867591764459,-479.26144220011,-11.149048018086365,18.20994670112416,22.430974234758846,7.651,0.34885846851617286,2.6691161426172383,4.326044238200555,1.0
2250,18.0327361683952,-177.61618147743036,-9.849652311152129,18.20994670112416,-24.54599631621246,0.191,0.3681879856605891,0.07032390526117252,15.392157567342023,1.0
2251,-16.75414467140818,-269.9273597306145,16.11107967757134,18.20994670112416,-30.753723343003294,2.667,0.3698213716834414,0.9863135982797382,3.1243969297011898,1.0
2252,34.934782802479,791.0122935871186,22.64254219239021,18.20994670112416,19.279588683621874,-14.909,0.3628316036962249,-5.409456379507017,-5.281893583205088,1.0
2253,46.447710209933305,420.92634540451166,9.062370211621161,13.9552503163825,6.688766099258392,-17.594,0.368634230398565,-6.485750649632354,-14.901493798407714,1.0
2254,-5.060427011420906,56.41894374235296,-11.149048018086365,18.20994670112416,4.336812369188214,-7.854,0.3773006042228839,-2.9633189455665305,-9.063567367043014,1.0
2255,20.185109363447,-53.94806100870383,-2.6726662728118677,16.7487006053541,-10.26839982257406,-13.912,0.3799322356072218,-5.28561726176767,-0.0151078885025413,1.0
2256,5.03916977380593,88.84718478743936,17.63131404091111,7.70491760658767,-30.753723343003294,-18.547,0.3799322356072218,-7.046603173807142,-0.9165786826336952,1.0
2257,25.0855784116103,545.4833222720741,21.744897140566206,15.2821139194857,-7.724067526509426,-21.795,0.37649541774817374,-8.205717629821448,-8.382419301809673,1.0
2258,12.880126054676095,220.463028700768,17.11652725795564,17.7991091333811,0.6913454586384926,-17.16,0.3635327066386993,-6.23822124592008,-6.818089863676535,1.0
2259,22.61889633304235,89.42433470162449,3.9535233454777714,1.34335628806095,-13.84348593353285,-14.614,0.3514400871382639,-5.1359454334385894,5.44694611026646,1.0
2260,36.81149983218006,-269.28878593152825,-7.315344040834763,-8.92417588851806,22.430974234758846,6.475,0.3438527688273534,2.226446678157113,5.209692006210176,1.0
2261,-6.52392362989873,0.16777748722531519,-0.025717267206562866,6.52392362989873,-17.33819157049854,4.533,0.3405856974486354,1.5438749665346645,-4.758672099031069,1.0
2262,51.26862595290039,-49.08260290502338,-0.9573613880370955,8.31287184445641,-11.786145507599455,-0.835,0.35634871053857575,-0.29755117329971076,8.341183526073138,1.0
2263,10.34437862553943,78.66185782000663,7.604309612739511,-4.13319850131583,-1.5702180468011862,7.239,0.3361008049244145,2.4330337268478366,-3.2624635808936264,1.0
2264,-16.269517243767066,17.171277467074592,-1.0554263663633288,0.415066301596866,3.71249673527958,4.403,0.3236756818531433,1.42514402719939,-0.0288103027524466,1.0
2265,2.08301412178834,-14.918011330528628,-7.161742771921776,-9.11004114881537,3.7718905978555206,7.541,0.2796252207472377,2.1086537896549196,19.73730053423368,1.0
2266,-12.196871804347332,135.9835094171121,-11.149048018086365,-8.81641723219757,22.430974234758846,15.097,0.25552388873152576,3.8576441481798445,0.2357729194413016,1.0
2267,0.5150374217964098,-5.742176946719574,-11.149048018086365,-5.66750850486686,9.321305508777634,10.917,0.26380523736494976,2.8799617763131566,-2.016326739309293,1.0
2307,5.04000815094025,-25.87899913896605,-5.13471374726609,5.01549460936745,1.2225072540129167,3.019,-0.1507171514023613,-0.4550150800837288,0.0,1.0
2308,0.5239720749603993,-2.8787989193527896,-5.494183863844963,11.7535029919192,2.3290836146498073,4.94,-0.1641749393353053,-0.8110242003164083,0.0,1.0
2309,6.92599301293273,-41.08921345836402,-5.932609718438812,6.89836243368677,2.52107363846239,2.394,-0.1854994235611383,-0.4440856200053651,0.0,1.0
2310,8.91675093656188,-57.511332517466165,-6.449808111343456,4.88795213650562,3.079150815891185,1.701,-0.22105908861286927,-0.37602150973049064,0.0,1.0
2311,13.05351390970578,-79.50069375767386,-6.090367261076123,-2.02390004072058,1.3266540939025129,2.071,-0.22628303446575931,-0.46863216437858757,0.0,1.0
2312,7.10075952077343,-42.2845446111948,-5.954932636077933,3.43732352954147,1.417982832917497,6.053,-0.20980031545970534,-1.2699213094775965,0.0,1.0
2313,-3.368252326433689,20.899040764583518,-6.204713524746959,9.46397343076491,3.003692990568152,13.897,-0.18012530701803536,-2.5032013916296374,0.0,1.0
2314,20.869923243072456,-149.94512845658244,-7.1847474813475944,-0.647450316084857,3.401562992895979,2.814,-0.2116577197859143,-0.5956048234775628,0.0,1.0
2315,-16.75414467140818,121.00553307983198,-7.222423791429605,13.2761883306272,0.819620059352788,0.575,-0.1749885022230913,-0.1006183887782775,0.0,1.0
2316,6.28450443306101,-40.953342078741905,-6.516558706410945,-3.99532824427482,0.450884273309482,-0.901,-0.24424452096936727,0.2200643133933999,0.0,1.0
2317,6.05056119442973,-29.93014197231302,-4.946672054133973,6.12345094741467,-1.4400312180911756,5.228,-0.28341310028142735,-1.481683688271302,0.0,1.0
2318,4.145858129499972,-20.109789506005534,-4.850573482704039,0.947542624907697,0.8887821315881839,5.907,-0.29624833948063733,-1.7499389413121247,0.0,1.0
2319,9.95075270157858,-30.494855632862635,-3.0645777809376122,-6.61328134799545,-4.2414885059370855,3.718,-0.3892490176307583,-1.4472278475511593,0.0,1.0
2320,3.665866703142232,-16.907247287911634,-4.612073666895588,-0.511146187173722,3.0893585533138923,4.402,-0.43527725117586236,-1.916090459676146,0.0,1.0
2321,-0.4028135384661319,2.1048178944399276,-5.225290844133081,0.764773550338731,2.6200647928950493,4.071,-0.4442380613126573,-1.8084931476038277,0.0,1.0
2322,-3.83810840314274,29.80814970281872,-7.766364722374973,-1.15483816409801,2.627721831510388,4.857,-0.4235259893568303,-2.0570657303061246,0.0,1.0
2323,1.41561584497469,-9.136877467665702,-6.454348120007841,2.35109801677905,-1.237119030416678,5.441,-0.33804445494212937,-1.8392998793401258,0.0,1.0
2324,-1.1762583382173402,6.633994420067527,-5.639912767905708,7.34212396037948,-0.5086875104049815,7.25,-0.24754120792528234,-1.794673757458297,0.0,1.0
2325,0.8776567587623401,-4.7887974152038435,-5.456344256901687,6.44522314693144,1.044357745712965,4.197,-0.16869213831011426,-0.7080009044875496,0.0,1.0
2326,0.74238110375234,-4.3396606828106,-5.845596905519191,3.7396039558691,-1.1856861890708115,0.8,-0.13270569349897227,-0.10616455479917782,0.0,1.0
2327,-1.34738417381301,8.001505460721775,-5.938547903585681,4.43867566948151,-1.1659155898141815,-2.691,-0.10614691012457633,0.2856413351452349,0.0,1.0
2328,4.884779584399429,-27.785738595893733,-5.688227711365592,4.36144039364797,-0.1387212083987288,-3.014,-0.10193488351096325,0.3072317389020432,0.0,1.0
2329,-2.7061120789279363,18.515881468772914,-6.842244862270538,0.676511738873756,2.056382652877864,-4.589,-0.09094850492566531,0.41736268910387814,0.0,1.0
2330,12.54995738911089,-83.01147100250905,-6.614482298922774,-12.716771466874244,-2.0904009989064942,-4.97,-0.1894495479965973,0.9415642535430886,0.0,1.0
2331,3.7979510354965296,-27.433367497186133,-7.223201995177802,4.6977240232674,1.4760322213052346,4.545,-0.16863890870143933,-0.7664638400480417,0.0,1.0
2332,2.5760622348698696,-15.661236779743804,-6.079525784645857,7.31023806981959,-1.788037847401236,-0.313,-0.1317784680605133,0.041246660502940666,0.0,1.0
2333,-3.1652953646429305,21.024164501112818,-6.64208614967106,4.52657497450693,-0.7289609724613233,-0.95,-0.10534751529297631,0.10008013952832749,0.0,1.0
2334,-16.75414467140818,84.72389503237012,-5.056891694206023,2.3996478454327,-3.3527056983845727,-8.012,-0.15237301023897926,1.2208125580347018,0.0,1.0
2367,20.99791616331189,16.50604310639454,0.7860800556597294,4.36408994678341,-2.821399800092983,-0.037,0.21919190532461963,-0.008110100497010926,0.2604617589709868,1.0
2368,14.48283846876902,8.842585418671433,0.6105561031934243,4.99352780305848,-2.59936757736956,0.79,0.19929734527264975,0.1574449027653933,5.430660332057324,1.0
2369,4.86040894037054,4.319745564484426,0.8887617518362774,3.8470621889051,-1.4070632453420329,2.291,0.1977343096693176,0.4530093034524066,15.496644071401189,1.0
2370,17.8371656913096,-7.088259373348635,-0.39738709030449204,3.6088687174876,4.883091462759048,2.962,0.20686485822282574,0.6127337100560099,5.11195644864364,1.0
2371,34.552799277682254,-30.169040939963484,-0.8731287065198723,2.33257486608854,1.8010389714838704,1.877,0.1835476938080468,0.34451902127770384,1.229310533050776,1.0
2372,4.450851173133801,-26.3074480966955,-5.910655529327142,3.83928708556792,13.269588475514627,2.003,0.19538393075797966,0.3913540133082333,-0.4701541656473518,1.0
2373,42.58707429644994,-231.45151458408833,-5.4347831685489165,2.56037766801896,-1.5841909777255414,1.032,0.14435452698667672,0.14897387185025038,1.5239974029333858,1.0
2374,7.67269316343957,-47.73241113653405,-6.2210765007493425,3.13791683609193,-0.26919818885458024,2.469,0.14447177655761967,0.35670081632076295,0.0711406088518717,1.0
2375,10.44322726432134,-24.469266129812524,-2.343075134772783,3.27602692588886,-1.5795427241339755,1.048,0.1532888066904856,0.16064666941162892,-3.933201164664213,1.0
2376,7.642522647438639,-19.946894548421504,-2.609988281173969,5.35139778711536,-1.1026020078784726,1.67,0.12256088574642665,0.20467667919653248,-0.4101855168140877,1.0
2377,3.948029672692869,-9.633016772508098,-2.4399555148068623,6.33771869016203,-0.20765561953648426,1.878,0.12403142749431673,0.2329310208343268,0.92959049153718,1.0
2378,5.22376347994781,-10.845185633510445,-2.076124938493348,3.29352400028485,-1.9009263064172721,1.403,0.13228208461771862,0.18559176471865924,-1.4762328049683917,1.0
2379,10.868771191688603,-9.018611498941366,-0.8297728731135621,0.476898106596394,-3.5014285511031806,1.57,0.1519538691150597,0.23856757451064375,7.956677631499276,1.0
2380,6.18017304377908,-7.973404466966931,-1.290158772332905,2.88417542800377,1.7879552057365133,3.12,0.1671932613741126,0.5216429754872314,-1.2716275027846002,1.0
2381,3.0710761640194706,-5.986811022364178,-1.949417957296295,4.16390688293349,0.10138495227784983,3.277,0.1704212854015098,0.5584705522607476,-3.379998086732927,1.0
2382,6.38597429814981,-17.79792811173397,-2.787034097035203,2.97470856847661,-1.4980264855665726,2.804,0.08815953096255558,0.24719932481900583,0.618940193965134,1.0
2383,5.8518073457768,-16.74304823765344,-2.86117557334432,3.69476814623695,2.006152973542452,2.416,0.07882916478902369,0.1904512621302812,0.2962663052181735,1.0
2384,3.43073639364139,-11.850510675197679,-3.4542177875169022,4.44397825774911,2.0501988264789883,2.164,0.07507249028191565,0.16245686897006548,-1.5856353558930891,1.0
2385,4.99786170436803,-23.984612713955542,-4.798974868190825,4.09217170075418,2.5330077244020366,1.921,0.0579757416732708,0.1113713997543532,-1.0012415559109256,1.0
2386,3.67178452203782,-19.02359193733726,-5.181020787891789,2.6778031930216,3.172587047295772,1.472,0.05308379613099168,0.07813934790481974,-0.7169071580001574,1.0
2387,4.223441460476341,-22.79857864342317,-5.398104568697356,3.0798512212244,2.5926177775341674,1.11,0.05886183378761367,0.06533663550425119,-3.315794993697552,1.0
2388,6.243769602968251,-36.01976760986139,-5.768913637162045,3.40687328176345,3.365724040658047,1.384,0.06006719554925477,0.0831329986401686,2.3302566768582667,1.0
2389,4.7322080236544,-28.81408815828726,-6.088931005200373,4.01789830861587,3.6898536136218185,1.881,0.06962422366622667,0.13096316471617236,2.361083442614276,1.0
2390,19.85139952229495,-115.19219396058851,-5.80272407651748,-1.78555117570465,1.0259346055957685,2.236,0.05233597776256782,0.11702324627710166,0.3241866263435033,1.0
2391,-0.0173873782446509,0.09437758714096822,-5.42793662236012,8.04170398855833,1.229867118529171,4.91,0.05326714359736062,0.26154167506304066,0.1649690588582775,1.0
2392,2.8534528669025505,-13.720181749583633,-4.808273481130605,4.15492196609047,0.7525570832553896,1.162,0.0437617155745087,0.0508511134975791,0.1791404319195777,1.0
2393,2.53509025923476,-9.822329560175339,-3.8745482628852423,3.52430434049013,-2.0302270610399242,1.695,0.03823397171651577,0.06480658205949423,1.0806373594876906,1.0
2394,4.49678339629244,-11.966879108700772,-2.6612087027734894,3.71558453779777,-1.4816682643010837,1.251,0.041960888791224726,0.05249307187782213,-0.9376520543086132,1.0
2428,9.47106855120041,-22.65245469775847,-2.3917527969837558,-1.67910449189729,6.562039416705412,1.698,-0.12102169925617334,-0.20549484533698234,5.701043416178986,1.0
2429,7.259232241130959,-37.867948756179096,-5.2165225602810334,2.96015180311224,5.928815851103586,2.67,-0.09613533693700832,-0.2566813496218122,18.254042951340388,1.0
2430,11.3159394432069,-31.57011495900907,-2.789880161294165,-1.36380390261873,-2.24994354014344,0.469,-0.10022234371298827,-0.0470042792013915,2.4916430236804343,1.0
2431,14.574897311452002,-15.677004719413564,-1.075616821471229,2.2795216592191,0.9812922250190148,2.273,-0.1233068274826003,-0.2802764188679505,2.680936980394133,1.0
2432,6.991004813869031,-13.690651848373225,-1.9583239052007473,1.13262696199476,4.191200628366132,3.708,-0.1267788659376753,-0.4700960348969,1.785261472073474,1.0
2433,10.108369033736988,-48.745005390914464,-4.822242364542344,-0.632225388266377,0.5497100303921698,2.419,-0.04434379412181633,-0.1072676379806737,1.6853294172150202,1.0
2434,8.10754951528018,-44.143456150403345,-5.444734696619098,1.56335211034042,-1.943659418355792,4.81,-0.00588845366668822,-0.02832346213677034,2.284508325668333,1.0
2435,7.961491062279021,-26.22233270042325,-3.2936459383422285,-1.95095759501714,-3.9208415018752163,2.88,-0.012736851946844374,-0.0366821336069118,0.7904390908059389,1.0
2436,11.8593519525492,-19.240851645234827,-1.6224201560270712,5.12960934773,-4.735250408848579,6.54,0.23822737553105477,1.5580070359730982,0.1567646445693515,1.0
2437,5.85106784769253,322.3389896105167,55.09062584834607,7.19123624057457,-30.753723343003294,6.163,0.23774258594685072,1.465207557190441,1.078151407425021,1.0
2438,10.48283989463021,582.5232017067501,55.56921669719912,1.75522349592019,-5.394523808632911,3.353,0.22766158521203472,0.7633492952159525,0.6358724301525509,1.0
2439,6.84458247251345,384.73391178303365,56.20998991948046,3.61150847218585,-6.600207061921992,2.775,0.22255187680319966,0.617581458128879,0.1555082664922213,1.0
2440,11.67182794683578,-19.74336784140587,-1.6915403423812698,4.13844160137342,1.1022590731361026,2.499,0.2092901283446147,0.5230160307331921,-0.1540410231267386,1.0
2441,8.12726697359708,-25.23077250172763,-3.1044596644473996,5.19625156051602,-1.9536806266511442,1.879,0.18971878081393956,0.35648158914939243,0.1874260833270247,1.0
2442,7.61754087296191,-41.791880251250625,-5.486269249908309,5.27633062046809,-0.8653458799257163,2.134,0.17102116578044768,0.3649591677754753,0.1670608321996836,1.0
2443,2.01169869355617,-8.639780945060023,-4.294768880019053,3.65338433338232,-3.431697082768237,3.111,0.14410939950667379,0.44832434186526215,0.5068711005997484,1.0
2444,1.9195729182435,-11.129197224188754,-5.797746529145919,1.68649445019584,1.618282200230814,2.163,0.11753409390641567,0.2542262451195771,0.5136465251772027,1.0
2445,2.984741881272756,-21.79653853552753,-7.302654434638426,0.687404590619494,3.2892389854451087,3.876,0.11137028792385573,0.4316712359928648,0.0246226875863619,1.0
2446,1.6216764331376003,-12.774090595072435,-7.8770896179068695,3.80745626378814,-1.7840446276454425,0.749,0.11923611527211075,0.08930785033881096,0.0,1.0
2447,-4.426070053797741,32.74762540713068,-7.39880413303263,3.73449154571284,0.15047256512701335,3.212,0.12951722299461677,0.41600932025870907,0.0,1.0
2448,1.5414419876947498,-9.239403602299937,-5.99400021282514,4.44091288475967,-1.0915427078515672,3.135,0.1223746477918648,0.3836445208274961,0.5891848264731214,1.0
2449,9.02688956233635,-71.83537956937595,-7.95793269357152,5.35284003535665,3.877935054056625,2.519,0.1239329698655317,0.3121871510912744,0.3771162641416969,1.0
2450,-16.75414467140818,121.80701880129874,-7.270261848052963,18.20994670112416,-2.053168064982691,2.517,0.13265191523746156,0.33388487065269074,0.0,1.0
2451,-6.2892354132027,70.11898761884615,-11.149048018086365,18.20994670112416,22.430974234758846,7.782,0.20285673734280474,1.5786311300017064,0.0,1.0
2452,-16.75414467140818,139.11919796195266,-8.303569098300006,18.20994670112416,-17.67938603207667,6.939,0.2786220209503256,1.9333582033743095,0.0,1.0
2453,-11.709154509224804,61.712891348275356,-5.270482279455463,18.20994670112416,-10.070858209485344,5.112,0.2769853873418727,1.4159493000916534,0.0,1.0
2454,-16.75414467140818,20.114901471910844,-1.2005925618057942,18.20994670112416,17.2981170588423,5.784,0.3000521461503197,1.735501613333449,0.0,1.0
2457,3.6178472411541502,-10.803764666011364,-2.986241249524066,5.09969994681332,0.08869790459558047,-2.02,-1.2322806239764041,2.4892068604323363,0.1012271706870349,1.0
2458,17.01041354992662,-46.55212132495113,-2.7366836901594285,-5.88263751764842,0.8144873103800077,-6.318,-1.2322806239764041,7.785548982282921,0.0419783649965088,1.0
2459,5.795966137321219,-21.5024280377883,-3.709895387298846,2.50671604844752,3.2397756350855067,1.801,-1.1234043751714284,-2.0232512796837425,0.1570838354278292,1.0
2460,1.6647701006082691,-11.713909104839436,-7.036352407193906,7.66344398397743,9.276465138517075,-0.762,-1.0989914948286184,0.8374315190594072,0.4339886131700776,1.0
2461,-0.837831599315702,8.451916446847068,-10.087846356893392,0.560867137855524,5.974506958358905,0.587,-1.0852441653767382,-0.6370383250761453,0.0973324491410743,1.0
2462,-1.107052998885081,12.272578537131617,-11.085809396199998,1.6567016736435,2.157289871931334,4.836,-1.0525560826062883,-5.09016121548401,0.0021370946198917,1.0
2463,3.22018929968588,-34.95367586818688,-10.854540716471702,3.05635886663597,3.590708575948054,4.773,-1.0577924963086882,-5.048843584881369,-0.1560045732847959,1.0
2464,-0.47484292931229,5.29404661995151,-11.149048018086365,8.70006555836002,6.418368304078115,3.172,-1.0430974939031183,-3.3087052506606915,0.0160529103926609,1.0
2465,-2.2553549158712203,25.145060254875368,-11.149048018086365,7.38815395153696,5.032390056370772,-1.605,-1.0267548507369284,1.64794153543277,-0.1369628488272933,1.0
2466,7.352935493570111,-81.97823089170473,-11.149048018086365,7.03264766297669,2.854343242416446,-0.971,-0.9634810567710382,0.9355401061246781,-0.1221498371335561,1.0
2467,8.77582704192368,-82.69533857920085,-9.423082084930636,6.46482809096842,2.974081139043694,-3.833,-0.9622752811679484,3.688401152716746,0.4323384899263649,1.0
2468,0.7532293980733904,-5.408427552408065,-7.18031925764148,2.12793685154209,-2.607301603258272,-7.336,-1.0800787151499784,7.923457454340242,-0.1869318606662839,1.0
2469,8.60541074079023,-57.68331744809975,-6.7031451705933005,-2.45909150468412,-1.2545522992008507,-0.086,-1.1433049215338085,0.09832422325190752,-0.4505468632948317,1.0
2470,0.1409920437830099,-0.9375997912219022,-6.650019150476963,6.76770683250318,0.3869158606859102,-1.532,-1.2322806239764041,1.8878539159318513,0.2246804485009024,1.0
2471,7.049044192024069,-53.61238277442392,-7.6056244384289515,4.81466801092733,-0.25991813373341666,-4.136,-1.2322806239764041,5.096712660766408,0.1909256677034898,1.0
2472,7.6401460261261,-51.4447307979494,-6.733474808207848,1.70032214482865,-3.742049377815526,-3.77,-1.2322806239764041,4.6456979523910436,-0.3543593696472169,1.0
2473,7.382544496431409,-40.063024517863866,-5.426723067802655,3.10155262780289,-3.4137806602373533,-3.143,-1.2322806239764041,3.873058001157838,-0.0053718963867743,1.0
2474,5.751212169705161,-28.254464069719152,-4.912784163754409,2.76241378329884,-1.7703517089428633,-1.008,-1.2322806239764041,1.2421388689682153,-0.0247120508853782,1.0
2475,4.37944958866583,-23.044649064600375,-5.26199665004496,2.38780116013344,-2.761561614590524,-3.592,-1.2322806239764041,4.426352001323243,-0.0300916721296951,1.0
2476,4.358597290001949,-22.791446028450355,-5.229078190070679,2.17544820327555,-3.5058115586322325,-0.595,-1.2322806239764041,0.7332069712659605,0.1354532847421596,1.0
2477,9.001515046573791,-47.59226534940417,-5.287139454098787,3.79610937243891,-1.6020094570286414,-4.387,-1.2322806239764041,5.4060150973844845,0.3993687397339629,1.0
2478,1.05833024482849,-5.584847682502174,-5.277036832115895,2.84690922660509,-2.7569973216600707,-5.493,-1.2322806239764041,6.768917467502388,0.5806306739806866,1.0
2479,6.48462229539834,-34.18495285307841,-5.27169529632234,-1.67242865968056,-3.3969257932061736,-2.35,-1.2322806239764041,2.89585946634455,-0.0329569858178113,1.0
2480,12.5803581799582,-64.61433421857292,-5.136128343429059,-6.54479640529367,-1.9468105675494285,0.583,-1.2322806239764041,-0.7184196037782435,-1.00392423775143,1.0
2481,-3.25709075505318,19.163248071675763,-5.8835474700682315,6.45443038333934,-0.6144022861757525,9.229,-1.2322806239764041,-11.372717878678232,0.2062586612523675,1.0
2482,6.95488078403767,-47.81851110500986,-6.875532822181422,-3.68528359281325,-0.627658576676493,-0.008,-1.2322806239764041,0.009858244991811234,0.7482927561401009,1.0
2483,0.72189997175207,-5.049214661560905,-6.994341126383936,3.15034461759902,-1.1786288872937534,6.575,-1.2322806239764041,-8.102245102644858,-0.0234099832937317,1.0
2484,4.36679498421929,-27.262200944346397,-6.243068667722312,2.62936861207362,-2.29169578789179,5.65,-1.2322806239764041,-6.962385525466684,-0.3288808472139748,1.0
2491,21.60007238422431,-124.39761338939388,-5.759129468484936,2.72319327321379,7.951496643371669,-1.508,0.0417626217037117,-0.06297803352919724,4.286881448726043,1.0
2492,9.020129389558807,-34.05853755752442,-3.7758369183649023,3.75433786119939,5.236957714974877,3.119,0.04753674215469983,0.14826709878050878,6.204330237844657,1.0
2493,7.59512867621753,-11.981735560526772,-1.5775553083182032,4.54703805165397,6.041800728980706,5.015,0.041615287489567665,0.2087006667601818,5.569325817119974,1.0
2494,11.83873663475228,-19.8001445129809,-1.6724879625126663,6.23230296069102,5.044446683249326,5.093,0.032479929372179694,0.16542028029251118,4.940116669123662,1.0
2495,11.275438268941372,-24.993247026664907,-2.2166098053598295,6.05059922215973,4.17607637504378,2.475,0.02195554695319968,0.05433997870916921,3.4191437084673204,1.0
2496,15.01856762173633,-22.540893452732032,-1.5008683930755593,6.56724355177587,1.9132349924327885,0.033,-0.03683947748476635,-0.0012157027569972894,0.3338228871339721,1.0
2497,10.43662393404902,-17.094085393673087,-1.6378941601895223,6.18832716678008,2.311059094662715,1.355,-0.11194689292505233,-0.1516880399134459,-0.0005733375964434,1.0
2498,0.6270111041922402,-0.9907108104659091,-1.5800530546300493,4.23160011009342,2.6872802213498748,0.254,-0.10081162468402632,-0.025606152669742685,0.0458231675582565,1.0
2499,2.9981772345799818,-4.226240307008157,-1.409603227675837,-2.43162787988011,2.807439101304232,0.267,-0.09083549891968734,-0.02425307821155652,-0.0458021795487817,1.0
2500,6.14540076699018,-3.9407192423283757,-0.6412469083376662,3.73114034433009,2.006392806656865,4.865,-0.06646686675171432,-0.3233613067470902,0.0,1.0
2501,8.56349681778045,-11.056058417410341,-1.2910681994363058,3.83569066207505,3.3494953521783444,3.371,-0.06506045340228428,-0.2193187884191003,0.1166528182793502,1.0
2502,2.87254272707548,-3.6926661242288024,-1.2855043336425096,4.12868774866939,1.0460430366243445,2.943,-0.1054001594217403,-0.3101926691781817,3.0930034558328767,1.0
2503,5.486404193518311,-14.503232672284712,-2.64348599933978,2.79155975746801,7.788817787397706,3.483,-0.13983010176360133,-0.48702824444262344,4.366315044703906,1.0
2504,10.2170520684027,-38.25424625310371,-3.7441569248148356,3.0580805621437,9.320580198335925,5.73,-0.1431476875679163,-0.8202362497641604,3.1118504405505343,1.0
2505,4.0123243272301,-16.303838209688458,-4.063439762095149,3.84007997093951,2.668300988660044,2.897,-0.13848227362317528,-0.40118314668633875,4.5647755234452525,1.0
2506,13.951012630235372,-41.09659697942113,-2.945778780986436,3.89297219726413,1.600477999360228,0.781,-0.16400124903231728,-0.1280849754942398,4.054847548155816,1.0
2507,7.593793558098629,-16.53750723743065,-2.177766239087936,4.84291391050387,4.414070983690088,0.397,-0.16403771820432234,-0.06512297412711597,2.855550811829377,1.0
2508,4.3659163017188405,-12.908286279082617,-2.956604155237856,3.84499476966735,3.622033665123592,0.408,-0.20958541473933934,-0.08551084921365044,1.7696720039348302,1.0
2509,7.711891415395961,-35.617025831530285,-4.61845530662228,2.55963434592314,6.347516502974848,-0.197,-0.2261646162601793,0.044554429403255325,2.5344831557926994,1.0
2510,27.88544594129816,-131.75588013013316,-4.724897726487622,-8.96508223267296,4.61621249881492,-0.089,-0.2863485321683013,0.025485019362978815,0.299249182689687,1.0
2511,-3.029537950613401,15.43605518412103,-5.09518462410931,12.5652843771279,2.3230268384410113,4.585,-0.2513636246576423,-1.1525022190552898,-2.29935701062034,1.0
2512,8.25620648614903,-34.750490610101345,-4.20901423291681,4.14356194013767,-0.3152820547338231,3.177,-0.2800449477046883,-0.8897027988577947,1.953720859585584,1.0
2513,7.36517149725008,-16.383550387828084,-2.224462851129153,3.57584760454412,-3.0894178979120834,-1.665,-0.33537731771065926,0.5584032339882476,0.4728158604814236,1.0
2514,6.060512693704451,-8.13694138729796,-1.342616012627193,3.63240745450875,2.6990750235933447,1.013,-0.3626221673293123,-0.3673362555045933,0.8033430415725462,1.0
2555,14.746656946847988,115.59374496235789,7.838640674899905,3.07217337664731,-12.310056996196394,1.343,0.319981890371399,0.4297356787687889,5.466507208222859,1.0
2556,0.6739804356408698,5.249652544037466,7.78902808810127,1.76875060288195,-2.05665024110937,0.829,0.32467201642406207,0.26915310161554745,-0.0989734695888922,1.0
2557,6.76061764051707,42.591617546105134,6.2999595319293356,4.70652994008303,-6.6964075674658226,0.909,0.32915380261606497,0.2992008065780031,-8.778099996246436,1.0
2558,10.1869721182519,12.595207039948471,1.2364034075819017,2.6580323082747,-1.736272992446386,1.545,0.3229073828483502,0.49889190650070103,6.093566669756312,1.0
2559,7.70163318952584,16.204280619213826,2.1040057635115,5.89037894844316,-10.244755923228832,1.799,0.326833785571359,0.5879739802428748,5.344273522340215,1.0
2560,31.76749053202179,46.541160818391255,1.4650562584248679,-5.65151153448299,-9.736103093934767,1.996,0.33159636864649544,0.6618663518184049,-3.3987612144959822,1.0
2561,1.74487653007081,4.4649854451604405,2.558911973547632,5.09821354410036,-6.62250078335036,1.497,0.3240865878644883,0.485157622033139,1.8227872659382305,1.0
2562,6.662971926408785,-1.504660388189221,-0.22582421249975226,0.502424403581585,-3.706419542775541,1.43,0.3011852010919066,0.4306948375614264,3.52122814910536,1.0
2563,3.2413324222665105,-4.398645933215006,-1.3570486948510023,4.32478411472874,-6.95371395531621,2.712,0.3016455193109926,0.818062648371412,3.6068423687508178,1.0
2564,4.850542383189969,-5.477589312983154,-1.129273569893189,2.88877250863379,-5.054706044511692,3.976,0.29564796053836373,1.1754962911005342,4.033790347939603,1.0
2565,22.36609726712583,-40.926717029189334,-1.8298550945382992,1.40000000859727,2.021979843538446,3.641,0.3021054682519998,1.0999660099055313,12.142710769966005,1.0
2566,17.30603896030748,-48.98414204403958,-2.8304652587682186,1.81246807847532,0.4078064477788468,1.472,0.3049306208840662,0.4488578739413454,24.9068856244967,1.0
2567,5.98795964974464,-1.7271872182179542,-0.28844336288932926,2.51027134544685,-8.896941977576311,-0.117,0.31060097804158293,-0.0363403144308652,2.2639036677893687,1.0
2568,17.488606651857342,62.35015465482465,3.5651870898590357,1.66781095484656,-6.721936168203769,0.316,0.29676548007090864,0.09377789170240713,5.0364208715173,1.0
2569,15.45472323325842,61.94952061648518,4.00845228228807,-1.72309699839232,1.2695966801200997,1.126,0.3049605175358494,0.3433855427453664,30.549281738872345,1.0
2570,7.52894984601085,40.46190713387319,5.374176739311338,-3.30550546965893,-12.047446718281007,1.995,0.322454821714939,0.6432973693213033,5.286092241874951,1.0
2571,37.291399300384256,261.3858462198406,7.009279649561105,-1.79823988931486,-11.581916758180332,2.111,0.323383943017712,0.6826635037103901,-4.58045078866014,1.0
2572,33.20446588780378,362.5337447005246,10.918222444098571,-1.68198396897978,-12.864807272018075,2.347,0.3236202783129506,0.759536793200495,29.592148760055423,1.0
2573,-7.77733881536445,-111.51360280943074,14.33827244212777,-1.86388420254838,-19.502229478636856,1.754,0.35382686604184055,0.6206123230373883,21.97097636714458,1.0
2577,16.74415739868296,273.78864106858686,16.351294039443403,2.97787906543104,-3.533785728496741,4.36,0.16993948329467468,0.7409361471647816,22.36701314582692,1.0
2578,11.75063352233483,176.1272071856137,14.98874140282247,3.84810814449837,-4.035182636664281,5.539,0.17120094662719065,0.948282043368009,14.782709561136208,1.0
2579,12.58694269273169,134.2377710395721,10.664843267864203,3.08605811588221,-0.9775593231573176,7.413,0.14993299181360364,1.111453268314244,10.608204227267803,1.0
2580,8.19776145672347,49.60332717663957,6.050838077992248,4.40937501806403,0.9877897098534039,5.267,0.08611828068727867,0.4535849843798968,18.989721514539543,1.0
2581,12.289227469923738,30.67206007026723,2.4958493237539177,4.06202617226026,-0.5585125322655315,3.038,0.07844452033742366,0.23831445278509308,1.527693693427512,1.0
2582,9.09130175108157,14.406821240803456,1.5846818899273156,4.73006530805553,-3.3390983213941516,3.996,0.06112307419983276,0.24424780450253172,-9.98405994391881,1.0
2583,7.01348722286723,10.934189672158185,1.559023254010878,3.93877761242727,-0.8965144842429495,8.794,0.04010329864431672,0.35266840827812124,-13.021223793397596,1.0
2584,6.574370810723029,1.0768560626007366,0.1637960640802838,4.96312536156307,4.831594968878261,7.191,0.01563460362281166,0.11242843465163864,-9.612212447245138,1.0
2585,10.399837585958668,-18.697003378778195,-1.7978168624500386,4.30028318461673,1.2054847061109042,6.597,-0.02746651806023126,-0.18119661964334563,-1.5602457921451651,1.0
2586,9.86865461121546,-35.58379335584377,-3.6057390553929958,3.93393162712054,3.32311239045191,7.787,-0.06778937417660325,-0.5278758567132095,5.415053925068558,1.0
2587,10.679196753267576,-44.69507128262228,-4.185246541969242,0.332354337878925,3.4320168975962684,9.269,-0.1270115639950693,-1.1772701866702973,-12.721216154126624,1.0
2588,7.716246348194854,-31.53024618512608,-4.086215597886179,0.993437085479655,2.481500462126429,5.085,-0.1887096547913043,-0.9595885946137824,-6.26954268417208,1.0
2589,10.38856892665146,-34.9103318167148,-3.360456292218819,-6.7401660845502,3.186508711445568,3.785,-0.19414721159053128,-0.7348471958701609,17.563039857458683,1.0
2590,3.1992498258801696,-10.173606074382489,-3.179997383162646,1.06795068152046,0.683917293162084,4.759,-0.19834058857323328,-0.9439028610200172,2.768831596721699,1.0
2591,4.7498651323848895,-19.709771394104198,-4.149543375394323,1.91670916599742,2.8858586042951107,4.436,-0.1796144094789583,-0.796769520448659,-3.312988662822302,1.0
2592,-3.2974136020769897,16.840058414288404,-5.107050690784169,-1.33948446518181,4.264272887299336,5.22,-0.0993158988372983,-0.5184289919306971,11.961486492087726,1.0
2593,5.776986059970101,-32.07710296474799,-5.5525671399861425,2.03216990678146,0.8686321112739925,2.331,-0.05611955378736433,-0.13081467987834625,-0.6260064784823327,1.0
2594,-1.8389837174120305,10.024974647731467,-5.451366726530585,4.33435364113967,-1.0281994894074886,2.598,-0.020335092586238335,-0.05283057053904719,3.981611867349288,1.0
2595,2.021829049681,-9.833798243168511,-4.86381291470714,3.65981615406955,-2.4858856181268374,2.773,0.05391968355956278,0.1495192825106676,20.09049806177925,1.0
2596,4.799729256076439,-23.450525827473548,-4.885801797629579,2.43864141309342,-2.1692243390325605,2.003,0.07174542710088372,0.1437060904830701,0.7843102157224946,1.0
2597,3.66318145161646,-19.7441388318426,-5.38988829590466,4.12418389451805,-1.186758249457942,1.792,0.0810420841774967,0.1452274148460741,-2.5184413370117453,1.0
2598,6.209611639266541,-32.75051275818732,-5.274164418123853,5.60613813768876,-3.8187943988650774,2.455,0.08234999663146658,0.20216924173025047,-1.5383213895297063,1.0
2599,3.07278209277446,-14.122780170686902,-4.596089063359269,5.07718495088933,-4.52153412645222,2.046,0.07377984970245377,0.1509535724912204,7.567524224835975,1.0
2600,25.42886961165348,-87.79639954103672,-3.452626911138889,-4.33872540024058,-4.091332330375286,2.024,0.03133075405090868,0.06341344619903917,5.964586343723588,1.0
2601,11.276050950127228,-29.951295534896744,-2.6561866088906596,7.22291580811137,-5.085725725643552,7.487,0.02369435881074966,0.1773996644160827,-1.5765863266920754,1.0
2602,4.305798411943839,-9.54020662991491,-2.215664951580493,4.15238057779229,2.0691259707068976,7.11,0.047191638808805614,0.33553255193060794,22.91179292353118,1.0
2603,4.262646852328655,3.648768249247191,0.8559865209696866,-0.817107370513455,-0.7461087156347967,6.172,0.07893679964906974,0.48719792743405843,-5.235565794035091,1.0
2604,8.793347657753591,32.634018654578774,3.7112166975228735,0.709070599066038,-7.662967934834941,6.748,0.08351527836958272,0.5635610984379442,3.56922016681378,1.0
2607,20.554993202283733,26.340116379262255,1.281446124552149,4.69987885390397,10.43248162535022,-0.962,-0.2036402777705703,0.19590194721528864,24.21058814595225,1.0
2608,75.8895959006844,180.52711242223558,2.3788124087324007,-12.716771466874244,22.430974234758846,1.034,-0.12757948758853332,-0.13191719016654346,68.01164671469917,1.0
2609,11.44218942284493,276.6170684860556,24.175186956245902,0.79112608199847,-28.261161901357134,1.893,0.1997121737706048,0.3780551449477549,-14.901493798407714,1.0
2610,11.703062790416896,304.3196066990991,26.003415699716875,4.9200677470169,-1.4522120569342212,0.959,0.21002902016058966,0.20141783033400548,7.213420494834599,1.0
2611,8.22737194949628,235.53958766632925,28.628775885202337,3.64346644721492,-4.122785416362018,1.87,0.22296515004885475,0.4169448305913584,21.837142407627866,1.0
2612,0.2584269255696503,2.14588022112031,8.30362477280627,4.49947539085764,1.055844096263736,1.763,0.21110285725393063,0.37217433733867966,-9.255162421566745,1.0
2613,3.1573507421631195,17.51880268362801,5.548576675274846,4.78036912167654,4.432599923947178,0.576,0.19262836675063377,0.11095393924836504,-7.8836131787642145,1.0
2614,4.113098567938,2.3111532545766496,0.5619007705267052,5.03087394501685,0.906178303181715,1.077,0.1573014133455568,0.16941362217316466,4.2172209829234975,1.0
2615,10.642592609476058,-14.400442723802025,-1.353095364279942,5.69257130383384,-0.43441474607404107,0.26,0.14912856901624272,0.03877342794422311,8.568123043419007,1.0
2616,9.44223696493452,13.774490446355093,1.4588164327488489,5.50095178520348,-2.5548045958425747,-0.462,0.16584194507199568,-0.076618978623262,-5.620190817375259,1.0
2617,12.98009879398646,56.145177535312264,4.325481525712556,6.34502222667214,-5.3569366779040894,-0.451,0.15288765305717167,-0.06895233152878442,-0.1999785282381205,1.0
2618,8.909163728569471,46.57798723665606,5.2280986920570385,6.01370360009123,-2.48617101478511,0.953,0.14155785198963977,0.1349046329461267,6.103954709550363,1.0
2619,8.32292525879117,54.10528478879882,6.500753413789171,4.62887118256153,-7.508621746822564,-0.054,0.15557441596499566,-0.008401018462109765,7.1242156055351336,1.0
2620,9.17843359025824,41.88299222948676,4.563196085434482,6.22385418062366,-1.1619382513528564,1.644,0.16095715812679268,0.26461356796044716,-12.507333818578504,1.0
2621,10.25999963819032,60.517935435924564,5.8984344610170805,6.16978420771008,-7.22987150649047,1.242,0.13573673212285464,0.16858502129658545,-3.520184222974332,1.0
2622,8.924941828961451,20.8590621672763,2.3371650557529247,6.03005065305615,-1.4137282232124293,0.704,0.10564188309026168,0.07437188569554422,7.025831106786873,1.0
2623,7.222434255633199,5.9961166527617715,0.8302071629222585,5.5572636889101,2.4194641622994117,1.586,0.0808187973210196,0.12817861255113708,11.448314557364592,1.0
2624,6.8728509360922,-17.887011233635896,-2.602560625853786,5.006668425755,3.607368156270785,1.956,0.07520817086056275,0.14710718220326074,13.420696746239448,1.0
2625,4.12066777615919,-13.502673343777627,-3.2768167872934555,4.87632230022123,2.744124624165356,1.805,0.07360485848473763,0.13285676956495143,12.8459713202695,1.0
2626,4.99542963771323,-15.992179373451243,-3.2013621516590955,5.03306918280177,3.063707898844714,2.724,0.07325256464699159,0.19953998609840512,-0.605598877547564,1.0
2627,3.20574217789712,-12.963115915595276,-4.04371755313733,5.06978590134916,3.982284354130261,2.561,0.08034757727867581,0.20577014541068875,0.5448248898104024,1.0
2628,1.1159975841880394,-4.940762764957263,-4.427216362257619,5.17429153955024,1.7608988260165326,2.264,0.07712381853670769,0.1746083251671062,6.397993595476681,1.0
2629,1.52111720083498,-6.816414265120417,-4.4811893924930395,5.01928768046282,2.764453966529823,1.69,0.07978096061843765,0.13482982344515962,-0.6270126911177787,1.0
2630,14.599172701343653,-69.51154594162222,-4.7613345881732485,-2.06551182934165,3.844228614514611,2.091,0.07303256691266069,0.15271109741437353,3.071403739869938,1.0
2631,10.26354983831969,-64.92835663195336,-6.326111107244664,3.70288562827751,4.083887762362592,6.075,0.08441508477243875,0.5128216399925655,-1.879411209923376,1.0
2632,3.04771532759605,-17.05977313731247,-5.597561223268423,5.30719722664799,-2.6357249982767894,4.405,0.09892404194053772,0.4357604047480687,3.7860259077752154,1.0
2633,-1.54850364998936,4.553728354515201,-2.940728202059123,5.04883117855516,-4.503848220687534,2.307,0.09167628475225664,0.21149718892345606,2.606293149431904,1.0
2634,-0.2730708195529399,0.627188275851023,-2.2967971344496982,5.03257477088519,3.8374189719570406,1.907,0.08666109077212558,0.16526270010244348,4.0596463013276685,1.0
2733,18.6237773248915,273.2783531210102,14.673626534170467,8.6392983972006,-12.94413290101356,3.517,0.0801895997801948,0.2820268224269451,18.63105029834797,1.0
2734,24.34474705077329,261.52761380892474,10.74267123266814,4.33666597851041,-1.269613212502163,3.364,0.05381118843929167,0.18102083790977716,5.127015724839423,1.0
2735,29.65808666662146,416.50667310885603,14.043612381024271,3.18980408728824,-10.369196252322544,2.985,0.021040615134551688,0.06280623617663679,4.062803758194056,1.0
2736,31.35090521034888,355.4914114155719,11.339111551338071,4.99979526181222,-7.161907591624061,2.95,-0.04342588057325625,-0.12810634769110593,2.309068716049012,1.0
2737,25.74038676121623,304.28168574392276,11.821177691175667,8.15577352358517,-2.6017667453731463,5.884,-0.06595061398567326,-0.38805341269170146,1.2017188669196432,1.0
2738,11.626061545564866,130.57753680990876,11.231450676409136,0.250856553493634,-7.8365736805336095,2.869,-0.04862854702110231,-0.13951530140354254,1.5879110182216882,1.0
2739,26.02620730069745,285.8557359899963,10.983380432166769,1.00738545790475,-5.260322111886085,5.14,-0.08760014668193128,-0.45026475394512677,4.621868688086894,1.0
2740,18.78332390732746,143.79301371918191,7.655355060085377,5.79793830169604,7.018725789731839,3.817,-0.11570735076627625,-0.44165495787487646,3.9523728692346216,1.0
2741,17.5197709264047,92.91102320723797,5.30320993336781,2.6457179180628,-4.073992481499255,0.973,-0.08795293156693129,-0.08557820241462415,3.531538341161333,1.0
2742,37.7260908961576,375.9679363586856,9.965727363419408,-3.74717139864109,-13.940300740604805,0.759,-0.0916510874267853,-0.06956317535693003,14.687222502275832,1.0
2743,27.56140941594644,406.5542098143462,14.750849772549103,-1.52197920494184,-3.523307472381376,0.577,-0.04144284393148534,-0.02391252094846704,51.24123519005592,1.0
2744,30.11376730004514,653.9260302896511,21.715185077114906,4.98477506709476,-14.500773553129465,0.831,-0.08532264557218627,-0.07090311847048679,40.87668623277138,1.0
2745,25.79301503279483,356.75858769617105,13.831596935936577,-1.42488493937503,5.959643446233298,1.047,-0.15919744614780534,-0.1666797261167522,11.833578660739242,1.0
2746,19.1439278982789,145.0976259505135,7.579302780572959,8.8150866425182,12.578219018641136,1.5,-0.1737912362998253,-0.26068685444973794,6.560714285613378,1.0
2765,2.03135514504868,10.386882661817063,5.1132775512615485,1.67522863586828,-9.164664529669675,17.59141999999995,0.3799322356072218,6.683547528105574,1.2785964107560277,1.0
2766,28.16224457230353,403.8968384738156,14.341784350208805,5.63829915220637,-21.520790000836097,-4.069,0.3799322356072218,-1.5459442666857854,-0.3113677536229708,1.0
2767,35.21673379585157,613.0446471925032,17.407765602178536,1.88853936243953,-10.258954910267127,-10.721,0.3798101838378102,-4.071944980925163,-14.505045016500384,1.0
2768,26.98696220100183,443.96251112378815,16.450999850116773,8.22810710383277,-3.4070921144922606,-9.98,0.37771939913986696,-3.7696396034158726,-4.900804384396107,1.0
2769,23.32469284959029,339.5688006395749,14.55833964585474,3.37929909442771,-17.17393648479294,0.856,0.3667440542092043,0.31393291040307886,-1.9347628693159316,1.0
2770,24.80370969633627,9.092691338572667,0.36658594419510315,6.40256484471193,22.430974234758846,14.914,0.3505938567069681,5.228756778927722,0.0,1.0
2771,13.1480236749876,14.23253819457119,1.0824849837810024,7.546471200426,-9.15562154112719,4.179,0.35065094311647327,1.4653702912837419,0.0,1.0
2772,-9.767003882994082,7.287865783961009,-0.7461720985542302,13.9364301737537,-15.089706991766294,-4.744,0.3454465529047882,-1.6387984469803152,-0.3276353276350452,1.0
2773,8.33878078195146,55.459712212955765,6.650817866922862,7.62828592298754,2.996887304214435,-4.094,0.3411656557881788,-1.396732194796804,-0.0142918393600033,1.0
2774,1.62048043422641,1.8119023784743145,1.1181266618250074,2.26368817563613,5.17025213609934,6.062,0.33637919289795204,2.0391306673473855,0.0,1.0
2775,-11.70635343884631,102.00797168328873,-8.713898159335079,2.60676642939541,10.151236815359276,5.631,0.30576392351492765,1.7217566533125577,0.1143510577469975,1.0
2833,4.4365979711719605,-26.50990035332665,-5.975276670453839,4.09013743330735,-2.0414940660521075,4.452,-0.24306418876233526,-1.0821217683699167,-6.358103280225846,1.0
2834,8.1073185245047,-46.568273725091984,-5.7439797862064355,3.718144149431,-1.0655677636054461,4.056,-0.2461324867739173,-0.9983133663550086,-0.909319602761105,1.0
2835,1.98000493666552,-11.816696602353248,-5.968013707204928,2.23599889603805,-0.3139112912677211,2.285,-0.25394823419491835,-0.5802717151353884,8.63372858104432,1.0
2836,1.2214728389639902,-7.726984757450524,-6.325957083093455,4.53601939236572,-1.8317643458034771,1.208,-0.24442627734126626,-0.29526694302824963,-1.1903434672611013,1.0
2837,0.8624025964118003,-5.934819947865953,-6.8817278293907815,4.34394518932547,0.30245167864906275,1.785,-0.24382542016053027,-0.43522837498654654,-6.27540515388344,1.0
2838,0.1535461682575905,-1.0977275840616598,-7.149169507246198,4.05349952888294,0.5914363884271134,1.128,-0.2517190884001193,-0.2839391317153345,-0.2499592271506534,1.0
2839,3.93691420632167,-30.29344003117985,-7.6947168375009,3.57898762923605,-0.07199700552293908,3.549,-0.24225262186532126,-0.8597545550000252,-0.7249786626049914,1.0
2840,23.88057926169346,-170.31688046094087,-7.132024671367334,-1.80206927953466,-1.3301346203397513,3.776,-0.27480958660931926,-1.0376809990367895,-3.426022099090098,1.0
2841,6.169039153815509,-41.41143320994596,-6.712784953607121,9.33534690236249,-0.7771142051291036,10.703,-0.2874260715164963,-3.07632124344106,-6.164512222013673,1.0
2842,-0.6229934867303699,3.8569840974748066,-6.191050435723255,6.36407234798706,-1.8103935924788206,3.371,-0.29687357511624535,-1.000760821716863,4.006443758241929,1.0
2877,17.54215989323176,246.1454268019372,14.031648799239754,-1.14045987350366,-4.209376435134027,5.383,0.21987330191376975,1.1835779842018226,-4.620452784661644,1.0
2878,10.81608322362937,106.98608114606266,9.891388493788156,-2.33455353946911,6.198231388578157,6.555,0.17084829974621873,1.1199106048364638,3.2355616146360955,1.0
2879,8.11445395922677,40.74101126656105,5.020795172574161,1.04767386709968,3.2028866403282175,5.88,0.16593688073327773,0.975708858711673,6.822207022343907,1.0
2880,-7.84578245841848,-8.123885386204359,1.035446168595648,0.87870355044231,7.24583724615786,3.503,0.1488785460618447,0.521521546854642,10.09689615561431,1.0
2881,24.876450422538948,33.871107815995956,1.3615731843039605,1.34492956615135,2.4691438801693,0.803,0.2750015538209427,0.22082624771821702,7.003608176672715,1.0
2882,12.37389327561195,5.432207236207367,0.4390055025699837,1.99729094191295,3.4334060823350665,4.894,0.2572838054462706,1.2591469438540484,5.260628130916523,1.0
2883,7.33927253370099,8.525309061122735,1.1616013742473275,3.66631759041991,2.4846975228845825,6.725,0.2210005242934847,1.4862285258736847,19.260044857814496,1.0
2884,14.962774645019358,22.552786661707856,1.50725966251286,1.32372510450574,-0.7820775730826957,5.565,0.2044638861673187,1.1378415265211286,5.985926477255643,1.0
2885,6.386630543135667,20.379757473902938,3.1910030392797726,0.893797935409893,-2.696575835056436,4.673,0.19474139095956966,0.910026519954069,1.7705302596911163,1.0
2886,12.57767274039783,50.13420338600142,3.985968185114004,2.89912534481287,-1.9846921537298612,3.306,0.17013136590236666,0.5624542956732241,5.560537637867746,1.0
2887,13.18432812541873,40.353019864937544,3.0606807932168287,1.43195403769627,0.03534797145881008,4.865,0.13145529006387668,0.6395299861607601,5.245059293411902,1.0
2888,5.965985077064302,15.20183356378778,2.5480844097699595,-0.811736702186792,-1.9739371619704404,3.799,0.10260890716211268,0.3898112383088661,5.15093250662324,1.0
2889,14.25244924524632,46.1889521503216,3.240772961582529,-4.34530185828071,-3.411143237895331,7.512,0.11848738873609466,0.890077264185543,20.806358352697373,1.0
2890,7.042022131108469,29.413660103047057,4.176876975877541,-1.45714720850386,-4.670096189285156,11.125,0.1404654991769717,1.5626786783438102,-0.7941071394373389,1.0
2891,3.1022006976631498,11.395474843659194,3.673351905388735,1.73037627006349,-5.037025274024176,6.333,0.1365647644064817,0.8648646529862486,-1.4939686931616625,1.0
2892,9.313243460115718,10.149680325815066,1.0898115537601285,-0.613636042132399,-1.933131085025508,6.403,0.11463885995684964,0.7340326203037082,3.325444194329563,1.0
2893,12.298712393230876,-7.441404408685088,-0.6050555676690825,0.517686011311724,-2.6988353422712996,4.077,0.10682445953967068,0.43552332154323736,13.124627325994265,1.0
2894,6.057391953073823,-6.480573897581003,-1.0698620706379147,0.689822359762587,-3.591114055430411,-0.119,0.11129263685778878,-0.013243823786076865,10.49488721414824,1.0
2895,12.47548170008474,-8.632321370373067,-0.691942930773922,0.92148712399856,-2.8385817456385465,0.496,0.11977350203838066,0.059407657011036806,5.440370057853472,1.0
2896,10.670599682200027,13.624888374308663,1.2768624800944206,2.76043761369557,-7.9326325625530885,0.289,0.10200436027031368,0.02947926011812065,6.946459324883603,1.0
2897,8.95941349972187,-2.86968460297803,-0.3202982654017603,2.29303371291363,0.0833410497537379,0.194,0.023147908054012678,0.0044906941624784594,2.293863689415532,1.0
2898,7.37527769982014,-4.8007864277310315,-0.6509295816546823,2.51584458612513,-2.757408303766029,-0.452,0.002904291415968707,-0.0013127397200178557,0.7087704576916876,1.0
2899,7.861945157644321,-24.95522702245274,-3.174179738227796,1.80943147301357,-2.2470461231165473,-1.181,-0.04356868074731035,0.051454611962573525,3.44575691008342,1.0
2900,26.78146542713235,-93.82336814460251,-3.5032947842185624,-8.30441923583135,-0.17395524075117796,-0.915,-0.11795940314912129,0.10793285388144598,6.819120820664715,1.0
2901,7.7678496150111505,-35.77595976644115,-4.605645260858953,5.70467978309095,-0.04450784571362609,3.105,-0.0945755014935733,-0.29365693213754507,5.889821869894529,1.0
2902,2.081785881722861,-8.406750039066944,-4.0382395292784,6.43930323656186,-2.3941791657571265,-0.918,-0.056183531151582256,0.051576481597152515,1.7485965117825852,1.0
2903,9.19720772421886,-6.42213387650655,-0.6982699607398501,2.74634433906714,-6.071736844792419,-0.283,-0.03981980219131931,0.011269004020143364,0.4770760241767258,1.0
2904,8.723630832261836,19.214264876253793,2.202553643741476,-0.535039063867487,-4.582160326925788,-0.039,-0.045519676137061316,0.0017752673693453914,1.4794882898668371,1.0
2907,4.33339591589964,-26.140137263618175,-6.032252249951946,3.30847538304697,6.922591285339874,3.245,-0.2937033796236444,-0.9530674668787261,0.0,1.0
2908,3.30284371160214,-20.71629044551696,-6.2722587728705825,3.0121726904659,6.874646026774389,2.974,-0.2850589428307743,-0.8477652959787229,0.0,1.0
2909,12.111270192208842,-59.332972077645806,-4.898988391474793,3.38953079405096,2.169498561948524,5.396,-0.30730364911037433,-1.6582104905995798,0.0,1.0
2910,3.37738351284006,-19.269932282955292,-5.705580136130617,4.24571192079151,7.369043868336322,2.693,-0.31415023161128125,-0.8460065737291804,0.0,1.0
2911,2.8328132334777,-17.729793797844888,-6.258723161949836,5.26995757513606,6.244714551302777,3.995,-0.3504160174998933,-1.3999119899120738,-0.002373192289562,1.0
2912,2.806967521369721,-22.461974220005153,-8.002220919551055,5.78380792679309,3.623878395479352,2.77,-0.3207354328136673,-0.8884371488938584,0.0023497407661388,1.0
2913,12.45305377936337,-94.26523529555966,-7.569648133357593,4.16166755544363,2.1984982718134205,4.437,-0.30141391302163134,-1.3373735320769784,2.3507292823410356e-05,1.0
2914,1.8943586089369404,-12.72239352687819,-6.715937239579802,8.56721424236906,0.33716376967669603,2.517,-0.34020340846723934,-0.8562919791120414,0.0,1.0
2915,13.2677529893097,-78.83982587854364,-5.942213873145489,8.1465948107994,-0.17709817230058267,1.089,-0.47435658343745224,-0.5165743193633855,0.0,1.0
2916,4.742965423611389,-26.47314142151412,-5.581559015742716,8.09297527811921,2.562934409724482,5.359,-0.5115053550781713,-2.7411571978639198,0.0,1.0
2917,4.248908177327051,-11.673859077345403,-2.747496201409869,8.17616995204655,-4.702043080527618,3.82,-0.5103295172978803,-1.9494587560779029,-3.291020211904083e-05,1.0
2918,13.873822700879211,-29.082537138791643,-2.096216577493716,7.22038637280149,0.39211727872545676,5.031,-0.28726673050013934,-1.445238921146201,0.0940456350878582,1.0
2919,19.17296125880386,202.33022433218326,10.552893817551375,5.11667226950634,-25.015138887836564,4.797,-0.24962117306160925,-1.1974327671765395,0.0469868560100561,1.0
2920,6.585661652097331,50.28213260084803,7.6350920009434,2.6377158262256,1.6010963776836196,8.842,-0.23473777095086829,-2.0755513707475775,0.0,1.0
2921,-0.20949303492594,-1.7463512682439197,8.336082719224006,2.90729315392207,-3.506135551694667,7.814,-0.24432078658819328,-1.9091226264001424,0.0,1.0
2922,-4.44673732899001,14.716045775306153,-3.3094029816797423,2.40465716535539,-1.1861675600973398,9.818,-0.24170965062560434,-2.3731053498421835,0.0,1.0
2923,11.43232977349458,-28.769518089090457,-2.5165052670009125,2.72311205964112,0.5492804519998007,14.329,-0.23631622368079924,-3.3861751691221724,0.0,1.0
2924,-7.48429822974063,22.251177184041428,-2.973047906565389,3.32287328047509,-1.1940526810462537,10.067,-0.2006939891802943,-2.020386389078023,0.0,1.0
2925,5.01745693527429,-17.311118922937403,-3.450177878206553,2.52261671092148,-0.08378722887086854,8.475,-0.2019098131065633,-1.711185666078124,0.0,1.0
2926,2.23173718594561,-9.382694341947513,-4.204211141453007,2.11166806967252,0.9940211535406807,8.389,-0.2426218610978113,-2.035354792749539,0.0,1.0
2927,-2.552280415433033,14.86504543343189,-5.824221094024972,2.50770398070352,2.488154010426169,3.657,-0.27545384147163937,-1.0073346982617852,0.0,1.0
2928,-1.697382777591956,10.965367965574119,-6.460162145117598,1.85383415616927,2.6556329022077163,3.567,-0.28621042798628826,-1.0209125966270902,0.0,1.0
2929,3.2741032761175104,-20.862690659934586,-6.372031942948952,1.85633006592765,2.5979798273614296,4.613,-0.2984031675823854,-1.3765338120575439,0.0,1.0
2930,6.8878511671148495,-44.4680684512622,-6.456014709430601,-1.15257534158022,3.382046217768808,5.834,-0.3527710187416424,-2.0580661233387416,0.0,1.0
2931,3.2836801547612,-23.37298024274119,-7.11792231312521,3.75201276755828,3.755806551495655,9.069,-0.34324393542118736,-3.1128792503347484,0.0,1.0
2932,2.63156734623152,-19.01282268332316,-7.224904470163026,2.7468615450031,1.8371469500851,7.461,-0.3623206661345183,-2.7032744900296413,0.0,1.0
2933,-1.04251251443362,6.8169356249247,-6.538948483153922,3.12900102017251,2.7323061115858582,6.95,-0.33950749390715934,-2.3595770826547575,0.0,1.0
2934,3.5384992455181696,-20.783490189099894,-5.873532463070063,2.55605891810194,4.274982817602524,7.637,-0.3242715071147153,-2.4764614998350805,0.0,1.0
2937,4.44710734860249,-37.2191350069148,-8.36929088716758,1.36297109407448,0.4022396076643675,4.869,-1.2322806239764041,-5.999974358141111,11.226247227675268,1.0
2938,4.90903156716992,-40.34754238553033,-8.219043172458328,-1.77264091037956,0.18648523894457814,3.526,-1.2322806239764041,-4.345021480140801,8.19436936129534,1.0
2939,3.1498424233199382,-25.404270284493123,-8.065251168252724,-0.347600398675738,0.29833121124027695,10.047,-1.2322806239764041,-12.380723429090933,-12.985337935208142,1.0
2940,-1.64276225675396,13.933425172301572,-8.481705198068969,2.97832688768516,1.4397149670870357,6.749,-1.2322806239764041,-8.316661931216752,-5.391518677630369,1.0
2941,-16.75414467140818,149.26803175583754,-8.909319734511497,0.284608556379041,1.276000802797217,7.282,-0.6370615940054682,-4.63908252754782,12.771665681065024,1.0
2942,0.8384581997826122,-7.7015613148409825,-9.185384932531846,0.0849888050363319,1.055472249838152,6.2,-0.5681886883202624,-3.5227698675856267,3.175434121707488,1.0
2943,-0.839605172114156,7.7235707187850275,-9.199050905483109,1.38010935830795,1.4535793062766977,7.336,-0.5313893128839623,-3.8982719993167474,-7.540237945248107,1.0
2944,-1.491067265985097,13.995469701262381,-9.386209475946114,2.11294823723127,1.8784408984695133,7.433,-0.5054224296439442,-3.7568049195434376,-6.677015179044088,1.0
2945,-1.634405023720692,15.473355834274875,-9.467271337094935,1.8482813374834,1.5428283459969716,5.314,-0.5436113330117383,-2.888750623624377,1.8722565843496848,1.0
2946,-2.25971384764263,21.33204055347833,-9.440151272132203,1.54630843078741,2.0186865663374354,4.438,-0.5505588232821094,-2.443380057726001,5.517327770106695,1.0
2947,-1.055532286552804,9.674055447787271,-9.165096673055029,1.72837912865577,1.764623818854849,3.029,-0.5484325723743843,-1.66120226172201,1.2504093783186176,1.0
2948,2.026449232289781,-18.382299930887967,-9.071186999398417,-1.16662209355141,1.5747290545287784,2.901,-0.5534340296590023,-1.6055121200407656,-12.223867344170923,1.0
2949,8.04134986608678,-71.85622788899238,-8.935841504923886,-5.9359411383964,1.3505840711190986,4.11,-0.6058921474846783,-2.490216726162028,-9.47121982254976,1.0
2950,-2.33348910704283,20.4824979482141,-8.777627410556477,4.13645589222239,0.9698249113438528,9.693,-0.5715089233066692,-5.539635993611545,-6.188103638181985,1.0
2951,3.11907472743825,-28.34379686402201,-9.087245205984937,-0.20035785332982,2.4068492088262783,9.076,-0.5781637978967613,-5.247414629711006,-9.082782548745715,1.0
2952,0.5312860776102901,-4.94535312455722,-9.308267867287771,1.64893452981225,2.0770713441983224,8.986,-0.5851008489682403,-5.257716228828608,-0.0207555866858943,1.0
2953,1.5559740407842702,-14.6522853504511,-9.416792932525912,1.99727653399265,1.3435967556569617,8.196,-0.6124222585494983,-5.019412831071688,22.314953295575517,1.0
2954,1.957182503622505,-17.307260442846406,-8.842946639269863,0.905915486065865,0.5943157002992638,7.611,-0.6102059295401683,-4.644277329730221,8.554809613184888,1.0
2955,1.19487458676927,-9.251814274348078,-7.742916601283947,1.79997735783475,-1.3046892555322431,5.616,-0.5928657429524482,-3.329534012420949,14.25199476804504,1.0
2956,3.147655961466853,-21.36799553056906,-6.7885422651499905,0.704986495111257,-1.7359275397546448,3.678,-0.6089380967166483,-2.2396743197238327,-10.12121463074842,1.0
2957,1.86334420668304,-12.175367936620809,-6.534148598499855,1.62345062245441,-0.2629677442849032,3.6,-0.6329664169512983,-2.278679101024674,3.100607699201752,1.0
2997,19.71976112637052,366.9273909006002,18.607091056996705,0.474901921293579,-17.795144324671273,0.49,0.16233760683429976,0.07954542734880689,2.831093013727904,1.0
2998,-0.3589620968660201,-4.8641239256262985,13.550522375742073,3.29021372249065,6.25082198500142,0.907,0.16640502535480772,0.15092935799681062,2.783597937575255,1.0
2999,4.1823066012669,50.692203342534434,12.120632984482487,2.30538859522412,2.449636495048413,0.028,0.14034935999003173,0.0039297820797208885,16.498361955625683,1.0
3000,4.308202340273034,-2.057792607906857,-0.4776453020023297,0.599695390807426,3.749636802222489,-0.843,0.14837076971289076,-0.1250765588679669,8.317417425886475,1.0
3001,1.86045651618688,-4.209781314311501,-2.262767916199249,3.77990649795343,0.5272614783992324,-0.381,0.1538131088723247,-0.058602794480355706,3.1344093932161643,1.0
3002,9.341950729395696,-37.82426968923555,-4.048862040153608,0.546859530175595,3.852935066084884,0.528,0.14750462231900863,0.07788244058443655,0.2366841962915478,1.0
3003,8.85482368952206,-45.476366235601866,-5.135773204543213,2.93247554570904,3.1705401208778516,1.295,0.15457501005793373,0.20017463802502417,-3.5728290654031936,1.0
3004,8.36736420957942,-42.645261452503966,-5.096618287952772,5.10429977629738,-3.5443268674842376,0.728,0.13320449552620273,0.09697287274307559,4.264545118263974,1.0
3005,4.00170549372644,-12.987046446035347,-3.2453778686101264,5.90666607980057,-1.9083373740682141,-0.502,0.14320894250915361,-0.07189088913959511,-4.571920427195719,1.0
3006,10.499412075649662,-20.192782330338297,-1.9232298137121022,6.47249430015484,0.22788753952409646,0.193,0.17685058485533367,0.034132162877079396,-4.570597759197725,1.0
3007,13.57231540687656,52.31281839955711,3.8543768569548753,6.85072976998784,-14.869151130392533,0.432,0.17519024077256573,0.07568218401374839,-6.634038138936282,1.0
3008,15.316555459432722,64.15479457819326,4.188591537314837,0.232282744812977,-2.6147862877626604,0.954,0.15170493882196168,0.14472651163615144,2.7595764552976965,1.0
3009,13.15038312920311,100.01874502509361,7.605766618539164,3.30693981631089,-7.9757399061411665,1.952,0.18657776524560366,0.36419979775941835,11.82024528845771,1.0
3010,14.30320109476784,128.6524449731466,8.994660993769298,8.05847360290906,-18.120615976653664,3.124,0.16548865594540663,0.5169865611734503,2.4319204518293835,1.0
3011,14.030948066142996,95.84866625203007,6.831232344399815,5.1211061197056,3.925024757576101,3.673,0.13221607982650174,0.4856296612027409,12.087892580891424,1.0
3012,9.82364312183808,50.45270852751177,5.135845012056146,4.56867961444982,1.369310418840275,3.639,0.14097654613918376,0.5130136514004897,-4.820550722720296,1.0
3013,11.4804767391924,-10.586182536240234,-0.9221030429947916,3.7978483925754,-0.8045823836750787,5.288,0.1219148715549998,0.644685840782839,1.884874774976564,1.0
3014,21.50115164438456,21.01417533322815,0.9773511521982314,5.02011100232484,0.9650092219498418,5.246,0.059909567586781565,0.3142855915602561,2.089206647205488,1.0
3015,11.10208877141963,1.8580174176433732,0.16735746361770332,4.96772112759767,1.4436873216733703,5.753,0.038044602915575654,0.21887060057330673,11.665192339713236,1.0
3016,-0.32310672428591,-0.02345268685589408,0.07258495442249391,4.21351706814744,-0.5035114290216525,6.682,0.04926878306198068,0.3292140084201549,3.387623311813015,1.0
3017,5.170369389372779,-2.1890972139032705,-0.42339280794961365,3.83795817364721,1.723666232531218,7.469,0.07342371578100382,0.5484017331683175,1.8773921062052332,1.0
3018,4.475034643612709,-1.9739024242532799,-0.44109209904568303,5.64794640709219,0.6606742988901404,7.396,0.0928953196083867,0.687053783823628,-2.0389037596534654,1.0
3019,0.9033387316228804,-1.9111343047215157,-2.115634188836445,5.11415885767801,3.157934072704016,6.936,0.09654184352969275,0.6696142267219489,0.6808624118695983,1.0
3020,13.546050821090317,-35.76743181256349,-2.6404324245466384,-0.272766327438816,2.5830381218169274,7.415,0.08333341104071967,0.6179172428669364,4.372413960397892,1.0
3021,-1.3716737569851798,4.8257213223727256,-3.5181261563093864,7.59048947333467,1.6561600319781267,8.134,0.0935659961744687,0.7610658128831285,2.9938403730853214,1.0
3022,2.6671415671840304,-9.280460730418017,-3.479553108317506,4.85998104287999,2.6976016266746505,7.196,0.09221546584204166,0.6635824921993317,7.504935904882837,1.0
3023,14.15368437103562,-36.59595081716896,-2.5856130359992795,5.71999241214208,2.066844240630683,6.057,0.08679325889269773,0.5257067691130702,18.6486319818044,1.0
3024,-3.650887770546461,8.871518909419985,-2.429962098805383,4.66019594571891,6.229146355419002,5.685,0.10786868001526673,0.6132334458867913,-3.5924421820735963,1.0
3027,22.26545460994975,683.3082604490272,30.689167251212453,9.91525389550945,-4.699938084795097,9.095,0.3703915914774697,3.368711524487587,35.54324992990321,1.0
3028,15.40712535915998,373.31491243419066,24.230017198649207,2.12183528473682,13.461235647473213,9.308,0.3517522198997396,3.2741096628267763,20.01484041988977,1.0
3029,30.0198905320922,397.6281463036472,13.24548954895656,3.655789399748,16.778337554792166,11.969,0.3542997405438403,4.240613594569224,68.01164671469917,1.0
3030,6.27910920274708,87.84055420627494,13.989333736677988,5.44333663288322,-16.807465761701756,13.528,0.3635345667518538,4.917895619019078,22.29327176149689,1.0
3031,5.99078210731934,99.48730263299029,16.60673028175069,5.32162141190466,-15.000243015017334,10.697,0.3668953430432521,3.9246794845336677,1.4131463928475307,1.0
3032,33.895731219788566,543.1865353479543,16.025219571921735,-0.0173246130360667,-2.994592694389897,6.747,0.36341333025922185,2.4519497392589695,-2.9784052827086627,1.0
3033,26.33408277311092,109.95808409031878,4.17550461269888,7.03029319731168,0.4845240397445938,5.9,0.3572769243603212,2.1079338537258954,-7.006598196734415,1.0
3034,25.043210972658727,-88.9924006822212,-3.553553926426603,7.02681242497607,-1.9426230627701213,5.169,0.3342182916829105,1.7275743497089642,-2.28744674534459,1.0
3035,10.075031047018848,-43.272060717775005,-4.294980384261843,-0.175515404044219,-2.9852779012641495,4.892,0.3254582073531107,1.5921415503714176,-3.8408520544640834,1.0
3036,47.07516662890319,-122.10693269226059,-2.5938714918385317,3.10289874199981,-4.900398960494967,3.789,0.2994698390142847,1.1346912200251247,-2.094324392134717,1.0
3037,26.85770474901213,-21.16887681975848,-0.7881863702644623,8.54287477507607,-6.617426254840575,2.095,0.3428398608249671,0.7182495084283061,-7.064603412756565,1.0
3038,-0.6525814096293905,-1.6104182865310817,2.4677661097420156,8.40161604861429,-10.81528180254584,-1.277,0.2680661361031528,-0.34232045580372605,-1.9875121525545936,1.0
3039,19.33688655369329,144.96647579792955,7.496888157015192,2.88629457537731,-15.876356022571125,-1.924,0.27885236887026776,-0.5365119577063951,17.305775343584173,1.0
3040,21.616692477831418,123.4626621286374,5.711450179311759,-0.471566596791618,-1.9917280218020639,-0.378,0.27933377752474664,-0.10558816790435423,7.13254088327735,1.0
3041,8.951901597680259,36.67803517030017,4.097233953041295,5.95627429693504,-7.11902067137159,5.947,0.29149496207008063,1.7335205394307696,0.3908251996565637,1.0
3042,23.91752955857424,100.115236487415,4.18585189754786,-0.0881501998439376,-16.464400590334016,4.705,0.27260337995107664,1.2825989026698157,1.8649871391165584,1.0
3043,11.848832065785802,67.84865831484773,5.726189546627529,10.9154694528045,-5.820100539798368,5.862,0.2495538407132486,1.4628846142610632,3.0498792725202506,1.0
3044,-1.0018960367174894,-3.446473351536361,3.439951077986132,4.02403863083252,-0.6637253031806845,3.699,0.20566378588917567,0.7607503440040607,10.768390416169924,1.0
3045,11.02714922105301,-13.77204034481928,-1.2489211915737686,3.87582544512439,-5.494483612257051,3.068,0.1775762367566157,0.544803894369297,20.143956113546224,1.0
3046,10.24708621162474,-30.65857448854767,-2.9919309602145487,4.33585592190116,-0.9724610082972651,2.517,0.19972220651040662,0.5027007937866934,8.457615952802545,1.0
3047,13.16871506801016,-26.77821664196927,-2.0334722487101056,4.73993722377884,-3.1092418561866064,5.79,0.1917693645415166,1.110344620695381,-1.4981219499577203,1.0
3048,1.7648382187748894,-4.81712375311332,-2.729498773240109,3.75791013557165,-3.6749935617636953,3.733,0.1720107576194867,0.6421161581935438,-0.0382587573656501,1.0
3049,8.23287321626602,-22.416298986640623,-2.722779568905766,4.60062565707598,-1.8401865273900198,0.59,0.1733517357417087,0.10227752408760812,1.378594475634265,1.0
3050,31.029569411157148,-45.58855059837807,-1.4691970099329197,-7.14897757727955,-7.688926431161569,0.074,0.13974577227289964,0.010341187148194573,10.82796101681851,1.0
3051,13.609728444051871,-24.47279301694184,-1.7981837857784493,5.50700762671923,-3.8464831028955038,3.062,0.1647774430553437,0.5045485306354623,9.431255233887814,1.0
3052,21.62419864175019,51.543450336882685,2.3836004834586983,8.96750520041391,-12.578521797339114,0.707,0.19812132989872877,0.14007178023840122,-0.6197948267604558,1.0
3057,12.58508729033773,-31.204601128457828,-2.479490241789211,4.00662107873787,4.853644475237795,7.531,0.341755823281226,2.573763105130913,12.277303185239427,1.0
3058,11.04896925751946,-25.60317233876676,-2.317245323254233,4.68163210426384,1.693243605075434,3.704,0.3486703360881426,1.2914749248704802,27.09093480412965,1.0
3059,4.5648976353829,-6.9967384990112205,-1.532726264172699,12.7053811380498,-2.740545500303948,5.354,0.3474628003181749,1.8603158329035083,1.6936327420824735,1.0
3060,16.904401864984507,-35.88876924721889,-2.1230428342784657,9.99358032292079,5.499074023795036,3.793,0.3414164124261765,1.2949924523324874,0.864446097956062,1.0
3061,13.13461016337953,-68.32642574887468,-5.202013984349142,7.38971065070517,7.8471101419438805,4.763,0.3469777888401093,1.6526552082454407,1.967931610579443,1.0
3062,24.82467057566213,-161.90730816664967,-6.522032494778886,6.26507280509637,-3.6711468463432873,4.946,0.3444635902284151,1.703716917269741,-0.1085198740318316,1.0
3063,5.14875612024,-32.324872423122095,-6.278190628616399,10.2836813071691,0.023127830162250618,6.073,0.3379602538017461,2.052432621338004,1.5656619448290554,1.0
3064,18.89090805801751,-77.64254564468949,-4.110048357984419,9.45769481103929,-1.4339938012459696,5.694,0.32354840233073046,1.8422846028711792,1.0801174496645194,1.0
3065,2.5131876997122,-9.403535439794446,-3.7416765333012334,13.3033338358455,-5.1962653582743545,3.231,0.3251258608346841,1.0504816563568642,1.898537192654848,1.0
3066,29.602550318472204,-51.32493043117512,-1.7338009691397431,10.9433600681694,-5.716743471342722,0.342,0.3003871565525046,0.10273240754095658,0.2626756261453922,1.0
3067,51.4380387439097,-28.748831844284727,-0.5589021771886395,10.398458101201,-4.581200771011185,0.15,0.2494680959422637,0.03742021439133956,-1.147464408294152,1.0
3068,-2.03032213246612,0.39202433085271593,-0.1930847940747933,7.47636606631011,-6.164848729245509,-0.62,0.2052188232968407,-0.12723567044404124,-0.0493076385750135,1.0
3069,31.507995844458847,33.5294760994138,1.0641576907948735,4.07477850599065,-9.057376072747402,-0.428,0.20013978067799776,-0.08565982613018304,2.1007194244602623,1.0
3070,16.22298870522903,-15.431706251626151,-0.9512246190895866,5.07691843229247,0.5096250358059384,3.978,0.18038796809395075,0.7175833370777361,1.101224029634551,1.0
3071,-3.34866781747977,5.791994735564894,-1.7296414727466125,7.28665813879552,-4.636485598971296,3.09,0.17857973074165967,0.5518113679917284,-3.0207690316414797,1.0
3072,31.760013255078583,-127.32154429029005,-4.00886307155211,7.65025657870362,-3.4463501607749247,3.757,0.09931710310609265,0.3731343563695901,-0.6283109523222863,1.0
3073,13.965152062759,-47.19891712373719,-3.379763923201594,7.8574997554252,-1.261743024312123,3.567,0.004751933099222727,0.01695014536492747,-0.1425737664269788,1.0
3074,23.49637720168004,-106.00974374770061,-4.511748463934291,8.00032074618566,-1.4098461239151372,2.011,-0.06823067865378729,-0.13721189477276624,0.2545161090073966,1.0
3075,9.79015087333088,-49.55984371733124,-5.0622145009364505,7.20703472529512,-1.820532209621173,1.245,-0.1492951135762523,-0.18587241640243413,0.7492260061919609,1.0
3076,13.09447730177896,-64.40614794744847,-4.9185734155802106,7.90550116130704,-1.5837564967708384,0.647,-0.20924797847192428,-0.13538344207133501,-0.2226149873259086,1.0
3077,15.067932071961511,-80.58676980134544,-5.348230229369147,8.07503915535979,-0.05399837672638297,0.292,-0.24842876298405536,-0.07254119879134416,-0.1999311053418329,1.0
3078,17.77502798884587,-102.31041094824317,-5.755850905688851,8.77622376224463,-0.6861480671642162,0.763,-0.3321221103594683,-0.25340917020427434,0.0144896376459646,1.0
3079,10.21535719380426,-56.25369442781712,-5.50677703780497,7.93695013588524,-2.293759961667674,-0.278,-0.4384558295716223,0.12189072062091101,0.2463996941554302,1.0
3080,18.842969205264996,-96.14843934799661,-5.102616169490494,-3.55572193406549,-1.2687923233171805,-2.188,-0.6326476679392083,1.384233097450988,0.77894842475148,1.0
3081,13.313078593865187,-80.80433850204578,-6.069545667617504,3.08984284148661,2.2409942423514906,2.528,-0.8137400443840683,-2.057134832202925,0.1451231529320695,1.0
3082,3.063894426186999,-19.79223091437341,-6.459827970967244,5.12990110773977,-1.1200942692090377,5.177,-0.9235196104438682,-4.781061023267905,0.0808805554858738,1.0
3083,7.5351795663412195,-46.9269411623999,-6.227713719261204,5.00733043811898,-1.9106486333903328,0.288,-0.8965950225804482,-0.25821936650316907,0.2100146774922651,1.0
3084,11.5085199682077,-64.60596252506511,-5.613750743235373,6.0158145735202,0.5022512254588163,2.77,-0.8417452835141483,-2.331634435334191,-0.9306431255402424,1.0
3117,4.595358624894179,-33.46877870960874,-7.283170137864801,6.82396677607342,3.600312262863703,2.267,-0.11111534616349628,-0.25189848975264606,0.0,1.0
3118,12.437289754468557,-73.16864555485746,-5.883005622552849,-0.486745779185156,-0.6642045886523618,2.333,-0.1407417436343673,-0.32835048789897897,0.0,1.0
3119,3.25749260462338,-16.974079189429276,-5.210780575629814,3.21988642181456,1.4722224220353297,5.128,-0.15184279866178935,-0.7786498715376557,0.0,1.0
3120,14.056481109392598,-63.24543333287741,-4.499378816126075,10.042808415173,1.5005843395777374,11.119,-0.19378193896521928,-2.1546613793542733,0.0,1.0
3121,-0.2871854564029998,2.313246792731329,-8.0548883697133,5.25344983010886,10.587076739155332,13.334,-0.14161236071966632,-1.8882592178360307,0.0,1.0
3122,4.12413290128967,-32.486653813340354,-7.877208274054736,1.36771507253633,0.6555483064318635,10.866,-0.1035295784610733,-1.1249523995580224,0.0,1.0
3123,13.4716535232378,-102.9935985091015,-7.645208387481439,-3.93339486032939,0.9825911337435045,11.713,-0.13785346212099026,-1.6146776018231588,0.0,1.0
3124,12.41871840193609,-64.22489349145911,-5.171620082910197,3.99634666125431,2.8271517465417118,5.657,-0.14238022942521233,-0.8054449578584262,0.0,1.0
3125,-2.9131831437984594,14.574589704860571,-5.002977494184236,9.73282070298016,0.6457220578386158,6.598,-0.14006819406254428,-0.9241699444246672,0.0,1.0
3126,11.361494073553771,-76.15503103038928,-6.702906372820796,3.15038119968223,6.286991049269974,3.449,-0.1124585183735653,-0.3878694298704267,0.0,1.0
3127,10.58493133661565,-26.84966459872146,-2.5365931761732314,0.600602326543751,-8.38465739973062,1.368,-0.14287209354324032,-0.19544902396715277,0.0,1.0
3128,-11.084330376409468,18.934075930110115,-1.7081840117655718,11.3170358267109,-1.6694878241075184,1.03,-0.14629484683805427,-0.15068369224319592,0.0,1.0
3129,8.275607238135901,-5.917807399720787,-0.7150904132388218,-3.40474015376245,3.191873174718074,1.569,-0.18392437837385728,-0.28857734966858206,0.0,1.0
3130,6.469117039687815,-28.558820435961294,-4.414639627132095,-0.0541942065330545,1.4783168368084576,1.227,-0.19764427986950728,-0.24250953139988546,0.0,1.0
3131,8.046293421910681,-50.79825336263765,-6.3132489332678405,1.61660730423688,3.812840870261325,4.145,-0.17980973148572632,-0.7453113370083355,0.0,1.0
3132,12.711396884036697,-62.013008578662074,-4.8785360998789695,-0.737636737448398,-1.310845684312223,-1.597,-0.18731213066156732,0.299137472666523,0.0,1.0
3133,5.308572434430359,-32.46852509802485,-6.116244150205122,5.72728087234704,4.408050300310573,-4.319,-0.1490581141488843,0.6437819950090313,0.0,1.0
3134,3.1146907425119803,-19.376882946744196,-6.221125803044206,7.57696602328922,2.8608033014007272,-10.93,-0.11909126528497926,1.3016675295648232,0.0,1.0
3135,4.162655641904755,-32.08307789857204,-7.707358152713159,0.694135527876625,1.5039813724815776,-8.516,-0.1342629174052693,1.1433830046232734,0.0,1.0
3136,-4.371759826592917,32.98473194020536,-7.544955177904099,3.93270319273282,2.660388685064885,-5.659,-0.1101643789108433,0.6234202202564622,0.0,1.0
3137,-2.687003709299156,19.47848806970447,-7.2491481877354715,0.220941147299996,1.0535185901500155,-3.763,-0.08822376687273237,0.3319860347420919,0.0,1.0
3138,-4.5774871833272,27.766856693973534,-6.065960554758095,2.00352549800972,-2.5524957277423876,-1.679,-0.08717903745277833,0.14637360388321483,0.0,1.0
3139,-16.75414467140818,101.5895896366507,-6.063549744202616,2.93824658056356,2.161486645896593,-1.796,-0.08065074249657134,0.14484873352384212,0.0,1.0
3140,7.178639606517251,-46.47267628479868,-6.473744167712176,-12.716771466874244,2.2541552336801773,0.702,-0.21053783357287031,-0.14779755916815496,0.0,1.0
3141,8.492485128354419,-84.8410258532132,-9.990129458095709,0.367606879216311,8.54967933322268,3.057,-0.27728721125828537,-0.8476670048165784,0.0,1.0
3142,-6.74081570701579,74.23752126735626,-11.013136168385438,10.4804941546807,5.446472057872254,-5.406,-0.22643760141274732,1.224121673237312,0.0,1.0
3143,-4.87529494914411,48.02230285615513,-9.850132834442306,3.02127526129283,-1.4110394902039136,4.154,-0.2125538386462233,-0.8829486457364115,0.0,1.0
3144,2.1777728096836992,-14.04195789933758,-6.447852520197936,0.312226855858171,-2.2143031756660325,0.276,-0.2388031013212653,-0.06590965596466923,0.0,1.0
3147,7.8615310299158,-19.578959826791625,-2.490476696242376,6.2821926537929,6.560715176001142,-2.299,-0.11967187866531631,0.27512564905156217,18.07833229225908,1.0
3148,31.9651148822759,-97.15418938867782,-3.039381830676546,-4.9389297463141,9.076451725919178,-2.315,-0.1678102835492143,0.38848080641643107,47.720613263991616,1.0
3149,15.7593771782106,-61.20732681509045,-3.8838671175227395,11.6172629559591,3.300743230988945,-1.091,-0.2216455631629693,0.24181530941079948,-14.901493798407714,1.0
3150,16.2239162597539,-91.86180753994714,-5.66212288507834,9.2018583880479,9.41743162188169,-1.145,-0.27216327520234435,0.3116269501066843,-4.966766550342272,1.0
3151,78.75633626224682,-522.7720064413887,-6.637840601175709,4.72593560322356,4.814075207740243,-3.905,-0.5915602635366053,2.3100428291104436,14.192570967278195,1.0
3152,6.255892243858511,-43.52262077778812,-6.957060492932056,7.74399895319569,1.3595755072731697,-2.42,-0.6825316730987283,1.6517266488989224,-3.035931483819987,1.0
3153,-0.0940363763335998,0.5175049285655272,-5.50324192341958,3.07472661826947,1.2049079825802833,-3.229,-0.6672841109228183,2.15466039416978,-4.790392050724568,1.0
3154,1.12468312715042,-5.2029598235757675,-4.62615620166577,5.1836368597334,0.2987729423907126,-1.509,-0.6154032645202683,0.9286435261610848,-3.809577090508043,1.0
3155,2.63082270347189,-12.415954090288206,-4.719418786337409,4.35823667337156,0.446281509398716,-0.086,-0.6566977409471783,0.05647600572145733,-10.636503552529486,1.0
3156,7.26795535385438,-38.83506911775013,-5.343327968732625,5.24500550580342,3.3275340376465845,-0.955,-0.7708345974827083,0.7361470405959865,-6.734901081521438,1.0
3157,4.9780011395788994,-32.78499426633723,-6.585975645057926,5.8419633918717,5.34609126950456,-1.185,-0.8357550121844682,0.9903696894385949,-2.7178781743688263,1.0
3158,8.95179917956651,-61.19369164771671,-6.835909789777032,3.00440451679569,3.277503987542074,-2.494,-0.9574444596573883,2.387866482385527,18.37254573185736,1.0
3159,9.06608678400319,-56.53222636826865,-6.235570838348679,0.81986175641795,0.5280304402556224,-1.581,-0.9214689129393084,1.4568423513570465,16.09997644208887,1.0
3160,-1.00278491281263,5.0279003871744194,-5.013937009754235,6.98166138853071,0.34295568868196735,-0.239,-0.8422735332540983,0.20130337444772947,-9.45674123031629,1.0
3161,1.7878299013094998,-8.840181551975483,-4.944643528727466,3.6880320602952,1.3956430394841624,-1.606,-0.8662959914627283,1.3912713622891417,-4.1701975569124805,1.0
3162,2.25879997855518,-12.421610480786285,-5.499207808887819,2.54766550568242,2.395032324758284,-1.721,-0.8468364544352582,1.4574055380830795,1.67594068637833,1.0
3163,1.34749537794105,-8.402640805326012,-6.235747404317709,3.2913959543442,1.5783567490360362,-1.631,-0.8230457333692383,1.3423875911252277,-2.824279231575056,1.0
3164,4.9298128689494005,-33.43910895149226,-6.783038188347809,3.21468019683108,1.4432506498991415,-0.789,-0.8503641548672883,0.6709373181902906,-3.848691645756908,1.0
3165,5.2704555133924,-36.143179321320424,-6.857695550124543,2.92029267301234,0.7499959852790505,-0.573,-0.8540659610026584,0.4893797956545232,7.419218494738056,1.0
3166,3.95162852589235,-24.548447076538363,-6.212235516493766,3.17152748983935,-1.6187037554853845,-0.497,-0.8758847343071983,0.43531471295067753,2.636273406708045,1.0
3167,1.6715491359765196,-9.83499869044308,-5.883762839372036,3.433191763972,-0.3845256779626993,-1.563,-0.8908692088325283,1.3924285734052417,-2.5643952528538128,1.0
3168,3.54265814975248,-19.701612807948266,-5.561251460100599,3.17611568177327,0.00687433700510276,-2.077,-0.9305192484879983,1.9326884791095724,-2.726567398638835,1.0
3169,5.583183248224529,-36.00340900333345,-6.4485451045839595,2.31380210595475,1.2786731929230521,-2.424,-1.0220026370667081,2.4773343922497006,5.925862523443826,1.0
3170,10.524004501157576,-77.28934998544804,-7.3441008103851235,-0.700242317542106,1.7962565251027796,-0.351,-1.1429568730219581,0.4011778624307073,1.2792926920133896,1.0
3171,8.320569596153629,-62.304239509257705,-7.487977690620994,4.61296795454287,-0.3844214118749911,2.105,-1.1947390549588883,-2.51492571068846,-3.0767786070787784,1.0
3172,1.2724452057961,-8.41934462588202,-6.616665760954707,2.72756456708991,-0.057037120506986394,0.019,-1.2231728699629982,-0.023240284529296967,12.89346432177345,1.0
3173,2.31022646068621,-13.41312569892029,-5.805978732897106,1.58301467403629,2.000156511784712,1.492,-1.2306341676078982,-1.8361061780709842,1.1007681308297546,1.0
3174,4.54779761754757,-25.720264367092955,-5.655542864935749,2.00361101838986,1.414338242492419,0.671,-1.1989496793781884,-0.8044952348627645,4.420169837151655,1.0
3177,1.4156924614751802,3.0898059297807032,2.1825403566542008,2.47332525804084,-8.298171323547832,-25.83003,-0.06515754238695837,1.6830212745814064,1.3160183605972042,1.0
3178,-4.44330472795443,12.364392141475907,-2.7827018173403824,3.66205472795443,11.579712725296298,-25.83003,-0.2027756455509923,5.2377010078514985,0.4637581680509761,1.0
3179,3.3968963738887297,-34.37061714521275,-10.118241289140546,-1.78900912450079,22.430974234758846,-21.335,-0.1423986897006413,3.038076044763182,-0.1118841749189636,1.0
3180,1.62477212764498,-15.043009001750567,-9.25853462513208,4.69458187079211,-10.329909759759758,-25.83003,-0.049372738640269254,1.275299320260314,0.7676754514672979,1.0
3181,12.591963140866346,-10.655062542096656,-0.8461796165457622,0.213332576499354,-13.314774150252617,-25.83003,-0.1617832731565763,4.178866799132561,-0.022792601722299,1.0
3182,1.7398685431502905,4.001038143666529,2.2996209451675327,3.01428315192251,11.779873471309156,-25.83003,-0.17884851696166132,4.619662558575221,-0.902373796933842,1.0
3183,-9.499844623228627,19.133335363360672,-2.0140682423980527,17.3260204175143,-2.5970526918208003,-25.83003,-0.19012354341112536,4.910896830015671,-1.9422355322145648,1.0
3184,2.1041065218889,-15.179911478825806,-7.214421570823556,10.2402980586354,-2.159624302967922,-25.83003,-0.1591232880945243,4.110159305180206,-1.1112057249649032,1.0
3185,1.3807227721285995,-1.17512671087545,-0.8510953354262485,10.6090449840228,-7.0958094290717755,-25.83003,-0.1048045229923833,2.7071039730289503,-0.916185951815418,1.0
3186,14.144074453252689,66.3330499010964,4.689811985954437,7.51477300024021,-13.834617293530439,-25.83003,-0.09501927678015432,2.4543507698096896,-0.6245804794520415,1.0
3187,13.09923193371645,110.57999846399505,8.441716203174504,5.99157551059315,-9.235717934310394,-25.83003,-0.1912717299338763,4.940554522343923,-2.0547054351771954,1.0
3188,13.291687071122158,80.90757531961347,6.087080961708407,2.47975694278544,0.47773501574743804,-25.83003,-0.16812713401572432,4.34272891544018,-5.413383549804907,1.0
3189,20.49531242988691,103.52301065108384,5.051057943382377,-7.07605643073411,-13.342329713365586,-21.561,-0.38619712253765737,8.32679615903443,7.05172978397246,1.0
3190,5.336620074804889,-32.35721979525138,-6.063242153589955,-2.37054804425912,22.430974234758846,-25.83003,-0.34187168325335626,8.83055583458469,-0.4096194357775196,1.0
3191,-1.3878638514813595,5.270985740991659,-3.797912695373962,9.62863419534361,-8.048422663455558,-25.83003,-0.2035404344896663,5.257455529081115,-3.7080958816827714,1.0
3192,-0.1600622614171705,0.6844872503442958,-4.276381229928495,6.62587485078971,-12.954069924092037,-25.83003,-0.15291153532528334,3.9497095447981287,1.4336651286400937,1.0
3193,8.610082215086969,33.93705840966398,3.941548705562644,1.14946552780648,-5.085791329569145,-25.83003,-0.1929967261369383,4.9851112260189,1.30525873707803,1.0
3194,3.1899242643535564,1.004101053488944,0.3147726937311557,0.500914669444924,1.7972192499840167,-25.83003,-0.27188500997364234,7.022797964169481,0.3447589565584774,1.0
3195,1.248136751483448,-9.586181787198873,-7.6803938156659575,0.592770817217982,9.284398561753292,-25.83003,-0.5805857565299043,14.996547508740123,5.722685773893255,1.0
3196,0.5126133885817801,-5.715151284012231,-11.149048018086365,2.92607584256388,22.430974234758846,-15.183,-0.6473459809414484,9.828654028634011,0.4272586094429487,1.0
3197,8.50813684876953,-94.85762627138149,-11.149048018086365,-4.71222270495362,9.077614331842554,-11.461,-0.5824689247795484,6.675676346898404,0.4012469126991824,1.0
3198,1.3139945240723805,-14.64978804438551,-11.149048018086365,2.74333045031415,-12.528778253076423,-13.926,-0.5017585659112433,6.987489788879975,-0.4592931989828686,1.0
3199,-3.73171991185974,4.106498455776996,-1.100430512677593,2.26381706595791,-8.454206590484482,-16.332,-0.5150484338788113,8.411771022108747,0.5479827548221072,1.0
3200,-2.5322556324802896,-2.89192469796937,1.1420350539952366,-4.81731593381585,1.735755027392849,-11.603,0.34481574907331813,-4.00089713649771,0.8635910138298231,1.0
3201,2.12065627419185,-20.685976194885725,-9.754516300746964,1.67213054307859,21.378801794899573,1.877,0.357965573650481,0.6719013817419528,-1.4988617039320529,1.0
3202,-0.3059122895751605,1.135422924164956,-3.7115963067119297,6.75866711966617,-21.4980685162214,-8.308,0.36910464064233206,-3.0665213544564947,1.5273160510924422,1.0
3203,2.64899884879252,5.8359025709310295,2.2030596855831703,-1.64087799968877,-12.866100134765201,-25.83003,0.358664357775894,-9.264311121282075,0.3053702405162894,1.0
3204,5.78985851856173,28.99073762944508,5.007158212329983,-1.47401818168846,11.69184014177036,-25.83003,0.36073230837599135,-9.317726347321107,-0.1610436994536113,1.0
3211,7.96496362791345,456.7478543817201,57.34462525114789,5.75141287983195,-14.661941187310534,3.576,0.3182587890630898,1.1380934296896092,13.5267272480627,1.0
3212,31.68023331035676,1453.5558741130235,45.882107618122674,5.91874368370564,-2.634448928365163,3.683,0.3293484505360388,1.2129903433242308,12.303755060257448,1.0
3213,14.00779794589148,74.6653974454372,5.330273732805857,6.06700230344272,0.2491275555841277,2.85,0.34253301942163794,0.9762191053516681,5.098321124333283,1.0
3214,15.27862611164186,23.64690497951506,1.5477114765899547,6.35769548008234,-4.932497790083767,3.885,0.34352037131006463,1.334576642539601,0.1545788819464322,1.0
3215,0.7586159049505605,1.6349409725032926,2.1551630566061526,7.10756836811267,-5.366704801721323,1.811,0.33531494720620747,0.6072553693904417,0.6593216269305646,1.0
3216,18.101761642486828,53.02215307689415,2.929115636593364,8.61926620832807,-3.3508023520359753,2.542,0.34779013676373205,0.8840825276534068,-4.707036566667799,1.0
3217,31.12107552126242,63.71893212836857,2.0474527650830954,7.59682880054878,-5.239019830437885,1.482,0.3390895462433585,0.5025307075326573,-5.425602259175388,1.0
3218,10.48569561624648,10.101974228415,0.9634052520810403,7.82490276337012,-2.57973152876505,1.123,0.3088593149587856,0.3468490106987162,-8.98231566783686,1.0
3219,24.90471249040237,25.845645014529328,1.0377813044213848,7.50177491225853,-5.15641439351382,1.858,0.23210396094249075,0.43124915943114783,-2.618140624510268,1.0
3220,30.602058354013835,-108.37036382028487,-3.541276948322359,8.52690551739717,6.11126017386403,3.096,0.19532953179667867,0.6047402304425171,-3.021707463320533,1.0
3237,18.50062132030633,-33.10267454751339,-1.7892736667811153,1.05496666740667,11.432350139628422,17.59141999999995,-0.23264486290510633,-4.0925534942061335,-2.035972218760762,1.0
3238,12.44439849878987,-0.12283218821841382,-0.009870480138542526,3.66572378505683,1.8466688962964772,17.59141999999995,-0.3099036432570393,-5.45164514806473,-1.514718460055864,1.0
3239,12.200905029503687,-27.210859982884337,-2.2302329144505464,-0.525584634783087,8.151238309343478,17.27,-0.39608419054343136,-6.840373970685059,-0.5693217057887501,1.0
3240,8.49569706391294,-21.567624046374455,-2.538652671360772,1.34187161970405,10.313317683747947,16.718,-0.4503279678917543,-7.528582967214348,0.0,1.0
3241,3.62578198914785,-25.68347855867129,-7.083569457717879,3.83966927702973,13.217291295443534,17.59141999999995,-0.4295440757701814,-7.556290245385062,0.0,1.0
3242,4.64154066719254,-41.454803688326436,-8.931259394394273,3.42314982843781,12.753833500940104,17.59141999999995,-0.38955335827607235,-6.852796737844845,0.0,1.0
3243,9.81691942629429,-74.2337145947556,-7.5618135762552035,3.22709826879041,3.595217980510368,16.188,-0.3497540540822033,-5.661818627482706,0.0,1.0
3244,3.41418506791607,-21.641614491713998,-6.33873503082347,6.67944461641103,5.701919106574649,13.967,-0.3485067303210663,-4.8675935023943335,0.0,1.0
3245,1.8082392637541296,-11.286857809620441,-6.241905059725073,2.68577931016345,9.50113516945532,9.832,-0.2681287021164493,-2.6362413992089295,0.0,1.0
3246,6.2470164151392,-51.452738914771444,-8.236370051802552,1.54951500083213,9.142654308900466,8.573,-0.2910105939301153,-2.4948338217628785,0.0,1.0
3247,3.10870584947126,-26.330350016891494,-8.46987501933316,9.31062252641144,7.03150001675783,10.572,-0.31051200032630627,-3.2827328674497096,0.0,1.0
3248,5.70644748799208,-40.02509820190431,-7.014013234350796,9.06912826789082,4.432379863713676,10.928,-0.31877601034677433,-3.48358424106955,0.0,1.0
3249,9.3905205792865,-38.9598573627389,-4.148849580147463,10.232155577776,-0.20066708502891606,9.856,-0.2807626876027283,-2.7671970490124904,0.0,1.0
3250,4.129863762064879,-4.188707884602311,-1.0142484415776494,7.97513555844932,-3.7059056191814266,8.098,-0.38406763541689837,-3.1101797116060435,0.0,1.0
3251,4.60365643930896,-8.588984003325779,-1.8656874413971352,0.86733987855277,5.275038217621675,7.466,-0.4526683983211944,-3.379622261866037,0.0,1.0
3252,4.40537294732833,-14.927262039649511,-3.388421869867398,2.56479133680038,2.7265742543322258,5.945,-0.45527968112810535,-2.7066377043065866,0.0,1.0
3253,3.05447132194873,-13.199139022161095,-4.321251578731518,3.8278734986016,-1.5422638688778467,8.434,-0.48077195136547324,-4.0548306378164005,0.0,1.0
3254,3.4207430535219103,-12.501573409335737,-3.6546367890638365,2.48406010500743,3.251055368410194,8.823,-0.5387508152353273,-4.753398442821293,0.0,1.0
3255,4.602559809762709,-21.208154317272843,-4.607904121590602,0.462320792597581,5.866045684604004,6.217,-0.5577314106562032,-3.4674161800496153,0.0,1.0
3256,5.87815178701471,-35.21792714321892,-5.991326597080741,1.55454940856943,2.5088587638199877,7.484,-0.5933766688365423,-4.4408309895726825,0.0,1.0
3257,3.3031952118232866,-21.670211048606802,-6.560378560444011,0.903028464073813,5.344637230064331,8.884,-0.6170973212913884,-5.482292602352695,0.0,1.0
3271,-8.0325795808517,-64.4475708891942,8.023272006271338,2.92027476569781,-30.753723343003294,0.081,0.3799322356072218,0.030774511084184965,18.799361881997424,1.0
3272,-16.75414467140818,-175.67581309757063,10.485513676945295,3.76301761700071,5.486304791342977,0.939,0.3799322356072218,0.3567563692351812,27.087344262532365,1.0
3273,44.0029581241513,427.50429115199665,9.715353452961569,-12.716771466874244,6.773734593751501,1.574,0.3799322356072218,0.5980133388457671,-3.846434113757613,1.0
3274,54.96511018207728,-167.72978674591891,-3.0515682801380306,2.61984689477413,-10.104493637770585,-0.356,0.3730315754386807,-0.13279924085617031,-7.532987343974984,1.0
3275,23.63450425398875,55.0175614223849,2.3278491831746244,5.28121245309295,-11.48822745595166,0.556,0.36863618875498083,0.20496172094776935,3.98864722934722,1.0
3276,24.38804570881741,72.07713156094681,2.955428754788974,8.04390997190059,2.9397510770942104,0.506,0.3604780981154039,0.18240191764639435,1.6069473837845738,1.0
3277,15.19365071099748,12.609090695869257,0.8298921000429829,9.53527536282282,-4.91716832466047,-4.231,0.35292199939228763,-1.493212979428769,5.617482571056476,1.0
3278,30.546719643820143,-23.937984568697797,-0.7836515621912499,7.14569112811476,-7.161205408576176,-2.277,0.3448660342282057,-0.7852599599376244,3.1584912503400675,1.0
3279,20.361078959343388,98.31265778435645,4.828460121424079,5.30054050291531,-11.266022269754828,2.702,0.3265104169489146,0.8822311465959672,8.035702514205756,1.0
3280,22.32417010245993,19.553410145547716,0.8758851977835942,6.09982524004147,6.439857012740169,1.4,0.3115288864462241,0.4361404410247137,4.56409255101049,1.0
3281,21.93893035188316,-21.046658378295575,-0.9593292854630446,8.20076822497064,-3.26598902962969,-1.163,0.30160519975351074,-0.350766847313333,1.1530740861772193,1.0
3282,-5.79163491374256,17.91717175143795,-3.093629349620012,7.99381444555367,-6.692404238755778,4.392,0.3063866481956762,1.34565015887541,1.7834208230183668,1.0
3283,13.95771938189977,5.7650603835287075,0.4130374186347936,8.68728781639683,-3.6415183237778592,2.858,0.2881920027983308,0.8236527439976294,5.448194705523624,1.0
3284,-8.654579958229398,1.6085497519968903,-0.18586110010658174,0.701393100287518,-0.5295069167880029,-1.29,0.29198764937862176,-0.3766640676984221,8.220459236326105,1.0
3285,8.728854713635364,-31.025571567194984,-3.5543691108445037,-0.0185649695590939,3.20668385543339,4.92,0.2784579826365887,1.3700132745720164,2.736676784813774,1.0
3286,-6.57466970421261,40.31927388526877,-6.132517023544905,-1.5549586174878,3.783247303793691,3.737,0.27633934862109566,1.0326801457970345,9.55915205933251,1.0
3287,8.18354994834301,-44.02723202545184,-5.379967410642662,2.45515592012239,-1.8206561774629093,3.828,0.23933965530973966,0.9161922005256834,19.35820890456328,1.0
3299,6.652141117377128,-18.955020533287634,-2.8494615791857116,0.749659257603952,10.533783256948182,2.363,0.16545346707335573,0.3909665426943396,-0.8049346865775853,1.0
3300,-0.5738891207245298,-1.8685896114526215,3.256011560375189,3.6792704082,-20.75603961355621,-5.692,0.2002572764726337,-1.139864417682231,10.430729073476376,1.0
3301,6.07870472543879,25.66102494266757,4.2214626473430545,-1.76283887062603,-9.096414895818706,-13.64,0.20883416290804768,-2.8484979820657705,18.13286288941014,1.0
3302,7.065051876929471,62.35285758401661,8.825534287671172,-0.958897332849631,-3.904351868617806,-0.067,0.23288213510215772,-0.015603103051844569,68.01164671469917,1.0
3303,-6.51544818536068,-51.570957713051506,7.915181925462072,13.0160372478013,-19.055258733604386,-6.991,0.2770623020740107,-1.936942553799409,1.752208942025768,1.0
3304,9.30805429664263,76.95045666037126,8.267082916364906,4.46163899648637,-10.737107820493353,-6.166,0.3014635533820157,-1.858824270153509,0.9298171454116932,1.0
3305,17.135195064867002,229.73565319148886,13.407238862575038,11.8707565226151,-16.704282275437542,-11.312,0.3309430606638759,-3.7436279022297643,0.2619745855681366,1.0
3306,7.57800606594091,104.9374943858834,13.847639269849807,6.50052541959279,-20.275964319980545,-25.83003,0.3446739878969123,-8.902939447596882,0.3964277772059654,1.0
3307,31.813090071661524,496.9190414842294,15.619955193440173,6.22998278561838,-14.354598048428112,-25.83003,0.34326826941601074,-8.86662969706364,-3.876968423435279,1.0
3308,49.354195898614186,439.15214219799356,8.897969751145808,-0.162048238799883,0.05917043628640428,-25.83003,0.3318106408440752,-8.570678807321688,-3.0952863516978013,1.0
3309,21.8130604529839,158.76110175959363,7.278258917486108,-4.4001817631021,-17.144514792781106,-25.83003,0.2931396197494207,-7.57180517231613,2.4495763655556058,1.0
3310,-5.600582533428629,42.362813822479836,-7.564001346221691,5.0272476723775,22.430974234758846,5.459,0.31226167632608726,1.7046364910641103,1.057403805619428,1.0
3311,74.3389433065888,-145.03143417574776,-1.9509482880003937,-12.716771466874244,-14.066691788283336,-11.469,0.26324732956692465,-3.019183622803059,-3.3657461194956606,1.0
3312,-16.75414467140818,29.149212786828034,-1.7398210030126267,18.20994670112416,-17.566567220446206,11.45,0.3114299339524369,3.5658727437554023,3.0639273927656863,1.0
3313,24.29241053446244,207.37406739301662,8.536578414020514,-12.716771466874244,-3.2854001499808105,-24.613,0.26746376709205566,-6.583085699436766,0.7951576319818576,1.0
3314,22.70410456428268,48.56091805128558,2.138860747130277,-12.716771466874244,2.412547526890174,16.299,0.1804448440358477,2.9410705129402817,0.0558504866781106,1.0
3327,4.888606711399138,-25.588311231153092,-5.2342748643467,-0.694130142059308,4.170323254155428,0.573,-0.1339999114193573,-0.07678194924329172,0.0,1.0
3328,5.2720368523086805,-27.401726564811465,-5.197559753933048,6.28647121511862,1.8729627727120057,1.101,-0.12658507083137033,-0.13937016298533872,0.0,1.0
3329,5.49029144753989,-33.3582521624167,-6.075861815562448,2.67060351127419,2.273144299797414,-2.219,-0.15561646247931532,0.3453129302416007,0.0,1.0
3330,6.0982994080398365,-33.25000595021932,-5.452340681466605,0.0487485535201131,2.407187074053807,-1.613,-0.18391589866413632,0.2966563445452519,0.0,1.0
3331,7.888456044595269,-47.63283725947683,-6.038296593173286,-3.40806396189404,3.724348355435203,1.171,-0.23523718869541332,-0.275462747962329,0.0,1.0
3332,0.920180598004926,-6.581520682975415,-7.152422793139768,0.416450493043214,5.224883401660274,3.072,-0.2347663299620833,-0.7212021656435199,0.0,1.0
3333,6.44725775316627,-50.24152437909205,-7.792696725118251,4.26461148738223,5.03332498439697,3.026,-0.15744484434376532,-0.4764280989842338,0.0,1.0
3334,0.7231910541515205,-4.645154234891263,-6.423135640610435,7.2674088699471,-2.069201530922382,3.17,-0.16854972759582826,-0.5343026364787755,0.0,1.0
3335,12.866527851866037,-75.69434676954036,-5.8830437893594105,-0.410304726290235,2.1105884115833806,2.585,-0.22080988129772028,-0.570793543154607,0.0,1.0
3336,11.23663312119722,-41.81490271289102,-3.72130176912244,6.19525729141048,-3.6913503403411596,6.005,-0.29247175686423027,-1.7562928999697027,0.0,1.0
3337,5.25350131406586,-19.63550245306152,-3.737603034473203,1.69161857433913,-1.9727289861677932,5.005,-0.4522638757472053,-2.2635806981147626,0.0,1.0
3338,2.73981166887864,-7.607583778991078,-2.7766812826608396,4.94932194028057,-0.3195904067420985,1.592,-0.4841906237986033,-0.7708314730873764,0.0,1.0
3339,5.85673431737656,-24.782198943495505,-4.231402279930693,-2.82889954830628,0.7007691321725851,0.72,-0.5306153591221983,-0.3820430585679827,0.0,1.0
3340,1.491158856923254,-8.723967142525037,-5.8504612717959645,0.330018546071486,2.9959737783196383,2.627,-0.5042829814672164,-1.3247513923143774,0.0,1.0
3341,-1.1242478118635102,5.8908578435364225,-5.239821488975782,4.32694280532142,-1.829381320022272,4.106,-0.47718403499794426,-1.959317647701559,0.0,1.0
3342,3.387960309753988,-19.017561979485013,-5.613277677643735,-0.108756148262358,1.6227293656472241,5.351,-0.5239236112698983,-2.8035152439052258,0.0,1.0
3343,4.80920048906371,-24.278288203686163,-5.04830028585746,-1.81877603735991,0.9026949008752227,7.547,-0.4893597100771023,-3.6931977319518907,0.0,1.0
3344,1.5033862918070802,-7.392771964931864,-4.917413445379832,1.32809022110105,-2.849537540488156,4.775,-0.3890473452696663,-1.8577010736626567,0.0,1.0
3345,5.316282967825148,-21.61553351175148,-4.065911021398139,0.101917836412952,-1.6287190420415931,3.057,-0.30452975778020025,-0.9309474695340721,0.0,1.0
3346,-2.42468303869671,8.869850115034092,-3.6581482913336663,3.42787214525211,-1.3262313396624426,2.333,-0.2359319989208543,-0.5504293534823531,0.0,1.0
3347,-0.50495555297032,2.835597514663789,-5.6155388290788,3.37982617272246,1.7151640144379643,0.777,-0.18421498185549628,-0.1431350409017206,0.0,1.0
3348,2.0731822346932898,-11.993453134379543,-5.785045295911421,2.88677902171601,-1.8229688233437846,1.13,-0.15450926197443332,-0.17459546603110965,0.0,1.0
3349,-7.312299239935631,49.62692556894353,-6.786774438593734,-1.0293678947917,1.2699239606572377,1.026,-0.1364388321818783,-0.13998624181860714,0.0,1.0
3350,10.210846991347,-60.70688145216173,-5.9453325961702,-12.716771466874244,-0.9140847690996767,3.511,-0.36990260981830736,-1.2987280630720772,0.0,1.0
3351,3.7176986261317015,-33.2865161000841,-8.953527288660032,11.1466993240856,7.368876506899369,11.439,-0.22461502599250333,-2.5693712823282455,0.0,1.0
3352,-15.290791561791927,83.91965900917995,-5.488248183231752,18.20994670112416,-8.520413850081543,4.796,-0.11121535598839133,-0.5333888473203249,0.0,1.0
3353,7.07077261260102,-35.460985462320885,-5.015150027470106,3.90774802925928,-2.5562463705688376,1.65,-0.09936124610858732,-0.16394605607916907,0.0,1.0
3354,6.067448659803641,-16.594607643276294,-2.7350223419629796,4.76890217855616,-0.06473956918320312,2.621,-0.09171763422479629,-0.24039191930319107,0.0,1.0
3391,15.13754534562486,-16.849109560413265,-1.1130674872120592,-1.54540813366026,3.264964292900041,7.778,0.09745620017389267,0.7580143249525372,16.074122347281296,1.0
3392,9.39284869849697,3.4798549927201186,0.37047919160850107,3.96467568513113,-3.9097124375871095,8.48,0.09448691501004969,0.8012490392852214,7.024882505639329,1.0
3393,9.3785259265297,15.819405777195524,1.6867688910947134,5.9402690780223,-1.9500567043428507,6.904,0.09746356091595865,0.6728884245637785,0.8978332564045122,1.0
3394,14.16975209099898,30.850104926658975,2.1771802871735364,5.44506127885352,-3.379656278620302,6.152,0.0810197069986126,0.49843323745546475,4.841960865819317,1.0
3395,12.815054392333629,7.1261662298451025,0.556077720131114,6.24174804376447,-2.9088073362359634,6.323,0.07405269447955176,0.4682351871942058,-0.6881857470632746,1.0
3396,10.162336613063813,13.4664159465153,1.32512988491289,7.66829190107919,-3.2757668842897103,5.933,0.058149179263958684,0.3449990805730669,3.3994630841178264,1.0
3397,9.76330808863424,21.166053637442687,2.1679182348125146,6.79682611892866,-1.9743782325725934,5.913,0.062267538308324766,0.36818795401712434,6.456068207071164,1.0
3398,2.507423160868809,9.804613860135289,3.9102350226110385,5.95008814473897,-2.7530641305611003,5.808,0.10920470494320267,0.6342609263101211,-2.06961100760481,1.0
3399,15.07114990826618,88.61330931480491,5.8796647803365385,3.53891205317842,-4.913890931642895,5.93,0.14743480386543473,0.8742883869220279,6.102456379332755,1.0
3400,7.777583269131659,31.737329509866683,4.080615843205244,8.01596737040464,0.9626796001520832,8.328,0.15836793823274664,1.318888189602314,-1.6358314226920911,1.0
3401,41.31373551523959,346.32314166104845,8.38276029368728,8.66948301160571,-16.15122924480771,6.728,0.0680594600764366,0.4579040473942654,-2.2104843072765945,1.0
3402,8.995554767457302,38.38461450248356,4.267064733055193,8.6321813769906,4.50697225201806,6.009,0.06527285917205983,0.3922246107649075,15.410042622371712,1.0
3403,12.176787545102,70.5635045803705,5.7949195811299195,4.0517463303875,-0.21057992729293096,5.439,0.07019124997784965,0.3817702086295242,1.1486198330985076,1.0
3404,8.12871919390335,-8.934091488527919,-1.0990773915807805,6.37797889684965,1.171370301100394,5.005,0.06073846561580276,0.30399602040709284,1.1588018249851784,1.0
3405,12.828937390256192,-22.906207606576363,-1.7855109047436803,4.20595547501601,3.98941599061855,5.992,0.011832290167878678,0.07089908268592904,4.053337676562485,1.0
3406,11.13250734248281,-47.51947529915134,-4.268533030093954,5.05362488993089,3.961213147242848,6.639,-0.018835613058433287,-0.1250496350949386,7.158086029425359,1.0
3407,10.943823634810162,-49.66767765355819,-4.538420876554975,6.46068127080994,3.375540146957201,4.997,-0.03302172099225331,-0.1650095397982898,4.715392106026672,1.0
3408,9.10036468113297,-30.525796550599708,-3.3543487124077904,2.31008425504933,3.2049995965224287,5.098,-0.06108227979464531,-0.3113974623931018,6.571781210529437,1.0
3409,8.544028205186793,-25.011562457565002,-2.9273735826833205,-0.220483886824823,4.237312452331388,4.956,-0.06419346049217733,-0.3181427901992309,10.02066935314707,1.0
3417,11.06204703109848,15.613528043105873,1.4114501591985569,3.70360343607432,5.481456503204951,-2.114,0.1931062885792697,-0.40822669405657613,7.178121339683385,1.0
3418,13.99706439152557,17.934951427679017,1.2813366378836992,1.53765589433743,1.5725638179125978,-0.267,0.2443521192002427,-0.0652420158264648,19.972442623763143,1.0
3419,-5.620173232769265,-1.7792058141488278,0.31657490622796125,0.476025052201194,-2.245284642329004,11.788,0.25921990980540965,3.0556842967861693,10.513207759912246,1.0
3420,-2.50134191869748,-2.567154925781937,1.0263110799017543,3.87554677576694,-2.972855524910545,15.302,0.26906385248307363,4.117215070695993,13.591068313050323,1.0
3421,13.59468837596797,1.6323168516417021,0.12007019260016527,3.56158183392093,-1.3799453498164693,0.948,0.2817134703912867,0.2670643699309398,24.05466561732932,1.0
3422,8.081655547020782,5.148100248906503,0.6370105999883027,0.723836067167127,-5.6386316182375,2.762,0.2812065662022457,0.7766925358506026,22.436116405577767,1.0
3423,1.4208637334238103,3.7826763154904404,2.662237219874312,4.55977716384528,-7.920067182223156,2.437,0.35273545147762186,0.8596162952509644,-14.901493798407714,1.0
3424,1.68896055235351,2.3224931654301004,1.3751020781354448,1.69237417358596,1.759932383233398,-0.889,0.3536323913122673,-0.3143791958766056,-14.60797499454436,1.0
3425,5.669496164497899,4.257118601032663,0.750881291302484,3.46612222755311,-4.9121410677887445,-6.055,0.3340120982287409,-2.022443254775026,-1.553698828027339,1.0
3426,31.07600462888521,-62.47774139179892,-2.0104817893393454,4.23009522805209,-1.302372392916562,-4.459,0.3325632387937093,-1.4828994817811496,6.482144209674234,1.0
3427,12.162419318902888,3.4084380910534393,0.280243428686596,4.18791409957151,-2.609669153229366,-11.57,0.3064707413748713,-3.545866477707261,4.0436217266383245,1.0
3428,14.12884675069364,-72.72643289487614,-5.147372193792513,5.52341966978646,15.349868953066427,-10.752,0.306072813659798,-3.290894892470148,17.25756342408562,1.0
3429,9.2430875705205,-14.311809988075407,-1.5483797896409497,-1.25375779920832,-10.169498523375097,-8.096,0.2802823304286377,-2.269165747150251,2.571663013373926,1.0
3430,17.096518873245543,-66.1697795628868,-3.87036566060453,5.26967078056286,1.3076379518065728,4.157,0.2720638346619936,1.1309693606899074,-13.600383677417192,1.0
3431,-1.4181280322017598,-0.1930863863969477,0.13615582092201173,4.61641394528752,-2.5082424738709364,1.486,0.26277617703615663,0.39048539907572877,-0.82076228728446,1.0
3432,1.00919701860244,-2.316088974458367,-2.2949819824732955,6.33408374679448,-6.009890284571739,9.846,0.22091166294027065,2.1750962333099046,13.067335464694915,1.0
3433,19.37127400372235,-45.50911996701288,-2.349309599268893,1.79252555575545,0.6536881922310611,-4.564,0.20727782260998262,-0.9460159823919607,17.601619546524038,1.0
3434,2.24049610558465,-1.572188448602071,-0.7017144304260299,1.71054990545476,-6.850655416055673,2.583,0.21350933161818164,0.5514946035697632,12.403858569773174,1.0
3435,9.43418056750194,7.873144005539445,0.8345339533419764,3.12406678044546,-10.26085839919194,-3.157,0.22409300971223767,-0.7074616316615343,17.565058619058792,1.0
3436,-8.44750202768654,-29.635506981498065,3.5081976759956035,3.60890731687714,-8.254193882541639,1.38,0.22496703298830456,0.3104545055238603,15.288741843111842,1.0
3437,28.66424856876601,-0.45627606118358954,-0.01591794950036718,-3.13817493733471,1.5143800558915954,9.428,0.20782282470611668,1.9593535913292683,-9.421115703278373,1.0
3438,12.174710790261411,-48.958553137317566,-4.021331921615721,-1.48063315848241,-0.6125843761801808,2.016,0.20608438341176172,0.41546611695811164,-0.6745443740300838,1.0
3439,-7.57694899302333,26.630364752938203,-3.5146554077978873,-1.41799383085205,-9.016379391715013,4.409,0.19442203050639073,0.8572067325026766,9.17717493638679,1.0
3440,25.274785884306908,-56.24533340904102,-2.225353507107797,-8.15595785459911,-1.606416887719786,5.719,0.18827298911865775,1.0767332247696038,13.916243808888428,1.0
3542,-0.8115959465253102,7.682325663450461,-9.465702356376767,8.90480904902596,2.13791147697564,-3.263,-0.14127160470660127,0.46096924615763996,-0.0008298583017429,1.0
3543,0.6149155327765001,-5.850624777078367,-9.51451779183607,11.6433551416587,1.6774935955904846,-2.662,-0.07767187500047223,0.20676253125125707,-0.1517678203175054,1.0
3544,-16.75414467140818,149.4076709815131,-8.917654342360136,18.20994670112416,0.07595943834775021,-4.799,-0.002685413908517287,0.01288730134697446,0.0115931767582955,1.0
3545,4.08668147730612,-31.806732540264306,-7.783022170162092,8.07794929953978,-0.34295652957203604,-7.798,-0.0344947493776383,0.2689900556468235,-0.1384475584555233,1.0
3546,11.1191952672486,-60.97472403583246,-5.483735339681683,13.3921711919351,-2.5751367344858944,-8.315,-0.00462942299931024,0.03849365223926464,-0.1203138055672625,1.0
3547,-4.637169359298101,13.534801801154057,-2.918763744096406,14.4817728129028,-4.540317782010616,-9.741,-0.0685930428024003,0.6681648299381814,0.4302701703781553,1.0
3548,-1.1020305052464805,0.7081091081029603,-0.6425494618632035,3.39251560752048,-7.041562339977481,-16.377,-0.1282983271005393,2.1011417029255317,-0.1959219289358382,1.0
3549,10.52675848442638,9.048224310613598,0.8595451604593976,1.29837946885112,-9.124343476739272,-17.479,-0.17003590268371732,2.972057543008695,-0.4467093806144406,1.0
3550,-10.5811041600402,15.01798685120349,-1.4193213320703606,18.20994670112416,-0.8808718585106012,-13.365,-0.16413812001052425,2.1937059739406566,0.2246079276579493,1.0
3551,0.9694169933121976,-2.6522710796641324,-2.735944488245604,18.20994670112416,-4.536569404826352,-19.405,-0.15673106959158434,3.0413664054246943,0.1998404608722248,1.0
3552,16.61354308624955,-59.7776398928492,-3.598127117286924,9.21747479596735,-6.9056189230034875,-24.671,-0.1711871705214693,4.223358683935169,-0.3535058226847853,1.0
3553,6.949465942297499,-11.015600355588301,-1.5851002720284626,10.7816711590297,-6.452735694112621,-23.981,-0.22062870021392833,5.290896859830216,-0.0076117278683174,1.0
3554,12.473758814293893,-7.567472814257625,-0.6066714073055453,-2.03874227961819,-7.139435784422177,-25.83003,-0.3689514438361383,9.530026862830768,-0.0266149127122972,1.0
3555,18.75018587367664,-3.6136543883733285,-0.19272632349989305,-12.716771466874244,-7.990619451481152,-24.16,-0.6805948934681683,16.443172626190947,-0.0271509741902264,1.0
3556,13.31627704467856,-13.28349604350474,-0.9975382758210998,-0.701510212552961,-4.298042570346572,-13.817,-0.7722147572153383,10.66969130044433,0.1265357973752934,1.0
3557,1.159954595937771,-3.807334101765888,-3.282313044923823,9.91855844513513,-0.8353770753406153,-11.415,-0.7317624514404683,8.353068383192944,0.3869481098916827,1.0
3558,3.782826279991141,-20.698914813515717,-5.471812153521412,6.35917030567686,-2.010581629296282,-13.274,-0.7340608253086283,9.74392339514673,0.5794469333690655,1.0
3559,7.997544334670129,-46.372119216223574,-5.798294735947376,-2.4609094006739,-3.197441174521598,-13.326,-0.7933934104132483,10.572760587166947,-0.0252348276464364,1.0
3560,55.10575442832263,-291.7164024990513,-5.293755716174683,-12.716771466874244,-2.142660364197768,-14.44,-1.2322806239764041,17.794132210219274,-1.0087196074611504,1.0
3561,-16.75414467140818,102.20065116265481,-6.100022004529156,18.20994670112416,0.4254202226051884,17.59141999999995,-1.2322806239764041,-21.677566014230933,0.2061547839425248,1.0
3562,23.345141588783868,-176.6147787703793,-7.565376208951055,-12.716771466874244,1.111445168554237,12.891,-1.2322806239764041,-15.885329523679825,0.7454137363621216,1.0
3563,-16.75414467140818,133.67691709081637,-7.978737184891508,18.20994670112416,-0.520605478173275,17.59141999999995,-1.0621703837996184,-18.68508533298023,-0.022516473618106,1.0
3564,-0.0135110770615094,0.08691579098119968,-6.432928373179585,7.84960207010525,-3.560630070387394,9.127,-0.8917805037679783,-8.139280657890339,-0.3293817247937314,1.0
3597,17.75146600382352,-71.19909875628706,-4.010885565223253,-1.56070234550782,7.511798409484305,-0.868,-0.0008896551542832976,0.0007722206739179023,9.307507918261493,1.0
3598,-1.2008151940221,6.126643499798981,-5.102070268846237,7.23855267691987,6.501063646103744,-1.499,0.029222967327165672,-0.04380522802342134,0.8114653207059064,1.0
3599,8.5422200134195,-31.85520134669432,-3.729147844079293,1.6970614772566,-4.71950901470054,-1.47,-7.385820002125953e-05,0.00010857155403125151,2.082410183024374,1.0
3600,5.861992000780529,-22.94596314030144,-3.914362751987066,2.58218091499747,5.284839549887987,-3.206,-0.032087960048366226,0.10287399991506212,8.37598827671533,1.0
3601,10.392532606642222,-49.27473349091369,-4.74135952764974,7.72182519577728,6.928398294933991,1.973,0.023186077403035688,0.045746130716189416,6.374572051113092,1.0
3602,6.5856865240156495,-55.466245388933416,-8.42224196166456,3.73019737485745,3.905642685756039,3.79,0.03416297198991669,0.12947766384178425,-2.498383537667737,1.0
3603,1.69492246574596,-13.665035762562706,-8.06233679636108,6.17110214953244,2.79280867079863,4.369,0.04149187099065166,0.1812779843581571,-13.122717339523549,1.0
3604,3.782600415763169,-27.183031803569207,-7.186334483095227,4.57138016516208,2.721178500228283,3.745,0.03861573159710363,0.1446159148311531,-7.377672713473215,1.0
3605,10.86613389977359,-77.00460074309747,-7.0866603939697415,3.19224973015831,2.586162392341773,3.313,0.006676729729801711,0.02212000559483307,-0.0339234063986171,1.0
3606,10.2977895420165,-73.22867692918645,-7.111106381656242,7.7908200104027,2.756020844430629,5.455,-0.015170337663011346,-0.0827541919517269,-0.7831351916383955,1.0
3607,14.10606537775102,-97.55924377543914,-6.916120205235668,3.44106776690418,2.19211576888807,1.8,-0.09963593159849432,-0.17934467687728978,-6.858555904004849,1.0
3608,7.62693894369048,-47.00828650488629,-6.163453890472629,5.68453936284732,0.7197939602002768,0.116,-0.14606640861727732,-0.01694370339960417,-5.39538999877931,1.0
3609,3.26120459910307,-15.812707809955059,-4.848732218243539,3.74576940136258,-0.9741638484159099,-0.626,-0.17592755477235128,0.1101306492874919,3.9582211068568185,1.0
3610,0.6958486491612703,-3.814206744443912,-5.481374073286343,3.49955709403216,4.1655771322923085,1.629,-0.21229781220207528,-0.34583313607718064,4.468832872042405,1.0
3611,0.9137006383045804,-5.777074912751589,-6.322721765272328,5.52464523319847,3.089163254771221,3.932,-0.24309546560659234,-0.9558513707651211,-3.888287713885985,1.0
3612,1.4556674158008098,-11.838165085080211,-8.132465532016909,3.06234368502997,4.459718370171761,6.075,-0.2529157173546672,-1.5364629829296035,6.657328862724476,1.0
3613,-1.03404988348662,8.069609943696143,-7.8038884511905255,4.12221286860944,3.3630632774676483,6.632,-0.22410526270511633,-1.4862661022603314,-2.583787430467621,1.0
3614,3.48040623022957,-26.44981574675431,-7.599634639491398,2.7192440802029,2.599477280530449,4.702,-0.22587486714153931,-1.062063625299518,0.0099074549898325,1.0
3615,1.3459190557917902,-9.863173557741709,-7.328207082958125,4.34458297635238,3.578519422067017,4.78,-0.1794430819186133,-0.8577379315709717,16.154618136291134,1.0
3616,4.21513708251314,-27.180410000855613,-6.4482861337098365,0.52118550608968,0.2806595445400628,4.593,-0.18737445395494928,-0.860610867015082,0.4416859248243865,1.0
3617,0.4879226264852301,-3.193492138777017,-6.545079005213314,5.05789816173446,2.131938801438227,4.486,-0.1777256883439443,-0.7972774379109341,-1.1774501645752111,1.0
3618,0.99448813076167,-6.6006052817946355,-6.637188597453936,3.06564133025955,3.151976951696045,3.303,-0.17314391158248432,-0.5718943399569457,-3.1561652346391638,1.0
3619,0.8870858983821499,-6.548266870708885,-7.381773154833695,2.89097476137077,2.0532017354538468,3.521,-0.18366521191468427,-0.6466852111516033,2.4608050096802447,1.0
3620,15.53999886115595,-115.50569253322118,-7.432799292021906,-7.17820744246774,2.0324269030052244,3.88,-0.2555602713597893,-0.9915738528759825,-1.250159362822334,1.0
3621,-3.06079697077384,22.542860391053456,-7.365029633231146,8.15473889823681,2.4224653454771206,7.147,-0.21361881880320832,-1.52673369798653,-5.35296905204421,1.0
3622,6.200902620705979,-42.61894215878816,-6.873022326858593,1.81269242194809,0.06082733928844952,5.924,-0.2323853458741813,-1.3766507889586501,13.040866688378983,1.0
3623,0.2581111709227803,-1.620294693338189,-6.277507042974658,3.65564411017931,0.17866410423481582,5.378,-0.17209504953495236,-0.9255271763989739,-0.2877189596634633,1.0
3624,4.21067256279019,-16.734979704120317,-3.974419633577713,3.79336515978963,-3.925686655392846,4.456,-0.14321856873660233,-0.6381819422903,-1.866142816281613,1.0
3657,32.81072635946199,830.010239211617,25.296917542096956,1.64706456037401,-3.4299905007174503,7.423,0.3353227047680759,2.4891004374934274,0.4148130988273824,1.0
3658,-1.7225676803490595,-31.637219812283902,18.366314527550504,-6.54219207711182,8.152729340105136,7.471,0.26577677119583065,1.9856182576040509,16.158823423391034,1.0
3659,46.23156729709218,397.9482843990386,8.607717792515079,-3.36825447657218,16.517130203028962,1.522,0.2865863740431167,0.43618446129362365,68.01164671469917,1.0
3660,39.61609752200527,498.5400907502183,12.584280682197377,2.10771608200733,-10.670211460702228,2.639,0.2780950637106018,0.733892873132278,18.243089570702576,1.0
3661,28.01347081887617,490.9701985206933,17.526218071837977,6.10000039929173,-5.022760808452043,3.546,0.2573165501217277,0.9124444867316465,3.4656385002137746,1.0
3662,28.703563083104573,528.2046423940445,18.402058339055305,7.79999965773833,1.8830967361298523,0.345,0.2330637174034157,0.08040698250417841,5.482689982037758,1.0
3663,23.76585825062914,200.04444632737085,8.417303689088325,6.59999995777716,2.479737495787049,1.179,0.20158015095245363,0.23766299797294285,2.758821725830618,1.0
3664,30.72107136979741,130.96527429662524,4.26304384766282,7.39999973358189,0.21679835460717278,-0.47,0.19239449380776774,-0.09042541208965084,-11.582503976966008,1.0
3665,26.9332451621102,77.98940780595136,2.895655808891057,7.5000001493726,4.841239165815825,-0.593,0.16851215744427572,-0.0999277093644555,2.1890878811756886,1.0
3666,18.77570644750029,51.34348006841155,2.7345698129641978,4.79999983670831,2.319151103610051,-1.441,0.12979019424892269,-0.1870276699126976,4.217850398986478,1.0
3667,36.81029092508975,82.89528088088969,2.2519594058516006,3.00000022585525,1.4035309891605063,0.419,0.036070208596198694,0.015113417401807253,-7.54785589291801,1.0
3668,8.059044292776669,39.42889118640836,4.892502107445733,7.80000014541523,1.747454197467735,-0.148,0.04005631631949569,-0.005928334815285361,-14.397934209693783,1.0
3669,9.16814430736802,44.549880655467916,4.859203690725636,-6.00000026352828,5.216065134301173,0.871,0.04461559689117378,0.038860184892212365,6.904626010569914,1.0
3670,6.52198137735814,7.236924315910775,1.1096205121091955,7.10000010705836,5.382996678751284,6.383,0.12573883029984068,0.802590953803883,11.338736884079736,1.0
3671,4.784200120452761,33.050974626788836,6.908359557430261,5.81816614684824,-19.303160724673297,2.178,0.12323465210050466,0.2684050722748991,-5.0985137814895225,1.0
3672,21.41083624985578,140.39533846899016,6.557209481714468,-0.589733954762579,-0.5165417390360916,2.05,0.08600542377043574,0.17631111872939326,3.17605108588761,1.0
3673,17.466953371205896,145.12976429359864,8.308819586868747,9.0438656074181,-0.182350575092316,1.931,0.06922943481402177,0.13368203862587605,3.924550181427988,1.0
3674,0.0821846475659402,-0.1220338495303452,-1.4848740384562982,4.99962585407656,1.7251241401905926,1.565,0.11478636923675578,0.1796406678555228,11.511097790751258,1.0
3675,-2.6442115858123283,6.612479949301589,-2.500737832320695,-0.338235622387202,6.493526203169853,1.603,0.13680771796514968,0.21930277189813493,34.07645455425974,1.0
3676,5.57710814553391,-6.231712955944141,-1.1173735192735021,4.64601436259409,-0.7602999986130787,1.93,0.17754091603131972,0.34265396794044706,5.873761872408645,1.0
3677,5.04801698070809,-6.2681192333748434,-1.2416993162522223,4.17561205106279,2.145545576233454,1.564,0.2046547478959777,0.32008002570930916,-7.151199594854396,1.0
3678,3.89021310839474,-3.392056633471211,-0.8719462247843053,4.07559546585034,-1.6579691900532878,0.65,0.20979264243658668,0.13636521758378134,-9.173360531163564,1.0
3679,4.5693080960376005,-16.722329587653952,-3.659707167077478,3.5523140853476,1.3497922708925802,0.853,0.20261109632746777,0.17282726516733,4.591208007717018,1.0
3680,27.93146850579839,-85.45431057718898,-3.0594277762176816,-8.27597831976949,-1.4452022732670322,1.466,0.17150491994991268,0.251426212646572,-1.4318952007492558,1.0
3681,-2.6485050110443,8.7009926291979,-3.285246806373652,13.9299997889786,-2.008059874201329,5.317,0.17077875618147975,0.9080306466169279,2.070398016832975,1.0
3682,9.91911827010594,-22.103247359013697,-2.228348000006015,-4.64785101037361,2.7580909071026616,2.617,0.18156174709707362,0.4751470921530417,6.881738683935224,1.0
3683,17.12769191123611,39.26930290822697,2.2927375802728864,1.18802067937429,-10.047660402054504,3.24,0.1976807126678558,0.6404855090438528,-3.880216452028429,1.0
3684,13.463217253618028,47.54294904537703,3.5313215370271624,0.270670455512573,-5.448776384645349,5.13,0.16213675046558074,0.8317615298884291,-2.048179618187851,1.0
3687,17.12442352252371,452.0956796325569,26.400636438237854,3.69349261691789,-4.467919097627426,3.971,0.32169030642191565,1.277432206801427,25.352631434233853,1.0
3688,2.275600845362049,37.39222933519676,16.431804994011433,3.91707460516817,3.5964739230162746,1.997,0.3288830776081435,0.6567795059834626,6.885098418529956,1.0
3689,14.48059116586259,31.22626245322348,2.1564217990518326,4.69922703680521,4.587639445754488,5.308,0.332446768383744,1.764627446580913,15.4808858874814,1.0
3690,12.69660860254054,-25.82662881670901,-2.0341360142062825,4.45685893956946,7.363952015972819,2.421,0.33100172236327063,0.8013551698414781,7.697694989609727,1.0
3691,17.84786072867907,5.806334470048476,0.3253238333890902,5.98023576982733,1.5278673838773127,2.353,0.3347275757109792,0.7876139856479342,-2.6448049292596143,1.0
3692,20.3648761025902,18.212626371170423,0.8943155990452585,-12.4079711055149,3.783516265361797,3.614,0.33793733654919444,1.2213055342887886,3.695255099389061,1.0
3693,-0.9709500204600108,-3.881317487238387,3.9974431283286034,9.78489212474175,-4.063163471952325,4.092,0.329135423248761,1.3468221519339298,-9.372389336533304,1.0
3694,19.96684668783198,-8.53268804219935,-0.427342793561853,5.25700362208742,14.549427745704646,3.322,0.31844940255420806,1.0578889152850792,50.91787768611526,1.0
3695,-2.50928622077709,-3.9787481399484084,1.5856095279223457,4.75584509499119,2.1229267473226177,4.232,0.3195657643648777,1.3524023147921624,7.1791442669930206,1.0
3696,25.5172057258344,56.32606492957211,2.20737589902118,5.3985084485368,1.2133566620334824,2.475,0.31705638242226497,0.7847145464951059,6.953271945652562,1.0
3697,15.59758308033798,99.26182112125252,6.36392321874407,5.71056419885052,5.177023295821859,5.711,0.3172226001986558,1.8116582697345232,-12.5297479891176,1.0
3698,5.524186402365189,28.40156246882231,5.141311389612438,6.71263253913001,2.685726995380655,2.308,0.3081048973463544,0.7111061030753858,-8.832269288445149,1.0
3699,14.0918887816184,21.355833738580973,1.5154699323512784,-3.9787086116544,3.6294855377454693,1.723,0.3052105110351454,0.5258777105135556,14.507096185693523,1.0
3700,11.13754014848538,2.6356310185344367,0.23664390730774265,0.619239744622121,3.144612386482981,2.261,0.2968128989898947,0.671093964616152,6.836916871818799,1.0
3701,15.360025589508052,3.2793984119385247,0.21350214508617604,1.57842705366555,0.391457704520759,0.76,0.3038194841542048,0.23090280795719564,-3.102107705925972,1.0
3702,4.55984077960383,5.381209907057747,1.1801310982453384,3.01114811621208,0.012513217886134242,2.043,0.3038204725030347,0.6207052253236999,8.387126508297404,1.0
3703,1.3473196094879802,0.9329779935533595,0.6924696909205661,2.30037622800727,4.437117849456129,2.237,0.29412300447801465,0.6579531610173188,0.5443135051405479,1.0
3704,7.439124807002231,-6.667512749191508,-0.8962765005522657,3.33920311195367,5.217396001483565,3.403,0.28821265877657065,0.98078767781667,9.42028027823163,1.0
3705,13.394948231737953,-28.32248316253736,-2.1144152760090664,3.13229807490305,7.434427253447251,1.961,0.2816769323103977,0.5523684642606899,21.47979794145407,1.0
3706,14.48608851488351,-25.619632591841043,-1.7685679999482637,3.99314606199499,7.9774524048705775,2.85,0.2860588266240397,0.8152676558785131,8.28464779089908,1.0
3707,14.165610636639968,-8.489571923876005,-0.5993085749453932,3.93330759462793,5.543240450647935,1.107,0.2782161118790387,0.30798523585009585,-1.9023586203749443,1.0
3708,8.76257924958162,-10.422085515039088,-1.189385592779284,3.19435651744398,7.420299151564413,2.103,0.27527188256548674,0.5788967690352187,7.01651273228352,1.0
3709,2.5669695080082704,-1.5178320929237776,-0.5912933863018397,4.41123212909589,4.341730206903294,1.338,0.2640524517459587,0.3533021804360928,8.503468371358714,1.0
3710,18.18605741354299,-25.532438049829324,-1.403956749351047,-7.13767162064489,6.257302423499311,1.421,0.24120307109478067,0.34274956402568335,4.682618259425553,1.0
3711,6.28871288594531,-10.192462575477531,-1.6207549557965573,4.65068343174309,9.048750112898652,3.957,0.22673612216990569,0.8971948354263167,1.114744793497913,1.0
3712,9.60664707872323,-22.065380287100155,-2.2968867395962205,4.13753534956307,6.686203934972235,2.827,0.21951667841308276,0.6205736498737849,6.948821765696733,1.0
3713,3.99617640908976,-4.860104649667564,-1.2161887144453134,4.23086580696344,2.9479700433616474,5.46,0.2371556136211186,1.2948696503713075,8.140956347091777,1.0
3714,9.62649595894548,1.5672373200988552,0.1628045476550053,4.32283728087992,3.813075065419791,4.195,0.2417355731547458,1.0140807293841587,2.1637609842094507,1.0
3717,14.92143338942156,-78.87227201186434,-5.285837489833936,8.39794100450224,-0.5069049589667141,2.013,0.23788478633787669,0.47886207489814575,0.0,1.0
3718,15.5036389535089,-74.77452862781021,-4.823030828571165,7.4946829140504,0.024406940356946905,1.461,0.20738625111856268,0.3029913128842201,0.0,1.0
3719,-2.64797954547616,14.45331964352519,-5.458244444605856,6.17565592929535,5.402388999106944,2.251,0.21667154965728563,0.4877276582785499,0.0,1.0
3720,0.3261604882744096,-1.9871606597187066,-6.092585494435619,3.84581040832157,1.380024115308065,3.028,0.21304226461749076,0.645091977261762,0.0,1.0
3721,11.71732397216874,-79.46594543609552,-6.781919286762479,-3.94363452271253,2.1520575333473957,3.893,0.23444431433685375,0.9126917157133716,4.0109034267910015,1.0
3722,14.31626316326216,151.20385141031082,10.561684266766225,7.26838656139654,-30.712055714447374,3.966,0.22293043864263162,0.8841421196566771,4.557367005888446,1.0
3723,3.4292351277638,33.63997503910946,9.809760423469722,13.7500496410836,4.032938199095026,3.967,0.23903270956879263,0.9482427588594003,0.0,1.0
3724,25.44300615933637,258.74040942581286,10.169411892818626,5.92489251113133,0.8073146364603989,3.445,0.1800106486848868,0.6201366847194351,0.0,1.0
3725,21.789970269623,-74.82336760853542,-3.433844410189274,-11.1773097061784,-5.5769334165190365,2.257,0.026446532616991703,0.05968982411655028,0.0,1.0
3726,-4.7583395424194,6.407075721990188,-1.3464940164258392,18.20994670112416,-2.6375019484894957,7.807,-0.01046842205512033,-0.08172697098432442,0.0,1.0
3727,16.96765185047992,13.403229113287683,0.7899283431436377,7.13338024717898,-5.092039483884603,4.524,-0.11802357281972331,-0.5339386434364283,0.0,1.0
3728,12.871739883615373,12.87797686143412,1.0004845481555051,8.97645459033633,-6.1156520588911745,3.158,-0.15292563984064528,-0.4829391706167578,0.0,1.0
3729,22.74997829526371,59.22935694366842,2.6034907011757156,-8.34069861571051,-6.8341848049827565,9.925,-0.1134368083433433,-1.1258603228076822,0.0,1.0
3730,7.8565704219164,28.61524493852855,3.6422056192234358,6.7854678229144,-7.623934009276412,17.59141999999995,-0.05384290507222933,-0.9471731571457138,0.0,1.0
3731,11.16585972522308,13.233913761927008,1.1852122530280678,8.84342600490342,0.8027347103496396,13.58,0.007448624484602706,0.10115232050090475,14.07819065387812,1.0
3732,2.5386348859180794,3.6689095429980214,1.4452293094015314,2.38928797963442,-7.67066746574584,8.13,0.07757581216752674,0.6306913529219924,5.224123227254784,1.0
3733,11.399141904645418,-5.283703417324047,-0.463517645584429,6.97496226412528,-2.9033696327512404,6.905,0.11557516481708274,0.7980465130619564,0.0122013278105459,1.0
3734,7.00761478184976,4.673164930047112,0.6668695519837868,7.86068643108074,-2.4322124215390373,3.487,0.13998135817509172,0.48811499595654484,0.0890463071030245,1.0
3735,8.24666323346705,-17.10470771018469,-2.0741368024790257,3.86813536494475,-0.00821460932904916,2.418,0.1396071297480388,0.33757003973075783,-0.0914300201393381,1.0
3736,-6.557763103628292,12.465155750224763,-1.9008243441011183,6.37528306716864,-3.3942016889260795,6.516,0.13042086216926974,0.8498223378949616,0.0135130538819527,1.0
3737,-1.9174497061446705,7.690859646373253,-4.010983767515299,7.07442863215275,3.1566923860993246,9.928,0.12503121928950467,1.2413099451062024,0.1207726171317036,1.0
3738,-5.18691735538938,24.2643627308407,-4.677992932667264,8.5689555834747,1.5024176388354737,3.021,0.1272346207680688,0.38437578934033584,0.0251430916888395,1.0
3739,2.6063252232922105,-15.714413487262648,-6.029337147500265,6.92305989050099,0.0937897635610474,5.169,0.12323888618862766,0.6370218027090163,-0.0571466434739043,1.0
3740,47.1012037297056,-305.4638533611789,-6.485266387545212,-12.716771466874244,4.72767960476963,6.543,-0.0710571509860003,-0.46492693890139997,-0.0050214062377595,1.0
3741,-11.322758186262302,94.15150089806495,-8.315244337929716,18.20994670112416,7.3013443737663275,17.59141999999995,0.05591506453563466,0.9836253845734515,-0.0557243675924801,1.0
3742,-7.78830258779744,66.18373294356864,-8.497837904662823,13.8260895184139,0.8743588165592175,14.179,0.09494082226612965,1.3461659189114523,0.0905929910788971,1.0
3743,2.04041925932745,-14.362608290349224,-7.039047599993412,4.94286301229583,0.5643400128624076,11.158,0.08882540452639964,0.9911138637055672,0.0011006626774889,1.0
3744,-3.5655502705913427,18.556614511016818,-5.204418141029105,3.49440422654285,1.5487959241535787,13.228,0.08873083584594366,1.1737314965701426,0.0156106227236607,1.0
3747,49.65065702034749,1229.110474021831,24.7551703800843,7.19887615284711,-8.156040866876225,3.655,0.21103909474219473,0.7713478912827217,4.1978254978833895,1.0
3748,11.26381643332375,222.446109291469,19.748733531680003,6.18507893082885,-1.9361700669266457,3.476,0.23431866685200176,0.814491685977558,15.376496818825892,1.0
3749,15.99289439303256,192.73051233814547,12.051008879425236,2.75503039300564,-3.555590242502371,4.491,0.2581946340514667,1.1595521015251369,4.644853445421271,1.0
3750,-9.51671488861183,-78.59326324075755,8.258444658755735,5.02928399378261,-6.12423771254611,4.489,0.27007990559271866,1.212388696205714,-1.0965984067782708,1.0
3751,19.294980960282345,114.09512881298012,5.913202456526838,-0.450845253215945,-4.032411886153698,2.685,0.29414514427357863,0.7897797123745587,-1.1973556999541946,1.0
3752,5.308198439801651,15.033810748843704,2.8321870252848846,-0.236588001922641,-2.550420215393512,2.573,0.2789179731927417,0.7176559450249244,3.356938526297326,1.0
3753,8.15734052819113,-3.5897631755054706,-0.44006538198320033,1.18554486709559,-2.2904621303304062,2.181,0.2767097176994957,0.6035038943026001,11.73431775717102,1.0
3754,9.48066539996123,-24.455355642110572,-2.57949781058728,3.56544102622887,-1.5196320649962347,2.244,0.28239126574039664,0.6336860003214501,4.606048912540151,1.0
3755,7.855248410713419,-15.956783610927364,-2.0313531509919693,2.11324711473297,-4.3108459898367535,1.346,0.27143934346471066,0.3653573563035006,-3.438562344386386,1.0
3756,1.8875825937302797,-3.5935802586433483,-1.9038002737361763,4.80501351664901,-2.4444600280084994,1.434,0.24807731931224275,0.3557428758937561,0.0123877171960717,1.0
3757,8.0699204350038,-10.447624879559287,-1.294637904265083,2.0778639395329,-2.7351165777939057,1.226,0.23417695584706477,0.28710094786850143,0.2656148095930177,1.0
3758,7.955608799834364,-15.5759276713505,-1.9578549000140368,0.943331872912935,-2.907148145253291,1.458,0.24291297810305768,0.3541671220742581,1.8440836887469116,1.0
3759,17.81968631206447,-32.361535193271955,-1.8160552675589026,-6.29525056697287,-4.044335316205694,0.681,0.2323769443713447,0.15824869911688574,21.417960624933173,1.0
3760,7.7924692791212,-16.3949339316956,-2.1039459180960094,4.9713345832195,-3.830149217003076,3.935,0.22909337847775568,0.9014824443099686,-6.49327183915831,1.0
3761,6.534530602583859,-17.570624176901838,-2.6888884979671115,3.44404505297089,-3.2739618803372394,3.804,0.21808745686690467,0.8296046859217053,-1.683152841647395,1.0
3762,6.53073988272582,-18.955284098667203,-2.9024711501379823,3.55321076010608,-4.34180271065131,3.204,0.21395511793386268,0.6855121978600961,6.005906899588465,1.0
3763,7.427480755073976,-23.294265529851142,-3.136226978971033,0.852101550164704,-3.071054374269655,3.566,0.19141690438565073,0.6825926810392304,-3.01809426482309,1.0
3764,9.688875025680767,-39.00664389550083,-4.025920841388922,2.50376350783593,-0.8494098652392923,3.559,0.19319556095729873,0.6875830014470262,4.07499743905746,1.0
3765,9.48658140170474,-42.30707721427066,-4.4596757696790625,2.70232343024026,-3.621022609279878,4.371,0.1740272463220166,0.7606730936735346,19.22758157199538,1.0
3766,10.562238671718,-51.74022928601322,-4.898604443067127,1.7724932254128,-1.8773754989931168,3.859,0.15329616969161475,0.5915699188399413,17.767190102807852,1.0
3767,9.35297625088479,-32.18081126612459,-3.440702767002139,1.87172854648381,-3.18800095063162,2.681,0.1429185706141487,0.3831646878165327,1.4062232803069286,1.0
3768,2.5568749400243105,-6.923064723938033,-2.7076274304883325,1.97208211101069,-3.093587295919409,1.034,0.1437622143695877,0.1486501296581537,1.6792577609368031,1.0
3769,5.092744102433332,-10.429619465740988,-2.0479370759582594,-0.392690513290532,-1.5948303622323579,2.139,0.12684061818604964,0.2713120822999601,0.1002459164400226,1.0
3770,21.79404918100052,-57.40835029668016,-2.634129611248526,-8.35403459379062,-2.7374463163291174,2.266,0.12780995246081372,0.2896173522762039,11.534558208991408,1.0
3771,3.45920658494566,-11.357951543764997,-3.283397873140733,6.04848347173572,-3.799271744503019,4.29,0.1433326210055157,0.6148969441136624,-5.646570398092066,1.0
3772,3.61452125230619,-12.73121236156659,-3.522240283811759,3.70975708309098,-1.8324017196376552,3.747,0.14457238824646967,0.5417127387595219,-0.7155456369472568,1.0
3773,7.910942416615299,-21.673560470669592,-2.7396938732797196,3.1067964131456,-1.7718591618235635,4.324,0.1511965154987257,0.6537737330164899,-11.76823244656301,1.0
3774,12.46671094525764,-33.91983312934724,-2.7208325658862256,1.35057631384696,-0.1255049659182661,4.299,0.13513932859672062,0.580963973637302,3.075344220631182,1.0
3815,10.98460233865116,-78.95702942003429,-7.187973400021117,4.72408864201974,5.6726089149106595,-0.374,0.17464797128963672,-0.06531834126232414,-0.2555154226747902,1.0
3816,19.66963209018485,-115.47377264237254,-5.870662558045199,5.13702516153505,-0.17363343386938013,-0.213,0.1276406517644627,-0.027187458825830558,-0.977842227024972,1.0
3817,23.438485742836527,-125.09129578318621,-5.337004154435092,6.47348685752347,1.7211767740910933,0.508,0.058698054979884784,0.029818611929781472,-8.343857770176344,1.0
3818,6.3462072011447495,-23.80339170956781,-3.750805946782525,5.47200139015595,1.5228393835240883,-0.577,-0.013116262776840304,0.007568083622236855,-6.39871465305224,1.0
3819,2.0287901293752717,-7.207022099999915,-3.5523743908489855,-0.358614856979671,2.1627400380740625,0.928,-0.03422668473004631,-0.03176236342948298,5.33321045945947,1.0
3820,8.257222426709081,-37.47311876028565,-4.538223245515814,3.35875085773812,7.150696231236053,2.628,-0.040986043510595316,-0.10771132234584449,5.4076770352012415,1.0
3821,6.5879411198463504,-35.50008538017852,-5.388646427520968,2.33988604520331,3.963631068170237,2.411,-0.04979345286404924,-0.12005201485522271,-4.850054147835392,1.0
3822,3.520362518203537,-21.04585479800442,-5.9783203261533,-0.456183223607937,1.39512068988783,2.474,-0.07169412066870329,-0.17737125453437194,8.273472176926377,1.0
3823,-0.3203846967764496,1.839760030394501,-5.742346775314942,2.92525766450484,3.4045759973588607,3.807,-0.06693034205295434,-0.25480381219559717,-3.121529608497131,1.0
3824,5.292484669241871,-26.08318188075678,-4.928343398393462,3.62912351276373,-0.7389215691624207,3.836,-0.08798501752597032,-0.33751052722962216,0.0900719019742091,1.0
3825,3.81601570410534,-21.70070781525883,-5.686744892562368,3.85586514041738,1.4325885016244655,4.195,-0.10492758589779633,-0.44017122284125565,19.596267046142792,1.0
3826,3.11252563410918,-16.66219227865322,-5.353270699543016,2.84820519363306,0.48988958814446537,3.475,-0.07433953558698636,-0.2583298861647776,0.3504865893639408,1.0
3827,3.5084357614056803,-19.97218269123474,-5.692617465292492,1.08177273813243,-1.2079100477890292,2.702,-0.08069310439931132,-0.2180327680869392,-1.9132131055816013,1.0
3828,7.934906170397529,-41.57307146374132,-5.239264406028706,2.88059670964267,-0.7463139837806776,2.734,-0.08265565933698826,-0.2259805726273259,-4.680011981972165,1.0
3829,4.28177880729341,-19.689130102009468,-4.598352924833902,3.91041953840173,-1.975469289446874,1.755,-0.08998914071494635,-0.15793094195473084,5.450487961255512,1.0
3830,12.65887758182211,-69.1687102868616,-5.464047648757299,-4.68845000956652,0.6009771831790189,1.968,-0.13224643204608733,-0.26026097826669986,-1.4611754557102064,1.0
3831,4.32001269022577,-25.66791593993473,-5.941629754470302,4.51067949038222,-0.18627989168256143,8.048,-0.12750617146239934,-1.02616966792939,-3.771709531269807,1.0
3832,2.5174236911269503,-14.656037302657497,-5.821839746052669,2.75888415332967,-3.0832694059462096,5.317,-0.11506685245172127,-0.611810454485802,12.422198120711393,1.0
3833,3.3396558262834803,-10.53104870423137,-3.153333532560688,2.554965253403,-6.484332001065862,5.23,-0.0902034614629903,-0.4717641034514393,-2.7780058037307875,1.0
3834,7.20995746352898,-7.094313048096717,-0.9839604580169521,2.99373536567732,-5.069850085199512,4.614,-0.10639535011412432,-0.4909081454265696,-0.1309253909653973,1.0
3845,9.21614105861379,-76.46997507265927,-8.297396338263209,2.53837834888921,3.7850687996650034,2.36,0.2808271791871467,0.6627521428816663,-0.0151078885025413,1.0
3846,6.14520985571065,-34.38013998166776,-5.594624233982639,3.68960265255278,-3.464799253350548,2.764,0.27545921847290566,0.7613692798591112,-0.9165786826336952,1.0
3847,-3.01021291251244,3.000656935811186,-0.9968254814596227,1.76004607852802,2.06847402542214,-25.83003,0.26871633070239065,-6.940950883532672,-8.382419301809673,1.0
3848,-16.68830745750499,1.8761579798768948,-0.11242350278207258,3.63871070923719,1.6813973642269886,2.784,0.3028174945477976,0.8430439048210685,-6.818089863676535,1.0
3849,36.67540235925711,-70.5554313263177,-1.9237807028041791,5.45473562683669,2.1849599407134823,1.97,0.26660939398048167,0.5252205061415489,5.44694611026646,1.0
3850,10.754896802553851,-19.23042598194387,-1.7880623435993757,5.57678859793515,2.21725082409836,3.707,0.25372350918900777,0.9405530485636517,5.209692006210176,1.0
3851,9.98324843724235,-24.937444101726445,-2.4979288313308627,2.93537897118415,4.120851644314372,2.568,0.2503700392995287,0.6429502609211898,-4.758672099031069,1.0
3852,16.55833970207107,-6.985808081527951,-0.4218906126593227,-1.07239924147837,-3.9943761378291254,3.417,0.24069823032354176,0.8224658530155422,8.341183526073138,1.0
3853,4.90659712159807,-4.0016008086439365,-0.8155552024089197,3.29068742053545,2.6699533025605238,0.956,0.22933071727694676,0.21924016571676108,-3.2624635808936264,1.0
3854,-0.7102327500954395,1.6503103864581408,-2.3236191040702865,6.50263878386326,7.600027015723776,2.372,0.21948982014743867,0.5206298533897246,-0.0288103027524466,1.0
3855,4.15407274334606,-24.418153087045194,-5.878123614026229,6.23887890181064,5.083621118153969,2.886,0.19487325525473576,0.5624042146651674,19.73730053423368,1.0
3856,4.73945168618952,-31.0756678497249,-6.5568065479552295,6.00506308559498,3.9938814261413658,1.822,0.18366205405172675,0.33463226248224615,0.2357729194413016,1.0
3899,18.593525547062,425.56528665661057,22.887821117058404,10.9451299817104,-18.27733917803579,4.894,0.32354493859450006,1.5834289294814834,-0.9043864846508431,1.0
3900,28.6943929196282,652.954878446952,22.7554867696923,13.7459305561226,-10.510794633351239,4.462,0.30934805454485326,1.3803110193791353,3.673894166075553,1.0
3901,32.2971012144991,397.62048467277276,12.311336612905354,11.3439970699605,6.869123711229741,6.026,0.29450043157954164,1.774659600698318,3.562883708202058,1.0
3902,23.5609637167834,203.8277415963369,8.651078285526257,12.0255134340315,-12.290865122057227,6.338,0.3010736759954018,1.9082049584588567,-1.5828485841537288,1.0
3903,-13.110715582757653,-195.88140139670523,14.940557604217691,13.8439968903798,-22.619723330577525,4.008,0.3635653352719317,1.4571698637699022,-7.575308951759563,1.0
3904,18.5260772021478,388.16107578331963,20.952146077547308,13.5646616163416,-9.126020931433409,4.239,0.35712051845643844,1.5138338777368425,-5.425895684776583,1.0
3905,13.7395974750413,190.58242158614607,13.871033844503017,13.5689500216456,5.693829816582041,4.617,0.3579515503941564,1.65266230816982,0.2124300272715373,1.0
3906,14.2350422386571,91.42552408084033,6.422567811745756,13.0761013792372,-6.536001333766883,3.486,0.3657507482210659,1.2750071082986358,0.4258214214097888,1.0
3907,17.9295721101857,119.95877538372804,6.690554277956252,11.9914352402146,-7.66732115544314,3.422,0.3702847827551742,1.267114526588206,-3.868913061771062,1.0
3908,4.636898800416601,62.00220401235616,13.371480957657646,10.2553053929808,-9.41729220261055,3.518,0.37331111838820885,1.3133085144897187,-3.123321652280431,1.0
3909,20.0873830826066,231.47073799964468,11.523190305464535,10.5500090961932,-1.4246409670257254,2.726,0.36980037828931867,1.0080758312166826,2.479424908189354,1.0
3910,32.86528736365099,198.80947803207775,6.049223785335315,9.6344394520444,6.790137172793642,3.551,0.3568526095529423,1.2671836165224981,1.0493690634880704,1.0
3911,25.00985780121979,12.896542686499684,0.5156583771488172,5.59148237823661,4.007840725047185,5.398,0.33705452676381165,1.8194203354710552,-3.3856069188061837,1.0
3912,25.22634648430571,-15.27964975963346,-0.6057020492103176,7.33267044704149,-2.0448826129087605,4.821,0.311419485953343,1.5013533417810665,68.01164671469917,1.0
3913,22.99914657587643,-27.335317057621122,-1.1885361470887297,8.42600102501767,4.722096838130763,2.697,0.2761368501191067,0.7447410847712308,45.72160735741728,1.0
3914,12.786982522906229,-26.557494952170973,-2.07691649727343,8.16990745558277,3.470009675056862,1.532,0.24876971074019272,0.38111519685397527,5.438827981051375,1.0
3915,23.68007709969309,-99.25978681426274,-4.1917003224431735,6.99284029026121,3.935873298031556,1.065,0.22321663354303878,0.23772571472333628,18.11046387993052,1.0
3916,11.58640081030648,-44.679097151899526,-3.856167060279497,5.86247291518572,3.7098384929076245,4.326,0.1844584775975726,0.7979673740870991,6.214797471021627,1.0
3917,14.40631410437135,-59.21424370787742,-4.1102979762123795,6.13610824360305,4.231330610662387,2.525,0.15951668659507168,0.402779633652556,10.162141722707483,1.0
3918,8.301452052285551,-28.68901630271505,-3.4559033916020034,6.26886221471075,2.008616776028327,3.424,0.14242906158353374,0.48767710686201954,5.105217307815146,1.0
3919,8.96531601534316,-27.383996761302907,-3.0544374246750685,6.57911006765414,2.5240912572428664,2.767,0.13814313263931877,0.382242048012995,6.185945455589015,1.0
3920,27.22572429557573,-66.75799657078304,-2.452019121549373,-9.04834717984643,0.38928942399103494,4.695,0.11469866646426174,0.538510239049709,-8.99953825283225,1.0
3931,16.17913079778735,173.56385924623777,10.727638055189853,2.48265891351525,1.7291689013067435,1.439,0.29171184258232863,0.4197733414759709,-14.901493798407714,1.0
3932,18.06131880287279,45.79860447647417,2.53572870156024,4.42605147138921,-3.1901232418372505,4.05,0.25836004131014667,1.046358167306094,-9.063567367042968,1.0
3933,78.75633626224682,-176.19989940503763,-2.2372790275352363,4.18060206704946,-0.9840569889591921,2.45,0.2251050253640987,0.5515073121420419,-0.0151078885024857,1.0
3934,78.75633626224682,-143.13722342855814,-1.8174693011611485,8.56641991756757,0.6943784429801259,1.414,0.04462331618144466,0.06309736908056275,-0.916578682633673,1.0
3935,78.75633626224682,-100.70657200784399,-1.2787107271281153,7.13755016459636,-4.524149879055416,-4.331,-0.39593583643755526,1.714798107611052,-8.382419301809808,1.0
3936,-16.75414467140818,-33.81933383138617,2.018565226376529,6.89860030860218,-10.326040491340759,-8.431,-0.4608778306542204,3.8856609902457317,-6.818089863676324,1.0
3937,-2.991326779033709,-9.616545632916186,3.2148094619146317,-5.99444862538753,-3.809789888028703,2.296,-0.35960039640009933,-0.825642510134628,5.44694611026646,1.0
3938,0.4573374030272097,0.30931156560010775,0.6763312240650148,2.77559782547836,1.3466455220627838,6.712,-0.2600614958393023,-1.7455327600733972,5.209692006210198,1.0
3939,-1.55047489542465,6.163046478939594,-3.9749411597223157,3.40978812497193,1.2849705926900379,4.869,-0.15196531542415526,-0.7399191208002119,-4.75867209903117,1.0
3940,10.39852219109634,-67.61002931829273,-6.501888256408525,-2.48732882965353,2.9101397274021057,6.734,-0.14717831916537027,-0.9910988012596035,8.34118352607307,1.0
3941,-0.5091735655551699,3.6411103993955374,-7.151020095525788,3.38612548540247,2.5280279177379406,5.843,-0.13806613747023533,-0.806720441238585,-3.262463580893571,1.0
3942,6.840282095805829,-49.38362628089434,-7.219530655201235,2.37030892464516,0.5128625831183786,4.491,-0.11699305468312132,-0.5254158085818978,-0.0288103027525465,1.0
3943,8.59251395796549,-59.76266044289757,-6.9552008568453925,2.52306333975571,0.31899481383150796,0.698,-0.10464003627766133,-0.07303874532180761,19.73730053423384,1.0
3944,5.72337897454673,-36.15956442678886,-6.317870018322973,3.4393056210999,-1.1936563563391345,5.961,-0.09042367183006528,-0.5390155077790192,0.235772919441235,1.0
3945,9.74268456650316,-49.67269285460391,-5.098460543964055,3.21668504736274,-4.1768765648266815,6.178,-0.08998636624287226,-0.5559357706484648,-2.0163267393093154,1.0
3946,-1.58724393672746,6.229169384915108,-3.924519250492936,4.73292113433965,-3.8688882941428138,6.812,-0.09780442327908828,-0.6662437313771494,-4.341685721818678,1.0
3947,-6.06264038948023,21.7362277753499,-3.5852741345282757,4.39391565821528,-2.7525549122485837,6.213,-0.09091228095768622,-0.5648380015901044,5.48469691750233,1.0
3948,11.24428899468604,-52.65239206019639,-4.682589720442039,-12.716771466874244,-1.5491930530934672,1.718,-0.20106759664212026,-0.3454341310311626,-1.7622144723614008,1.0
3949,2.5648114734380005,-16.385387798870703,-6.388534973647368,13.0462607426359,0.8357527934615305,10.898,-0.12157193292357332,-1.324890925001102,-3.658068353439337,1.0
3950,15.208940590352288,-88.1968049110987,-5.799010416744338,7.73954689516201,-4.5532169830249,1.708,-0.06703178491896933,-0.11449028864159962,12.484255424453416,1.0
3951,5.4907477871356605,-13.385922875512493,-2.4379052534291477,6.47836283518564,-10.529371671912614,4.082,-0.019312977752305338,-0.07883557518491038,-2.75586106639375,1.0
3952,6.73877964191522,10.845185309733463,1.6093693348089904,3.16409886329913,-10.236312803706104,-0.857,-0.04821448566963238,0.04131981421887495,-0.0370035856211425,1.0
3955,38.30505990914901,1055.0043855959016,27.542167747502155,3.89671358377919,22.430974234758846,6.883,0.35708474079801966,2.4578142709127695,44.05319077807705,1.0
3956,-4.99571040415691,-114.49941509383302,22.919546136733334,3.33993659935817,9.562199682072414,8.093,0.32277103864395096,2.612186015745495,6.434976703365303,1.0
3957,28.56934791521664,62.41846362787555,2.1848053309830764,3.07036901086266,22.430974234758846,12.337,0.33435217555599783,4.124902789834345,21.53104973865061,1.0
3958,16.40975574470682,36.257903780178744,2.2095334229380104,1.14606213709108,5.337436184913602,9.908,0.33593158935079226,3.3284101872876497,5.362648940950754,1.0
3959,24.96072735182743,-25.325508220764625,-1.0146141922787555,2.95271054338117,2.05385263418818,5.821,0.3130907211357752,1.8225010877313472,1.9533281733743024,1.0
3960,37.323634767855886,116.15736044550542,3.1121663570007723,4.73297846590111,2.506254851107581,4.327,0.2604180968271216,1.1268291049709551,1.1489959665572649,1.0
3961,42.54551478002644,68.41927803199285,1.608143147068306,7.00463457384886,7.189058750166177,4.736,0.18146586121780073,0.8594223187275042,3.263277823310617,1.0
3962,9.805904241951,10.00631269570436,1.0204375291465713,10.6254059599309,3.550024555963316,3.382,0.14899287518191062,0.5038939038652217,3.380162532134645,1.0
3963,27.35263677488455,84.83184098547886,3.1014136473808716,7.25366543796015,-3.1634470947915494,1.618,0.12901549692170167,0.2087470740193133,1.683051442078476,1.0
3964,26.213595180173847,201.25917924073997,7.67766412265947,8.55623481664365,-5.904966111197041,-2.435,0.10333181513627276,-0.2516129698568242,-2.1196905750966666,1.0
3965,46.0232768898005,533.6121189814955,11.594396467230968,10.2480163590057,-6.9905980720742384,-7.585,-0.01124276382759637,0.08527636363231846,-0.7881952955526073,1.0
3966,-14.47390113963956,-143.3894843471689,9.906761346771205,8.90036794067551,-0.21222254287941444,-2.639,0.00550203492181367,-0.014519870158666274,-0.3927429420541806,1.0
3967,28.26032268148392,292.68838478276956,10.35686634160544,-1.26859893608282,-6.724346134954418,4.521,0.001524867206437741,0.006893924640305027,23.33074808876528,1.0
3968,56.1213067357602,204.10442159968696,3.6368437135771945,6.3651616786311,9.85230251941962,5.199,0.06260948919454168,0.32550673432242216,-5.614905694715178,1.0
3969,19.7388261464012,253.05274774169567,12.820050486529691,17.2907775869555,-20.62390503731023,-0.425,-0.030412525900642362,0.012925323507773003,-6.746057819668794,1.0
3970,6.408323383715501,68.63456007781997,10.710221062225191,12.3198198494032,-3.340433747577909,4.014,-0.032695462465881286,-0.1312395863380475,7.274833253107205,1.0
3971,12.5326991994506,180.00439455679532,14.362779453342839,11.6489161878925,-0.6549601726265952,6.244,-0.1942264318557313,-1.2127498405071861,12.253237378276062,1.0
3972,4.61699526164038,10.492889272896937,2.2726662424966193,7.88522548204762,9.14129285371339,0.927,-0.1721839470686703,-0.15961451893265738,19.2929918472716,1.0
3973,-7.88403616533914,2.2401967511527734,-0.28414338850973664,2.37983580731722,5.146547209715924,3.725,-0.12468664443652128,-0.46445775052604177,8.381495901643031,1.0
3974,19.50270218214213,-84.68749254501691,-4.342346601721784,1.48978448679577,12.585155530156067,5.043,-0.13632748727229632,-0.6874995183141903,8.627158634300102,1.0
3975,24.81638258891388,-107.05590061355528,-4.313920460808012,5.63687638694772,9.673200232813128,15.295,-0.09964237358037531,-1.5240301039118405,13.992786778662891,1.0
3976,15.037124246276388,-48.06943354489213,-3.196717188580487,7.74488062024881,1.476272837911119,3.716,-0.1299355763467943,-0.4828406017046877,1.3405670819039095,1.0
3977,1.3757560151065895,-1.0269124038782418,-0.7464349729182755,5.60224422064255,2.7760462156890764,-2.854,-0.0747723642917073,0.21340032768853265,7.727343962886501,1.0
3978,22.063599814340712,34.85888130988336,1.5799271924441847,-4.55775197583431,0.25898033816755817,-1.003,-0.04587650225005735,0.04601413175680752,5.622155421570207,1.0
3979,12.18114522496708,-9.557907441448894,-0.7846476882861992,1.63676957736662,2.7895983748885023,9.24,-0.06775709257549933,-0.6260755353976138,1.2795972445844184,1.0
4015,12.084893130749798,509.27043493278165,42.1410789009753,11.8149459447588,-15.714139075816359,2.073,0.3136078101931489,0.6501089905303976,2.21213798192188,1.0
4016,7.4586563077464,215.8768221914836,28.943125046166635,10.3692324974977,-2.1002436111411282,1.809,0.3064147686777907,0.5543043165381234,2.8673938623910766,1.0
4017,19.9726505812514,276.4746040651031,13.842659638006864,11.816986527255,1.6028276685458032,1.075,0.29800589540545663,0.32035633756086584,7.583662584652662,1.0
4018,37.550810787598856,20.62549000838958,0.5492688327039037,0.766234955773442,0.6950856943857886,0.314,0.2828529058877818,0.08881581244876348,19.19465283212758,1.0
4019,2.045761786853,1.8536720604818284,0.9061035709995036,12.8516820207736,3.0423402656967857,1.26,0.31395475812377804,0.39558299523596036,35.96441138966853,1.0
4020,27.49553303799223,103.95070302907287,3.7806396728311444,9.66850534669427,2.7931661086571857,4.434,0.3135715631015774,1.3903763107923943,14.366148723680938,1.0
4021,8.07655818211574,32.941608670952995,4.078669146951356,7.21770086569656,2.109851243217009,3.364,0.32372345370485134,1.0890056982631198,0.4405398438799723,1.0
4022,-2.2943473365077693,-3.258433531464131,1.4202006294407887,8.20470494788577,6.044767660890793,2.636,0.3368526354132618,0.8879435469493582,-5.049665680532767,1.0
4023,20.67205724790757,-32.57368135534127,-1.5757348658967354,6.31202378023193,1.8973723471964687,3.168,0.31703849630323466,1.0043779562886475,2.1239769070417136,1.0
4024,13.430854077383948,-32.35955686468625,-2.4093446833865997,9.91067756782915,2.8304609260364266,2.059,0.3067952298665949,0.631691378295319,10.146210996229788,1.0
4025,16.597949008458727,-18.848834650444516,-1.1356122760010097,7.64935393795867,4.084438521738809,3.034,0.30520286100446103,0.9259854802875347,1.7305070866744598,1.0
4026,13.42651177487905,-7.898472393366324,-0.5882743430162058,6.87802942560995,3.3028776221232237,2.191,0.2656425789487187,0.5820228904766426,-5.958508637811388,1.0
4027,26.714874278145345,-35.112845827536056,-1.3143556455461534,5.92897187460815,4.156039342731632,1.898,0.21026815521597264,0.39908895859991605,13.241038769458946,1.0
4028,17.91685502851646,-59.32293540546314,-3.3110127481103566,6.67972935662864,8.093976301331596,4.346,0.1893481762341387,0.8229071739135667,23.40914535131404,1.0
4029,0.65380626715333,-2.119223369743167,-3.241362887159613,7.13405842300445,4.958452189719464,3.404,0.19751394858626758,0.6723374809876549,-14.406609643355273,1.0
4030,21.359292952289,-89.20018402013044,-4.176176815373992,7.9945031610722,8.87567920233936,4.336,0.18304012913443068,0.7936619999268915,-2.3896553334671777,1.0
4031,9.77793697070633,-35.28097740850554,-3.6082230345934567,6.57141389665537,5.446909601768768,3.45,0.14448347879867673,0.4984680018554348,6.101320128252796,1.0
4032,14.49678555708731,-76.68152433814195,-5.289553607327332,7.70256844839309,5.825253205476821,2.463,0.10561584193955165,0.2601318186971157,4.147528568903369,1.0
4033,18.6948616309007,-106.75484008643718,-5.7103840720587264,7.3930936986377,7.366025092010942,9.753,0.08660893409870263,0.8446969342646468,27.52486972699435,1.0
4034,5.40957376504775,-23.885858375839177,-4.4154788183442655,4.69699024225795,3.4479885500400043,6.555,0.09515910721972864,0.6237679478253212,57.70968174687834,1.0
4035,2.44929701119326,-3.0100075812154348,-1.228927144180446,2.63820737310658,4.395055299085104,5.064,0.16263216337848962,0.8235692753486714,0.837490854574896,1.0
4036,4.73742479558012,5.061717429302833,1.068453357618525,3.48493202422782,5.163038231858463,1.986,0.18639405234922468,0.3701785879655602,-5.1240858137851175,1.0
4037,11.06807836775915,-0.2194122854155115,-0.019823882531826875,2.31781394821475,5.068335002847624,5.701,0.19572977081667564,1.1158554234258677,3.683516297384037,1.0
4038,24.49714836556242,-61.59169064426197,-2.514239197360877,-1.21952250011192,2.013486581187185,-1.704,0.1708448962206367,-0.29111970315996494,11.058115057688788,1.0
4039,-0.4982889227722302,2.0511347507219915,-4.116356308525793,2.37743572761507,3.725424699218882,6.192,0.17999840581886073,1.1145501288303856,-5.7582955445188215,1.0
4040,4.366774035564701,-16.875576326408314,-3.864540777463427,4.3693080193804,3.096132099594473,5.233,0.20276623525080972,1.0610757090674872,-2.4656941368161656,1.0
4041,-1.9581338433280704,4.647737792203784,-2.3735547026266737,5.50384456650241,0.17268288577130253,5.219,0.22462536507027975,1.1723197803017902,0.0548152595241546,1.0
4042,14.06831305440355,-24.366144829668773,-1.7319876758103474,2.14892499135355,2.9936275663625667,4.231,0.23378068957114573,0.9891260975755175,0.0300014348512789,1.0
4054,-2.6585633353163,-5.330229228650765,2.004928435536634,18.20994670112416,-5.747038686037964,3.158,0.2602153252377457,0.8217599971008009,1.156813146117619,1.0
4055,20.87700939264451,108.70219361791857,5.206789515370772,-1.96942275160761,-5.338772998609587,-2.05,0.24362668361413975,-0.49943470140898644,-3.7279722015387207,1.0
4056,14.074148746701676,63.70153822757202,4.526137912426192,-0.331079195278377,-0.8224260485588109,1.382,0.22434852237699365,0.3100496579250052,-7.882592554398526,1.0
4057,15.445381770521196,49.98883228426822,3.23649055924769,0.0978758719728035,-2.4534027002143244,3.321,0.2167384777143867,0.7197884844894783,10.143644785267504,1.0
4058,8.43748596264722,-13.332688466976863,-1.5801731138873265,2.62022952055378,8.389038784428982,3.592,0.23112080027971071,0.8301859146047209,5.156286228834683,1.0
4059,17.45155685785242,50.650605895137446,2.902354575451355,4.17278328304418,-11.723718519878744,0.451,0.24635461757930166,0.11110593252826505,1.893540095386581,1.0
4060,12.13873235624557,62.87261355554404,5.1795040627281885,4.47001318233693,-11.50993003502686,-0.074,0.23886328457011463,-0.01767588305818848,5.514285206111413,1.0
4061,18.26894031662819,99.58568366667136,5.451092506773891,4.15081318627171,2.871510100834329,-1.666,0.22313485622458162,-0.37174267047015297,1.369316521700159,1.0
4062,-2.82246051337041,1.4130393941702257,-0.5006409788468078,4.27482327130284,-0.0179940399021139,0.662,0.21166628257315478,0.14012307906342847,0.6795669839086749,1.0
4063,-5.663035763468749,58.37836993265169,-10.308670538378076,5.37633923694936,18.76104109777628,2.64,0.19574297158497667,0.5167614449843384,7.249704076857544,1.0
4064,5.4183159612887,-60.4090648295715,-11.149048018086365,1.26090922448303,10.637843941029557,2.443,0.2034394478739987,0.49700257115617885,8.53143945421795,1.0
4065,10.388987225832262,-101.9976771392757,-9.817865295440736,6.27054569386574,-4.9823947748251936,-0.132,0.19557825509131266,-0.025816329672053273,1.581667041114243,1.0
4079,7.793877960342,-18.310606290674468,-2.3493575834578486,3.3475407273143,6.161630088779457,4.193,-0.15645194433338233,-0.6560030025898721,10.970470296801826,1.0
4080,11.02359169233442,-28.586524044384138,-2.5932132504746725,1.61491865862438,3.4292746586124467,5.318,-0.1647678454622013,-0.8762354021679865,2.858780876387001,1.0
4081,19.1249369889856,-51.84303709349152,-2.710755968678426,5.9254454894774,3.1121616345830994,4.891,-0.2920183635461112,-1.42826181610403,-6.877127695080432,1.0
4082,14.52266744266997,-28.653245426946864,-1.973001553609838,4.33001985464323,2.388339796324912,4.555,-0.2945003129677263,-1.3414489255679931,-1.4442187494865475,1.0
4083,4.79206594574363,-8.47487631227985,-1.768522471984622,1.77754302034465,0.37863122908732283,4.22,-0.31383881065039027,-1.3243997809446468,7.264816102201621,1.0
4084,4.67911921017945,-11.817508463563875,-2.525583968421839,4.86554460775534,5.38913199621347,4.2,-0.27103460046373334,-1.13834532194768,7.498697573814739,1.0
4085,9.55867725250482,-6.163716570809888,-0.6448294474211593,5.76380219453068,0.4542085183108169,3.864,-0.3011995542143503,-1.1638350774842494,-1.2438803690334232,1.0
4086,9.1598299922427,-1.5130109652047417,-0.16517893525164595,5.4630565042284,1.6843903781450509,2.921,-0.40200791324367735,-1.1742651145847816,-9.136009947736456,1.0
4087,-0.9892794004886998,-0.3206210959399672,0.3240955950175266,3.36352090607312,2.8742432341522184,2.628,-0.3842166452353023,-1.0097213436783745,12.325528165688215,1.0
4088,2.51317486221737,-9.11909263092106,-3.628514978410734,4.39672657214976,8.995663680447198,3.315,-0.43640040242245426,-1.446667334030436,-3.677745167366509,1.0
4089,2.28458204367462,-13.812620869746079,-6.046016560442394,4.14555262561014,6.0143746579262025,2.957,-0.4758824306412963,-1.407184347406313,-6.7516339444653735,1.0
4090,4.65136112363049,-31.764484318583374,-6.829072926032131,3.51062090167264,3.0723574875691995,2.997,-0.5698099098333743,-1.7077202997706227,4.682031657780694,1.0
4091,2.3867511082089496,-13.86244310835885,-5.808080725585759,3.39755085220649,4.237214304942993,1.631,-0.6320225839945384,-1.030828834495092,2.1676781392415023,1.0
4092,4.880512089537961,-23.777989533542886,-4.872027585899076,3.85773905280689,2.8352360458089088,3.123,-0.5509315258424653,-1.7205591552060193,-0.2597333505599986,1.0
4093,6.45498651154178,-33.35180274598704,-5.166827643458689,3.71766362108832,3.820110967046908,2.89,-0.5825606514973634,-1.6836002828273802,14.483504844344576,1.0
4094,5.19881799395141,-28.599771855531255,-5.501206599039589,3.88576121076034,3.633383892111075,3.281,-0.5182388046896432,-1.7003415181867194,1.3839960216828873,1.0
4095,5.316198865216219,-31.850606358482537,-5.991236815251666,3.95441730960265,0.6683614118009107,2.59,-0.5719530016976294,-1.48135827439686,-2.9837332761863733,1.0
4096,2.1677121901865,-13.364900681279156,-6.165440569916849,4.11669369456492,1.6561035181473116,1.546,-0.33716852691774823,-0.5212625426148387,-1.5862412812314153,1.0
4097,5.6206708948861,-34.15032312091966,-6.075844638402672,2.86394938684734,1.975285438739549,2.323,-0.36490893265830526,-0.8476834505652431,4.53541067165284,1.0
4098,31.0785005043736,-218.52607945558637,-7.03142287784553,-12.716771466874244,2.228674101373662,8.454,-0.5008299838986203,-4.234016683878936,10.919178673667629,1.0
4099,5.51001570929982,-37.94688819067499,-6.8868929223973225,3.33809084057279,-1.3598661025807757,9.142,-0.44931671773150633,-4.10765343350143,5.960312027705683,1.0
4100,-3.0858167489786705,19.91741302903809,-6.454502859131303,8.3424438025047,-1.7632681197838784,3.512,-0.31877452428284536,-1.1195361292813528,5.973888759190471,1.0
4101,2.5664745155905804,-8.546924608777644,-3.3302199405673356,4.69918189687444,-3.9466085821588393,2.812,-0.2939060031581743,-0.826463680880786,2.454463306118737,1.0
4102,7.71469361477336,-14.494862825698615,-1.8788643528164846,4.94844235250574,-2.169991375931468,4.204,-0.2936900766967643,-1.2346730824331968,2.5348361866670555,1.0
4135,8.712854662983162,-37.823981967492074,-4.3411698496691855,7.32274185035924,3.951357156179114,-3.27,-1.1443990358318683,3.7421848471702095,11.814624804289853,1.0
4136,7.588973085353362,-33.38597055253547,-4.399273811758542,-7.35941518817556,4.861682954594482,-4.84,-1.1239784333339184,5.440055617336165,39.49902690597556,1.0
4137,5.961255209111981,-16.55742805228033,-2.7775069966760926,6.13761201057692,-4.031893953908849,0.627,-1.0121429853909782,-0.6346136518401434,-3.1692944736423034,1.0
4138,1.18889693542984,-4.742498602393031,-3.9889905180707723,8.85886816969386,3.3155401729047407,3.003,-0.8627712367052982,-2.5909020238260108,0.0,1.0
4139,11.118235256768338,-24.43826758433338,-2.1980347618077554,0.517675319192861,-5.035174558754996,6.053,-0.8677999109146683,-5.252792860766488,0.0,1.0
4140,-0.9069639777821,5.0411168679292215,-5.558232731863096,5.39098830692797,4.863813305618514,4.361,-0.8089970207868883,-3.5280360076516195,0.0,1.0
4141,2.8386806537321,-12.860423004433068,-4.530422605841583,5.7884992858875,-0.060328910813078895,3.96,-0.7813929561493383,-3.0943161063513798,0.0,1.0
4142,5.90366500420735,-37.68024381041277,-6.382517264031629,6.78343772370305,-0.2893862197342889,4.597,-0.7117656778793484,-3.2719868212113647,0.0,1.0
4143,3.4610307890235497,-13.332346607956845,-3.8521317551521292,5.33213916141486,-2.837125083736658,3.353,-0.6584072389948382,-2.2076394723496926,-0.3396929824560413,1.0
4144,8.046160744202199,-15.616771914327728,-1.9408973311377933,5.5848470671515,-5.248285925623664,2.833,-0.6303695219435282,-1.7858368556660156,-3.140000792164788,1.0
4145,1.6237498407518505,-2.7823999198747886,-1.7135643989264038,6.29878592740947,-0.7838921300863055,2.602,-0.6096812042656483,-1.5863904934992168,-6.286708048448098,1.0
4146,5.703655221421029,-11.918077434120265,-2.0895508181069458,4.83176988913097,-1.6737870649915276,2.571,-0.5615235374398894,-1.4436770147579556,-2.9595344156277514,1.0
4147,9.25345684190579,-14.627674959134918,-1.580779508571446,-1.51352871598714,-7.525424841237783,3.405,-0.7099509825503683,-2.417383095584004,5.655845437115481,1.0
4148,-0.07711133244121,0.3782432115057919,-4.90515725161624,7.42484738326097,9.036166888482189,5.88,-0.6658522770778883,-3.915211389217983,-8.608759977555936,1.0
4149,9.33402545171047,-38.3626864826435,-4.1099830594112525,5.29391283414003,-4.060912356130575,4.319,-0.6790277712671984,-2.9327209441030297,-5.000917654998616,1.0
4150,3.37256553641222,-19.45570270615565,-5.768813829145892,5.47345419253853,-2.3067253663994314,3.568,-0.7360207096504383,-2.626121892032764,0.9411054826511612,1.0
4151,2.7036781567384303,-9.295522745545496,-3.4381025427816105,4.69372252557893,1.950563383161219,3.103,-0.7934070294911283,-2.4619420125109714,2.0107376991021386,1.0
4152,0.2973261405856098,-1.7251535705138514,-5.802226360305928,6.00672194558203,2.8686282816375863,3.478,-0.8007646878638983,-2.7850595843906385,3.870350230553865,1.0
4153,-2.0479972891681504,13.893354461146215,-6.783873462444561,5.09153242155011,0.6509582180182827,2.628,-0.8261296584975283,-2.1710687425315043,19.32990001442001,1.0
4154,-1.6486477949852198,11.064348454637935,-6.711165652417063,4.44978139761541,1.7881986407179085,2.546,-0.8148321414542183,-2.07456263214244,6.216883459198197,1.0
4155,-1.1680833163810398,7.261472275312244,-6.216570490716163,5.81272240983328,1.2456033584095971,2.603,-0.7667508690838882,-1.9958525122253612,3.667531046962957,1.0
4156,2.84493694364374,-16.44204498998651,-5.779405770915912,4.84308697634881,-0.6123757793171425,2.412,-0.7979396832908883,-1.9246305160976225,-6.1693846769160015,1.0
4157,-1.7384670999794605,10.391164606423626,-5.977199457238158,4.41318742129586,2.3440731192833963,2.645,-0.8022616278835484,-2.1219820057519856,2.660127306507243,1.0
4158,10.05009429011227,-65.38601873902694,-6.506010476275493,-5.45684658426701,1.8817981893201052,2.008,-0.9333353470358983,-1.8741373768480838,1.472846314259435,1.0
4159,2.2436845499791103,-18.03548438317483,-8.038333367024677,3.31534954399166,2.3993558258445846,4.902,-0.8677977136932983,-4.253944392524549,-1.4317737313666037,1.0
4160,-5.034722315232149,31.993539500330918,-6.354578762673172,9.03173723044451,-3.52671435047347,6.032,-0.7259356485858083,-4.378843832269595,6.221584163708549,1.0
4161,2.2941371664963297,-9.818344010279272,-4.279754564664554,3.5370638041057,-3.429924516381533,4.562,-0.7662286888426183,-3.495535278500025,3.625183352590145,1.0
4162,-1.82923381191548,8.45730381312093,-4.623413233470069,5.10545921024041,4.580797393299663,3.973,-0.7563160700158783,-3.0048437461730844,0.3465420574853883,1.0
4165,3.8689749844918895,11.34001508948272,2.9310127708080795,4.22010030384476,-2.1491830996116623,3.702,-0.011023873877163304,-0.04081038109325855,7.178121339683385,1.0
4166,7.25815342945282,12.042159738249763,1.6591216836756235,3.29158562064818,5.43988113408469,2.381,-0.004265380347132308,-0.010155870606522024,19.972442623763143,1.0
4167,16.12607508801922,35.29144253027628,2.1884706810335928,3.36927842445498,2.3517954813993436,2.759,0.013838809635933758,0.03818127578554124,10.513207759912246,1.0
4168,9.70860970684522,-5.907728353529086,-0.6085040527856158,3.49218336365178,0.5663177553330012,1.879,0.008055211128515705,0.015135741710481009,13.591068313050323,1.0
4169,4.99054912255493,3.8966933939841417,0.7808145553307799,1.17794869467917,-4.03209431883913,0.788,-0.007360262411784335,-0.005799886780486057,24.05466561732932,1.0
4170,10.5744469001462,18.59922964618877,1.7588843957343645,4.7886612188211,-3.052592427234191,2.014,-0.005169173032780305,-0.010410714488019534,22.436116405577767,1.0
4171,-2.14498675535333,-6.073886595221979,2.8316662469188376,4.23979429582137,-1.1350552789424428,1.378,-0.03862066184220525,-0.05321927201855883,-14.901493798407714,1.0
4172,10.2463813375061,-5.174491019917167,-0.5050066798681732,12.2695481036769,5.016789982284897,4.474,-0.056886636137399305,-0.2545108100787245,-14.60797499454436,1.0
4173,2.58480438238864,-9.200638419366864,-3.5595105308760253,2.52926265819022,4.11577498236968,2.672,-0.10223359840592933,-0.27316817494064316,-1.278324522929375,1.0
4174,22.60635853112835,-113.66516024797679,-5.028017232030665,7.07317531845825,0.6631292333189487,0.309,-0.07638797801948838,-0.02360388520802191,6.116139216521521,1.0
4175,10.762971330535958,-24.92910003823389,-2.316191251713806,5.37404415167634,-1.7000065694941724,-3.41,-0.07180101888018231,0.24484147438142168,4.244647549805469,1.0
4176,10.65283583815462,1.0567887849246267,0.09920257863540805,2.64981203780268,-0.825598925784099,-6.007,-0.055108777041369295,0.33103842368750536,16.97311485634849,1.0
4177,59.29845343519811,111.89496717893724,1.886979519646614,0.295970914001089,-4.253501860226794,-3.48,-0.06919645723928336,0.2408036711927061,3.285102437970089,1.0
4178,4.48267513272972,4.781157097249056,1.0665856783463976,6.03924947955858,-1.822179863953577,0.405,-0.07958925789262628,-0.03223364944651364,-13.992667411190684,1.0
4179,6.594673563195821,-5.189521759651809,-0.7869262534257926,5.09133813864338,0.5366080305342802,4.981,-0.08130558775603025,-0.4049831326127867,-0.412332457965292,1.0
4180,-0.91787529011948,2.9088431117541,-3.169104935132806,5.0616820696264,0.3793999967692141,7.087,-0.08146558491465439,-0.5773466002901556,12.243051679046868,1.0
4181,7.16901671671395,-12.408159514018665,-1.7308035403363062,5.61471962254485,-6.545738164274284,3.102,-0.10173740857206331,-0.3155894413905404,18.99374779113188,1.0
4182,1.7502864926529007,-2.846268185287491,-1.626172742139726,6.09251915977956,0.200444885597717,4.69,-0.10898635973721332,-0.5111460271675305,11.20824711604782,1.0
4183,4.84066842922234,-0.7398199937238477,-0.1528342633958717,4.26417453763675,-3.253625893472356,6.444,-0.1352794544571433,-0.8717408045218313,18.805261359885005,1.0
4184,6.019012211157801,-15.758249295915283,-2.618078970948635,0.0337944502063294,1.7157133005505587,8.301,-0.13804368405196632,-1.1459006213153724,14.181470736928038,1.0
4185,15.00722525428519,-19.636232868361727,-1.3084519313625123,-1.02724808856709,-1.929703744804434,9.303,-0.11920749697071431,-1.1089873443185554,-9.490032021719674,1.0
4186,5.33047006759212,-3.9822353461224895,-0.7470702012442487,1.05993949860752,-3.6862534455586626,4.994,-0.1274536405126933,-0.6365034807203903,-0.5930964202638056,1.0
4187,11.372779672348356,-6.358506003033169,-0.5590986712327828,-0.839152163419357,1.2226444550677895,5.094,-0.1645638043351253,-0.8382880192831283,9.179039628530903,1.0
4188,16.17845028020358,-47.023486427957444,-2.906550727265685,-8.10140201443319,3.2047272806459137,5.491,-0.2013472198950953,-1.1055975844439683,13.942967783960336,1.0
4189,3.15731089502843,-14.741651439220343,-4.669052852043448,3.60382919248703,-1.618326639258838,8.07,-0.1773851444764743,-1.4314981159251476,-10.232426533413976,1.0
4233,-2.56410262457712,18.139087080091752,-7.0742437943892,7.33186884258517,7.192726290719831,2.764,0.36622168306671876,1.0122367319964105,-0.0151078885025413,1.0
4234,5.75206240917718,-29.16324184525757,-5.0700496223283,5.93104997350342,-0.7028766284609023,1.528,0.36697314682703264,0.5607349683517059,-0.9165786826336952,1.0
4235,43.05759707514099,-194.12474447215016,-4.508489968294741,3.14272408386731,6.224012231693976,-25.83003,0.33471130575366026,-8.645603068956218,-8.382419301809673,1.0
4236,1.6511449477301603,-3.784287097334164,-2.291916952861375,7.73141422777337,1.0160122533406923,0.747,0.324824987570523,0.2426442657151807,-6.818089863676535,1.0
4237,18.73076155445945,-33.28780732160709,-1.7771731931359662,1.96260090694645,-1.40739262620464,-1.111,0.31646784222782554,-0.35159577271511416,5.44694611026646,1.0
4238,14.035030326648467,-12.3398660896168,-0.879219054210874,8.57816674262253,4.027837846333204,3.927,0.31497354799325783,1.2369011229695235,5.209692006210176,1.0
4239,4.48230283721873,-9.262342973334787,-2.066425074277684,2.35775693603874,4.857007228547938,0.985,0.3064827861790951,0.30188554438640863,-4.758672099031069,1.0
4240,21.1674438192474,-87.18718946007058,-4.118928586964852,10.5489445763446,3.867300894680059,2.194,0.30577508687715926,0.6708705406084874,8.341183526073138,1.0
4241,4.427786684898289,-16.587236312919046,-3.7461687956858,5.31513063394726,2.227579799350643,0.83,0.3008134259281737,0.24967514352038417,-3.2624635808936264,1.0
4242,18.27123069271987,-91.85997341432258,-5.027574494526194,6.64213665495603,7.655770536080064,1.932,0.2986035313990516,0.5769020226629676,-0.0288103027524466,1.0
4243,0.1925897257635007,-1.2492657082749012,-6.486668503848403,4.39264883207291,7.434168880535008,6.125,0.2926063933677887,1.792214159377706,19.73730053423368,1.0
4244,4.38914462840942,-32.946263313258854,-7.50630614904076,4.28137558478143,4.572713732242639,6.747,0.2898478120667106,1.9556031880140965,0.2357729194413016,1.0
4255,13.101903529337438,562.7076304861054,42.948540204566854,2.93709941923106,-15.275323512229322,-4.748,0.3343923837784718,-1.5876950381801842,0.0074253721539463,1.0
4256,19.73650348856381,545.7445513455091,27.651531673872086,2.58125410190809,4.80983367145269,-1.599,0.32843527978964115,-0.5251680123836362,-0.0002284560256526,1.0
4257,32.53693130802318,147.09172412127475,4.520762045098085,0.584126892882125,6.415933495654635,4.892,0.3229953117045019,1.5800930648584235,68.01164671469917,1.0
4258,43.05158793391324,7.200635157948267,0.16725597134771597,5.01593475936546,-1.533747275279651,1.958,0.3223385769542657,0.6311389336764522,10.13583053293603,1.0
4259,20.459115774835848,123.57414623040704,6.04005312792647,5.91768464924425,-6.046855850853694,-4.065,0.30609091027806223,-1.244259550280323,9.374795143760274,1.0
4260,3.491942529422099,25.82558322742626,7.395764108322906,15.3291557409618,5.989947098791415,3.222,0.32382178633660585,1.043353795576544,8.403131613942104,1.0
4261,6.164173999651511,61.36593572797628,9.955256897590104,7.34719496793299,-5.690367485135406,-1.342,0.315553028797146,-0.4234721646457699,7.168953138901424,1.0
4262,11.426467310388707,64.73610614697786,5.665452356225719,9.25055822923169,3.5463228606352537,2.195,0.32001203773173637,0.7024264228211613,2.8367190350585547,1.0
4263,16.16511599503355,157.81583152690686,9.762740432879852,6.43851652535925,-9.672306850071443,-5.488,0.3202691539405885,-1.75763711682595,-1.2143243656958511,1.0
4264,30.291293170813688,283.09905421520324,9.345888688832051,6.05942803202491,-8.432300208209032,-4.908,0.32341188553693445,-1.5873055342152744,-1.9978518268354064,1.0
4265,78.75633626224682,1105.154153750306,14.032574472107335,6.59113036066867,-10.960413049934514,-8.759,0.27064168504527863,-2.3705505193115957,-2.210277104844349,1.0
4266,35.45895677443677,317.1107852860566,8.94303764499551,6.76447277784263,4.451709600318909,1.116,0.21879066284746873,0.24417037973777514,-5.755941936174369,1.0
4267,6.82742783517204,33.891363986993596,4.964001788843454,8.03692510100366,4.667236274092046,-5.697,0.20848685692148272,-1.1877496238816871,25.566488614000196,1.0
4268,-1.28078857299115,3.537656249168965,-2.7620922951452735,8.00565591623166,5.794975199127905,5.326,0.2699281905379167,1.4376375428049444,0.9521090811391852,1.0
4269,16.37769203524185,5.223165062862154,0.3189194821604193,5.30792420293915,-9.154214449037001,4.171,0.29420075865508866,1.2271113643503748,2.371962274821593,1.0
4270,22.85440680010277,21.4361334741108,0.9379431136236889,4.23006117492493,-1.2511180431254987,-0.432,0.29862763034632567,-0.1290071363096127,2.364123811844987,1.0
4271,7.63075067305728,30.714705393362,4.025122390882164,6.67133539308232,-1.821445886741413,0.129,0.2892778746126927,0.03731684582503736,-0.1195767195764974,1.0
4272,-7.103885731279383,-1.6512900992500779,0.23244885429100037,6.30971865521856,4.165926620977767,2.662,0.27162002496271476,0.7230525064507467,0.7888639325330793,1.0
4273,1.43746333313352,-2.117138458016247,-1.472829538824553,2.65269329541779,4.285876171389891,2.429,0.2738526794279187,0.6651881583304144,21.37314857100252,1.0
4274,33.53903755676527,-128.59381487909076,-3.834153399943096,-1.61686894903467,4.502596524734592,3.799,0.2585500901940677,0.9822317926472632,31.72498488709077,1.0
4275,0.581942490425269,-1.3430332319574279,-2.3078452837770493,0.805886619091581,0.009873724110942561,4.644,0.27674944206737573,1.2852244089608929,20.63106889369486,1.0
4276,13.05935267750992,-2.033953638571941,-0.1557468956386101,1.92275734199798,-1.2762957235674555,5.415,0.30272703111624577,1.6392668734944709,0.0960067302488765,1.0
4277,4.2402017729484,9.74904262601088,2.2991930922268207,2.20842927835211,-1.2047414809683965,4.315,0.33045127803731855,1.4258972647310297,0.2735406302727394,1.0
4278,18.00144404914957,316.81817428063107,17.59959775535887,-6.36889840468527,-30.753723343003294,4.657,0.32345188743241093,1.5063154397727376,16.906583115386553,1.0
4279,13.1281617952783,231.63485959288784,17.644119809385504,1.109252540249,-6.333014732472597,5.575,0.3162505241437885,1.763096672101621,11.8004341803577,1.0
4280,13.10377567792654,241.72441891026116,18.44692895021461,4.31882949157136,-5.924838377617814,5.481,0.3092590012156129,1.6950485856627742,6.188957561626607,1.0
4281,47.60607379433672,126.03791009600388,2.647517428983978,3.31590368111438,-0.19259255655857954,5.422,0.27323557971506374,1.4814833132150755,51.4614167536193,1.0
4289,1.1443480926069296,2.9857776499689095,2.6091515940460344,2.96084349057273,2.757085092772482,-2.154,0.2678154421071737,-0.5768744622988521,5.420441264099507,1.0
4290,12.546225005124526,4.35135020311515,0.34682545557232025,0.753938876079573,0.5105684560728685,-0.341,0.25369667870142676,-0.08651056743718653,6.576334277058726,1.0
4291,10.12225510158563,-16.659131569594383,-1.645792503983106,2.52073289551447,2.230861521598948,-2.069,0.22820821807842773,-0.47216280320426696,5.987640225482172,1.0
4292,11.904114882944013,-32.428906740670655,-2.724176224738403,5.31217056950739,-0.5839745903212124,-1.296,0.2087348887001237,-0.2705204157553603,5.512238619312448,1.0
4293,5.49722303437136,-11.659858547027717,-2.121045203027876,4.28239833770654,-4.60446816123139,-1.695,0.17901933838399775,-0.3034377785608762,4.99510487463648,1.0
4294,4.26720109738148,0.36353679499314623,0.0851932652567573,4.15294559846254,-4.5526067685493725,-1.716,0.14064390898980972,-0.24134494782651347,5.000014469008596,1.0
4295,13.402740679129,12.475336456125357,0.9308048819859795,5.0763520180987,-1.6619489099834572,-1.363,0.10330261322597178,-0.14080146182699954,5.000044429483874,1.0
4296,3.8942195086872498,4.433472538746957,1.1384752525780168,3.43571693608081,-2.8277703101944995,-1.879,0.12303108455313172,-0.2311754078753345,5.005230443868114,1.0
4297,17.631614360962,57.287958267030085,3.24916125626425,-3.2926651586197,-8.770410345617051,-0.267,0.15070145311267769,-0.040237287981084946,4.994789582778725,1.0
4298,17.26328067194664,45.55132296434062,2.6386249421503596,4.41009911716546,-2.871634264820966,0.896,0.1618718548764947,0.14503718196933924,4.999964206197904,1.0
4299,6.304946846224279,9.205323483692688,1.4600160331574088,6.31668553491842,-4.043004488275037,-0.692,0.16503281074618859,-0.1142027050363625,4.999997652942212,1.0
4300,8.897688637926802,-4.75811732318847,-0.5347588027419592,6.4961364710876,-8.364564131470543,-0.591,0.13710138201904676,-0.08102691677325663,5.0052594081061,1.0
4301,13.392207438305558,-6.237287813016697,-0.4657400836830128,4.92709413447304,-4.925341924661941,-0.223,0.11082788149220568,-0.024714617572761867,4.994765538778911,1.0
4302,10.64529270771547,-11.305829918421601,-1.0620496992278463,4.78546013589983,-3.1638120150262905,0.299,0.09281232945887163,0.027750886508202618,4.999991876893217,1.0
4303,14.16970345912873,-23.655069294127827,-1.6694117390924097,4.79226768332697,-6.776686151165501,0.893,0.06307308728009464,0.056324266941124516,4.999998287275398,1.0
4304,6.48101334744873,-7.913553182596025,-1.2210363963702093,4.56314739524967,-6.028729113791043,1.637,0.03758317382712073,0.061523655554996635,5.004678540974106,1.0
4305,11.38732985002341,-12.99115054871477,-1.1408425609703459,4.63120757580209,-3.189095721467161,1.924,0.013684571984851623,0.026329116498854523,4.996264324156474,1.0
4306,-15.2901186737822,39.200908986856156,-2.5638067187845657,-3.3633566598573,-2.6957068270175744,1.755,0.044843460943793656,0.07870027395635786,4.999081301235697,1.0
4307,9.128478023953509,-38.40547543931392,-4.207215632062249,-2.89686986728901,0.4033234280444109,4.346,0.1057352457565256,0.45952537805786026,4.971072088671713,1.0
4308,17.86433643976173,-70.3616641785977,-3.9386665391046662,-2.23654176262323,-3.083704815315047,1.122,0.1277288686286926,0.1433117906013931,3.684518568221473,1.0
4309,3.3687016271378987,-10.841053129103576,-3.218169588475636,10.4543887816515,-4.50774380477339,2.57,0.14974871823500768,0.38485420586396973,2.4136381091276693,1.0
4310,7.78162486218425,-22.80218740642469,-2.9302604289284986,3.55027477135765,-2.273118194370616,1.257,0.14230888196452474,0.17888226462940757,1.999954911644464,1.0
4361,5.47612648503113,-14.985690754878313,-2.7365494197114266,1.27290177696287,-1.124271834719981,-13.68,-0.6316152588165882,8.640496740610926,0.9883970777825546,1.0
4362,4.01785113939449,-15.386788548404825,-3.829606427560104,2.09521388080101,-0.4927381390131491,-10.608,-0.6604972060293283,7.006554361559115,7.262411347517794,1.0
4363,-7.37071730282446,43.56191049421672,-5.910131769335909,2.04428845501438,0.9760344727986148,-8.572,-0.7330477483236383,6.2836852986302265,27.96879132504626,1.0
4364,9.946932309004051,-78.49540117800672,-7.891418051267121,1.29158732771135,3.442802636997122,-5.987,-0.7848295270036584,4.698774378170903,4.1645137955977685,1.0
4365,3.4123038828293004,-31.70844056097177,-9.29238474935615,2.66964474273466,2.387953526537445,-4.036,-0.7865918010181684,3.174684508909327,-1.5277777777778725,1.0
4366,4.07252565782608,-32.8442733142669,-8.064841347567894,1.1103912365576,-3.158950811766592,-4.957,-0.7665321071368784,3.799699655077506,-1.682450130969082,1.0
4367,2.50379039021573,-12.737033056395772,-5.087100384349,1.46970781954143,-5.090201628921687,-7.814,-0.8157813061918584,6.374515126583182,8.20780817706732,1.0
4368,13.51933130944886,-63.60077199087591,-4.704431789938042,-1.36055723261586,1.08045344590868,-6.522,-0.9262631380988784,6.041088186680885,6.998106060606135,1.0
4369,6.358771598468729,-43.22463136449885,-6.797638615437592,4.14314688769197,2.6239982219325553,2.559,-0.7171463713718383,-1.8351775643405344,-8.770687671475418,1.0
4370,1.4663043861372298,-3.5201899034986552,-2.400722480802294,4.08039770659241,-15.601450014287899,-10.286,-0.4980440548170453,5.122881147848127,11.922778424524672,1.0
4371,0.080384739476616,0.5505499649570126,6.84893635958313,0.352695581319765,-19.54646579578021,-25.453,-0.6361081702221784,16.190861256665105,9.872583860621976,1.0
4372,2.02504163544444,8.01787748904968,3.959364266251237,1.42372134524737,15.932525481596027,-16.571,-0.6548648481987482,10.851765399501458,1.727674345219321,1.0
4435,4.549872620001439,-29.949783559611042,-6.58255429568522,2.07551582422867,5.766099260788926,-2.575,-0.5990508144810582,1.542555847288725,3.957344899264692,1.0
4436,-0.5678270346715111,3.7093101740341767,-6.532464901358596,0.855188594957326,5.131346248911228,-1.235,-0.6450750480351384,0.796667684323396,23.52707166490857,1.0
4437,1.7577976809857203,-11.695130544995877,-6.653285910832239,5.38315295474565,3.467302614493617,0.479,-0.6719132180940683,-0.3218464314670587,1.1435697607251605,1.0
4438,-1.36195238431943,9.440157650413672,-6.931341917016383,2.86879087314065,5.746877626641167,1.115,-0.6744303638818083,-0.7519898557282163,16.486715492951596,1.0
4439,5.662959553770449,-36.759085997618975,-6.491144011993596,3.41557461751114,2.3942675254498003,-0.17,-0.6625029939967884,0.11262550897945403,8.068588415369081,1.0
4440,-4.479555628163067,24.89296609414411,-5.55701684730545,4.71514593471419,1.4207760578279771,-1.286,-0.6114410426891083,0.7863131808981932,-9.103937956231237,1.0
4441,4.77400953389662,-26.979125066512232,-5.651250772532801,4.72587484712128,4.78690853079029,-2.55,-0.6646006329033682,1.6947316139035888,-14.901493798407714,1.0
4442,-0.5630340979713897,3.3347495380762515,-5.922819861339384,4.09053577279863,3.6236241151637483,-3.683,-0.7017007189445983,2.5843637478729553,-12.392891319351108,1.0
4443,6.13492096726776,-38.58615573830236,-6.289592962024258,3.35295444152619,3.820935312384166,-4.492,-0.8016768743036083,3.601132519371809,-5.859939794545809,1.0
4444,8.492840370657401,-48.593302736614284,-5.721678568751063,2.7744428588158,4.818174890333471,-5.13,-0.8890341071015384,4.560744969430892,8.574567067724171,1.0
4445,8.07878765087936,-44.4912509315991,-5.507169250420429,3.06312221869514,4.93504751051328,-4.619,-0.9428150143706983,4.354862551378255,-11.762254859129062,1.0
4446,11.376447753771082,-52.99621178509023,-4.658414729459199,-1.02561134479848,2.1354650776028494,-3.597,-1.0378546310578085,3.733163107914937,4.56035207384049,1.0
4447,-0.592643935320366,2.612549418366748,-4.408295205036529,-0.040259885205117,1.2543827850622247,-1.469,-1.0128510755088882,1.4878782299225568,12.521763454520872,1.0
4448,6.887357696107149,-30.537655887032138,-4.4338710481513885,1.47182504276788,1.8950236080421234,1.812,-1.0157823812827484,-1.8405976748843402,-13.307919862101269,1.0
4452,2.88993933290479,-16.87427524891504,-5.8389721392365885,3.81933619307242,-0.18261725149757435,1.287,-1.0039727762243282,-1.2921129630007104,-1.146018470726562,1.0
4453,6.120644977253099,-39.72969480021999,-6.491096109621177,3.72968312125018,3.26683952569391,0.336,-1.0333881594531382,-0.3472184215762545,18.959295412438458,1.0
4454,3.9180857833024,-23.402217601785253,-5.97287014529336,3.7435247472109,1.7826775700215292,-0.365,-1.041249268011608,0.38005598282423697,0.1778273679806208,1.0
4455,3.98616143677317,-26.156848145827517,-6.56191390156082,3.31568621648204,0.8413549869365156,-0.977,-1.0141227959599983,0.9907979716529184,-2.026882001125629,1.0
4456,3.10257571877718,-17.047474667825618,-5.494620023180143,3.32219666491432,-0.3758088419301808,-1.357,-1.0146206243042282,1.3768401871808376,2.6893403359603107,1.0
4457,2.3880711635353906,-12.764406833058585,-5.3450697064494825,2.32371708441623,1.1111022668785608,-1.27,-1.0132184235191184,1.2867873978692803,5.024476592996896,1.0
4458,12.418858830482089,-62.79971734771882,-5.056802577832427,-0.240916114758988,-1.5695063377504037,2.496,-1.0324461121132582,-2.5769854958346925,1.5932361580057508,1.0
4459,2.7602739825253098,-15.524752666475193,-5.624352062425325,4.29916005216614,-0.9157056075162373,4.346,-1.0044522314410185,-4.3653493978426665,-8.317346403886383,1.0
4460,-1.51267341954432,7.15390645866089,-4.729313258387222,3.34521847792682,-1.664041411797823,3.5,-0.9370559122567683,-3.279695692898689,11.556325741500228,1.0
4461,1.74950241587674,-6.559463821244026,-3.7493311022133327,1.81389453412019,-0.6780969737257392,4.158,-0.8866321024491184,-3.6866162819834347,3.249463706396427,1.0
4462,5.003548253499552,-15.15474146335384,-3.0287989034090756,-0.868722371893952,1.5567053125729924,3.543,-0.8868725303593583,-3.142189375063207,1.4661330931570182,1.0
4465,18.464985557644148,-63.00412640308586,-3.412086416553051,6.03351250709945,-0.6631252294284296,-2.218,0.0915518318180526,-0.20306196297244067,0.0,1.0
4466,4.838072861511541,-27.50629856331176,-5.685383281871053,-0.0678740925781511,10.259610336454351,-4.773,-0.010954753228021308,0.0522870371573457,0.0,1.0
4467,6.095688854498571,-60.58412746620392,-9.938848407837172,0.29759569579106,21.504456444199715,4.371,-0.0014883241054463037,-0.006505464664905794,0.0,1.0
4468,-0.1683546341777395,1.4821628784486642,-8.803813959073315,6.19241063695442,-2.835855069597959,-0.303,0.07623593905720671,-0.023099489534333634,0.0,1.0
4469,6.19088433362074,-13.68654272175652,-2.210757298021096,4.61316649389876,-9.710555047535474,-12.16,0.05298620849504665,-0.6443122952997673,0.0,1.0
4470,6.339151977141956,-0.5737230760905442,-0.09050470443985326,-0.784165786429256,8.360081145950883,-7.545,0.06481858318393674,-0.4890562101228027,0.0,1.0
4471,4.61706303942927,-9.844157076671546,-2.1321253343528994,-2.19466567976842,-2.081344727938206,-5.314,0.08275003144324566,-0.4397336670894075,0.0,1.0
4472,2.0883607069695005,-9.956627566321119,-4.767676164894693,1.99251510973346,-6.736955632578779,-5.92,0.10587088316486881,-0.6267556283360234,0.0,1.0
4473,18.87461878976209,17.832777918754463,0.9448020178519982,2.77944360306151,-8.599457194809734,-5.43,0.13622001737575173,-0.7396746943503318,0.0,1.0
4474,19.78002055491832,131.04226596414443,6.624981283528578,4.66981481939328,-14.741944427222576,-11.209,0.1359198543389527,-1.523525647285321,0.0,1.0
4475,29.689534328794124,245.43714212320702,8.26678988646757,4.98065467051528,-9.061659229763308,-12.226,0.09495979110554165,-1.1609784060563522,0.0,1.0
4476,14.31613881579754,97.17122437990568,6.787530187446869,8.95005895005896,-3.852512929271268,-10.489,0.09819798077165764,-1.029998620313917,0.0,1.0
4477,-1.2469678689696098,-13.001211918313443,10.426260565203304,5.98196694904402,-21.275075621030037,-14.656,-0.002767753684370322,0.04056419799813144,0.0,1.0
4478,8.87009529605777,-24.62092568358967,-2.7757227923506314,2.47199856582773,22.430974234758846,0.271,0.022560602786324657,0.006113923355093982,0.0,1.0
4479,9.286536671141778,-6.224776577667805,-0.6703011895717275,2.89460973541192,-9.9349293294135,-4.946,0.043640370897181646,-0.2158452744574604,0.0,1.0
4480,1.86389324184092,-11.66558804179871,-6.258721143426061,8.86312225557018,-11.387481541605792,-8.239,0.03647158311575871,-0.30048937329073605,0.0,1.0
4481,3.25760189914679,10.720141635518791,3.29080776823176,5.22770408145942,-1.014030588767234,-4.073,0.026606478412488643,-0.10836818657406626,0.0,1.0
4482,10.737106008444693,-24.061782134770485,-2.2409932542200837,1.29225229411081,4.522837472350938,-2.778,-0.0052412830782823105,0.014560284391468259,0.0,1.0
4483,9.19302635931825,-63.8920602364915,-6.950057330329433,5.01705799719045,0.1392533523923989,1.577,-0.1769210381312613,-0.2790044771329991,0.0,1.0
4484,-3.21554946810869,35.85031542447585,-11.149048018086365,5.04642394571691,22.430974234758846,13.474,-0.2618211558118073,-3.5277782534082918,0.0,1.0
4485,3.877664575678161,-43.2322685522683,-11.149048018086365,0.304057565922449,13.8455507698239,17.59141999999995,-0.2545808587651333,-4.478438810498129,0.0,1.0
4502,11.06414395199739,-38.749084197353326,-3.5022216237848225,7.83125556961251,-1.8526723010943602,0.118,0.19157514403945264,0.02260586699665541,0.8759293113039135,1.0
4503,9.096299226791205,-28.10184704400109,-3.089371440336209,7.2765744364722,-4.340747184412708,1.291,0.1885053324611906,0.24336038420739706,2.1569820703460474,1.0
4504,36.85723634846164,-93.78214597564752,-2.54447037452828,6.05163767569996,-1.309176201187745,2.287,0.1776014187448226,0.4061744446694093,1.2717242317940247,1.0
4505,12.993540363415402,-22.472029323355358,-1.729477008947275,4.4448143398844,-0.6503020776949975,2.786,0.17498652620270772,0.4875124620007437,0.7751293933233816,1.0
4506,4.404261098476351,-3.0953872518900187,-0.7028164731107482,2.1204410433083,-3.093401870203838,4.234,0.16394292868087068,0.6941343600348064,15.919910730998213,1.0
4507,14.13750633919912,15.343605678990912,1.0853120282215283,3.47255059567348,-2.019134965642133,5.938,0.20147953336841173,1.196385469141629,16.056205234156472,1.0
4508,13.06409829432067,41.948489541582994,3.2109747336958705,1.50171752152883,-3.763862388377792,4.531,0.21278786780650671,0.9641418290312819,4.259945509321628,1.0
4509,9.92250498039105,32.711998025202554,3.2967479572797718,2.68011685421705,-2.1365764494628126,5.415,0.2374923023128347,1.286020817024,1.3493549850849271,1.0
4510,14.367436009736611,73.66056508448122,5.126910955758737,3.02758391088629,-7.243123732676282,6.234,0.2534265124416786,1.5798608785614243,8.16717346095297,1.0
4511,8.94878256990913,38.55261414211921,4.308140670637693,4.36686504978387,-2.4988090111811023,7.743,0.26135098537794965,2.0236406797814643,8.815980081433672,1.0
4512,7.42728666980518,24.0616476343361,3.239628238957854,4.11642817161422,-0.10998654324730905,7.481,0.2650613044004466,1.9829236182197412,-0.5203350493389602,1.0
4513,7.96303794910074,1.3741386936994038,0.17256462953998408,4.21794209572506,-1.1540603919721892,4.369,0.26647229284427476,1.1642174474366365,1.6510204958096295,1.0
4514,7.04221069630897,-11.639932067244727,-1.6528804049196593,6.57383828511043,0.37550641133574647,4.739,0.2587315817182657,1.2261289657628611,1.9459566049264687,1.0
4515,5.498695589885051,-20.930940295118724,-3.8065282852939823,4.43262590683975,3.522850240778408,3.923,0.2519148856147758,0.9882620962667655,0.6548161080893289,1.0
4516,3.6826890480460497,-17.921934289455017,-4.866534767295649,6.15170261099519,1.148954075906028,5.171,0.23875538192059276,1.2346040799113853,15.522148431357133,1.0
4517,9.17539270272675,-46.48803856148498,-5.066599334508007,2.49763692943365,5.094484280391143,5.673,0.2488208880592927,1.4115608979603675,23.158137159973368,1.0
4518,16.90679599425719,-39.93174717516327,-2.361875496026986,-1.27408744338709,-1.4323669337230838,7.789,0.2551956429102997,1.9877188626283244,7.86624935160718,1.0
4519,3.905472305472281,-1.524272345886086,-0.3902914235879491,6.51388575852702,-3.8137118298634087,7.032,0.2515787174150388,1.7691015408625528,0.6597776157933222,1.0
4525,6.027650590190059,-67.20256586627559,-11.149048018086365,7.70904000189154,15.956033498105548,-2.483,-0.32061013008460426,0.7960749530000724,0.0,1.0
4526,7.13647623921451,-70.61694492205707,-9.895211944239538,8.38747212468969,5.145894603211465,-1.245,-0.41313108744390226,0.5143482038676583,0.0,1.0
4527,3.25304247040457,-31.53175974525479,-9.693005865162679,5.21164584606353,5.786236302780701,1.115,-0.4965485151513203,-0.5536515943937221,0.0,1.0
4528,5.057498121199591,-35.075621111188134,-6.935370072439795,4.20900547865375,6.455376245668831,0.648,-0.5224233070592352,-0.33853030297438447,0.0,1.0
4529,6.939900082867807,-55.20946155174231,-7.955368361575582,0.949908149985234,8.479948111980406,-2.049,-0.5620090338552493,1.1515565103694057,0.0,1.0
4530,-4.21620136137552,33.04025511242522,-7.8364983738931215,2.50884372716125,3.485228301131116,0.417,-0.3802544258031123,-0.1585660955598978,0.0,1.0
4531,-1.5754553340650204,11.64313803845675,-7.390332043508272,5.09686030493801,2.022040245676826,0.963,-0.32907857893257736,-0.31690267151207197,0.0,1.0
4532,-0.1302362981787208,0.847938472861911,-6.510769153606479,8.17565333965649,1.1056439782856309,2.273,-0.3066551271449914,-0.6970271040005654,0.0,1.0
4533,0.29077635634094,-1.7784713265009444,-6.116285893670316,8.27618334503531,0.07953643413389777,4.332,-0.3381293098679023,-1.4647761703477526,0.0,1.0
4534,12.41979588883788,-76.95381636366893,-6.196061276081849,9.85723870564752,1.1057273834751191,2.212,-0.3451406647942843,-0.7634511505249569,0.0,1.0
4559,-0.054001002146401,0.21894054974226151,-4.054379382602869,0.617892325624297,6.174319163061659,2.116,0.17004411896675276,0.35981335573364887,0.4823304680037221,1.0
4560,-1.12387540381234,6.398215257201162,-5.692993400778713,5.45352893818767,3.7194854692889967,2.154,0.18250171220876976,0.39310868809769006,0.2756522978946796,1.0
4561,-6.301922026947491,41.81222037358697,-6.634836196765809,4.16502313666112,3.7202605921731635,1.404,0.20466478080092665,0.287349352244501,-1.0815583676951457,1.0
4562,-1.6982812644459302,12.2420627386188,-7.208501321253646,4.95820320611745,1.1587087524250972,1.622,0.22541978854680966,0.3656308970229253,-1.8770337622866728,1.0
4563,10.81020747603859,-56.939934487026804,-5.267237896519308,6.28506032509601,-2.6893754317304563,1.033,0.21385796800561774,0.22091528094980312,-3.437659461742504,1.0
4564,0.51626199544783,-2.1350889563756983,-4.135669437614949,7.5288990440594,1.2455817075314624,0.436,0.19639053876945278,0.08562627490348142,-0.6617175888357307,1.0
4565,20.8854518357185,-45.63112622401707,-2.1848282997631054,8.5183877690955,-2.5393414635442535,-2.029,0.15845143915453574,-0.321497970044553,-4.458963837016395,1.0
4566,13.6375028531782,-51.56270514748914,-3.780949173951779,9.1265683014642,3.898177353426746,-3.348,0.10688256588766676,-0.3578428305919083,-6.510017328189566,1.0
4567,3.47465567396046,-15.917737730504905,-4.581097876775125,1.0958236592427,3.215701469370802,-2.476,0.10437688226079467,-0.2584371604777276,2.9783802421572414,1.0
4568,12.72219616825843,-81.9981308310433,-6.445281124938683,8.33245910749577,0.06533256520067088,1.483,0.10190529785937064,0.15112555672544667,-6.189035948209676,1.0
4569,5.40882636387563,-27.252895813269586,-5.0385969117599565,6.32719240161117,-1.9340155484683041,0.016,0.08142989177772864,0.0013028782684436583,-2.514048050971185,1.0
4570,8.87529816642315,-28.02606124970959,-3.1577599675171726,6.13972470560435,-2.686620117449545,-2.043,0.06408469723153876,-0.1309250364440337,-4.230550170693881,1.0
4571,10.62646662068662,-36.60602847091732,-3.444797765576763,5.85251821084928,2.297609355676,-2.07,0.02732287250060672,-0.05655834607625591,2.4383128375372154,1.0
4572,3.88299320667877,-19.3992884992017,-4.995962513103246,2.38215737180541,2.73518994746762,-0.754,-0.004434137785297332,0.0033433398901141884,5.075878503015829,1.0
4573,10.13482264816799,-65.20485973817492,-6.433744526349615,3.25224477218451,1.6388693827855683,0.189,-0.034132832374652256,-0.006451105318809276,12.16589411612925,1.0
4574,-1.19718160361783,7.108584069558971,-5.937765872844306,3.95331871520767,2.165637178339197,2.036,-0.02356591063877933,-0.04798019406055472,5.986056923263838,1.0
4575,6.812078546691941,-35.85344370590094,-5.26321642655045,2.51883544233135,1.332643461234384,2.146,-0.019602875904974337,-0.04206777169207493,-3.394696464468838,1.0
4576,1.4639230891590502,-7.127564402235931,-4.868810701203133,3.969351341365,-0.26454328009876127,2.827,-0.034504176253810304,-0.09754330626952172,0.8009292863412565,1.0
4577,6.077744145629531,-30.42830241519792,-5.006512562243794,2.24063176875049,1.3615270566372573,1.964,-0.042701538079569334,-0.08386582078827418,1.5414959810676754,1.0
4578,49.218602530689296,-266.24317594839397,-5.4094013697845895,-10.9333065010382,-0.011410963179325773,1.388,-0.14859724642771932,-0.2062529780416744,4.724695981056271,1.0
4579,-10.53650569669971,56.63263346980272,-5.374897057906156,13.4166456126513,-2.9142036409350203,8.301,-0.06663114507538037,-0.5531051352707325,11.033459845888396,1.0
4580,6.493921155948501,-18.0821912199035,-2.784479636519766,2.81819976419922,-4.750255224940103,2.53,-0.05196505428142428,-0.13147158733200343,-1.169233957428717,1.0
4585,17.92124374224105,-5.953377168656054,-0.3321966518776662,5.18641167406165,2.326020910073656,-0.537,-0.0894867588211693,0.04805438948696791,12.41434970622366,1.0
4586,9.080401867318749,-7.271612652651939,-0.8008029555193126,-0.514090599541888,5.502096475468932,-0.367,-0.015403240717862254,0.005652989343455447,38.75852224769343,1.0
4587,13.535733515338432,1.6286088079307992,0.12031921329459472,3.34645118398267,-2.0276769789893456,1.309,0.03124344574840665,0.040897670484664306,-4.411670605803919,1.0
4588,3.7382599260726304,-1.2378227304101699,-0.331122702778619,4.38250500083399,1.8530589919610874,2.288,0.0484507513623178,0.11085531911698313,13.055511378099371,1.0
4589,6.936461082845719,-3.320831483026137,-0.4787501066269586,3.04923134463486,2.766318229391551,3.274,0.04187109026830271,0.1370859495384231,15.38821852247847,1.0
4590,6.25219559341285,-12.969259436260733,-2.0743528001466887,3.71625500158383,-0.9570849931805459,3.494,0.06788282707677473,0.23718259780625092,1.1980484769210875,1.0
4591,-0.7996351254583205,2.219415628968685,-2.775535438987376,5.08691113513073,0.9494046696878478,3.707,0.08503867128013476,0.31523835443545956,5.037959262505609,1.0
4592,4.154091616829939,-15.164384791362345,-3.650469510572459,6.56922851180626,2.8930196828418575,3.491,0.09443025899827273,0.3296560341629701,3.388321751429735,1.0
4593,1.8996955911125093,-6.762607463569892,-3.5598374261686523,4.94250511877678,-0.316135740931367,2.807,0.12555661627424064,0.35243742188179344,-1.703116379842351,1.0
4594,18.13719731366461,-54.409842574290245,-2.9999035481241485,5.31641682136939,-0.5823072217694736,1.625,0.12981538060125863,0.2109499934770453,-6.84612055291619,1.0
4595,3.0864149052542595,-7.284201841538718,-2.3600851036385997,6.51929155018938,-1.346746546115385,0.046,0.12813208016498967,0.005894075687589525,-10.067143253848132,1.0
4596,5.6964157852544695,-18.621059302706538,-3.2689080300121915,4.34448730509183,1.2845629511908374,0.285,0.12576168517392572,0.035842080274568824,-3.954858494015623,1.0
4597,7.190068444539549,-20.463896715824834,-2.8461337849107693,1.44832306275669,-4.140929875409705,-0.016,0.12555560561336965,-0.0020088896898139146,7.572544874551501,1.0
4598,3.5625828102553205,-12.95797992440384,-3.6372431504196188,7.33449996034538,0.46857724372619813,2.569,0.12119748637615979,0.3113563425003545,-5.390186800246077,1.0
4599,1.4485169348999798,-4.686017391258451,-3.2350449472529093,3.85823282795663,-0.9418025953960685,2.254,0.09954586764231177,0.22437638566577073,-3.982577323494574,1.0
4600,0.0808445213491504,-0.34939776657854504,-4.3218484165373425,6.89695171050985,-0.734120357664525,0.377,0.0854684955570767,0.032221622825017913,-2.503494934376016,1.0
4601,22.57897124964645,-103.18309670530846,-4.569875906411109,6.75053130142255,-0.32584484348768816,0.219,0.0611649310430088,0.013395119898418927,0.5147911445140485,1.0
4602,6.089513001954329,-32.516880430891554,-5.339816241537836,6.34798748260867,-0.8154236281151084,-0.371,0.028739366573434677,-0.010662304998744265,4.591624621413248,1.0
4603,2.8475148887963107,-16.026952039871162,-5.628399733019836,6.34830971672761,-1.4177699987580006,-1.323,0.005484365846053718,-0.007255816014329069,2.495059776891839,1.0
4604,6.176816283793281,-40.3532603767106,-6.533019361865985,7.14945675000752,2.332637043753505,-0.145,-0.024122992180080294,0.003497833866111642,4.372526899192697,1.0
4605,4.4921366220259,-30.516296502484344,-6.793269900309012,6.9309883258402,0.5906263971362291,0.744,-0.051529793600787355,-0.03833816643898579,6.129932411763361,1.0
4606,2.6576601732500693,-18.7033765366944,-7.037535018565569,6.34148557153473,0.7783894316872209,0.752,-0.07110572714060037,-0.05347150680973148,4.479253058088784,1.0
4607,3.72539597688366,-20.67876461216427,-5.550756145246689,6.11852566221303,0.3306303739474936,1.484,-0.07521450835973631,-0.11161833040584868,-1.6437975630205437,1.0
4645,11.59835027274411,9.670392933627673,0.8337731406813003,-3.90438965639359,2.276049302292882,-2.055,0.23176097445654764,-0.4762688025082054,9.01363960856434,1.0
4646,6.23032705610998,4.3530808027988375,0.6986921815813574,-3.76911321783457,-0.058130004295209314,-0.673,0.20231060401394163,-0.13615503650138272,44.20253992023475,1.0
4647,7.31254055078869,1.9222225883479886,0.26286658856759004,1.85555399408817,-5.602384696327423,0.165,0.22839564370013277,0.037685281210521906,23.97679549573788,1.0
4648,7.503806330729629,25.1267852678661,3.3485386163241913,-2.49484199260023,-2.3503978260509317,1.936,0.23318029568166276,0.4514370524396991,8.222593273682133,1.0
4649,6.370775748093933,31.26282430286506,4.907224102530773,-0.121288605564772,-6.754130317994123,-0.304,0.24045353578272977,-0.07309787487794984,21.801734071409573,1.0
4650,7.423141110924278,17.54764319210673,2.3639107663308074,-0.158900533082658,-3.488551863406242,1.329,0.25608139162363874,0.34033216946781586,14.946837589770002,1.0
4651,-6.61033511290193,-18.317832580749986,2.7710898566999393,2.16410250222083,-7.049070321531959,1.75,0.26922612664586776,0.4711457216302686,-8.517307325035716,1.0
4652,12.06566080575895,3.0171752416137583,0.25006299200568094,2.72117574098235,-3.6141381392014615,-0.188,0.26897129979751067,-0.050566604361932006,-9.566922400532665,1.0
4653,23.14523523787626,-62.92492736808286,-2.7186989771920187,6.34479592309654,2.9044051198142684,-2.025,0.2639304446746108,-0.5344591504660868,-3.742088521988141,1.0
4654,33.46964754955113,-92.19938647928538,-2.754716384233986,5.40994409107307,-9.986606333024229,-2.849,0.2902926759449397,-0.8270438337671332,-1.457632002785514,1.0
4655,19.94973353400682,310.62266675101336,15.570266451003874,7.81518922862388,-30.753723343003294,-5.337,0.2648167094337177,-1.4133267782477514,-2.989757383555247,1.0
4656,8.139620957622451,139.72588142588233,17.166141046781085,-0.296457845880582,-1.4413028204989686,-6.899,0.2426976980197797,-1.6743714186384602,-8.94524668988863,1.0
4657,15.07683453516714,256.2131389279959,16.993828401470584,6.80042148322096,-8.36615865957766,-2.734,0.22126132895204764,-0.6049284733548983,2.0390073658084207,1.0
4658,0.1176307366814999,-0.5651024002318907,-4.804036905438899,10.1284540720232,6.583891790271101,5.483,0.22491664880829865,1.2332179854159013,-1.3011724737851615,1.0
4659,16.22778306782134,-39.43460270513092,-2.4300671595325447,1.10754362619616,-8.18540165290239,-3.062,0.2283602197611787,-0.6992389929087292,-12.80936139724148,1.0
4660,6.285132224717209,-21.207030385184314,-3.3741581922150408,4.65711959686239,-7.66984461363257,-2.215,0.2150425773684438,-0.47631930887110296,-12.1183151414866,1.0
4661,2.87656374363655,-5.578504817767751,-1.939294698443014,3.82494632800675,0.9099491422276174,1.19,0.19721451939932766,0.2346852780851999,7.720192412590832,1.0
4662,-10.160984109350233,41.145583646350666,-4.049369943260527,13.5437706216546,-3.1425475713487527,6.87,0.22521801511081274,1.5472477638112836,9.662465304231205,1.0
4663,1.4484876555048691,-7.505042040102109,-5.1812951332928225,6.57835632304275,-4.753904215528393,6.265,0.22842027006044174,1.4310529919286674,12.473735992811765,1.0
4664,5.38404802840983,-29.0743696346602,-5.400094776503558,5.48957315278187,1.8996255978987353,4.55,0.23042544970021472,1.048435796135977,13.17064364305296,1.0
4665,-4.4692544065979,25.72707495882343,-5.756457927488508,3.53461081750459,-1.952843023963502,4.746,0.25407701605197563,1.2058495181826765,1.779717827953231,1.0
4666,-3.501003250429258,17.51345530160224,-5.002410466044244,-0.279252284959952,-6.517702268588133,2.475,0.2568047696391377,0.6355918048568657,3.282585289010642,1.0
4667,-0.0630960851041892,0.08367607882985427,-1.3261691068737749,4.48051456942582,-8.12185803782761,2.58,0.25929919259460565,0.6689919168940827,2.85640366637121,1.0
4785,0.9711529761583302,3.157321649811737,3.2511063934555544,4.24251610269859,-1.087038186806355,-2.432,0.13391378245110164,-0.3256783189210792,5.885363025459145,1.0
4786,7.552342230057996,4.821845030543762,0.6384569029926936,0.0680377558080636,12.365043486704575,-3.005,0.17656481774048072,-0.5305772773101446,25.19109907076318,1.0
4787,14.21777022192619,33.63696880913067,2.3658399512784936,-1.36607971240079,3.002436847139367,-4.279,0.17665642049481067,-0.7559128232972948,14.39885469351916,1.0
4788,5.15477054916731,10.921583379521874,2.1187331764526594,-2.31414056819045,4.554300321882243,-2.671,0.18715331668578683,-0.4998865088677366,11.775292234231973,1.0
4789,40.403781928540994,237.16637141189793,5.869905243805036,-0.834054716746095,1.3601953088482999,0.547,0.18715159803911374,0.10237192412739522,17.771338915734415,1.0
4790,1.4836718295078193,7.560170524345488,5.095581363739605,-0.0214043949985694,7.833572889453122,-0.074,0.2206616447704437,-0.016328961713012832,39.21974544915771,1.0
4791,6.60165673547229,49.63565729899835,7.518666796517005,4.32074548551591,-1.7961525537293799,1.893,0.2786120734706907,0.5274126550800176,12.387138439917855,1.0
4792,11.040812960949289,84.77805852709118,7.67860653259377,4.05741836363771,-8.716010405237796,-0.062,0.28248504033169075,-0.017514072500564828,-7.000901649157997,1.0
4793,8.82641972939299,61.59434666160609,6.978406709629937,2.13349066459601,-9.09673901903557,-0.766,0.28251772610716563,-0.21640857819808887,3.403712596743436,1.0
4794,5.01917559232883,26.666311144025556,5.312886678995971,4.80711719268376,-5.518077274024891,-0.713,0.28856578414266276,-0.20574740409371853,-8.786771182205888,1.0
4795,24.54066530781435,78.94051467734427,3.216722679975904,5.42162287218235,-3.5398495054854373,-1.425,0.2682735088839897,-0.38228975015968536,-10.689837106418263,1.0
4796,29.0839089420362,101.31542995044421,3.4835561530729713,6.4962921197091,-8.485783935110348,-1.142,0.21812738277627763,-0.24910147113050904,-13.301377558824669,1.0
4797,21.41721654106688,69.41033887148178,3.2408664654620036,-0.261137328080281,-9.595852284608352,-1.791,0.1895285665466807,-0.3394456626851051,13.828795836542929,1.0
4798,7.921550379909901,11.921224768940643,1.504910553769177,11.0952312685521,-2.349746973536848,0.826,0.15096152540278873,0.12469421998270348,-4.192983470291745,1.0
4799,11.80813878379128,-13.638686049406886,-1.155024199760283,4.28637120702282,-0.6026440740178107,-0.068,0.1157429688931827,-0.007870521884736423,-11.865842429419216,1.0
4800,12.466382135813287,-44.02343745202756,-3.531372371905519,-0.708043112316886,-1.1226692310996045,-0.977,0.08943238242951967,-0.08737543763364072,5.4331835909327,1.0
4801,12.644103443396292,-39.80282064476512,-3.1479353852924357,8.29307648940471,-0.5327147550576172,1.581,0.06122414577144075,0.09679537446464782,-2.663631744944561,1.0
4802,9.69827246555626,-31.55763369973646,-3.253943814407613,5.30123864473624,-0.029720259882859423,1.322,0.023660537325031705,0.03127923034369191,3.678137585429786,1.0
4803,10.24541311651361,-40.98348143765817,-4.000178516140143,2.95715168367079,0.6372862570752647,0.271,-0.028701014999774288,-0.007777975064938832,16.645107090665356,1.0
4804,3.08246247305112,-15.61259368569713,-5.064974455388352,4.26802583314583,2.11797531914959,0.437,-0.008775913575778227,-0.003835074232615085,8.945767035713414,1.0
4805,3.59059600683668,-18.429146944327066,-5.1326150057642295,4.81007885554041,-0.5207237938240072,0.374,-0.005998175979003317,-0.002243317816147241,-0.9100974189827582,1.0
4806,4.854859029886741,-26.047357892654542,-5.36521405303548,3.20425034076639,1.2945062751453351,0.439,-0.04036603005790429,-0.017720687195419985,2.0141029442737546,1.0
4807,10.19875243626739,-53.50701362078701,-5.246427340515963,-0.40185510068001,1.4496680431678843,1.014,-0.07176871704417132,-0.07277347908278971,8.873137566988332,1.0
4808,20.042142415677816,-112.3172150430318,-5.604052336998289,-0.819785390971916,0.29654082288630423,2.497,-0.1017280423989883,-0.2540149218702738,8.49862147500582,1.0
4809,4.3135388842209,-24.109008428202237,-5.589148278318289,3.99461510731535,1.1942036657008215,5.719,-0.08961160381335331,-0.5124887622085676,0.0452704998832764,1.0
4875,-16.75414467140818,13.159551168033936,-0.785450491572476,18.20994670112416,-0.030526974387301564,8.728,0.09939132355435165,0.8674874719823812,0.0,1.0
4876,-3.176534135812771,14.450804276546393,-4.549236261504523,11.2186524616371,11.093998054410626,9.404,0.017399189997260756,0.16362198273424014,0.0,1.0
4877,7.069334885023939,-78.81635408906494,-11.149048018086365,4.28406436325426,22.430974234758846,7.001,0.05730084882954467,0.40116324265564224,0.0,1.0
4878,2.648029725574469,-26.98798863127828,-10.191724198044435,8.02812548837973,-8.094163493283258,4.353,0.13633076665362276,0.5934478272432199,0.0,1.0
4882,1.5604547234218025,-4.556652148016467,-2.9200796919147587,18.20994670112416,-12.399964024444522,-6.711,0.11473408209493963,-0.7699804249391399,0.0,1.0
4883,35.36494351120225,109.61767255098694,3.0996139585593934,7.49272803754515,-8.772366338314729,-17.691,0.0673463819390937,-1.1914248428845067,0.0,1.0
4884,13.463768824164902,165.30335445520498,12.277643549443372,18.20994670112416,-20.15513905079047,-9.803,0.04457689649153673,-0.43698731630653465,0.0,1.0
4885,21.554586857896,201.30475316839812,9.339300005866502,17.9852165615129,-3.632731224480912,-8.395,-0.011224601702328307,0.09423053129104614,0.0,1.0
4886,2.0264380887395994,17.481822288991317,8.626872138918703,17.6630346842674,-7.213571228097637,-10.343,-0.0034744730418913017,0.03593647467228173,0.0,1.0
4887,4.931479277444099,29.980303408255597,6.079373291779069,11.9575512911227,-15.185953698220356,-9.489,-0.11280759028214232,1.0704312241872487,0.0,1.0
4888,6.345304532696602,-30.334684303527656,-4.7806506602191625,16.7315558489187,22.430974234758846,-14.129,-0.04244594314463224,0.5997187306905088,0.0,1.0
4889,4.0723308171104,-21.32650644625099,-5.236928777162465,13.0214050496923,-7.165277445995411,-4.6,0.007036601262190745,-0.03236836580607742,0.0,1.0
4890,18.30777203366166,-121.87239392996858,-6.656866477575065,4.62623675511804,-14.306436259594769,-5.236,0.03328080737087369,-0.1742583073938946,0.0,1.0
4891,15.16281077724685,53.996863539291006,3.561138124886325,4.43070196521455,-4.714205447455666,-8.554,0.0045519982428606776,-0.038937792969430236,0.0,1.0
4892,6.48181156870339,6.3429046210866105,0.9785697337627841,4.11911527912761,-0.4923991949012496,-19.27,-0.056340954767606255,1.0856901983717726,0.0,1.0
4893,-1.30944532995788,7.00013855843891,-5.345880731549196,4.75334572438737,1.9514111351593089,-13.352,-0.30347808476134025,4.052039387733415,0.0,1.0
4894,-7.63573070644895,85.13112829937586,-11.149048018086365,3.06419188430156,22.430974234758846,-18.447,-0.3925584508423683,7.241525742689167,0.0,1.0
4895,22.75873105215888,-253.73818533123256,-11.149048018086365,-1.49760470227838,13.054762072423776,9.203,-0.39514870243370825,-3.6365535084974168,0.0,1.0
4896,-7.75269277523787,86.43514402059826,-11.149048018086365,1.23487220191065,-4.022384193475381,6.82,-0.39837554748257226,-2.716921233831143,0.0,1.0
4897,1.793202393728628,-7.632000788356137,-4.2560732770866,0.688240954592672,-7.817445389144872,-2.26,-0.5994319375618583,1.3547161788897997,0.0,1.0
4898,7.343664026241599,-20.18879718812864,-2.749144993015296,-3.5576039896784,7.295702412685112,-0.999,-0.9796750859439682,0.9786954108580243,0.0,1.0
4899,-0.19104321549514,1.9827372327905628,-10.37847498353587,1.62684671918775,19.998591916820274,2.134,-0.8243017376894083,-1.7590599082291971,0.0,1.0
4900,13.23182640348148,-92.9924218366336,-7.027935449044736,4.18500970982862,-16.203092533115015,-0.243,-0.6022528336193883,0.14634743856951135,0.0,1.0
4901,-0.0431559682015698,-0.13305021287315721,3.083008409212738,1.18715991623776,-16.578887381086904,-10.374,-0.7715497487016783,8.00405709303121,0.0,1.0
4902,-3.725112822547224,-16.95666898178692,4.5519880308462675,3.10963283242745,17.799715752912547,-5.482,-0.7998915018225683,4.385005212991319,0.0,1.0
4905,78.75633626224682,2832.8691356633817,35.97004723823555,-4.8490627379703,8.21587623398814,4.738,0.32159776671546847,1.5237302186978898,68.01164671469917,1.0
4906,55.77865883166351,3198.6062877133745,57.34462525114789,-2.02981290571721,-30.753723343003294,5.187,0.2878429157848057,1.4930412041757872,23.823186381216587,1.0
4907,50.775743581046,2911.715987503461,57.34462525114789,-0.376660705758994,-1.5309416758250927,5.329,0.3246502529942338,1.7300611982062717,68.01164671469917,1.0
4908,38.3485123157604,2199.08106768631,57.34462525114789,2.4612634592269,-10.977701503658665,3.579,0.33326990160179737,1.1927729778328329,41.58319249997464,1.0
4909,12.804116282925722,498.69590733252534,38.9480926534177,5.21813625673708,-11.394072192084826,3.988,0.31798838172798083,1.2681376663311876,33.866900264544576,1.0
4910,40.89410426704729,1454.0045118864573,35.555357867517905,5.70299165043771,-13.571674496811536,3.201,0.30362356231109766,0.9718990229578236,13.745800111547643,1.0
4911,18.73118589600089,498.6109296586431,26.61929321651207,2.34114732919521,-9.52627797364859,2.595,0.26319946621182677,0.6830026148196905,0.4375705695956799,1.0
4912,37.9930656286687,757.7127537143127,19.943448657708736,10.4281130180976,-9.431274953433222,2.286,0.24670286466772673,0.5639627486304233,-1.6972930655142937,1.0
4913,15.3747425187407,191.3162565348631,12.44354214723677,4.6681480508487,-7.831164437388027,3.393,0.2039395987980307,0.6919670587217182,-10.724279069168697,1.0
4914,6.09793055992227,54.11577479555397,8.874449169890806,8.02881107599163,-6.46268306709773,0.69,0.14446789119302172,0.09968284492318498,-3.592391659062366,1.0
4915,26.600071778809053,124.81348984567357,4.69222379862547,7.23380774362805,-3.531959291941411,1.36,0.06452260071409577,0.08775073697117025,-13.198132183055444,1.0
4916,8.18625061616112,39.393064752776574,4.8121009971289705,9.30746717077338,-5.442151136040064,3.046,0.04537297601473467,0.1382060849408818,3.305991318910295,1.0
4917,14.55002823395959,89.4545680879762,6.148068350767204,-5.51670615843011,-3.472162440732074,4.605,0.03444088550500668,0.15860027775055577,21.05980553359177,1.0
4918,10.72318210570673,42.63967350774806,3.9764011361008045,-3.90581157302972,3.09511652240555,6.858,0.021662073693034745,0.14855850138683227,4.216506931861974,1.0
4919,1.97142501779436,1.3439124147145105,0.681695931919382,4.49558909946313,0.34492670228627453,6.22,0.030196073454219707,0.18781957688524656,-4.068462401795847,1.0
4920,0.93883525808456,-3.125462351647253,-3.3290849749549407,1.90361696799603,1.4641404254980728,4.135,0.04491644945626372,0.18572951850165045,13.763383839074228,1.0
4921,8.526602946433506,-29.18540572388274,-3.4228644053480135,0.278771877470234,0.7134112352828792,2.385,0.0628256421004677,0.14983915640961545,-4.0448455490839645,1.0
4922,4.214172589478619,-20.79851285773025,-4.935372820196587,4.11600109267832,1.6030573612498378,2.443,0.09366454469975172,0.22882248270149344,0.6387880305495308,1.0
4923,6.23643055977809,-35.494638264581376,-5.691498995195158,3.1570360543854,0.17122727227543155,1.759,0.10548400172400374,0.18554635903252256,19.601593427236864,1.0
4924,6.8807520022382604,-40.41341216817327,-5.873400488061053,2.85993252302089,-2.0831949818714723,1.348,0.11893590435361068,0.1603255990686672,1.336023966048172,1.0
4925,3.2121956269575893,-17.55450937680206,-5.464956501864334,8.19547826641261,-1.688022431805114,2.497,0.1378375427738937,0.3441803443064126,-0.1648525360192221,1.0
4926,3.4934575776806707,-15.671340697463558,-4.4859112638396095,5.39452228185675,-3.1980304868379106,2.856,0.1476047556892427,0.4215591822484771,-2.7359710795208048,1.0
4927,6.94481915465302,-24.399961045073184,-3.5134048132448834,3.96028958497598,-4.140267384126983,2.738,0.15736651628457177,0.4308695215871575,7.517431510759032,1.0
4928,18.91109471941927,-39.039092096103055,-2.064348609920234,-3.59802546034757,-4.7108101113935374,4.552,0.14597492923659072,0.6644778778849609,0.1431518176152169,1.0
4929,10.22737792169531,-22.96832180463716,-2.245768366094551,5.58735072538869,-2.427219246883938,9.542,0.13963182641845773,1.3323668876849235,-1.969254573622936,1.0
4930,2.65449809308309,-6.473076524527851,-2.4385312392557195,4.18771305104109,-1.342950580678759,6.701,0.15230177758919772,1.020574211625214,12.692438657987172,1.0
4931,8.246522904403989,-6.133779159759209,-0.7438018702989977,2.25773416555121,-5.010704055074767,5.833,0.17201984298274575,1.003391744118356,-2.4354045469652807,1.0
4932,10.395931981139505,20.83984643773636,2.0046155049440877,0.916003764382594,-6.069126828456239,5.609,0.1772409519920738,0.9941444997235419,0.526493172895548,1.0
4940,29.056078001638024,993.4336902994377,34.190219693223334,4.69999190914258,-9.898400613472159,-2.991,0.22491825100049678,-0.6727304887424859,7.473666677808688,1.0
4941,31.235082953829608,477.3341203891262,15.281986639660971,7.29995234528189,-9.672074983715929,-0.673,0.1921697582104397,-0.12933024727562592,-2.094067283425083,1.0
4942,26.535202621960437,192.86818827704724,7.268389506000238,7.19994786954857,-8.680026984172285,-1.35,0.1614109945407567,-0.21790484263002155,-6.119776500029895,1.0
4943,29.73533870874261,253.55024713194794,8.526899579502707,6.39996544799469,-13.524146756278165,-4.575,0.14533839999835074,-0.6649231799924546,-1.8369707277979817,1.0
4944,32.188652736924894,313.28383704557103,9.732741522486606,8.20006825456321,-12.746901844131653,-7.597,0.0951363429893547,-0.7227507976901276,-3.866024106892929,1.0
4945,32.597901126438586,333.16678748088003,10.220498129269572,8.49997776916511,-8.668089574193694,-7.804,0.026704416692110655,-0.20840126786523155,-5.921501353702075,1.0
4946,8.92937770243443,72.17194545168624,8.082528016707133,5.19996926404957,-7.100156288234539,-5.585,-0.010986796175795233,0.061361256641816374,-2.845763527674982,1.0
4947,25.11645985497285,192.40606608476884,7.660556750264869,-7.79999391271275,-7.990766765359103,-4.549,-0.04805086980542328,0.2185834067448705,27.713024482412195,1.0
4948,20.010362491972774,65.57980239399207,3.27729207405911,4.49999999920672,3.9596905688816797,5.889,-0.023841594796449317,-0.14040315175629003,-4.32396818149996,1.0
4949,15.284617780671422,51.87470145812251,3.393915517058076,4.30002918604238,-8.53783008061434,3.194,-0.012437296319420255,-0.039724724444228296,-3.2454449256597573,1.0
4950,9.0343041341573,50.07508280813227,5.542771425948144,4.0240861571798,-15.207086325675556,-1.432,-0.0345910246254183,0.049534347263599,4.960428315299215,1.0
4951,14.27590149851439,112.13991914878552,7.855190031988892,1.75542214916291,-3.0449606649997962,-0.382,-0.07570206089964626,0.028918187263664873,3.233844818756415,1.0
4952,14.09138265670285,69.02240770651315,4.898199799696821,0.736267221403651,0.6850805576694707,1.162,-0.14372035544284834,-0.16700305302458976,20.545384278316824,1.0
4953,21.6897522446821,-16.451066477168492,-0.7584718484371793,-1.9727192264298,1.5869021187256083,1.07,-0.15483408109738228,-0.16567246677419906,58.78190942997246,1.0
4954,-1.118138865820999,1.4660843217881283,-1.3111826863398122,0.193671130698817,-0.26160366590445294,3.386,-0.12648462702260133,-0.4282769470985281,10.04023491799384,1.0
4955,5.58440618492085,-11.930981044846154,-2.136481597105612,1.82670527549192,2.93316488208466,3.67,-0.11621643966596529,-0.4265143335740926,-12.993827264842697,1.0
4956,9.51276884512754,-27.113445008865728,-2.850215899312353,2.80634082046656,0.014521708865333771,1.469,-0.10789103955502533,-0.15849193710633222,7.413651830726287,1.0
4957,2.9058629457590803,-5.619395564743258,-1.9338130082646892,2.19807571381982,-4.177110909079984,-2.923,-0.1210773573778563,0.35390911561547395,3.3023562214499647,1.0
4958,19.31006840867753,-34.6457922587284,-1.7941827820329896,-2.65365449695453,0.49004309138547253,-1.93,-0.1913008041433663,0.36921055199669695,11.380161392409535,1.0
4965,15.2078597820224,351.2432857037889,23.096168082704352,13.8497524852284,-2.2914112076178883,5.006,0.32401346095286987,1.6220113855300666,-1.724197683766704,1.0
4966,-5.337426388861481,-95.74632581941468,17.93866909700617,8.85866949472509,-5.86122445590076,2.221,0.3174804638826383,0.7051241102833397,3.576520265629912,1.0
4967,3.54382022096497,5.64368122839446,1.592541629230194,4.35188831823314,6.088876957160871,2.591,0.3216645270886693,0.8334327896867423,6.925026411045332,1.0
4968,7.255798784245309,12.003862531485474,1.6543819486215288,8.37089593573039,-1.4593478664567505,4.413,0.3185788723442249,1.4058885636550644,16.695804717142337,1.0
4969,-4.18637052556541,10.30260117596348,-2.460986459045455,8.48456034086699,6.491158229198013,0.218,0.3159512724690705,0.06887737739825738,13.6762105251816,1.0
4970,1.7037227501330996,-5.681205091613109,-3.334583101135016,13.1920736288433,10.080497565252312,1.801,0.31310145805739875,0.5638957259613752,7.307887708328442,1.0
4971,15.33454203763,-134.62651924959312,-8.779298326564179,2.2023875095978,15.18601363206007,2.032,0.3180242679875278,0.6462253125506565,13.103554409014096,1.0
4972,10.199066203773448,-31.45388440769581,-3.083996493331763,7.44766737037035,-9.247132704585193,1.233,0.3082398917166226,0.38005978648659566,7.401398845364837,1.0
4973,9.71403345474515,7.238601130401266,0.745169466846475,9.37789916585375,-2.180260672464751,-2.274,0.3034288041213108,-0.6899971005718607,-3.3987996684026744,1.0
4974,17.10603848940358,94.04628497932775,5.497841305430546,9.22707576994632,-0.7589352428768681,-1.124,0.2876072303206657,-0.3232705268804283,-1.095743874513222,1.0
4975,25.77912360263908,-24.170922169373767,-0.9376161324157399,7.63329819042882,6.496535662507141,0.029,0.28479286097112866,0.008258992968162732,-0.8619257327668883,1.0
4976,5.986216777392601,-1.7507687949765705,-0.2924666546638406,11.161247324054,-6.152055563096315,1.555,0.2709975673360556,0.42140121720756646,-0.0194434337985938,1.0
4977,-2.30232114014469,-3.6200349211244713,1.5723414331751169,6.24825750704265,-5.685395295411222,-0.825,0.2934759621854718,-0.24211766880301422,3.919306291156732,1.0
4978,12.84368995439944,45.7698693541621,3.5636074614588633,7.33465645016436,-0.247187675006022,-0.259,0.28975727612824065,-0.07504713451721433,2.613068395674034,1.0
4979,21.00670704642965,6.441618613220863,0.30664580597917634,7.95838869909085,4.347973613055589,0.639,0.2723739708642957,0.17404696738228495,2.945412937774483,1.0
4980,4.55086422626502,-9.899360025153289,-2.175270351512526,8.64150815708138,1.5547294650658738,0.86,0.24707625824175172,0.21248558208790647,2.3302466667349586,1.0
4981,7.40863189909336,-22.037829178689478,-2.9746152162569155,4.71984856950924,5.059858154630259,2.381,0.24205486199534465,0.5763326264109155,5.264705814879567,1.0
4982,11.499655785077348,-36.67065554989291,-3.188848104260563,5.66845354233575,5.481274850179552,1.269,0.22828544757732272,0.2896942329756225,5.536626834778757,1.0
4983,11.295113661542969,-43.255377852719924,-3.8295655226554866,8.87036752872743,2.832208052770757,3.916,0.19475158205525767,0.762647195328389,5.483541557256699,1.0
4984,2.8182223097659795,-14.51522827027012,-5.150490867938463,5.65874584202778,7.1983995538906775,2.681,0.19927559910632375,0.534257881204054,9.361821446294606,1.0
4985,4.483862766006601,-19.024402262868783,-4.242860064116596,4.70393439751061,2.2555966486633494,2.27,0.19828513182718976,0.4501072492477208,5.627530309692919,1.0
4986,10.860765017296591,-37.80959597754936,-3.4813013555983128,8.07084254621641,-0.03276121495781048,2.517,0.19244717333314876,0.4843895352795354,3.5522720530263507,1.0
4987,0.9236042487459706,-3.144391696996169,-3.4044794632175917,9.28613387454543,6.684732282778172,2.573,0.19466367685284158,0.5008696405423614,4.442850948896604,1.0
4988,24.20507221366175,-91.8001469032985,-3.792599587927895,-2.77710485515125,3.3279907784490748,5.077,0.1627705099620267,0.8263858790772095,4.884362517958718,1.0
4989,9.86012217240387,-37.366445454757276,-3.7896533938836017,8.41140448646523,0.4643433601863256,9.543,0.1561805600491386,1.4904310845489297,4.807358601552947,1.0
4990,13.08922453843962,-37.228887997103584,-2.8442393884964003,9.82497394651698,3.7874281837202206,7.0,0.18417251433134374,1.2892076003194062,4.216310668521484,1.0
4991,16.20271980240137,17.394685262267338,1.0735657639212715,8.55964292914153,-5.415237428900266,5.735,0.18893840161860975,1.083561733282727,12.597238568342451,1.0
4992,11.53661812711626,28.3785372742394,2.4598662243605887,7.22717103344534,-1.2344457148251609,5.04,0.19206714492068166,0.9680184104002356,13.62208783326797,1.0
5063,5.01260883432037,-38.67505696886718,-7.715554563936147,4.31023852639633,7.752896490434824,-0.184,0.24868208455844876,-0.04575750355875457,-0.0151078885025413,1.0
5064,9.92285461676311,-67.24530120992257,-6.7768100820828465,2.33077098330239,2.961002571169735,0.263,0.24728731706038265,0.06503656438688064,-0.9165786826336952,1.0
5065,10.10275272200016,-55.63942319005451,-5.507352770190234,2.82711920133374,4.789636746131065,3.665,0.24303766276374272,0.8907330340291171,-8.382419301809673,1.0
5066,5.72669292226673,-18.70416316053392,-3.2661369160912628,3.70316906391386,1.4405411042224703,2.798,0.21635591516579478,0.6053638506338938,-6.818089863676535,1.0
5067,10.458686314399367,-21.972817134892278,-2.1009155905785626,2.75210448455053,0.3350910376315408,3.531,0.2108282446204357,0.7444345317547585,5.44694611026646,1.0
5068,8.03017584678201,-29.11548356931838,-3.6257591520845756,3.39088925336209,10.248811744074459,3.663,0.1918053536638087,0.7025830104705312,5.209692006210176,1.0
5069,6.163925907946879,-32.58985588101629,-5.287191372465983,1.33409107961258,6.787517539960342,3.938,0.16632998547366062,0.6550074827952755,-4.758672099031069,1.0
5070,2.19272410489459,-14.779432973148639,-6.74021548819482,4.00299555090457,3.981446496986907,4.924,0.16076035101015274,0.7915839683739921,8.341183526073138,1.0
5071,5.626756709987991,-28.61673971799486,-5.085832068622696,2.41238527605579,4.241193677341526,4.185,0.1419424674337707,0.5940292262103304,-3.2624635808936264,1.0
5072,4.89566317848434,-25.58111547045116,-5.22526050870413,6.22407443790986,6.001022902225994,4.335,0.13186918909693068,0.5716529347351945,-0.0288103027524466,1.0
5073,13.202873569481872,-92.6362532626864,-7.01637054806106,6.36704365066983,8.645242822750564,3.896,0.1319854582022797,0.5142153451560817,19.73730053423368,1.0
5074,7.368273898331341,-57.112568229341164,-7.751146200234927,6.35606857208136,5.793240187845261,3.663,0.1269886704211156,0.46515949975254645,0.2357729194413016,1.0
5085,1.9498894497326305,-11.029707141289652,-5.656580757848631,8.31620911124497,1.936279175809097,-1.983,-0.5601270894003353,1.1107320182808649,5.302328715066773,1.0
5086,32.43954875420904,-197.08107852718624,-6.075333538713756,-2.19101500611274,3.4814015130152143,-5.663,-0.6747188905752983,3.8209330773279144,12.715186665821545,1.0
5087,2.796157051728329,-21.186600798975135,-7.577042493331879,5.71837175710837,3.0527482894136426,-2.414,-0.6224620067128483,1.502623284204816,1.2759906031005075,1.0
5088,-11.087905376069193,102.80402818824388,-9.271726687903,9.03831632555163,5.485767874381997,-5.204,-0.5559360721229253,2.893091319327703,1.7113515193108109,1.0
5089,6.92874289003478,-57.82427361207874,-8.345564921342966,-1.07086275100448,-2.2563056560765737,-4.593,-0.7456615856334683,3.4248236628145197,3.93042968817996,1.0
5090,-4.255406160007765,36.20255292135791,-8.507425980060116,3.92336076702013,2.733190268879482,-1.197,-0.6156947410212283,0.7369866050024103,-0.0633003529659448,1.0
5091,3.50467391736386,-26.68384398352576,-7.613787933685075,4.54825542643229,1.4120808058744494,-2.232,-0.6432982171782783,1.4358416207419173,-2.703301428859972,1.0
5092,-3.7039308561766697,35.19214612980983,-9.501296729425565,9.93998268434957,2.2427300116399707,-0.678,-0.5527639100037783,0.37477393098256173,-2.9821775358506275,1.0
5093,-1.1726689607418797,8.884894556559406,-7.576643412594845,7.36632239250758,-3.3846776208973695,-2.06,-0.48770859398251426,1.0046797036039794,-1.528245197640754,1.0
5094,10.36206204717102,-68.84725327975269,-6.644165318287096,9.00676607871758,-1.3057035117765459,-2.556,-0.43834714224330334,1.1204152955738833,-4.534023072413296,1.0
5095,4.390395049091671,-23.838768111433943,-5.429754690609435,9.02151951268893,-1.2912041788398998,-2.16,-0.4489947152304833,0.969828584897844,-5.150100696483606,1.0
5096,10.185206130788949,-48.65801548489719,-4.777322604970012,1.86348345462035,-5.190542519748453,-7.12,-0.5741207458256263,4.087739710278459,-6.120412137646525,1.0
5097,11.208855546997311,-65.81108374127778,-5.8713472990476365,0.127953382778088,1.6975074379060873,-3.589,-0.5640909098614624,2.0245222754927883,2.8026699991396287,1.0
5098,-5.929429176752151,32.620359848440124,-5.501433422349763,14.5197497108994,-2.6692438582734956,0.094,-0.5440615737458312,-0.051141787932108135,-6.256820867095536,1.0
5099,3.77319522474396,-26.806434089662382,-7.1044386767666925,6.21493416858989,-0.9291818229148263,-5.684,-0.6425143064096184,3.652051317632271,-7.754441506189325,1.0
5100,2.78980979303924,-17.446505538854968,-6.253654131684946,4.43549759378537,-1.0229877480410265,-7.962,-0.7252130130818183,5.774146010157437,-0.6439679466071713,1.0
5101,-0.50197421679119,3.550554202822574,-7.073180422530594,4.81763099120676,-0.3535942570015993,-7.336,-0.8361373682820183,6.1339037337168865,0.1299373622933419,1.0
5102,-0.6038174555862699,4.580641613580333,-7.586136457636538,3.93554027709007,0.5777163591628831,-5.963,-0.8767754856952882,5.228212221201003,1.258690961400144,1.0
5103,-1.45280847192396,11.717615891429153,-8.06549253936513,2.97679931634806,0.43509959918135444,-4.6,-0.8196913910534384,3.770580398845816,8.50597845388894,1.0
5104,4.13296433417664,-29.784714974204235,-7.206622793210694,3.91095306322606,-2.7960612655440142,-2.86,-0.8260247904281683,2.3624309006245614,0.4888886684748961,1.0
5105,-1.1282376097274698,7.7003921004608245,-6.825151044486883,4.32679370770501,-0.5676398952092931,-3.255,-0.7999042331146783,2.603688278788278,-0.0449759525061876,1.0
5106,0.71527038539609,-4.105456198133849,-5.739726237736518,3.18660848474074,-2.75013602572286,-5.244,-0.7698764369093584,4.037232035152675,-2.3233219279345296,1.0
5107,3.7925711321588302,-20.886048217104445,-5.507094656709988,1.15877947300108,-3.442570034798864,-3.68,-0.7880437423178983,2.900000971729866,1.135542224500763,1.0
5108,16.80187202958879,-98.3557573114132,-5.8538570665342915,-3.61084281729929,0.5119383957437273,-3.769,-0.8798064356392281,3.315990455924251,1.1423405152143795,1.0
5128,3.61257438885459,-4.091123279691454,-1.1324675534193203,9.70817235491481,-1.5108249866343182,-2.351,0.24398903633130165,-0.5736182244148902,0.117437970041756,1.0
5129,18.37127453027288,-67.03203602321359,-3.648741730616222,7.43023752099302,0.2498755249549678,-6.017,0.25488867916786573,-1.533665182553048,-5.248214315168398,1.0
5130,14.92073128531482,-64.1509828045462,-4.299452994484556,2.46591837712438,-3.461602485452997,-6.225,0.2593367400651566,-1.6143712069055998,-3.743573955809521,1.0
5131,7.14887692951582,-31.261908400002973,-4.372981757586402,5.23744704670068,-4.165089892522911,-4.633,0.2493999135652798,-1.1554697995479413,-0.7214994366949057,1.0
5132,4.3704045105513,-18.22743661318716,-4.170652068745893,1.18945509547778,-2.0568772769666954,-3.571,0.23226521339436468,-0.8294190770312763,1.0025869502144458,1.0
5133,13.33486009523045,-59.200032114985184,-4.439494054846483,1.67578612030815,-3.2451091707560664,-2.127,0.21318933411467167,-0.4534537136619066,7.312791440328015,1.0
5134,7.88465052117968,-38.4062185536176,-4.871010890140425,5.55494348257992,-3.0456293738431173,-0.808,0.2019482283472217,-0.16317416850455516,0.42280828124166,1.0
5135,0.4223406221065597,-2.339826361704153,-5.540140444065068,3.07546176144591,-0.03808030568319687,3.558,0.20071515049726973,0.7141445054692857,-0.7644866571194342,1.0
5136,4.081337592322729,-24.099417925513556,-5.904784247901028,2.74585244829055,-2.1801526639653845,2.271,0.21305443507769872,0.4838466220614538,0.8255517879952157,1.0
5137,-4.81327798252286,21.201551863175887,-4.4048051951620675,1.74925244485951,-6.963142307178671,-1.488,0.20751714612095873,-0.3087855134279866,2.777671190658948,1.0
5138,9.99515251837041,-41.04103765784434,-4.106094187398712,-3.38125925839405,-0.735903361159751,1.524,0.19738835364794183,0.30081985095946334,0.489559000318196,1.0
5139,2.169776957993374,-11.731938323043545,-5.406978943076863,-0.227975292792024,1.8123897468666383,2.438,0.19682730631825074,0.47986497280389534,-2.231836151904687,1.0
5140,7.84868443164266,-64.5496773628651,-8.22426712719235,-2.58448361755723,1.0551562242899548,1.859,0.18555538014708672,0.3449474516934342,1.561943934178367,1.0
5141,3.2869313095465302,-30.445899527330965,-9.262712439077811,2.84111851154807,2.3258717897794767,2.508,0.18725438907421077,0.4696340077981206,2.6983913203347587,1.0
5149,78.75633626224682,531.7791092390678,6.752207307718365,-6.34545563328469,4.341411420682939,1.944,0.3799322356072218,0.7385882660204391,-5.065224751548292,1.0
5150,2.564472498498702,140.64807188903654,54.84483533021897,18.20994670112416,-30.753723343003294,3.219,0.3799322356072218,1.223001866419647,5.683330175359669,1.0
5151,12.538959051701472,599.3893607715505,47.80216270745509,9.48363126885343,14.161295020926268,3.028,0.3799322356072218,1.1504348094186676,11.858207958342447,1.0
5152,13.672486065450428,698.7690105751951,51.10767765497626,6.47884588417347,-1.792750671608745,2.783,0.3799322356072218,1.057351411694898,15.049564689639494,1.0
5153,26.791925593927097,-16.999657866226052,-0.6345067586362418,4.3534998069981,-0.9119795805659914,1.456,0.3799322356072218,0.5531813350441149,6.970387061028593,1.0
5154,17.37743719928255,108.00895649776409,6.215470973028369,4.28311062264335,-4.695563204912001,1.167,0.3799322356072218,0.44338091895362786,2.5028370543086043,1.0
5155,13.35957367465369,140.21051855140504,10.495134198587337,3.74975804751641,-12.098998363092795,0.93,0.37906369438069587,0.35252923577404716,0.7858669985094435,1.0
5156,22.85293661448297,204.10062539769697,8.931045880044532,3.68605969932123,2.2733889700026433,-12.568,0.3711497409770974,-4.66460994460016,-0.1229683355836841,1.0
5157,32.99882204928714,224.6367965283336,6.807418646423663,1.53080323958716,-0.47384089171329524,2.217,0.35388069976548264,0.784553511380075,13.554686124336124,1.0
5158,17.799227407815252,4.316739722548857,0.2425239940837809,6.35566595800495,2.9383269073261387,1.51,0.3575223872943887,0.5398588048145269,17.498461644489826,1.0
5159,21.52733701825093,84.07501987688757,3.905500239328653,8.10065518714917,-7.397161241962358,3.09,0.3583887757234898,1.1074213169855835,9.327976766049996,1.0
5160,11.4063587726769,63.92949702592658,5.604724373484116,10.578331663387,-4.293781798206419,2.785,0.37064699789284583,1.0322518891315757,-0.1178388018840292,1.0
5161,-3.9870077620664,-32.669211198845346,8.193917129951469,14.6633238075229,-4.557376689117676,3.413,0.3736025299772845,1.275105434812472,-0.2655556160897299,1.0
5162,31.730468033732613,123.90840099040362,3.90502909880424,-7.81501512457241,0.3288730747664115,1.744,0.3729191334830668,0.6503709687944685,4.42373448283615,1.0
5163,-16.75414467140818,-69.34787448274105,4.139147407571739,-4.36333262093788,-9.960866940761449,2.768,0.37184839151122484,1.0292763477030702,12.302580718958575,1.0
5164,11.424461178652132,7.316215058049182,0.6403991351224807,6.43743652764257,1.6870792113405253,2.865,0.3699967116655345,1.0600405789217564,23.80653466743388,1.0
5165,3.783114259178941,0.013754560230700114,0.0036357771107038417,3.20786087715987,1.1351811489761277,5.414,0.3720678096238804,2.0143751213036887,17.394007554139467,1.0
5166,11.5572676293756,-32.88118693705278,-2.845065805474407,2.8938564123677,-1.3216095339506073,5.611,0.36877513253817773,2.069197268671715,7.410177394330186,1.0
5167,8.80654582648787,11.366930461350243,1.2907365368112185,5.50270937378153,-8.288361711425852,3.573,0.3664447728790876,1.3093071734969801,13.598581329845484,1.0
5168,39.4332900921259,124.1048333723263,3.147209707391566,-1.2533490322766,-3.889695344305455,1.953,0.36879335377788913,0.7202534199282175,9.09750833207481,1.0
5169,16.1551664810679,81.93310357234758,5.071634741020111,5.8968527047094,-6.978018158005073,3.498,0.3624849725022887,1.267972433813006,6.20043842451643,1.0
5170,36.4306540977234,80.84556112725737,2.2191630408389926,5.3135546141915,-1.9400706988234595,4.349,0.36929268618304223,1.6060538922100507,34.56343969462958,1.0
5171,27.115710949737704,214.20832188199614,7.899786300239649,5.7100218981806,-16.746199487375492,5.929,0.37229753909050367,2.2073521092675965,51.66149087197744,1.0
5172,13.880328466006288,183.62518938319997,13.229167438862017,4.29322334404611,-17.381348855575695,4.989,0.365002108089698,1.8209955172595034,0.0,1.0
5269,78.75633626224682,2852.971564993698,36.22529564470507,6.77852279368084,-30.753723343003294,0.148,0.12139085787189163,0.01796584696503996,5.933201300068536,1.0
5270,46.21899486275254,2592.0683016263188,56.082316574029235,6.54104600309256,-30.753723343003294,-0.325,0.25909724839801473,-0.08420660572935479,-3.748763705348046,1.0
5271,23.30890294608932,1231.3263153218093,52.82643795676349,4.55968997935088,-2.1936237847271944,2.328,0.24501064786151272,0.5703847882216015,-10.581724282980607,1.0
5272,25.24613308563239,772.4445537019233,30.596549225256304,6.68686836863701,2.8539157490679923,2.385,0.20241246171574367,0.4827537211920486,1.3642404900730432,1.0
5273,36.264006773340206,190.5742049550166,5.25518887491271,5.90349622935489,6.760831303023074,-0.061,0.14668802823733063,-0.008947969722477168,14.2903904806295,1.0
5274,34.78796007048107,122.33201559991292,3.516504427165776,3.90066644620993,3.8965238546766257,-1.021,0.14890353830659775,-0.15203051261103628,0.6554470263381518,1.0
5275,34.27728198078108,135.51005837782623,3.9533489981441736,7.83207023027602,-1.0710040283576028,0.905,0.0992188281447467,0.08979303947099576,-12.963356606563236,1.0
5276,4.50631586299677,18.871067417472165,4.187693004929001,5.16089327231823,6.702851994807912,0.802,0.050750660295319716,0.04070202955684642,-4.654126320868124,1.0
5277,24.65345735322234,67.1872544827578,2.7252670292905616,-3.14261075416574,5.3775056265767285,4.255,0.01912352181607968,0.08137058532741903,21.30960551834684,1.0
5278,11.26319993124968,10.412845845390246,0.9245015545271347,1.61097281449412,2.5506546870358804,3.302,-0.04772863355995127,-0.1575999480149591,14.9662278098049,1.0
5297,78.75633626224682,418.37786026894554,5.312307302815736,-12.716771466874244,-26.545607619611246,-4.57,0.3799322356072218,-1.7362903167250037,-1.3031332073136004,1.0
5298,-14.69910788863241,-363.9163787525418,24.757718734344238,13.1297311406943,-30.753723343003294,14.81,0.3799322356072218,5.626796409342955,0.0,1.0
5299,18.37103342734474,599.2564495003069,32.61963742378974,3.37364847715736,-25.725969985558205,3.45,0.3799322356072218,1.3107662128449151,0.0,1.0
5300,78.75633626224682,848.6069976461913,10.775094905639808,-10.7933646271143,22.430974234758846,9.176,0.3799322356072218,3.4862581939318673,22.17514124293796,1.0
5316,33.25488034426371,109.6007255056034,3.295778675821005,3.06448295788719,4.568254986445308,-25.83003,0.3609454860911435,-9.32323273409882,10.828765487832248,1.0
5317,22.0233244063193,7.8681247503782,0.35726326349352355,3.360188168222,7.291659724103461,13.52,0.34773396081869756,4.701363150268791,2.784582600060204,1.0
5318,45.53391269623342,71.06032221393615,1.5606021535639805,8.29151946119818,-1.8157339090199676,10.423,0.30894310314012163,3.220113964029488,2.852652533149169,1.0
5319,-2.51969259298257,-7.177419136683882,2.8485296804353197,3.5379059435684,-2.064126806307842,15.926,0.25552267982400967,4.069454198877178,5.934590937051554,1.0
5320,38.74625866475781,209.23570970623106,5.4001526061287635,6.61462475033599,-2.265636229606649,17.59141999999995,0.1878236997676317,3.304085588566302,6.621134146200491,1.0
5321,22.58518265257424,179.01181168856962,7.926073233158732,8.86610935944026,-7.00511698655748,-25.83003,0.14888671873369463,-3.8457484114928944,17.907534374268195,1.0
5322,30.63887632444246,237.5883579423885,7.75447361145063,3.64147185166024,-0.5073892986018014,-17.992,0.10144701037332571,-1.8252346106368762,8.740812502246719,1.0
5323,30.6379317502911,184.09986982098363,6.00888700064535,6.2287850696102,2.871664194162027,-25.83003,0.13296911728553573,-3.4345962885589065,8.55778705211625,1.0
5324,4.90725112559249,45.41231255912958,9.254124436854983,3.30239966645061,-13.12402235730582,-13.648,0.08379898327152469,-1.143688523689769,10.297576187283797,1.0
5325,19.76392308720545,187.0373565333568,9.46357439806265,1.44845522890635,-2.490798937143679,17.59141999999995,0.02067822158231969,0.3637592807076492,14.129357787935293,1.0
5326,8.30708992436741,71.31211769975178,8.584488472981377,1.99943210333259,5.041050377466738,12.119,0.015409756068046732,0.18675083378865834,-4.73368933470123,1.0
5327,15.232254787505967,43.69566847338116,2.868627729968244,2.94294277416023,1.0828153242592675,13.025,0.004142969728131662,0.053962180708914904,8.202276193598014,1.0
5328,12.658757203115169,4.7271936293899115,0.3734326801233383,5.11967735428513,5.757363673801952,12.257,0.053031132289605765,0.6500025884736979,-3.2433955569098782,1.0
5329,12.86863026899503,5.823189938601155,0.45251047056897953,4.90621048664867,1.6059403908643022,-2.134,0.08958180603401067,-0.19116757407657875,0.0891624224336418,1.0
5330,12.794132543403,-24.310876790656156,-1.900158272409918,1.5397042826735,2.1734945846334286,6.274,0.08653368101975067,0.5429123147179157,19.626136724651168,1.0
5331,-9.98987906802763,25.52261380630039,-2.5548471240242447,5.17682468684113,-0.3536051259354078,7.6,0.10443994147591562,0.7937435552169587,0.2635327113875041,1.0
5332,-4.33109819019247,11.280528835125903,-2.604542390812111,4.11297966281954,-2.690373620218134,5.006,0.12453002393527679,0.6233972998199956,-1.840827303919612,1.0
5333,10.78810032697458,-30.04684227989419,-2.7851838015229635,4.37812808264972,-0.27307553190819567,3.107,0.17001944256201462,0.5282504080401794,-4.554863260562891,1.0
5334,-4.09295133934468,5.37484597046127,-1.3131956685617068,2.01431672129407,-5.085144045091172,2.023,0.1910990653901008,0.38659340928417396,5.464268088478597,1.0
5335,7.97971439618798,0.7216571463814685,0.09043646308020925,2.62485949543812,-7.487955548294756,0.066,0.2161140593498937,0.014263527917092985,-1.725781004309046,1.0
5336,-4.49548251196532,-8.17999942557473,1.8196043258543622,1.89929891337832,-6.305353527872448,-2.94,0.23772993284247868,-0.6989260025568873,-3.7041679170299657,1.0
5337,8.867819026365996,5.035405898350885,0.567829122739143,0.168698492216564,-2.5447784073475033,1.516,0.2853269050934367,0.43255558812165007,12.457520133204737,1.0
5338,5.622663253529594,11.657224583552544,2.07325675714881,0.372252775001456,-11.651511397553039,2.241,0.3339116515776036,0.7482960111854097,-2.71347447317466,1.0
5339,-0.977738175460244,-6.745595405601554,6.8991838253899065,1.47888850952698,-17.07893387104722,2.167,0.3433964784600946,0.7441401688230249,-0.0680316227277377,1.0
5342,13.3479647858607,765.4340385107004,57.34462525114789,5.6999976832949,4.886776007442495,-3.42,0.2334811267035738,-0.7985054533262224,0.136601873850517,1.0
5343,35.71705713472051,2048.1812564643856,57.34462525114789,2.30000165105389,14.243544441142975,0.323,0.2264981117557947,0.07315889009712169,0.0100290843445982,1.0
5344,39.2468679443908,86.26959356984389,2.1981268337661994,-1.4000004700581,-1.374969697810724,6.39,0.26453120002746466,1.6903543681754991,68.01164671469917,1.0
5345,78.4482256899506,1796.0725688010718,22.895005629568406,2.09999886750489,-30.753723343003294,4.918,0.32994073697814363,1.6226485444585104,58.55598435391989,1.0
5346,23.96219371214871,1021.8608697119676,42.644712833361716,4.20000042083539,-30.41161504253256,7.758,0.32362257413074824,2.510663930106345,64.70305297014475,1.0
5347,78.75633626224682,3944.4518353675817,50.084247472268736,2.80000068850687,-21.88072693633112,-3.49,0.2481184776115728,-0.8659334868643891,7.738918331477418,1.0
5348,13.57091656098573,514.4862848088466,37.910945992248934,6.29999943314137,-21.227781415569634,3.296,0.23363019883727565,0.7700451353676605,10.848336351691913,1.0
5349,23.913508500095663,592.3216218617381,24.769331604326005,8.50000018479413,-10.696115893342261,0.114,0.2183493009607006,0.02489182030951987,5.083917568242047,1.0
5350,6.640173819537621,105.39216251148761,15.871898142393274,4.50000021086888,-4.937401179900503,1.202,0.21269708106410268,0.25566189143905144,-0.0701025069866911,1.0
5351,21.34730538144406,182.89107524503652,8.56740801600247,5.79354358463304,-7.715792323349446,3.391,0.23104369285726667,0.7834691624789912,0.4423429356887665,1.0
5352,23.67406149029872,342.64550676376615,14.473456821263103,5.11148777773458,-23.461138644073586,-0.592,0.19231126747062965,-0.11384827034261275,0.045558086560371,1.0
5353,16.72509135935324,206.31874156283786,12.335881289369304,4.14340681165626,-0.0784913575526236,-5.014,0.1669500366080776,-0.8370874835529012,0.0,1.0
5354,11.874225505544793,146.40514404267122,12.329658382713536,3.01369898266211,-7.917289394107541,-2.393,0.1615417424739497,-0.3865693897401616,0.0,1.0
5355,5.510617904751859,8.149239089605823,1.4788249213538567,5.16882515225814,-0.2978764099968001,-2.028,0.16540655859664277,-0.3354445008339915,0.0151791135398759,1.0
5356,15.606604481291711,27.092169054672873,1.7359425675936997,5.84936767173009,-0.7535241601423381,0.154,0.1688505521320307,0.026002985028332728,19.034754894521026,1.0
5357,18.44869377074693,21.714920181960423,1.177043776204501,2.69034974668847,-6.195102505814331,-2.319,0.16333215991556682,-0.3787672788441995,0.9791921664626724,1.0
5358,8.134290462235601,21.10226829917111,2.594235895206948,2.9334416518612,-3.2903123110497257,1.968,0.1270986956486807,0.25013023303660364,0.0,1.0
5359,5.195321214782565,1.679681400896962,0.3233065543892959,0.255503031645475,6.9396019871932335,3.333,0.10792530159296365,0.35971503020934786,0.0,1.0
5360,15.16753769475771,-57.08474722631356,-3.7636133415408297,-3.41304268067621,5.856891339167314,4.692,0.06788350537444676,0.31850940721690424,3.535353535353636,1.0
5361,57.119206874921815,-326.93986867817046,-5.72381667333188,-4.91166050905851,3.071309870003458,7.555,0.04181040677796166,0.31587762320750035,68.01164671469917,1.0
5362,7.1291438168894805,15.480098451228445,2.1713825459033274,1.56603782534897,-12.105618472387702,9.34,0.12209536145446576,1.14037067598471,20.21360700856192,1.0
5363,4.116289272889321,45.382865867924664,11.025188673406657,4.94827108468886,-14.753437942230907,7.079,0.16227678346812358,1.1487573501708468,-0.335884946813747,1.0
5364,4.526874002519779,51.12586489767171,11.293856393885424,1.16758977233877,3.149354521879655,5.249,0.17421335829393458,0.9144459176848626,-0.0604514793044352,1.0
5365,78.02949126265901,389.91633159088315,4.9970379824516105,-12.716771466874244,2.626080923614338,17.59141999999995,0.16287807741810678,2.865256668654424,24.82630000731376,1.0
5366,46.342210008518784,495.301906661033,10.687921585310345,-2.43538583612838,-26.411267470881615,11.954,0.22389974960253467,2.6764976067486996,68.01164671469917,1.0
5367,44.44863342747432,1310.9043504025697,29.49256814703962,2.40622235601218,-30.753723343003294,5.689,0.2110355461136567,1.2005812218405931,35.47687014719016,1.0
5368,17.19890920700494,760.8916655399647,44.24069319640697,2.41659215006946,-27.27233951470914,2.689,0.23879291831652272,0.6421141573531296,48.834874207504654,1.0
5369,8.07006321446193,324.42807536230566,40.2014292503825,1.72095749127065,-17.645076194595976,1.679,0.2345337422956838,0.3937821533144531,-9.776295112716904,1.0
5432,-1.9417222658263704,10.910778305445968,-5.619124061907221,3.06499186399252,1.3088538288731133,3.107,0.05733439548882169,0.178137966783769,13.8524373917863,1.0
5433,-4.682378776534139,27.684602271170274,-5.912508063190523,4.24583179417877,0.7846857969323162,1.57,0.046192764953893684,0.07252264097761309,4.1254533870966,1.0
5434,4.312951084245739,-29.580452507117517,-6.858517968165324,4.20111929805536,0.6027613423596145,-0.822,0.03020027712504869,-0.02482462779679002,3.931639621109917,1.0
5435,-2.7106360015971696,18.634692051692355,-6.8746567376484204,4.63112136551369,1.0405970159936606,-0.598,0.0065227493699007155,-0.003900604123200628,10.890452504177103,1.0
5436,21.06787569674059,-144.31820716720472,-6.85015467361677,1.36080642694121,0.5911453863630456,-3.108,-0.49081525986271435,1.5254538276533163,12.735871751943929,1.0
5437,5.979842250163619,-37.52893725475363,-6.275907571596353,2.27772867861897,-0.20689585314825898,-1.374,-0.49166258281829234,0.6755443887923337,-5.731481409020478,1.0
5438,2.5308540825230805,-15.3607672435479,-6.069400582839732,1.88102769675844,0.0507000802855373,1.456,-0.49457165916350937,-0.7200963357420697,-14.901493798407714,1.0
5439,-0.80982749768576,4.840725754907677,-5.977477634114666,4.17958419343711,-0.7637180771415286,1.245,-0.5118281105235044,-0.637225997601763,-9.119339129484882,1.0
5440,13.68879469612764,-91.74952110293752,-6.702527369257143,2.79313782840156,0.4007089006560438,-0.166,-0.5881542892519763,0.09763361201582807,1.690074596333324,1.0
5441,10.34545511338368,-72.30295911454739,-6.988862096652538,4.67607488877992,0.32164624676531695,-2.082,-0.6226999944473584,1.2964613884394,-1.2690759487432255,1.0
5462,16.30531001345999,67.96121272847256,4.168041740535491,3.10280518683581,4.009602757119968,0.937,0.2660951660901467,0.24933117062646748,7.178121339683385,1.0
5463,10.26835552016857,39.98871927972397,3.8943645066807644,2.60403956171793,0.5135624624606372,-1.995,0.2715231568563147,-0.5416886979283478,19.972442623763143,1.0
5464,12.67771642703724,10.306941845088012,0.812996717855814,2.95087537020716,2.2847004276979277,-1.019,0.27515587128539976,-0.2803838328398223,10.513207759912246,1.0
5465,-8.36705774889817,-0.353324423843585,0.042228036957210335,1.76017328388222,1.1008261056521862,1.197,0.29344785915411864,0.35125708740748,13.591068313050323,1.0
5466,8.31781724199198,30.97817519340005,3.724315441436808,1.41221393287066,-13.269839961516661,1.158,0.31533984030491846,0.36516353507309557,24.054665617329164,1.0
5467,9.1524743783517,36.88382661152502,4.02992951269726,4.0886479398829,-0.2819861463552842,2.172,0.30021888359788573,0.6520754151746079,22.43611640557792,1.0
5468,9.90367621287902,52.23246437550247,5.274048065866481,4.53865525672528,-1.387761413683375,3.583,0.27492616316913265,0.9850604426350024,-14.901493798407714,1.0
5469,3.3925909626186503,-0.7926692757321583,-0.23364716951327313,3.61711931922247,-1.168610272002324,2.046,0.24843463343200067,0.5082972600018734,-14.60797499454436,1.0
5470,3.72513228378754,-6.354737792379213,-1.705909296170823,5.99228289096037,0.10313844110334536,3.856,0.22886491673475073,0.8825031189291987,-1.553698828027339,1.0
5471,18.35498661348786,-49.28187707510593,-2.684931245816979,6.72880946564094,-1.1636081923313335,1.613,0.2102542562941696,0.33914011540249556,6.482144209674234,1.0
5472,17.147709995659778,-59.29856887118953,-3.458104253349192,4.31772144872362,3.3855322516416653,-8.418,0.18785366734612974,-1.58135217171972,4.0436217266383245,1.0
5473,13.94271540783102,-42.2404112268688,-3.0295684872936723,1.44055358727118,2.8288802084969644,-2.3,0.19815324587177563,-0.4557524655050839,17.25756342408562,1.0
5474,25.36744142002214,-41.873099195300966,-1.650663088247093,1.43311134247756,-4.441196602651443,-1.536,0.19568282190639774,-0.3005688144482269,2.571663013373926,1.0
5475,4.07761444275822,2.259486068415405,0.5541195961840426,3.82443487429767,-5.727442363769308,2.915,0.21050488963376157,0.613621753282415,-13.600383677417192,1.0
5476,3.6353316369510207,-0.7131444358469601,-0.19617039298375527,1.83973625916165,-0.08749847210983708,9.066,0.1765633450265518,1.6007232860107188,-0.82076228728446,1.0
5477,5.927618521014179,-10.697526983637006,-1.804692212515512,4.09048190124592,-2.855137826485099,3.763,0.20744799094099076,0.7806267899109482,13.067335464694786,1.0
5478,11.84163441941244,-25.183688803962344,-2.1267071682839465,4.09458522119226,-6.517408839882655,-3.295,0.19010271469736673,-0.6263884449278233,17.601619546524148,1.0
5479,1.8875942179003704,-1.9582257768610494,-1.0374188256622467,2.05738179246586,-3.83016201022105,-0.557,0.1864456793815158,-0.1038502434155043,12.403858569773174,1.0
5480,11.87490661494951,-11.286304706210846,-0.9504331336805913,1.70425806017289,-3.2793076586006165,1.126,0.19243282580233068,0.21667936185342432,17.565058619058792,1.0
5481,23.44449334638759,-52.542205911637005,-2.241132070347466,2.94916821059911,-2.2641461120793793,6.017,0.18924093859447777,1.1386627275229728,15.288741843111842,1.0
5482,0.2793563270680397,-0.5742328901483262,-2.055557130834079,3.52095345987983,-3.338802191480761,8.992,0.1989872740462887,1.7892935682242281,-9.421115703278373,1.0
5483,3.997355300150863,-9.272950498251141,-2.3197713993302456,0.0653956557843571,-1.128987381096136,6.837,0.1951708425322637,1.3343830503930867,-0.6745443740300838,1.0
5484,-4.653427206490759,13.945292863973652,-2.9967789857166522,6.43186888691574,0.3788397621083073,9.536,0.20284088198328265,1.9342906505925832,9.202580654457847,1.0
5485,18.39762104260287,-84.5673394646235,-4.596645363484399,-2.95183453409287,0.49112080409310366,6.687,0.1954898348673817,1.3072405257581814,13.96689783238827,1.0
5486,-3.96282064139148,17.92476536272883,-4.523234076128876,4.23621913615419,-3.2187952596860137,4.514,0.1969749057848157,0.889144724712658,-10.241618221574631,1.0
5487,3.235201757287565,-18.062484007976998,-5.5831089876511495,0.386070835562705,2.4256756050681005,4.487,0.19171980088589768,0.860246746575023,10.679844714324126,1.0
5511,4.032858646649501,-44.96253470165008,-11.149048018086365,12.193641751411,16.265059563451967,9.692,0.2757918812181738,2.67297491276654,1.133974292335127,1.0
5512,13.327832612397302,-138.9294865817444,-10.424011962193672,2.4674409352512,6.601768321593071,5.906,0.26950461161262873,1.5916942361841853,4.692279507461339,1.0
5513,16.92750519154681,-106.00749609948927,-6.262440619567902,1.87200510893879,-4.781449470568022,16.67,0.26236784235528066,4.373671932062529,1.5277221309879518,1.0
5514,0.3925306733756697,-1.3935388394003887,-3.5501399863004046,4.25319834931828,2.656236179676408,10.264,0.24894477001282167,2.5551691194116013,6.948573567718608,1.0
5515,14.87749588652612,-50.946151834625894,-3.424376805290569,-2.27116288552982,3.6235236534130744,14.74,0.2352778488376116,3.467995491866395,2.5153939719218643,1.0
5516,9.13166134226966,-44.22205610988352,-4.842717491633586,1.21283290259314,-1.1524732234487023,8.927,0.21403343547023168,1.9106764784427581,-6.4448254031484575,1.0
5517,11.24499842894619,-48.621970823512804,-4.323875288266212,-5.88712848764477,0.36289338872081967,16.26,0.15945616402131468,2.592757226986577,-1.4473756242357472,1.0
5518,16.837318661314,-46.45268177493388,-2.7589120755708656,-2.8504539768538,-2.2662323615089908,-3.396,0.16737503069567972,-0.5684056042425283,1.8383362701863024,1.0
5519,-7.3543741691581,-25.10445564801084,3.413540713401682,9.0057617374238,-16.80711278363427,-0.437,0.17154298200723372,-0.07496428313716114,0.0,1.0
5520,-6.37574742213053,-15.059740467488815,2.362035298828765,9.40612855732827,1.9878012694549252,-0.422,0.1905626349530697,-0.0804174319501954,0.3580303030303655,1.0
5521,-16.75414467140818,-14.417586830803783,0.8605385182932164,8.87606645570879,1.6031257770965812,2.538,0.1666310829780947,0.42290968859840433,21.402787371225678,1.0
5522,30.71468722743474,-112.75472982417277,-3.671036237134749,-2.72594626154864,-6.403734452410714,9.929,0.12928608111108764,1.2836814993519892,41.13056644760327,1.0
5523,10.30741277388093,70.27787191192682,6.818187401014107,-2.47937594726137,-16.796385047182703,-7.882,0.2046014742120037,-1.612668819739013,43.91022885398621,1.0
5524,9.151801545976731,143.97059390585292,15.731393778872373,4.50513204312067,-19.75474262650142,-4.839,0.1629695900451127,-0.7886098462283003,-11.33130462196732,1.0
5525,-5.103169755831701,-57.8275465430598,11.331691734725613,9.5097833517957,4.294049481504314,-0.521,0.18061596894818865,-0.09410091982200629,2.5959693732251043,1.0
5526,-5.39970863765849,-5.639348715689206,1.0443801868047888,3.1106784939243,2.210338451630278,-3.36,0.1959212623477996,-0.6582954414886066,10.685695000584117,1.0
5527,24.59472182132221,-119.78891354520061,-4.87051304810248,1.25373496242949,-6.346088694589058,-2.934,0.19085003497613662,-0.5599540026199848,-12.0089813169176,1.0
5528,22.5439446712442,-51.48734257559648,-2.2838657265367965,4.0636918123521,-3.130608132838675,-0.329,0.16101770942997962,-0.052974826402463294,5.711549013888884,1.0
5529,-5.97894885666174,2.9498278760375456,-0.4933689761789566,8.9140088750469,-3.076575871369236,-2.874,0.16102480969933775,-0.4627853030758967,4.447243933882916,1.0
5530,0.0020094036468005,-0.008654218330770631,-4.30685907460675,12.1175272453913,4.5363561280096665,-1.389,0.1593560408799276,-0.22134554078221944,0.0389942610214522,1.0
5531,9.45845097024069,-65.75318760564359,-6.951792403695291,6.95416218794271,6.040585261890508,-0.018,0.14072892337600773,-0.002533120620768139,2.4680690786551107,1.0
5532,2.7820587662254503,-23.14557749261401,-8.319586118598314,4.93947272254312,0.9364327922233517,1.671,0.1326991529874787,0.2217402846420769,1.9290596009991836,1.0
5533,8.1773809411314,-55.901093935873845,-6.836063323734497,5.5142920737342,0.1300908301046455,0.802,0.09073579065703974,0.07277010410694587,0.8779549209442905,1.0
5534,38.9541436145088,-234.85026330492641,-6.028890421235046,-11.7398608281732,3.3360406392167086,-0.423,-0.001540825329799267,0.0006517691145050898,25.534133257878945,1.0
5535,-5.645115093397839,28.580715614840855,-5.062911055306385,0.552281631207279,-2.3189202154472954,15.746,0.05845403644225777,0.9204172578197909,-3.9508156754081143,1.0
5536,-9.275519217578346,49.11713674711929,-5.295351731257886,9.88048366355446,-1.0508528392224603,5.755,0.08714574638819672,0.5015237704640721,-14.901493798407714,1.0
5537,0.5483001493514399,-2.335750282217286,-4.259984763783381,5.17980996672414,-1.2883760839218161,0.758,0.08486715581743975,0.06432930410961933,-1.7844005655350823,1.0
5538,4.0512798328245605,-22.439380834771956,-5.538837542882634,3.34667429007052,0.9796141035304906,1.145,0.06779305239755173,0.07762304499519673,3.6494396600786017,1.0
5601,-9.7521242131061,-20.947170681785263,2.1479597905073735,5.65339232904813,-5.794495315201198,2.861,0.3721792145434728,1.0648047328088757,14.097663858709788,1.0
5602,-14.66945126794424,-0.39545772878065205,0.026957908755919746,6.95157991370925,1.172848204748167,2.579,0.3714593626137599,0.9579936961808868,1.0763631794837636,1.0
5603,-2.6909177846254497,1.7964968189947692,-0.6676149042007333,-0.68285022143975,-1.638799547490255,1.73,0.36866110134729,0.6377837053308117,4.326044238200555,1.0
5604,20.31671515518781,-142.44838600315467,-7.011388647971516,-0.879681024156014,13.603003549810854,4.069,0.36972851043687704,1.5044253089676527,15.392157567342023,1.0
5605,12.5170037114587,-81.4737886103067,-6.509048849743606,11.6581346550771,-0.2752449384085365,4.681,0.3611372868706916,1.6904836398417074,3.1243969297011898,1.0
5606,12.940762564522302,-53.82883865435368,-4.1596342090324665,8.4912098197177,-7.7309615253852275,3.535,0.36239847428437355,1.2810786065952606,-5.281893583205088,1.0
5607,-14.140597779620794,14.132193111968341,-0.9994056356185617,14.7216670123589,3.0342917526617885,4.079,0.3625731729793277,1.4789359725826774,-14.901493798407714,1.0
5608,-16.75414467140818,45.845019886609215,-2.7363390245069406,18.20994670112416,4.91711056008497,4.315,0.3731845208145663,1.6102912073148539,-9.063567367043014,1.0
5609,15.596851517789798,-63.80366955585192,-4.090804447492324,17.3325337352162,-4.39023325057637,1.84,0.3799322356072218,0.6990753135172881,-0.0151078885025413,1.0
5610,50.41855025254081,883.8790126396804,17.530829589752788,-0.54282957080251,-30.753723343003294,0.053,0.3799322356072218,0.020136408487182754,-0.9165786826336952,1.0
5611,1.4643322155347098,31.368706815321993,21.421851190965924,4.20017418353298,-6.713136973100243,-1.703,0.3799322356072218,-0.6470245972390987,-8.382419301809673,1.0
5612,23.27985547962919,410.670249025827,17.64058412584133,3.08119033854541,5.447220157430088,-2.018,0.3799322356072218,-0.7667032514553734,-6.818089863676535,1.0
5613,-3.23644626490018,2.683012422813337,-0.828999527015502,-1.40828262637592,-7.2859925426690175,-2.817,0.37496299558649515,-1.056270758567157,5.44694611026646,1.0
5614,11.672997307435098,-61.5527216402124,-5.273086253605703,13.6738272725339,4.907742372033508,8.444,0.3724964417548078,3.1453599541775974,5.209692006210176,1.0
5615,9.721886066364831,-27.78744143013039,-2.8582356592583027,4.49542967058827,-2.2577809533424253,3.158,0.36935836453351323,1.1664337151968347,-4.758672099031069,1.0
5616,4.383728601730331,-17.19054939220134,-3.921444722973029,9.06180392253447,-4.552228603022323,-1.746,0.36457684126304424,-0.6365511648452752,8.341183526073138,1.0
5617,5.810321059106871,-7.087654800546931,-1.2198387539081024,2.83821524730293,-3.1131710817050906,-0.328,0.36070026198650573,-0.11830968593157389,-3.2624635808936264,1.0
5618,24.41221009608769,-125.05819875676748,-5.122772508696759,2.06283074361411,9.234690276602176,1.502,0.3449272150930224,0.5180806770697196,-0.0288103027524466,1.0
5619,-8.00496493165144,64.20578718780637,-8.020745591768707,3.30415979779805,2.9850856317408914,3.227,0.3421306357278404,1.104055561493741,19.73730053423368,1.0
5620,-3.57032115700337,39.80568201942024,-11.149048018086365,-4.12250332637034,10.15189739801945,3.294,0.308390329756833,1.015837746219008,0.2357729194413016,1.0
5639,7.26916907809094,-57.587894505700504,-7.922211450448816,-4.66629938413338,9.700463037821482,-0.61,0.30407877062196276,-0.18548805007939728,-0.0151078885025413,1.0
5640,21.230717089261667,-162.19087535027242,-7.6394440502580725,2.65013209943473,1.8375325866408554,1.666,0.2942220617219897,0.49017395482883486,-0.9165786826336952,1.0
5641,11.7795755413306,-80.62722249070984,-6.8446627985716315,-1.1751368996605,8.36465284455079,1.945,0.24515775805637074,0.47683183941964113,-8.382419301809673,1.0
5642,20.84633187058488,-94.93661399428869,-4.554116023080711,4.03561315398862,3.0109588049422653,1.833,0.26908960641795365,0.49324124856410906,-6.818089863676535,1.0
5643,8.948670503306879,-31.213777786096852,-3.488091082866685,5.45381096920332,-0.4538798105318098,0.591,0.2635945985938627,0.15578440776897284,5.44694611026646,1.0
5644,8.88244890960441,-20.246853375021626,-2.279422440936206,5.85433399076879,5.1101288555115865,2.626,0.24828351815228766,0.6519925186679074,5.209692006210176,1.0
5645,11.449376600236612,-45.398064428246755,-3.9651123387196963,5.82325622135289,8.602179084116667,1.662,0.20493520286080158,0.34060230715465223,-4.758672099031069,1.0
5646,3.826657814013349,-23.1512522381842,-6.0499928040086415,6.30271426865185,5.0310536630965075,4.475,0.1870452134439896,0.8370273301618535,8.341183526073138,1.0
5647,11.118390438113808,-72.33197359045026,-6.5056155378836555,5.82425069283059,5.802231397182411,4.635,0.13312550719230165,0.6170367258363181,-3.2624635808936264,1.0
5648,-2.01094351329967,11.891538727808074,-5.913412609136775,5.63323739145223,5.48275224246082,5.083,0.1507086452726477,0.7660520439208683,-0.0288103027524466,1.0
5649,15.3105061835631,-102.47806904723991,-6.693316851748331,5.4680413807304,6.487323601364792,7.115,0.11354936118837466,0.8079037048552857,19.73730053423368,1.0
5650,8.17282441669305,-53.471040327370794,-6.542541182966787,4.21490387414525,4.620522190972709,7.036,0.10102071523647671,0.7107817524038501,0.2357729194413016,1.0
5661,22.304117435245217,-68.6664101924184,-3.0786427838615555,-2.75357515314082,6.169843526974428,-2.749,-1.2322806239764041,3.387539435311135,23.76090813417237,1.0
5662,17.70364867033222,-57.4421349243517,-3.2446495066643095,-7.63403528600102,5.961114077147056,1.681,-1.129536428559978,-1.8987507364093232,31.867575765937417,1.0
5663,-0.7731849350400499,1.9098890065436225,-2.470158069549936,4.57230775115542,-3.0471627428971138,6.292,-0.8726508647261184,-5.490719240856737,-8.57297914933266,1.0
5664,0.4527043875794199,-2.1255328283317665,-4.695189370036479,4.45524704335014,6.023851463950947,9.017,-0.6466958642806584,-5.8312566082186965,6.07755967878183,1.0
5665,12.93294901769858,-74.04409268994456,-5.725228839038656,3.44424900968372,1.19471446099928,1.792,-0.5262644137208873,-0.94306582938783,10.77013823279458,1.0
5668,-0.4965439961863396,3.0183179301952774,-6.078651546242005,6.28934214285795,-1.0290649764626791,-1.978,-0.5468985703955003,1.0817653722422995,-3.042577829045712,1.0
5669,1.9088408648712,-10.552217027812205,-5.528075819208858,4.18763842884337,-1.8501131402766546,-1.106,-0.5337585803823512,0.5903369899028805,-0.0056801889530611,1.0
5670,3.187385810016469,-14.006573120009145,-4.394376443539722,4.96781089246107,-0.7163522777398068,-2.173,-0.4845362001449264,1.052897162914925,-5.813374980851139,1.0
5671,0.8178219043775696,-2.78835426180596,-3.409488357893922,5.43515169050809,-2.1535039251558974,-1.867,-0.45774106993923336,0.8546025775765487,-8.879689878334151,1.0
5672,7.43908442956981,-28.081023068178517,-3.774795585940459,1.72569884866334,0.06114782272159669,-0.22,-0.4725602873074093,0.10396326320763004,-3.4905662170304885,1.0
5673,7.455035064362988,-28.03630590161917,-3.7607208630902385,-0.690618232300579,-3.9110555178021977,-0.801,-0.4988885950289004,0.39960976461814923,2.919174814478187,1.0
5674,3.4295145629535604,-18.50978026473646,-5.3972012437805486,7.51339053261624,1.0029469105889754,2.214,-0.5023037801225244,-1.112100569191269,-7.58352170805362,1.0
5675,14.280835932747266,-69.42367642773665,-4.861317415498192,0.840132083053334,-1.5592943865697984,1.07,-0.6097675768517784,-0.6524513072314029,-3.768171377808061,1.0
5676,3.13265161650088,-16.68098817314083,-5.324878159216828,7.24279620249642,-1.1017100498047938,-0.094,-0.6592017155072083,0.06196496125767758,1.939405434478636,1.0
5677,4.63335475161821,-22.024284489664236,-4.7534207222039715,2.68749556320556,0.5140967751905867,0.86,-0.7106782262577783,-0.6111832745816893,-1.148936546691648,1.0
5678,3.663380702842344,-20.2249210143553,-5.520835166998392,0.984468863619426,-0.02520147602773637,-0.596,-0.7354191479354284,0.4383098121695153,5.708092720706159,1.0
5679,1.3015892374841296,-8.184453109542885,-6.2880460853861955,3.13404724911635,-0.007935383938084684,0.7,-0.7540389141513782,-0.5278272399059647,5.443018488395546,1.0
5680,0.7866287861260899,-5.25760894300179,-6.6837230415809366,3.43515771692182,0.5740832754642211,-0.187,-0.7328874819251784,0.13704995912000836,3.0620046202591844,1.0
5681,0.8350899673271401,-5.342835295578684,-6.397915799035901,4.1776810321001,-1.3124084560024896,-0.413,-0.7163185440516182,0.2958395586933183,-3.8433747271958585,1.0
5682,0.4446773510418698,-2.777049748031841,-6.245089257470098,4.22287028746071,-0.6010258298352777,0.417,-0.7168532741594883,-0.29892781532450663,-4.801397717913892,1.0
5683,1.5223391889098496,-9.148647144600801,-6.009598393871846,2.11455779628278,-0.01175161558626403,-0.203,-0.7083511537254883,0.14379528420627413,-3.9078029743068177,1.0
5684,16.25297926819353,-106.4599364662261,-6.550179798393282,-6.09306312966953,-0.3888125344022053,-0.427,-0.8502243600321383,0.36304580173372303,0.792548817685157,1.0
5685,3.246527005241,-24.717898172405054,-7.613643173921532,1.55858232076893,1.7184541783092033,4.469,-0.8635942424822983,-3.8594026696533916,2.1838926483158216,1.0
5686,1.2379297683529995,-9.28132008154958,-7.497452859460589,2.63784213566305,-1.2450309515430469,6.744,-0.8057962792515283,-5.434290107272306,9.64520674251441,1.0
5687,-0.2983534665172398,1.8762529651924467,-6.288691688735685,2.24883437970568,-3.121672576690504,4.609,-0.7819783527514083,-3.604138227831241,-0.739166153202464,1.0
5688,0.4227736175568797,-2.3002042996124774,-5.440747019421119,2.94859986593323,0.3752412301769592,1.976,-0.7292472791388482,-1.440992623578364,1.4118350598279816,1.0
5696,34.5396346570562,645.7441411228913,18.695743239165107,10.8000037591665,-16.347138626715896,2.115,0.2758741469301397,0.5834738207572455,16.522343964617512,1.0
5697,45.9918088821143,742.0899257320018,16.13526286026537,10.9999990780572,-7.557998157427292,2.4,0.28367941018402665,0.6808305844416639,10.753219815735138,1.0
5698,31.3976446560182,553.230516550506,17.620127962193003,10.2999989410117,-13.31357083950413,1.745,0.36075971262720286,0.629525698534469,-2.967901046373833,1.0
5699,52.99037544843641,694.9556340133856,13.11475203057637,6.69999851655409,-6.200395881006737,2.317,0.3386846771685543,0.7847323969995404,4.916947436045138,1.0
5700,38.35462134432304,384.04326554477353,10.01295937970762,7.00000321108996,0.0033058066545299525,2.827,0.3322492488053199,0.9392686263726394,5.834679187567304,1.0
5701,72.4223607095549,579.7373303911476,8.00494936524019,7.80000011872161,-8.316855447562233,-2.002,0.2832685741793427,-0.567103685507044,4.368015886450283,1.0
5702,-9.96008933574025,-112.28763240970365,11.273757556247688,7.89999827154939,-14.04277246032165,-2.131,0.2715953300048377,-0.5787696482403091,-0.3415654396776602,1.0
5703,36.83879426586654,644.3158602956622,17.49014518894451,3.90000114826496,-16.059844723079998,-1.942,0.28189960131827074,-0.5474490257600818,20.75314498636089,1.0
5704,12.089309947713147,175.43280509223487,14.511399397566137,6.49999908585235,-3.102362635926259,0.201,0.28342254104834674,0.056967930750717696,5.7029922051799575,1.0
5705,25.674317282282196,246.11283158310565,9.585954277855237,7.40000059956711,-3.7567594626406686,2.707,0.26224988050514475,0.7099104265274268,5.280165031323825,1.0
5706,12.050176516553549,55.907721180268105,4.6395769475631035,7.49999946321525,-4.985441486780429,-0.604,0.2832599239389717,-0.1710889940591389,2.766158974155042,1.0
5707,12.326942910819309,56.132973681514606,4.553681645775038,7.39999974700379,-4.728494619699985,-0.407,0.23599594133463664,-0.0960503481231971,0.5598698386176881,1.0
5708,0.3670562167428501,0.5912525208839386,1.610795550966392,6.70000069016253,1.7914230059189906,0.735,0.2030931861828118,0.14927349184436667,3.638220909974943,1.0
5709,12.65315977613544,-15.712303915872065,-1.2417691860262714,6.01930331771186,-0.5158748958248416,-0.922,0.20504153180090878,-0.1890482923204379,24.820930687855668,1.0
5710,30.15891816423601,-87.73804522171177,-2.9091907323703685,6.89999999999999,-3.118704910958159,1.963,0.22864384508642566,0.44882786790465357,27.138190363641712,1.0
5711,14.738113139300312,-58.06419576729146,-3.9397306302703576,7.10000041864309,3.121312005634369,2.911,0.2859595354243717,0.832428207620346,9.113020469412891,1.0
5712,-2.45514706859285,5.548948359244325,-2.2601287027683705,7.5999988895536,-5.435387017426985,5.647,0.29394483129746074,1.659906462336761,7.035007880355071,1.0
5713,9.54445501801064,-35.487586580219705,-3.718136500539181,7.40000016310556,2.6177162376367358,2.69,0.2974044677556327,0.8000180182626518,4.143164934352983,1.0
5757,43.29015810794665,-54.39353232157407,-1.2564872640552727,-2.18226413236545,-4.395503302346226,7.639,0.35109741644369163,2.6820331642133604,0.0,1.0
5758,6.515376762311302,0.06967990260777887,0.01069468507344773,0.400003981151968,-5.627462251275627,8.238,0.20405382450707277,1.6809954062892654,0.0,1.0
5759,15.31361913710784,-113.68267147490212,-7.423631896357352,2.98457963807486,12.597861742425366,7.479,0.17546386889473575,1.3122942754637288,0.0,1.0
5760,32.27777801180304,-278.02685519598595,-8.613568601107536,-4.11609268942114,-1.0230466742509492,10.497,0.15895374440755872,1.6685374550461438,0.0,1.0
5761,33.6015302763378,-338.93358570534224,-10.086849703509465,10.2653884542201,-1.5620252356021935,-25.83003,0.2194066823689116,-5.667281187789458,0.0,1.0
5762,22.6614999364162,-85.3424769538581,-3.765967707049959,11.3948048266465,-7.080680250611426,17.59141999999995,0.24662812473483464,4.338538926022852,0.0,1.0
5763,29.144063561616505,-57.10892372287719,-1.9595388131835927,10.1469544183475,-5.99120420508793,17.59141999999995,0.2623513867146047,4.615133431279018,0.0,1.0
5764,0.60669610208455,-1.313312830724991,-2.164696338434635,9.33149490201264,-0.9353298634215745,17.17,0.28050032868653274,4.816190643547768,0.0,1.0
5765,3.3295349093372995,-4.448023499856431,-1.3359293778186432,5.95855605611087,-9.11801138091609,17.59141999999995,0.27788926377613665,4.888466752576792,0.0,1.0
5766,21.35291511882012,2.143149758109819,0.10036801749007473,4.86062186827468,-9.555226460283173,17.59141999999995,0.27024095875736076,4.753922206703398,0.0,1.0
5767,19.79967533818023,30.99603042848172,1.5654817515472725,3.10436683211147,-4.954899522163347,17.59141999999995,0.2769168892069047,4.8713613031321135,0.0,1.0
5768,15.45489498951732,53.45022558527789,3.4584657884464356,4.47249846569638,-13.537101549408714,14.367,0.27592151140582066,3.964164354367426,0.0,1.0
5769,4.594605091754611,-2.937958666026982,-0.6394366017004129,2.48004040218397,1.5163777876110895,17.59141999999995,0.2738851202132776,4.818028181422242,0.0,1.0
5770,11.25548345883959,-3.2867899479567497,-0.2920167720894691,3.00993062553351,-6.009853269137421,17.59141999999995,0.28054324532972263,4.935154056758175,0.0,1.0
5771,15.31222426672175,-88.69581110930588,-5.792483806684415,-3.18241522489195,0.5511870630552362,17.59141999999995,0.24295968011961566,4.274005776049797,0.0,1.0
5772,3.588474148891755,-20.1698559902688,-5.620733256918668,-0.466502170658785,0.8564681503668625,17.59141999999995,0.24625166432993872,4.331916452926959,0.0,1.0
5773,-16.75414467140818,142.00601547868231,-8.475873777133067,18.20994670112416,2.0321668003358884,17.59141999999995,0.27690412355344673,4.87113673716056,0.0,1.0
5774,-16.75414467140818,113.95445954732716,-6.801568315319395,18.20994670112416,-4.292439918167224,17.59141999999995,0.27137638996800373,4.773896054010926,0.0,1.0
5775,22.91789690475782,-255.5127330646978,-11.149048018086365,5.36980119392668,22.430974234758846,17.59141999999995,0.3216447228190815,5.658187409894031,0.0,1.0
5776,29.12757641718457,204.12426731127164,7.007938607306965,-12.716771466874244,-30.753723343003294,17.59141999999995,0.2785241542638517,4.899635377800192,0.0,1.0
5777,20.84497831140278,189.18562641767647,9.075837047726104,-12.716771466874244,-9.669452540440393,17.59141999999995,0.16876305227318578,2.9687817330195574,0.0,1.0
5778,16.403764708286,140.15582612939522,8.544125609080371,-9.10069289810397,22.430974234758846,17.59141999999995,0.05802100437134561,1.0206718567181736,0.0,1.0
5796,11.819444078325123,-42.89598273577997,-3.629272447292508,0.919761024923076,2.6278116502792104,6.023,0.09883466050651268,0.5952811602307259,-0.5462095514499055,1.0
5797,2.735783657962019,-10.498190288787788,-3.837361283387538,0.393922530137331,-1.401681064770699,1.737,0.09863372961412575,0.17132678833973644,3.1524211496315013,1.0
5798,6.902608751954071,-49.526049913795475,-7.174975678546906,1.99053769890816,5.244232992311226,1.301,0.09069961189966169,0.11800019508145985,4.119074559812486,1.0
5799,15.07328294543334,-110.32947590453117,-7.319538570591021,1.11374402398066,2.978593535774565,-6.38,0.0659078597742846,-0.4204921453599357,14.02389340301633,1.0
5800,7.1632244321374205,-50.2410628118558,-7.013749644147959,6.59869879417958,-1.9643876234283209,2.748,0.032493263866943733,0.0892914891063614,5.218907984400345,1.0
5801,6.25162471055554,-32.87612362737469,-5.258812732610945,3.20231976224244,0.0403806083404179,-1.468,0.025776066849043655,-0.03783926613439609,-0.437269356238823,1.0
5802,7.442667970060566,-25.410985116049343,-3.4142306520013355,0.527828083180253,-2.589128918852346,-3.579,0.013543077395944736,-0.048470674000086214,1.3870878276493803,1.0
5803,-0.214701033016178,0.6814275203009531,-3.173843696642143,-0.285210784299821,-3.4334836377095,-2.921,0.025984638754886658,-0.07590112980302392,2.3658601995627304,1.0
5804,15.67434173619148,-31.383588816444608,-2.0022269097260432,1.80618715298932,-4.147292181537132,-3.278,0.029948956237052737,-0.09817267854505887,0.4400935048076038,1.0
5805,17.053892864825084,-65.92270576892214,-3.8655517711673095,-0.934919892094683,1.908613288673977,-5.246,0.044324209342111676,-0.23252480220871788,-1.5047176281123509,1.0
5806,5.73767998749018,-29.610621368492158,-5.160730719219609,-2.12854876486114,-0.3791791437118608,0.869,0.04824328917654874,0.04192341829442086,2.7801920529608504,1.0
5807,-0.7991439057500802,3.4020185912573755,-4.257078814940376,2.79014715494606,-7.0113090257902915,0.687,0.051482862095622695,0.03536872625969279,1.5365149911895415,1.0
5808,6.26878221308808,-11.13744333050915,-1.7766518203896426,1.71653807667747,-5.467083107633542,-6.14,0.05957111576929475,-0.3657666508234697,0.3952600015969754,1.0
5811,3.806319270463121,-18.98750311519432,-4.988415780708821,7.52285462627518,4.967742913598783,0.46,0.0745793528671258,0.03430650231887787,4.106740989101154,1.0
5812,6.366057158152499,-45.6620951396242,-7.172743505946756,8.1245639965458,11.919268305498655,-0.114,0.05161737924444465,-0.00588438123386669,0.7458663766822138,1.0
5813,-3.791272126996749,34.80893602515695,-9.181334090288793,8.02481764350063,10.562576407184965,1.828,0.06647317925142471,0.12151297167160437,0.009407289180463,1.0
5814,4.78772391760877,-40.04191139901841,-8.36345455337311,6.90135959072803,3.6889109747139104,0.903,0.08618687068028075,0.07782674422429352,0.0142352897596564,1.0
5815,9.64763634853276,-30.562563748404738,-3.1678809860046995,4.16852398185424,-3.9097909550671384,-0.175,-0.0691012691667503,0.012092722104181303,-1.056859507105945,1.0
5816,-6.484746868455909,10.49061590501237,-1.617737148082436,7.93670968715332,1.9126149062772768,-0.617,-0.0665568008992573,0.04106554615484176,0.2481329864463255,1.0
5817,-14.051377630838694,67.20740278745919,-4.782976057803646,14.4409895389734,8.550699648207406,0.201,0.011430141053091702,0.0022974583516714325,0.742823154744654,1.0
5818,11.24820394611888,-59.66617210548816,-5.304506603125345,7.95005151069972,-6.957815762866537,-1.901,0.0251256938417157,-0.04776394399310155,0.0618205694374873,1.0
5819,20.48282472681295,-67.06925309494063,-3.274414246544029,6.20893787954175,-6.141132678012218,-1.912,0.07004310896016863,-0.13392242433184243,0.0089961488547229,1.0
5820,6.5262513880452016,18.90593657125343,2.8969059644078925,13.2080586051735,-7.5296226307111525,-2.465,0.07794889219370371,-0.19214401925747965,0.2019982882396132,1.0
5821,6.853177297290481,-0.13393593000572937,-0.019543625415715304,4.75420970092722,4.099891498368113,-1.609,0.08420818453383372,-0.13549096891493845,0.2495135146552973,1.0
5822,13.04603172492033,16.56408859510962,1.2696649022759274,3.39173707807387,-4.773181348135025,-3.243,0.13759193387460478,-0.4462106415553433,-0.6099841446263077,1.0
5823,21.6451900319911,103.03175386358852,4.760029997949195,-4.3917292474614,-16.458334885457926,-5.702,0.04522943705219673,-0.25789825007162576,0.5640412755786084,1.0
5824,-2.30602232099458,11.59230865120972,-5.026971571641161,3.32322471027371,22.430974234758846,4.883,0.0962284942811007,0.4698837375746147,0.8000115943709307,1.0
5825,1.083786770013703,-5.454853750473205,-5.033142958927462,-0.294354409043763,-9.964520266850096,-0.136,0.12340730457867477,-0.01678339342269977,0.5300341648960316,1.0
5826,14.121682049151282,-109.0299608106303,-7.720748876171096,6.71074625448722,-12.2956361691689,0.689,0.13491251053147368,0.09295471975618536,0.3167576494206292,1.0
5827,-0.1607744880736601,-0.2580102553358475,1.6047959998332448,3.36819291689019,1.1511876367894525,1.276,0.13831739389331765,0.17649299460787332,0.2026057036218942,1.0
5828,3.52414641122341,-6.972171108022644,-1.978399956885517,3.67086851032413,-0.4743385724336746,2.702,0.12780664752960869,0.34533356162500267,-0.5205144868477007,1.0
5829,1.5391108429096518,-11.614245847963288,-7.546074996136624,-0.406283288730492,2.4976318633608496,4.336,0.0791769632367717,0.34331131259464215,-0.4938749341980575,1.0
5830,10.32596305620552,-110.13167320661802,-10.665511062470147,-7.53636305379372,11.554968757368233,7.373,0.03863958318417471,0.28488964681692014,4.571190380677725,1.0
5831,4.512292680046571,-50.30776776149883,-11.149048018086365,-4.87274946918724,1.9686319410699982,9.841,0.03037420431377369,0.29891254465184686,1.657803057944962,1.0
5832,2.118919421024384,-18.129259142300135,-8.555898333092635,-0.945449700943314,-5.8431505083260005,10.447,0.016339778975411723,0.17070167095612626,-0.1294205973713436,1.0
5833,2.415422437960515,-12.567529303084857,-5.203035752908038,0.467734528855885,0.45017302252650104,5.89,-0.009109278568359302,-0.05365365076763629,-0.2425759805624427,1.0
5834,15.91366738152613,-93.05037105333521,-5.847198437825563,-8.78879817831519,3.9874552904896943,3.707,-0.05923194699401524,-0.21957282750681448,-0.048472570277902,1.0
5835,2.3944798538584333,-22.22331097961297,-9.281059911112896,-0.716740625909793,4.1054848507728225,11.775,-0.0026371086833243407,-0.03105195474614411,0.1107584608569522,1.0
5836,1.0057334837661,-4.0090945071283235,-3.9862394678516093,0.86126082651883,-13.195619957114069,8.383,0.0338399271917017,0.28368010964803536,-0.0651190145812052,1.0
5837,-0.0711147561071501,-0.15076239074359005,2.119987454030401,1.46645947294053,-12.444604830202955,-0.952,-0.05004804630852233,0.047645740085713255,-0.0572476728244342,1.0
5838,-1.4801789721925498,2.034000548014384,-1.3741585215208625,2.50920813979569,16.646787578493583,1.16,-0.07853688632236533,-0.09110278813394378,-0.0020611145358562,1.0
5875,78.75633626224682,4087.654860367533,51.90255228171424,-5.45940838563062,16.954858972404185,8.37,0.2557059419588107,2.1402587341952453,68.01164671469917,1.0
5876,21.449946000715457,944.0173329590154,44.010242866230435,6.43550883793114,-1.3758841849131898,11.668,0.26428327988005673,3.0836573096405018,22.979852461305427,1.0
5877,8.63773817905195,332.7341136358056,38.520976989409675,5.79909321038525,0.06265680241668292,11.339,0.2647697432358077,3.002224118550824,-0.4207203385781954,1.0
5878,10.86628678375866,324.09846662583453,29.826054941808607,9.92540551918624,0.7874013627290122,7.572,0.23931996299105274,1.8121307597682514,-5.020234602381757,1.0
5879,26.855876137932945,440.90189763411956,16.417334343129536,9.11157745861635,7.147853551275962,4.122,0.19311964283887073,0.7960391677818252,-5.749000362261314,1.0
5880,15.106649444304413,94.22800425672574,6.2375184255203635,7.06762607623939,13.633312084054406,0.749,0.15843229250865465,0.11866578708898233,6.316714200910045,1.0
5881,10.11748164350766,16.035296739080575,1.5849098920155047,5.10818513903604,12.09963553081328,0.218,0.12595722035487267,0.02745867403736224,-8.787301484838094,1.0
5882,23.903571040389615,-10.848388844946307,-0.4538396721818634,0.920118221365883,15.684516108621803,1.376,0.09753471260398061,0.1342077645430773,-0.1081563507486671,1.0
5883,17.54214155677133,21.01831007811465,1.1981610118749444,-4.88269401706633,5.035761531210392,2.144,0.06161762672428872,0.13210819169687502,19.08827738406451,1.0
5884,10.004660605716442,-0.5199515379420355,-0.05197093219183735,8.54219848467686,9.176908735516953,5.178,-0.008510233760546382,-0.044065990412109166,-3.039507652584583,1.0
5885,4.224064086905399,0.7045996987285752,0.16680611000028023,10.9799625273598,6.734886971859977,3.015,-0.05411815013462229,-0.1631662226558862,11.451979853523774,1.0
5886,5.614647717531019,-5.935996676462492,-1.0572340376633251,4.80762696633448,8.175243209800364,0.354,-0.08016759226493231,-0.028379327661786035,7.226846382175278,1.0
5887,12.66456486758769,-6.156916176278893,-0.4861529978054149,8.48825689298511,7.457667565766801,1.787,-0.16010969288390325,-0.28611602118353513,6.000403194061743,1.0
5888,6.582630789176311,-4.7756973700710015,-0.7254998074513894,4.60079447270559,10.121741122944506,1.212,-0.18968807095633033,-0.22990194199907235,14.95844761761016,1.0
5889,10.709081941795558,-10.264201803658453,-0.958457677272893,5.80557386628684,6.762486635183196,0.967,-0.22061124500785334,-0.21333107392259418,24.28402144913837,1.0
5890,14.32512315066375,-10.92455763093867,-0.7626152680183056,3.32366508200445,6.237486279032556,0.512,-0.2474644052271014,-0.12670177547627592,11.034017617794987,1.0
5891,8.52606511899246,-0.9869287325101549,-0.11575430385954899,7.82585730002594,6.62247721225353,1.679,-0.2511213049493103,-0.421632671009892,20.793704244070238,1.0
5892,14.91187409922031,15.649842821671164,1.0494886637011938,3.46815306092219,10.932735253462877,1.878,-0.2192834669541493,-0.4118143509398924,32.35182570935991,1.0
5893,25.721462840811668,102.89447812248035,4.000335391470037,1.30162365464503,7.432045448122082,3.134,-0.20196147623577831,-0.6329472665229292,17.51003206982693,1.0
5894,32.43982284585705,195.00342141494878,6.011235706851371,1.80306247087255,-0.7039587399713221,4.782,-0.2916006350358763,-1.3944342367415605,23.52535452027775,1.0
5895,40.7068498098361,293.5534158816487,7.211400962073872,11.811094450607,5.19993845734823,4.721,-0.24039091327068424,-1.1348855015509003,26.279152905402057,1.0
5896,54.89810214984529,625.9595267671265,11.402207039116934,5.44122511322401,-1.7517113996456946,3.049,-0.06908379313674529,-0.21063648527393639,68.01164671469917,1.0
5897,64.89122818970371,2499.866284309066,38.52394775147313,5.04512369812289,-22.60601477939347,1.119,-0.020115451005219276,-0.02250918967484037,43.44532205472076,1.0
5898,33.5629238560965,1892.0280815479366,56.372564251557634,3.3276230893799,1.6422512483725393,5.323,0.04467429022220071,0.23780124685277437,38.1964743560413,1.0
5931,9.32603210303174,140.7295659150589,15.089972279776955,3.52527818941036,-9.62196860553548,-1.571,0.3799322356072218,-0.5968735421389454,5.542608035955388,1.0
5932,7.06900334365846,100.77888185178617,14.256448462737538,3.70851159859504,-10.642833893268111,0.026,0.3748763837755227,0.00974678597816359,8.584671913437747,1.0
5933,13.69007671672528,137.49175709210837,10.043169219361172,4.86386375362282,-5.666252725267862,-0.133,0.37259275426413707,-0.04955483631713023,12.049245651468476,1.0
5934,10.276284265760442,76.5783627605938,7.451950605896073,4.52078463603256,-3.723626800566615,1.139,0.3733834160970264,0.42528371093451306,7.472140123524773,1.0
5935,28.158459674273317,93.57735629884742,3.323241305856776,6.07080828734129,-3.1333104534877365,0.73,0.3668884207437825,0.2678285471429612,9.49554488956692,1.0
5936,18.46305540253958,3.468466551619188,0.1878598355471599,7.09319498355502,-1.45678289715373,0.414,0.3584060472609222,0.14838010356602177,10.288671525283055,1.0
5937,11.295952321823927,-14.095050953806659,-1.2477966046806728,6.67278983053497,-3.9028422483652125,0.727,0.347481033487788,0.2526187113456219,7.431978254385374,1.0
5938,5.98905350219681,-7.038757739869725,-1.175270472586007,7.50381465859829,-3.8904886068869993,1.775,0.3387921506271442,0.6013560673631809,4.903200400837515,1.0
5939,27.30554570073916,-13.253725078038247,-0.4853858341926296,7.47631925974784,-2.0141341938771706,2.434,0.3302766065580519,0.8038932603622984,3.6351917434832126,1.0
5940,14.963654622950669,-11.287511937652594,-0.7543285528884267,6.53222138847813,0.2821808845920426,3.276,0.31127586968848997,1.019739749099493,10.892202223385205,1.0
5941,13.739590330775838,-23.685098195384864,-1.72385767152982,6.76853520293716,3.003922526737024,3.384,0.29348820424359967,0.9931640831603412,-0.5483272646200854,1.0
5942,14.16049982068186,-13.961340025368875,-0.9859355391522193,5.68641685905224,-0.7761157918363959,1.443,0.28800984049255074,0.41559819983075075,-3.913523449280498,1.0
5943,12.44645177508717,29.028218435976655,2.332248496240476,5.26910524873463,-7.225380515454571,1.917,0.2944637417091537,0.5644869928564477,10.365313172845235,1.0
5944,19.09040026433351,66.99656756580642,3.5094375517613283,6.33652342666889,-2.217802871214769,4.464,0.28947705474945973,1.2922255724015883,5.704177178943271,1.0
5945,10.56737662886786,38.24558821194723,3.6192131268860326,7.67215543486064,-2.4220177393851405,4.744,0.28243415867611665,1.3398676487594974,11.593969249141423,1.0
5946,7.98539076547949,17.768313300807094,2.225102543211632,4.50015356010131,-2.3649377685808326,3.511,0.27723058631627673,0.9733565885564476,0.9159300558611472,1.0
5947,3.1839566180018397,8.615297523898457,2.705846390992969,6.78158560065316,-0.46663875196376603,3.997,0.27991509339580267,1.1188206283030233,1.645194847611764,1.0
5948,8.834801015053271,24.604939963030684,2.7850021659918873,6.73246186832483,0.17217378765397306,3.759,0.27225803124103864,1.0234179394350642,3.485011217656986,1.0
5949,12.64852236306678,9.306907169522157,0.735809836309258,6.16062877406682,3.627179093562116,2.911,0.2598017000976477,0.7562827489842524,20.45449390259581,1.0
5950,-3.4190489765396497,0.7807973480701053,-0.2283668217178727,6.86711619644551,2.699537584988043,3.169,0.2689267477819167,0.8522288637208941,9.32493161186796,1.0
5951,1.29995782494559,-1.247634685209242,-0.9597501251715315,6.72726996832438,3.4548209480120606,2.083,0.2746578129419137,0.5721122243580063,2.377948512231942,1.0
5952,-1.01487927371966,2.117141816808698,-2.0861021321768725,5.50267599384966,5.384351571887058,1.142,0.2782017789989496,0.3177064316168004,1.5669468800894704,1.0
5953,3.8412099545318714,-13.88225479611157,-3.614031766145259,5.79999999996723,3.976980858369572,2.01,0.27912495597010367,0.5610411614999083,1.0789468065604213,1.0
5954,3.68532695576727,-19.696500216651536,-5.344573345338583,1.99196460647855,4.303380946263746,2.059,0.2809506680267968,0.5784774254671746,0.2595693791537012,1.0
5962,18.03158498439816,-41.76900368633958,-2.3164355059458295,4.90526548451564,8.012393067234358,0.829,0.348404621562885,0.28882743127563165,14.52409121995264,1.0
5963,5.50439187993933,-13.834440034369274,-2.513345767547669,8.05394837724197,-0.05350597354152331,0.705,0.34431971676787365,0.24274540032135092,17.295841684208856,1.0
5964,15.000235360936202,-61.1292048250351,-4.075216378552868,3.141907338187,9.963782632733587,1.237,0.34777980556681454,0.4302036194861496,13.03578672518093,1.0
5965,4.60514156370195,-6.452742430188797,-1.4012039241203285,5.18366112490236,-2.3839423824353223,0.624,0.3382990078200675,0.2110985808797221,6.76102671855241,1.0
5966,15.79430786093973,-44.51279676407734,-2.818280937410379,8.73268576440127,0.9857178827156643,0.994,0.32749902852176016,0.3255340343506296,2.386098665244596,1.0
5967,11.45956716746407,-43.971385231264144,-3.8370895330241988,6.47325867166543,13.444861983585366,2.068,0.3218156871222615,0.6655148409688368,9.24422336581532,1.0
5968,1.9664821124284488,-9.715623554890216,-4.940611202861232,6.80723334361883,-0.0614359388389496,0.969,0.3283924636809722,0.31821229730686207,-7.812486666704766,1.0
5969,10.85028757284444,-13.630707894026504,-1.256253145597796,6.33256511623156,-5.878684457820671,-0.343,0.3198033036874488,-0.10969253316479495,-1.6441681094804703,1.0
5970,6.136196660667798,-4.787027810199868,-0.78012946372532,10.7847443857453,11.018402176282272,0.17,0.30481851153091744,0.05181914696025597,2.859333829436128,1.0
5971,13.553621858695788,-34.975162087394864,-2.5805030162439833,8.41242596551071,6.695408391045032,0.637,0.30353882862701775,0.1933542338354103,-5.894791266172483,1.0
5972,22.10745845566381,-117.96401081475257,-5.335937238164563,8.70875190154499,3.120806920998187,0.815,0.26666310317194963,0.21733042908513894,-0.1768333545722034,1.0
5973,10.68934956077465,-28.156993388098307,-2.6341166249649515,6.80151734860395,3.1854988830461783,1.995,0.3224969080710125,0.64338133160167,18.021174589900717,1.0
5974,32.44598616818323,811.6396442378127,25.015101714914508,5.63761163749757,-30.753723343003294,1.61,0.3040398071017997,0.4895040894338975,7.243058176917683,1.0
5975,3.7063923668297,90.63571057456048,24.453889821731593,9.3916554927176,7.294652183081829,4.645,0.2909378192346467,1.3514061703449336,15.85466857272968,1.0
5976,11.66820178513491,297.10761033859364,25.463016136479887,3.83745560605229,6.770762407432551,2.043,0.2858073986148546,0.583904515370148,-0.7229641765082118,1.0
5977,6.316333735118789,-10.794132668362552,-1.708923739787089,3.58690582623025,7.972284207993163,2.385,0.2859106328289267,0.6818968592969902,3.2870599953812585,1.0
5978,9.50230301126454,-22.734187202805174,-2.392492343788116,5.10630732539796,6.972503624085591,3.19,0.28155148392303464,0.8981492337144805,0.4986154879511373,1.0
5979,6.54775848981214,-25.018603672516655,-3.8209417331814963,5.18785986002466,7.289112590432967,2.74,0.2763652682835577,0.7572408350969481,24.65036265558316,1.0
5980,6.355001450999679,-21.4214832515628,-3.3708069804127385,4.78100029254482,7.653065069999387,2.594,0.27948691189954866,0.7249890494674291,5.537556987347547,1.0
5981,9.56866854797794,-28.445503352299735,-2.972775492188082,3.13140551723596,4.691913509384027,2.64,0.2814063061051707,0.7429126481176507,5.588332568021248,1.0
5982,1.92822931993678,-6.026091331690635,-3.125194326932136,6.30392378262997,4.525508695193459,3.826,0.28058394090744465,1.0735141579118832,3.20790186673241,1.0
5991,36.91976979740264,2117.1503633907023,57.34462525114789,-2.99999999842365,-28.85259101865826,3.093,0.3799322356072218,1.175130404733137,1.7595150708315632,1.0
5992,25.944780814730443,1487.7937330438886,57.34462525114789,-1.90000000214164,3.5404733067220473,5.374,0.3273038430070013,1.758930852319625,31.578476179392425,1.0
5993,40.7796002182522,981.9453262325512,24.07932694232374,-0.200000000106499,7.756294730231672,2.688,0.3198412142999567,0.8597331840382837,68.01164671469917,1.0
5994,38.64495158154711,431.4354081256572,11.164081994390873,5.90000000024899,-10.739868852603518,-4.954,0.2976889109636287,-1.4747508649138166,31.7106927628803,1.0
5995,35.947857579822085,514.2923688334745,14.306620851923935,8.80000000367222,-12.950852935253899,3.186,0.27866030160613664,0.8878117209171513,-1.2513250044422164,1.0
5996,37.00226863409055,507.03913507030444,13.702920220496004,5.33964720719075,-2.0636542412214687,3.031,0.23438920083701864,0.7104336677370036,-0.8475798833180948,1.0
5997,36.86113567417687,232.99401937432438,6.320858408536466,9.51660986436364,1.636862215903645,1.841,0.16802607277176873,0.30933599997282624,0.1138306776491626,1.0
5998,20.0618549745481,-2.5043685017308768,-0.12483234999495796,11.7953525281136,-0.3406218914797421,0.893,0.1620027644297687,0.14466846863578345,-0.2532993833940566,1.0
5999,51.314570359198015,80.99702790064126,1.5784411198158406,3.07123039245209,-5.844659252272266,4.415,0.09404972029517966,0.4152295151032182,-3.655669526046101,1.0
6000,26.94841036758123,211.79331231769015,7.8592135650597115,7.57142076322967,-13.318117270220453,2.277,-0.022398129497325336,-0.051000540865409796,-1.458203936247171,1.0
6001,43.53137690732515,439.17059701403804,10.088598804237169,8.21584445165715,-5.861630412621355,1.365,-0.15338524294918732,-0.2093708566256407,0.0,1.0
6002,27.93921722579122,352.0099619139158,12.599134724109906,2.24349159628288,-10.49601623698937,1.967,-0.30192500327715327,-0.5938864814461605,4.301414191419206,1.0
6003,9.62407905540697,137.05156936375826,14.240486655890507,-12.716771466874244,-11.827030081677837,3.139,-0.3032568395234413,-0.9519232192640822,47.91936235450627,1.0
6004,18.59909269335653,251.080891212899,13.499631156878067,4.09200436668087,-1.84162474341244,6.272,-0.19813219489286032,-1.24268512636802,1.8533516764404732,1.0
6005,9.21389213101044,96.22306387128462,10.443259211537171,5.44528081048476,-5.080237418318568,5.772,-0.1404274871792343,-0.8105474559985405,0.4022790728068326,1.0
6006,12.638668539482747,69.47717026242003,5.497190629327436,0.152314967200653,-1.0690984327268227,2.762,-0.11343434755456328,-0.31330566794570375,0.2945254463739388,1.0
6007,17.517403233728093,69.1598992939963,3.948068008210001,0.045439094492707,2.588185407726118,4.307,-0.16023818520728333,-0.6901458636877694,0.0246609865195868,1.0
6008,15.330131130120868,12.671729280750203,0.8265897514635476,-10.0788949840953,7.469606642133497,4.784,-0.1936878662252413,-0.9266027520215544,48.71336690437506,1.0
6009,13.675274771217367,19.143552718143795,1.39986603840938,-9.7729872128676,-2.4945736379104244,4.46,-0.06574687746213226,-0.2932310734811099,68.01164671469917,1.0
6010,8.48773375354733,99.30285433019405,11.699572254925151,2.44098194492067,-19.726087324121842,1.16,0.018534786620271748,0.021500352479515226,16.968128328403953,1.0
6011,7.26722406401189,116.00199402674227,15.962352750508572,2.35997228099491,-6.806465927363647,2.459,0.09306574401630463,0.2288486645360931,4.090871257683126,1.0
6012,2.20097238062313,39.67886465957224,18.027879408617807,3.48836234022659,-8.452662883462093,2.356,0.1271848365353606,0.2996474748773096,2.2705379269884585,1.0
6013,9.37650355287446,95.64186403827988,10.200162939090436,3.19950386354134,-2.171789950111924,2.124,0.17635282737783864,0.3745734053505293,-4.981170867777318,1.0
6014,32.37642586144442,234.72455652099913,7.249860053284069,-3.75281793983162,-1.9957597361785373,2.082,0.1957333408065598,0.40751681555925745,4.302223623765178,1.0
6015,8.51923375146626,28.244732325579882,3.3154075999756003,3.44562065945944,-5.13171088156178,5.918,0.2282820138502758,1.3509729579659322,1.2191957812090592,1.0
6016,49.5306266259042,319.5129788059092,6.450816405355267,-12.716771466874244,-13.933028049516805,3.972,0.22875910433240476,0.9086311624083117,18.529931554880385,1.0
6017,17.47289797058366,268.04303845457525,15.340502697711432,5.53473354963334,-16.732408626754214,15.602,0.2662814696865897,4.154523490050173,13.083504597170336,1.0
6018,10.11446903428547,187.4582374007397,18.533670602510533,3.24811808426423,-8.979161899628195,17.59141999999995,0.2703346893584597,4.755571061074182,9.783708021103443,1.0
6024,11.47447571410779,75.57309121481018,6.586191221085036,-1.92993063549235,15.011997738073845,2.761,-0.04466644913028128,-0.12332406604870663,6.704925936051609,1.0
6025,18.41942708107044,-25.709123728378856,-1.3957613130540851,-3.84412995940374,18.82744850229834,2.758,-0.13298694236859931,-0.3667779870525969,10.07905914180296,1.0
6026,33.65894100574194,-131.76994153936636,-3.914857021701529,-7.73200721540044,22.430974234758846,2.852,-0.29906373061144526,-0.8529297597038419,59.5974207498744,1.0
6027,14.390790982107276,-14.444950682439439,-1.0037634971141962,0.805283915893824,15.159138658460014,3.186,-0.0261198455614593,-0.08321782795880932,32.70323925175869,1.0
6028,-8.052785916918491,-26.818558454005014,3.330345389868194,5.00416035564457,-8.874939464157128,2.194,0.1636022493485807,0.358943335070786,1.7549560684919197,1.0
6029,-7.432645780664246,-37.830863420353886,5.0898246111458025,7.4601321302473,-6.595367727756907,0.868,0.18062611248991667,0.15678346564124768,-14.719804160202054,1.0
6030,7.5331484404881905,8.364470463434925,1.1103551894024353,4.09857735445401,1.1456615489493727,0.276,0.1677521910026757,0.046299604716738496,-1.655493642065731,1.0
6031,-2.72619905908918,5.267171480984396,-1.9320568186037566,6.54151084504817,-4.70441440256063,0.643,0.17479779151163977,0.11239497994198437,-2.502074388596109,1.0
6032,21.38917490509493,-39.82848511575001,-1.8620860922626248,7.17614466455107,-6.421350649569979,0.157,0.13337419046899068,0.020939747903631536,-10.74392078459846,1.0
6033,-6.89318710593193,-6.062011034165988,0.8794206425862612,4.24349419462426,-4.133798073785666,1.305,0.2062672377662237,0.2691787452849219,7.726584558445881,1.0
6034,14.346281112754998,18.367722287545817,1.2803124477475514,7.8034096507169,-4.098135308724382,1.394,0.19082473652835463,0.26600968272052633,-11.11622733976365,1.0
6035,12.82876853063334,-3.10958165851813,-0.242391282615543,5.16213302463606,-1.1274337512969579,0.387,0.18508023108647176,0.07162604943046458,-3.7143250026070103,1.0
6036,6.415919802847251,0.525801351044984,0.08195260651662828,3.53817872056869,-4.9379502315957335,0.334,0.1830761846485287,0.06114744567260859,5.158723823782752,1.0
6037,14.55194377601714,5.0528993190526625,0.3472319160125039,4.63753862902416,-4.355035960926845,2.173,0.16101950175756574,0.34989537731919035,0.8420900606373793,1.0
6038,16.09757197997706,23.041449779069925,1.43136181082029,3.23879122952364,-3.7625871851982295,1.722,0.15319560082427364,0.2638028246193992,13.49706830477606,1.0
6039,23.446827575834654,36.25912602811189,1.546440596743338,0.370741257681345,-4.190097070244092,2.6,0.1267530578401458,0.3295579503843791,17.55715941399314,1.0
6040,2.25529091730904,3.8203347421397935,1.6939432127444238,1.68979822971775,-3.904790982745787,1.857,0.1480443162812427,0.2749182953342677,10.375069679844628,1.0
6041,0.1702422637138498,0.24106528765363655,1.4160131708470995,1.74037649141989,-2.8653553780816576,2.681,0.16558245825005669,0.44392657056840196,-4.927294066161403,1.0
6042,11.675411438937994,-1.1381357885529728,-0.09748142877065913,0.164777608846705,-0.5283197020049313,2.51,0.15540611008788074,0.39006933632058066,7.144754339224235,1.0
6043,15.00459429209046,-13.115528043130167,-0.8741008112457864,0.928351027546341,-2.2863248289215266,1.908,0.15178759324571367,0.28961072791282166,14.743949806768764,1.0
6044,31.68381185970561,-26.735097691668432,-0.8438093815873593,-7.35732706897301,-3.197701923765539,2.737,0.1260508441346646,0.345001160396577,19.168471946949083,1.0
6045,10.97306437246518,9.187362152268083,0.8372649462735335,5.84427325018082,-6.253743718992599,4.663,0.13773325544378567,0.6422501701343726,3.668561239052237,1.0
6046,-6.32275663476322,-12.772475960565497,2.02008027485053,4.60623000920732,-4.356558304674252,2.622,0.14085237090323566,0.36931491650828385,-5.472425495293432,1.0
6047,0.5763324843698191,0.7286628226090586,1.2643098252665776,0.761749241321681,1.9929810996129005,2.521,0.12330270261947962,0.3108461133037081,-5.7010077866138325,1.0
6048,12.62394163639479,-12.10651543754924,-0.9590123105960968,3.32575905957381,3.1218821886604964,3.135,0.09905019254106273,0.31052235361623165,3.5773588874554507,1.0
6098,8.025776672151721,66.34468807580484,8.26645081042577,7.71373911707978,4.018136194905875,-2.151,0.31571337588871684,-0.6790994715366299,10.308395361387234,1.0
6099,16.34640894214411,90.01762682845157,5.506874760508973,7.94477659311639,0.4327140048290712,-1.898,0.3134387499990402,-0.5949067474981783,11.122666409098848,1.0
6100,16.7856482117281,66.37647654418959,3.9543588491156676,6.71108022628,4.316372066400498,0.277,0.30107514456013573,0.0833978150431576,15.469947977383413,1.0
6101,35.50567667088949,90.61194949228273,2.5520411942063888,4.70027401956061,5.642282412345456,-0.704,0.26889569854911266,-0.1893025717785753,68.01164671469917,1.0
6102,8.40069930725302,45.36168711435622,5.399751312987922,5.72368380757618,-6.071923703996007,-1.044,0.20900134958148064,-0.2181974089630658,57.79814739139751,1.0
6103,7.089636907198481,77.56635317711725,10.940807574836455,6.79331098484522,-8.268569439182006,-1.639,0.15654345385952972,-0.2565747208757692,9.507047072076036,1.0
6104,16.079024583531723,223.06311924638098,13.872926065107468,1.62162281640448,-0.8808691370813415,0.257,0.09968077353632676,0.02561795879883598,13.77733519296802,1.0
6105,21.47313164438303,228.11318272440118,10.623191181528071,8.20448512353877,3.9551265670484392,2.95,0.09909290883821464,0.2923240810727332,5.522067093651817,1.0
6106,24.08903112997027,145.5060213176187,6.040343446465473,6.08592335737373,4.295216685084635,4.097,0.0919668146580167,0.37678803965389446,4.153659556421752,1.0
6107,5.848362747253641,28.890320232832064,4.9398988197848706,6.31603004201926,3.484454954787597,3.655,0.07657251647193375,0.2798725477049178,6.196189926317586,1.0
6108,23.96156525188209,134.5154042415745,5.6137987158835045,6.67618796188361,3.6936847222391433,3.978,0.09001105627637462,0.3580639818674183,7.818205578902937,1.0
6111,8.55983544183143,-47.587963788528505,-5.559448439390415,3.50515087270627,0.6231104720301861,-1.585,-0.07169459842641035,0.1136359385058604,0.0,1.0
6112,9.0480976877065,-53.55836373711696,-5.919295479080185,4.0901949332585,2.8753017785432933,2.808,-0.07766903591809227,-0.21809465285800306,0.0,1.0
6113,10.17651986242034,-53.79441180556223,-5.286130478083496,2.71031071289156,1.2088295931386384,1.819,-0.1126892579838123,-0.20498176027255458,0.0,1.0
6114,3.11850571019847,-18.30183885162589,-5.868784781048586,1.63903190394467,2.672709737816459,1.947,-0.10790660031869331,-0.2100941508204959,0.0,1.0
6115,3.2746784751574003,-12.229266367797306,-3.734493771089846,1.74823102028898,-2.973640776862163,0.816,-0.08077144098943634,-0.06590949584738005,0.0,1.0
6116,-0.7889049959898999,2.1813889666766633,-2.765084487694879,5.34212707436718,-1.6630772009524897,1.595,-0.07642020903668034,-0.12189023341350515,0.0,1.0
6117,-4.4348217630984905,14.643285094759717,-3.3018880750979376,6.69133665352797,4.345015557124277,1.999,-0.05924427311566027,-0.11842930195820489,0.0,1.0
6118,0.61262436238209,-4.051666728126145,-6.613623252545654,4.11469880444737,5.594682174138033,2.505,-0.028658823822593327,-0.07179035367559627,0.0,1.0
6119,1.50440201711926,-11.13903051323377,-7.4042911312785975,2.48855733938132,-0.8228150973559667,2.708,-0.028612417893756348,-0.0774824276562922,0.0,1.0
6120,-2.2346584418697306,14.537327728816813,-6.505391363815529,6.99692626758825,0.018930472050682212,4.299,-0.041590613855398306,-0.17879804896435733,0.0,1.0
6121,4.6527251076046,-21.155026449229414,-4.54680342379411,3.3229685982929,-0.8506803350373016,3.123,-0.05816011267531129,-0.1816340318849972,0.0,1.0
6122,3.667002444879502,-12.298178182830933,-3.353741473503449,0.404640808638888,-4.225283799219504,3.069,-0.05953369594521629,-0.1827089128558688,0.0,1.0
6123,-0.63426977665122,2.2636425411534584,-3.5688954834091327,-1.3781936056056,0.6661923384217117,1.293,-0.0809983363305703,-0.10473084887542738,0.0,1.0
6124,7.146608901430319,-37.05008535708602,-5.184288921934826,-4.47046793507802,4.049824006576164,2.851,-0.08557421394882037,-0.24397208396808687,0.0,1.0
6125,2.76763057205659,-15.958786551824579,-5.766227152190263,-0.60627665148327,-2.451721905690718,3.695,-0.0974303235308423,-0.3600050454464623,0.0,1.0
6126,3.72218331863822,-24.660343300000132,-6.625236101757139,1.16911218376478,3.2050071553517245,3.497,-0.11044471353760227,-0.3862251632409951,0.0,1.0
6127,4.28355253591697,-25.185945605911837,-5.879686403920886,2.4624841721544,1.6226487969646097,1.8,-0.09303575997907731,-0.16746436796233918,0.0,1.0
6128,7.553597059686691,-52.81846527109142,-6.992491769647325,1.1457271877622,0.38625931388085455,5.811,-0.08802288173444928,-0.5115009657588847,0.0,1.0
6129,1.3802150706293794,-9.661651962294211,-7.000106119612568,2.78509791763551,2.4696040130746333,2.82,-0.09008584807541631,-0.254042091572674,0.0,1.0
6130,-2.26955082014464,17.268939941139255,-7.608968165797095,4.1496810046981,2.648278523426817,2.013,-0.07607067900512132,-0.1531302768373092,0.0,1.0
6131,-0.1529074017606499,1.3081831627494738,-8.555394622408196,1.54810173239956,2.4768875412662483,-0.04,-0.06254807476344337,0.002501922990537735,0.0,1.0
6132,-1.93658269875428,15.010306197364434,-7.750924454204778,3.1756114423991,-0.24243560376135953,1.562,-0.03979306939532934,-0.06215677439550443,0.0,1.0
6133,4.732894383627426,-33.08353399903436,-6.990127249296061,0.668428481084234,0.25154996456373535,1.646,-0.031606071283539316,-0.05202359333270571,0.0,1.0
6134,-2.28924892389302,13.811540963396128,-6.0332193756844426,-4.26892434422649,-0.5326126604309978,3.452,-0.07065616928627028,-0.243905096376205,0.0,1.0
6135,10.68821000972931,-74.74559932880352,-6.99327569918291,2.09340124465459,2.5547520752911224,5.923,-0.0577193016066353,-0.3418714234161009,0.0,1.0
6136,-2.928865636248485,21.329196553632617,-7.282408687396354,3.1108330034352,0.6733483812971119,7.19,-0.00737461799658734,-0.05302350339546298,0.0,1.0
6137,-1.5573269471560005,8.393406302465923,-5.389623751001041,5.32636472098717,-6.219032125273727,9.348,0.007486182443410705,0.06998083348100327,0.0,1.0
6138,11.73866216707621,-48.701205652529005,-4.148786715161016,4.06183490050209,-1.6187961373145932,11.928,0.037899434999467685,0.4520644606736506,0.0,1.0
6141,49.20339028550017,2821.5499770079778,57.34462525114789,6.34517766497463,-30.753723343003294,-7.94,0.2784533974642137,-2.210919975865857,17.07998881833783,1.0
6142,6.899794476532814,395.66612856671435,57.34462525114789,0.477326968973756,0.6432073317982789,-2.577,0.2841171829590108,-0.7321699804853707,12.06084998976753,1.0
6143,27.61179964347334,1328.165282558903,48.101366072053345,-5.93824228028504,2.1950186350331746,4.489,0.2923794411817958,1.3124913114650814,10.621233335362446,1.0
6144,30.198732384717484,551.7240264966487,18.269774355689737,3.53535353535352,-7.807791759988447,-0.743,0.29968383715656266,-0.22266509100732607,12.256662126652706,1.0
6145,7.32023617824413,123.15513512193989,16.82392919069457,3.41463414634147,-10.899751970645921,-4.45,0.2815947953686837,-1.2530968393906425,6.425560076474368,1.0
6146,23.36623591178621,309.78924663629914,13.257986772274165,-8.72641509433961,19.47220549874029,4.593,0.30413614624928675,1.3968973197229742,60.42791833162504,1.0
6147,70.15701188341824,1086.474937017919,15.486334264397453,-7.75193798449614,-11.76365690403659,1.482,0.31644836301882373,0.46897647399389675,38.417531619219616,1.0
6148,31.7442043385064,547.5396768414026,17.248492701303125,18.2072829131653,-16.549220779110463,-0.171,0.29445715641063364,-0.05035217374621836,17.69647626208939,1.0
6149,37.2502778481727,966.1913840218373,25.937830261559604,10.1895734597156,-16.724244236874398,-2.47,0.2729347003437327,-0.6741487098490198,10.490835389496134,1.0
6150,62.84368180801573,1565.5192992445382,24.911323687671903,9.89247311827957,-15.022550471563035,-4.095,0.2347292629168286,-0.9612163316444131,2.739562148582353,1.0
6151,25.08728773644634,482.4088321031891,19.22921430053017,8.80626223091976,-6.087283973629698,1.605,0.1703225774284608,0.27336773677267956,0.0,1.0
6152,23.58507747125411,306.8937941498669,13.012202080909603,5.21582733812949,0.6592756104873088,2.815,0.1903084612826238,0.5357183185105859,0.0,1.0
6153,26.40848423086628,347.6303931173982,13.163587507649805,-3.07692307692308,-10.598333413540228,3.461,0.1690159056122148,0.5849640493238754,0.0,1.0
6154,25.133478718767,245.47389595952194,9.766809390226918,-1.5873015873016,6.600904720793421,8.686,0.21655283607635878,1.8809779341592523,20.263638447150463,1.0
6155,45.08270913517755,901.6122065484482,19.999068907882688,4.12186379928315,-21.56170542471798,4.739,0.20078321002848065,0.9515116323249698,66.11927966961275,1.0
6156,47.60986150155028,920.5268561238845,19.33479382404652,5.67986230636832,-10.690662526988392,8.244,0.1670035284040957,1.376777088163365,0.0,1.0
6157,57.54013906906059,1359.944188695433,23.63470458531924,1.30293159609121,-5.048907929321411,9.856,0.13108074373907674,1.2919318102923403,41.00113868618818,1.0
6223,61.67801039175911,2.848333109506088,0.046180690515377876,4.77358688344989,-1.3463734701865793,0.099,0.12265627685294167,0.012142971408441226,5.088684554316414,1.0
6224,28.63200208425569,-26.947697995777162,-0.9411740721615587,6.78731640463151,-1.9684828541386756,1.246,0.05193140730916357,0.0647065335072178,1.6107053634394353,1.0
6225,21.14356904395653,-42.37241244859265,-2.0040331109900276,6.19289331233377,1.8328599638762322,1.605,0.011618211148860635,0.01864722889392132,3.934405016087239,1.0
6226,6.95371391172067,-28.34263946560963,-4.075899558915899,6.32082099160833,3.7274905437689743,2.192,-0.02678559745268627,-0.05871402961628831,3.7645301128451214,1.0
6227,26.152980840444023,-115.62645474894731,-4.421157781377559,6.89906349055258,1.836445261093389,1.855,-0.0792013607294283,-0.14691852415308948,1.5058302518623057,1.0
6228,23.51356587629764,-74.95104740938687,-3.187566182164642,7.53641060890386,-0.8760675432809117,2.559,-0.18270216048041532,-0.46753482866938284,1.5243263573599286,1.0
6229,23.35946273054062,-29.212185451842146,-1.2505503995881533,7.54724772895918,-1.1881147101007627,0.15,-0.20014573042090733,-0.030021859563136098,0.7171133409545227,1.0
6230,22.69284106278109,78.3654922017058,3.453313403328522,6.97795481056711,-9.410378484297421,0.954,-0.24907327633342324,-0.23761590562208576,0.8533579952390458,1.0
6231,41.97649288289232,165.3773876789772,3.939761907702808,7.12950448605439,-0.9914878941953642,-0.201,-0.45187472643532833,0.090826820013501,0.6932178751738904,1.0
6232,15.03575585172398,65.23613111213334,4.338733067726253,5.66177120891362,2.8278616022127556,1.739,-0.42420556224783734,-0.7376934727489892,1.2239892580777845,1.0
6233,20.83477287892569,117.2233480211978,5.626331935673216,5.39789754014181,-12.034659724692553,0.447,-0.6287013902922783,-0.2810295214606484,4.679313182740419,1.0
6234,23.29136201895108,112.77422047143519,4.8418903273958875,6.42324482239482,4.686812260855078,4.824,-0.49900955364571026,-2.407222086786906,9.070177409037395,1.0
6235,5.5292771433296695,86.991587626057,15.732904206294066,6.41316889681683,-19.89396856176775,2.251,-0.39490867080029524,-0.8889394179714646,10.19095162409598,1.0
6236,19.0402029952878,291.56310908021277,15.313025242029763,5.5045447041189,-8.985818302917403,0.901,-0.3509717663067332,-0.31622556144236663,1.5517010202464654,1.0
6237,15.84595934423398,257.766818917557,16.267037755044665,5.55351081026072,-1.7764046991737281,5.462,-0.3710589608063034,-2.026724043924029,0.5061295691698664,1.0
6238,13.31777536420093,46.77366806783532,3.5121232179336843,6.42224312118567,1.6522498612785652,5.964,-0.39548816749824334,-2.3586914309595235,1.025075537119524,1.0
6239,7.9212856127943905,-18.956089727190868,-2.393057219976156,6.98715430598611,1.011939126847916,5.017,-0.4994701258729183,-2.5058416215044312,2.598673633440529,1.0
6240,11.190347928913962,-67.04265781715533,-5.9911146858918,6.69000892660424,6.869426212674945,4.983,-0.5840674602509673,-2.91040815443057,1.0942854922944667,1.0
6241,7.31617793792924,-49.243564063997475,-6.730777255799673,6.94019037359206,2.936205426223415,3.164,-0.6351981751705383,-2.0097670262395835,1.9835232131481195,1.0
6242,5.233377051920191,-34.06500996438196,-6.509183195940962,7.46500685572751,0.3596390861856369,1.964,-0.6482376994312983,-1.2731388416830698,1.036935335967848,1.0
6243,6.26203959664924,-29.607738488878354,-4.72813019335125,7.35926270105006,1.3011640681767522,1.021,-0.6757968619294383,-0.6899885960299564,1.9829690964611624,1.0
6244,10.76807679456168,-48.74600528194095,-4.526899855186739,2.86541320912272,1.656832577630829,0.397,-0.7507313519732383,-0.2980403467333756,0.6860087150204031,1.0
6245,7.122222888152871,-39.11558418783961,-5.49204718837213,2.55372852648131,1.8799342278986275,2.861,-0.8383068400724784,-2.3983958694473606,-0.209345784429471,1.0
6246,-2.858090674882269,16.407365813634062,-5.740673645460852,8.53750041218142,0.9105026039852193,1.432,-0.8450926408212883,-1.2101726616560848,0.4811353775101556,1.0
6267,-6.010612410535836,40.469274971101925,-6.732970320988334,0.463390415135436,2.7250140636562836,1.7,-0.23136311777843632,-0.3933173002233417,2.0564026447173145,1.0
6268,5.484740168297471,-8.034332612208555,-1.464852001312308,3.10512947273315,-12.975279530642325,0.246,-0.2583986437469343,-0.06356606636174583,2.675163727071639,1.0
6269,7.92075053725622,-15.238492122051325,-1.9238697204734843,3.50101268962098,1.005753438039414,-1.435,-0.2126096841860673,0.3050948968070066,12.277011829748098,1.0
6270,6.99890835473593,0.540945172651061,0.07728993512038507,3.61980830670927,-3.3860420617489617,8.663,-0.18658763813765433,-1.6164087091864996,-0.4717594256313018,1.0
6271,5.074531665886739,-25.37309397521465,-5.000085849455603,4.22332192519966,-0.5632571245311024,0.72,-0.16231506686628328,-0.11686684814372396,-0.6030575401401173,1.0
6272,10.57231880472171,-40.93406731182489,-3.871815452022058,2.51532789491979,-3.287064108530613,1.2,-0.1376892781585503,-0.16522713379026036,2.174131468099416,1.0
6273,3.633338472363521,-16.843832947659482,-4.635910767956174,3.27677257380314,-2.1143348799086303,-6.255,-0.11545037997812935,0.722142126763199,4.146053646802517,1.0
6274,5.166246343525192,-21.463519672747964,-4.154567600061888,-5.72530282073851,-2.744730643106541,-2.811,-0.1319226510420073,0.3708345720790825,0.5643562199028063,1.0
6275,10.03526604986788,-50.25209616718245,-5.00754996603643,-1.16332488626091,-1.6806462604851413,1.947,-0.12302970605634528,-0.23953883769170425,-5.140983417114753,1.0
6276,1.7288654882411407,-8.691069758834534,-5.027036410840951,5.59195729750803,-2.6597208598029387,-2.38,-0.0962089772872603,0.2289773659436795,5.395772739040372,1.0
6277,0.1159447668770301,-0.5203135191463688,-4.487598131084331,5.82973013269719,-4.479225584421953,6.503,-0.09171037474786137,-0.5963925669853425,3.2583057792428427,1.0
6278,5.802836926854781,-29.121914928663056,-5.018565108023386,3.76564827114278,-0.021018112729009886,3.47,-0.07376857936425929,-0.25597697039397976,0.0440759785916844,1.0
6285,-1.2886562924407494,7.465065952014666,-5.792906918473686,7.39012906172989,2.375805816853349,0.616,0.11477036221956871,0.07069854312725432,5.832545964339708,1.0
6286,4.56194106765912,-26.49805424384685,-5.808504285971379,5.65195919890348,1.1026920464457968,1.957,0.10572974455564865,0.20691311009540442,-2.9264173760972234,1.0
6287,8.74737579286571,-49.77372028985583,-5.690131699892312,5.21262892634149,2.994292414657873,1.77,0.10511000268909065,0.18604470475969045,-11.93689676355748,1.0
6288,5.23377918020679,-28.956398876939932,-5.532598506724895,3.0872602379675,1.8007932895044876,0.512,0.09882388965768374,0.05059783150473408,-6.4749021030016,1.0
6289,9.008794093195458,-38.71344600564896,-4.297295021415806,6.63920361300734,-2.545240382987546,0.743,0.06485010059125762,0.04818362473930441,-2.5312368527467988,1.0
6290,11.61862180469439,-40.19308561178578,-3.4593677535442424,2.13212714677351,0.8420585791203861,-0.231,0.018078159723108667,-0.0041760548960381024,2.5442340578721856,1.0
6291,10.520892205915246,-26.833503351629265,-2.55049693756414,0.485982550017255,1.1098544023271595,0.444,0.0293089785480507,0.01301318647533451,-5.854780732080334,1.0
6292,3.8140817732451096,-9.199006375589844,-2.4118534741752837,3.55610467395,-1.3283780530260914,-0.546,0.04236696317653266,-0.023132361894386833,1.054960568984642,1.0
6293,9.460634824304872,-6.656720023135906,-0.7036229752822125,-0.541677601834593,-3.9534443521561546,0.356,0.04379634350599171,0.015591498288133047,3.2752063415069976,1.0
6336,5.955380664098509,198.0693147517171,33.25888401152265,5.23111204040379,-15.978216850447936,0.918,0.36563952914931297,0.33565708775906933,37.303961409914166,1.0
6337,5.798945510503231,138.80825571853418,23.936809798802273,6.00669459871877,-1.7275583432639796,1.502,0.3510283911185532,0.5272446434600669,5.105809703681796,1.0
6338,10.01195270235496,59.151066714915736,5.908044961199479,3.77553049612634,22.430974234758846,7.771,0.35205701924171173,2.735835096527342,14.59848642814161,1.0
6339,19.0703842707217,91.6328935012123,4.804984115705212,6.1819155928913,-14.581727366790865,-0.06,0.35591584723155545,-0.021354950833893327,3.853110851858599,1.0
6340,14.95885458306773,122.01694142780367,8.156837192997212,3.80364587188127,-8.38782576537007,-6.087,0.34717448922936767,-2.113251115939161,4.299656810710406,1.0
6341,13.5644409771335,160.79136314321977,11.853887927580406,3.9352315052778,9.977595228942704,-2.787,0.3465092645980906,-0.9657213204348786,4.122407438514464,1.0
6342,15.90265186613609,57.31654408875755,3.6042129684552986,3.74739818489111,3.9444810422823995,0.555,0.3408581694868448,0.18917628406519887,4.454567022538369,1.0
6343,10.6000742353304,-5.798488576163296,-0.5470233931793365,3.972696401183,1.9006336299803417,4.201,0.33289678510511855,1.3984993942266029,0.7236369913417917,1.0
6344,8.80769966503682,28.54883541621442,3.2413497850684347,5.59174807563268,-0.9756266740486574,2.152,0.3351290258187336,0.7211976635619147,3.6440551839845625,1.0
6345,22.92721317553396,149.37478640953552,6.515174141135304,3.17040935922364,-4.668182740140603,1.822,0.33538995132180094,0.6110804913083213,2.8928119193598167,1.0
6346,13.66106787201704,101.28236877690026,7.41394228663224,3.33842795605096,-0.5182272080357597,-1.186,0.322681297747918,-0.38270001912903073,0.9663408878491486,1.0
6347,9.57650104585497,60.704767560185964,6.338929768765704,3.64756947012633,1.9043649326884182,7.183,0.3274729273109057,2.3522380368742355,0.4075495090979375,1.0
6348,8.94269365986808,62.185053307176915,6.9537273300821365,3.86622951587742,-8.067171776151005,4.532,0.3271673871535805,1.482722598580027,1.54306953616139,1.0
6349,4.0721706069631605,-1.9447808661661028,-0.4775784351570751,7.70128607527964,22.430974234758846,10.211,0.3416287409078005,3.4883710734095508,8.254182140861555,1.0
6350,13.118380112294531,49.397024663179415,3.7654820366795576,-12.7148969035133,-2.9263372161874135,4.058,0.3538348892921408,1.4358619807475073,-2.636732091625293,1.0
6351,19.61428279506376,59.054463972216226,3.010788851636125,2.39299021364694,1.1737281199759808,4.507,0.3580681065216976,1.613812956093291,0.2568599937637916,1.0
6352,8.90748953799138,70.16368787692755,7.876931831092481,4.82351908493912,8.836114794881889,6.315,0.348154951990423,2.1985985218195214,0.2523141758577596,1.0
6370,17.48987631936156,0.8935573980051758,0.05108997809298366,2.70000000019104,-0.17602817197710507,1.383,-0.2633271993796332,-0.36418151674203275,24.05466561732932,1.0
6371,14.58581631389592,-0.5931248099819532,-0.04066449194323685,3.70037440406668,2.7585144728041744,1.015,-0.09672629701699831,-0.09817719147225328,22.436116405577767,1.0
6372,10.40152620767867,19.163530322291194,1.842376776221954,2.94907546754213,-2.4677225569671113,0.958,-0.13606805277425332,-0.13035319455773467,-14.901493798407714,1.0
6373,8.59843791786096,7.855253432884265,0.9135675000417312,4.55455990721774,0.14888100258243497,1.588,-0.1540235741997013,-0.24458943582912568,-14.60797499454436,1.0
6374,15.420397931471928,5.049661824635392,0.3274663758403662,5.27705197295467,0.0010955479889940278,1.044,-0.18355737459977634,-0.1916338990821665,-1.553698828027339,1.0
6375,17.01920343126491,-33.803252514886054,-1.9861829991871547,5.60380645895889,1.4627846841828163,0.102,-0.25364858146463626,-0.025872155309392898,6.482144209674234,1.0
6376,18.57066364986628,-38.93448316026771,-2.0965585233970927,5.36047405394162,2.913660077933744,-0.813,-0.2992966728624193,0.24332819503714687,4.0436217266383245,1.0
6377,11.5471696102377,-15.72756215034627,-1.3620274648431803,3.1910438863288,3.1102697100045207,-1.215,-0.29111905418437733,0.3537096508340185,17.25756342408562,1.0
6378,3.29917508978306,-2.0155325370497774,-0.6109201488855538,-1.53808913525583,0.6363772156779746,0.488,-0.2649429057168984,-0.1292921379898464,2.571663013373926,1.0
6379,3.89429700172022,0.9938821920584823,0.25521479014555304,3.03973288127956,-2.02280535731999,4.667,-0.22817357241107034,-1.0648860624424652,-13.600383677417192,1.0
6380,5.172728255338631,-2.330638174725066,-0.45056265469187906,3.16855627858818,-0.4296044152901968,4.514,-0.20970272851930727,-0.9465981165361531,-0.82076228728446,1.0
6381,2.7754978718982,-3.388848911986214,-1.2209877536921097,2.39623238465745,-0.09701599418069362,3.704,-0.2216252633471143,-0.8208999754377114,13.067335464694915,1.0
6382,3.43112272014104,-8.738839345048994,-2.546932901510959,2.48546800826588,0.44637979709145625,4.039,-0.2110413803011303,-0.8523961350362652,17.601619546524038,1.0
6383,5.86566152048223,-15.495356625841534,-2.641706578487949,1.41382645223793,-0.04088849796877181,3.904,-0.2127831938714443,-0.8307055888741185,12.403858569773174,1.0
6384,9.00178333870991,-24.29770355254663,-2.6992099940975534,1.32186223678229,0.7467143767533768,3.926,-0.22061623384681728,-0.8661393340826047,17.565058619058792,1.0
6385,5.414896618741183,-13.063091985216959,-2.412436082344592,0.664552307858116,1.5406986654770805,4.374,-0.2054524745030123,-0.8986491234761758,15.288741843111842,1.0
6386,5.26758942613354,-10.762120101753123,-2.043082562274148,1.15794695181735,0.27457261228498453,3.725,-0.19632298940908732,-0.7313031355488503,-9.421115703278373,1.0
6387,4.04283181550419,-8.115946997308068,-2.0074906322304953,1.55678384721676,1.4458740181547691,4.016,-0.19288980962786928,-0.774645475465523,-0.6745443740300838,1.0
6388,5.85030965538979,-14.771456472644854,-2.5249016449985966,0.25993557687633,2.899262155095461,3.732,-0.19769522864953232,-0.7377985933200546,9.17717493638679,1.0
6389,15.59624417585624,-51.53702053199722,-3.3044507351185928,-6.1689177146757,0.25552015726388877,5.072,-0.21481205342290627,-1.0895267349609805,13.916243808888428,1.0
6390,0.8513365480727302,-2.83644901345313,-3.3317599483709825,4.85864865060148,-1.495752423623864,9.621,-0.17456687074060334,-1.6795078633953449,-10.209711503539795,1.0
6391,6.57958932603073,-16.62471850868888,-2.526710663067793,2.05813661692193,-1.2609678680114311,5.524,-0.17886738706915134,-0.988063446169992,10.671964351305196,1.0
6392,6.78763822589627,-15.730781434753315,-2.317563327806286,0.80610455095804,1.3404475601484611,4.256,-0.17058219145469827,-0.7259978068311959,12.80514462901492,1.0
6393,6.174304253646871,-15.686400106039393,-2.540593961947077,0.534843531905139,3.0535019695749677,5.449,-0.17019497080593732,-0.9273923959215524,-0.6589973922496051,1.0
6400,3.396415049996249,49.19268206041374,14.483707478704073,5.31686827418419,-6.941609609065235,-1.161,0.3409244598533939,-0.39581329788979036,16.075727569124343,1.0
6401,23.66049769195166,409.1334464342949,17.291836028177272,4.50601428032604,-1.6007646351415494,5.892,0.3515370859713668,2.0712565105432934,21.813186889268295,1.0
6402,18.03262770410797,320.63549811342483,17.780852761707138,6.94497398221223,2.1434432895181432,4.499,0.34601598310527315,1.5567259079906237,7.608703381391546,1.0
6403,24.92424697080222,318.5020623793844,12.778803819128303,7.03239511515218,-5.184605415583721,5.314,0.3352093165881558,1.78130230834946,0.9634846491792136,1.0
6404,-3.98063199447842,-43.41804846240545,10.907325400245771,7.23559900655543,-7.123189799550788,2.508,0.33923213336384384,0.8507941904765204,-6.567975957830463,1.0
6405,36.144393603071606,361.21805774748316,9.993750668894506,7.90369444480079,-5.422364576450478,2.372,0.3237179568987457,0.7678589937638248,-14.901493798407714,1.0
6406,16.91402082759694,151.75136013404273,8.971926999548504,8.35243624447406,-4.649451084530332,-16.913,0.30827405353064885,-5.213839067363864,11.105969458584289,1.0
6407,15.454728756154571,103.90300960542974,6.723056175544473,7.77389581542363,-5.6823629508731655,1.037,0.28278908973801775,0.2932522860583244,-6.413994169096271,1.0
6408,-1.5591171999172104,-7.3586248356472765,4.719738090271868,9.2203484058663,-3.2088186563029697,0.668,0.30498757380472874,0.20373169930155882,34.712950600801065,1.0
6409,19.560851796203305,33.75320991952326,1.7255490850390593,10.2982233241213,1.7433874762257329,2.057,0.31304194976980504,0.6439272906764889,-4.905847373637262,1.0
6410,16.132728174404612,33.11161640887973,2.052449904995795,5.56925219263019,-6.078710852475433,2.432,0.3044024595149657,0.7403067815403965,1.3375021712696222,1.0
6411,10.26204613639246,22.660370352119035,2.208172722178494,7.59738104901994,-3.6967949732456318,1.783,0.28518908638176776,0.5084921410186919,5.879328076791368,1.0
6412,15.73404256129838,42.2567070361758,2.685686585093917,5.05753695047252,-0.46862648676517793,3.157,0.2881048075599677,0.9095468774668181,4.836975878257976,1.0
6413,7.924802135062349,10.135921736060826,1.2790125940451738,4.69328316376705,-1.6897926673322017,6.395,0.27121626511953967,1.734428015439456,14.040316378876504,1.0
6414,32.272096376306486,-19.684374922465402,-0.6099503017386025,2.92037511217961,3.369490778025197,5.433,0.2477442519840607,1.3459945210294018,40.25727826675691,1.0
6415,-9.457372810413313,6.81809129851098,-0.7209286802148398,3.75510031678988,3.8673372674375095,8.878,0.2839278283849377,2.5207112604014767,19.41494497007139,1.0
6416,17.83028289412134,9.999364745299385,0.5608079694908366,3.52586277149926,-4.1281582314827485,5.691,0.2931027966651397,1.66804801582131,-7.664322095561483,1.0
6417,12.443513908206151,26.192503459354217,2.1049121375659805,4.03449389667165,-2.973337630018247,7.499,0.28814688624981877,2.1608134999873907,9.885299010594162,1.0
6418,11.10391866247555,26.15718749844945,2.355671749185694,1.44130602603785,0.8139368758701915,8.309,0.2795553353026897,2.3228252810300485,23.250996015936654,1.0
6419,49.22860440626517,18.45062755023013,0.37479485296727155,-2.78505506545167,1.005687488299012,9.407,0.28204051451700074,2.653155120061426,42.31258840448331,1.0
6444,6.422041315156511,-23.216665590704093,-3.6151535705494418,1.77985356392176,6.9740717844299915,1.023,0.22407806114495066,0.2292318565512845,0.0,1.0
6445,18.29225424198116,-86.9919300722728,-4.75567029199847,0.75579405855224,3.462425752952325,2.037,0.23433636319452467,0.4773431718272467,0.0,1.0
6446,33.91207735535808,-242.76858786891498,-7.1587648649473765,4.73441117758482,1.0888369100672923,6.588,0.3468242604812434,2.2848782280504314,0.0,1.0
6447,23.03854292945417,1321.1366106220323,57.34462525114789,5.00992154297603,-30.753723343003294,10.377,0.3465259562632289,3.5958998481435267,0.0,1.0
6448,78.75633626224682,4516.252589111933,57.34462525114789,-6.33244976028571,-0.5591819809034004,5.569,0.37047609306855556,2.063181362298786,0.0,1.0
6449,78.75633626224682,4516.252589111933,57.34462525114789,-7.81695060188729,-30.753723343003294,2.644,0.36844508907694695,0.9741688155194478,-14.901493798407714,1.0
6450,78.75633626224682,4516.252589111933,57.34462525114789,8.46801676808001,-30.753723343003294,0.495,0.3569271002443921,0.1766789146209741,68.01164671469917,1.0
6451,78.75633626224682,4516.252589111933,57.34462525114789,6.13926327570213,-30.753723343003294,3.225,0.3462592081978767,1.1166859464381524,68.01164671469917,1.0
6452,78.75633626224682,4516.252589111933,57.34462525114789,5.3508687909833,-30.753723343003294,4.877,0.3397454172178245,1.6569383997713298,68.01164671469917,1.0
