fecha,valor,mes
2026-09-17,28599733.0,2026-09
2026-09-16,28607718.0,2026-09
2026-09-15,28650288.0,2026-09
2026-09-14,28668642.0,2026-09
2026-09-11,28658594.0,2026-09
2026-09-10,28647696.0,2026-09
2026-09-09,28647102.0,2026-09
2026-09-08,28677035.0,2026-09
2026-09-07,28702525.0,2026-09
2026-09-04,28691780.0,2026-09
2026-09-03,28678135.0,2026-09
2026-09-02,28631191.0,2026-09
2026-09-01,28595242.0,2026-09
2026-08-31,28549419.0,2026-08
2026-08-28,28487614.0,2026-08
2026-08-27,28453692.0,2026-08
2026-08-26,28403259.0,2026-08
2026-08-25,28421565.0,2026-08
2026-08-24,28439972.0,2026-08
2026-08-21,28474986.0,2026-08
2026-08-20,28551452.0,2026-08
2026-08-19,28598672.0,2026-08
2026-08-18,28674387.0,2026-08
2026-08-14,28671689.0,2026-08
2026-08-13,28661634.0,2026-08
2026-08-12,28643709.0,2026-08
2026-08-11,28665052.0,2026-08
2026-08-10,28701302.0,2026-08
2026-08-07,28724073.0,2026-08
2026-08-06,28745981.0,2026-08
2026-08-05,28759210.0,2026-08
2026-08-04,28796297.0,2026-08
2026-08-03,28834430.0,2026-08
2026-07-31,28793896.0,2026-07
2026-07-30,28760439.0,2026-07
2026-07-29,28659716.0,2026-07
2026-07-28,28625165.0,2026-07
2026-07-27,28575298.0,2026-07
2026-07-24,28488920.0,2026-07
2026-07-23,28477006.0,2026-07
2026-07-22,28488666.0,2026-07
2026-07-21,28521907.0,2026-07
2026-07-20,28580762.0,2026-07
2026-07-17,28621496.0,2026-07
2026-07-16,28679296.0,2026-07
2026-07-15,28735094.0,2026-07
2026-07-14,28834822.0,2026-07
2026-07-13,28858754.0,2026-07
2026-07-08,28802378.0,2026-07
2026-07-07,28716685.0,2026-07
2026-07-06,28567062.0,2026-07
2026-07-03,28374393.0,2026-07
2026-07-02,28252092.0,2026-07
2026-07-01,28000802.0,2026-07
2026-06-30,27890209.0,2026-06
2026-06-29,27763906.0,2026-06
2026-06-26,27540812.0,2026-06
2026-06-25,27358027.0,2026-06
2026-06-24,27124381.0,2026-06
2026-06-23,27044370.0,2026-06
2026-06-22,26974785.0,2026-06
2026-06-19,26925571.0,2026-06
2026-06-18,26881176.0,2026-06
2026-06-17,26829192.0,2026-06
2026-06-16,26769621.0,2026-06
2026-06-12,26622351.0,2026-06
2026-06-11,26450999.0,2026-06
2026-06-10,26301838.0,2026-06
2026-06-09,26279086.0,2026-06
2026-06-08,26222905.0,2026-06
2026-06-05,26119217.0,2026-06
2026-06-04,26043043.0,2026-06
2026-06-03,25940549.0,2026-06
2026-06-02,25884738.0,2026-06
2026-06-01,25835265.0,2026-06
2026-05-29,25719300.0,2026-05
2026-05-28,25641813.0,2026-05
2026-05-27,25564913.0,2026-05
2026-05-26,25504281.0,2026-05
2026-05-22,25408945.0,2026-05
2026-05-21,25356974.0,2026-05
2026-05-20,25307708.0,2026-05
2026-05-19,25318461.0,2026-05
2026-05-18,25315893.0,2026-05
2026-05-15,25311654.0,2026-05
2026-05-14,25319688.0,2026-05
2026-05-13,25317501.0,2026-05
2026-05-12,25353411.0,2026-05
2026-05-11,25398296.0,2026-05
2026-05-08,25396902.0,2026-05
2026-05-07,25391157.0,2026-05
2026-05-06,25361722.0,2026-05
2026-05-05,25372700.0,2026-05
2026-05-04,25332690.0,2026-05
2026-04-30,25242172.0,2026-04
2026-04-29,25168907.0,2026-04
2026-04-28,25050675.0,2026-04
2026-04-27,24997487.0,2026-04
2026-04-24,24975535.0,2026-04
2026-04-23,24957636.0,2026-04
2026-04-22,24970961.0,2026-04
2026-04-21,25037170.0,2026-04
2026-04-20,25089258.0,2026-04
2026-04-17,25132593.0,2026-04
2026-04-16,25174740.0,2026-04
2026-04-15,25209692.0,2026-04
2026-04-14,25277356.0,2026-04
2026-04-13,25337544.0,2026-04
2026-04-10,25357757.0,2026-04
2026-04-09,25413999.0,2026-04
2026-04-08,25478844.0,2026-04
2026-04-07,25578391.0,2026-04
2026-04-06,25680930.0,2026-04
2026-04-01,25705448.0,2026-04
2026-03-31,25686624.0,2026-03
2026-03-30,25582837.0,2026-03
2026-03-27,25544524.0,2026-03
2026-03-26,25565242.0,2026-03
2026-03-25,25571056.0,2026-03
2026-03-20,25522852.0,2026-03
2026-03-19,25471460.0,2026-03
2026-03-18,25429660.0,2026-03
2026-03-17,25430078.0,2026-03
2026-03-16,25446430.0,2026-03
2026-03-13,25437101.0,2026-03
2026-03-12,25459837.0,2026-03
2026-03-11,25462232.0,2026-03
2026-03-10,25504527.0,2026-03
2026-03-09,25528703.0,2026-03
2026-03-06,25507152.0,2026-03
2026-03-05,25514809.0,2026-03
2026-03-04,25498353.0,2026-03
2026-03-03,25533883.0,2026-03
2026-03-02,25537884.0,2026-03
2026-02-27,25525056.0,2026-02
2026-02-26,25543804.0,2026-02
2026-02-25,25559262.0,2026-02
2026-02-24,25643628.0,2026-02
2026-02-23,25714347.0,2026-02
2026-02-20,25781680.0,2026-02
2026-02-19,25836414.0,2026-02
2026-02-18,25847385.0,2026-02
2026-02-13,25858350.0,2026-02
2026-02-12,25821466.0,2026-02
2026-02-11,25777688.0,2026-02
2026-02-10,25802239.0,2026-02
2026-02-09,25796710.0,2026-02
2026-02-06,25759172.0,2026-02
2026-02-05,25757819.0,2026-02
2026-02-04,25761800.0,2026-02
2026-02-03,25795125.0,2026-02
2026-02-02,25811499.0,2026-02
2026-01-30,25784885.0,2026-01
2026-01-29,25763956.0,2026-01
2026-01-28,25744575.0,2026-01
2026-01-27,25781716.0,2026-01
2026-01-26,25818521.0,2026-01
2026-01-23,25848606.0,2026-01
2026-01-22,25899279.0,2026-01
2026-01-21,25965417.0,2026-01
2026-01-20,26077991.0,2026-01
2026-01-19,26163034.0,2026-01
2026-01-16,26207873.0,2026-01
2026-01-15,26283865.0,2026-01
2026-01-14,26361711.0,2026-01
2026-01-13,26464485.0,2026-01
2026-01-12,26581713.0,2026-01
2026-01-09,26648356.0,2026-01
2026-01-08,26709319.0,2026-01
2026-01-07,26803751.0,2026-01
2026-01-06,26928882.0,2026-01
2026-01-05,27031367.0,2026-01
2026-01-02,27092139.0,2026-01
2025-12-30,27109342.0,2025-12
2025-12-29,27104973.0,2025-12
2025-12-26,26973231.0,2025-12
2025-12-23,26795361.0,2025-12
2025-12-22,26455974.0,2025-12
2025-12-19,25978793.0,2025-12
2025-12-18,25745850.0,2025-12
2025-12-17,25384929.0,2025-12
2025-12-16,25111385.0,2025-12
2025-12-15,24935463.0,2025-12
2025-12-12,24703984.0,2025-12
2025-12-11,24603440.0,2025-12
2025-12-10,24467666.0,2025-12
2025-12-09,24408183.0,2025-12
2025-12-05,24251471.0,2025-12
2025-12-04,24154702.0,2025-12
2025-12-03,23967091.0,2025-12
2025-12-02,23852579.0,2025-12
2025-12-01,23783527.0,2025-12
2025-11-28,23679169.0,2025-11
2025-11-27,23643171.0,2025-11
2025-11-26,23619674.0,2025-11
2025-11-25,23602900.0,2025-11
2025-11-20,23572761.0,2025-11
2025-11-19,23543783.0,2025-11
2025-11-18,23469020.0,2025-11
2025-11-17,23438864.0,2025-11
2025-11-14,23417320.0,2025-11
2025-11-13,23445472.0,2025-11
2025-11-12,23481106.0,2025-11
2025-11-11,23537980.0,2025-11
2025-11-10,23582001.0,2025-11
2025-11-07,23584679.0,2025-11
2025-11-05,23560730.0,2025-11
2025-11-04,23529965.0,2025-11
2025-11-03,23466598.0,2025-11
2025-10-31,23419519.0,2025-10
2025-10-30,23429700.0,2025-10
2025-10-29,23408761.0,2025-10
2025-10-28,23433981.0,2025-10
2025-10-27,23461461.0,2025-10
2025-10-24,23452656.0,2025-10
2025-10-23,23467708.0,2025-10
2025-10-22,23484579.0,2025-10
2025-10-21,23573451.0,2025-10
2025-10-20,23633013.0,2025-10
2025-10-17,23661935.0,2025-10
2025-10-16,23723696.0,2025-10
2025-10-15,23781976.0,2025-10
2025-10-14,23843832.0,2025-10
2025-10-13,23879489.0,2025-10
2025-10-09,23854518.0,2025-10
2025-10-08,23804463.0,2025-10
2025-10-07,23730114.0,2025-10
2025-10-06,23708759.0,2025-10
2025-10-03,23633847.0,2025-10
2025-10-02,23617740.0,2025-10
2025-10-01,23608552.0,2025-10
2025-09-30,23619271.0,2025-09
2025-09-29,23605825.0,2025-09
2025-09-26,23548053.0,2025-09
2025-09-25,23532848.0,2025-09
2025-09-24,23517244.0,2025-09
2025-09-23,23531348.0,2025-09
2025-09-22,23547126.0,2025-09
2025-09-19,23532920.0,2025-09
2025-09-18,23540581.0,2025-09
2025-09-17,23556324.0,2025-09
2025-09-16,23593148.0,2025-09
2025-09-15,23609660.0,2025-09
2025-09-12,23590052.0,2025-09
2025-09-11,23596689.0,2025-09
2025-09-10,23597645.0,2025-09
2025-09-09,23631405.0,2025-09
2025-09-08,23651913.0,2025-09
2025-09-05,23643470.0,2025-09
2025-09-04,23648839.0,2025-09
2025-09-03,23667841.0,2025-09
2025-09-02,23696789.0,2025-09
2025-09-01,23691588.0,2025-09
2025-08-29,23640833.0,2025-08
2025-08-28,23619367.0,2025-08
2025-08-27,23604996.0,2025-08
2025-08-26,23622453.0,2025-08
2025-08-25,23664572.0,2025-08
2025-08-22,23693469.0,2025-08
2025-08-21,23758898.0,2025-08
2025-08-20,23817200.0,2025-08
2025-08-19,23894367.0,2025-08
2025-08-18,23960688.0,2025-08
2025-08-14,23971911.0,2025-08
2025-08-13,23990327.0,2025-08
2025-08-12,23963100.0,2025-08
2025-08-11,23951327.0,2025-08
2025-08-08,23937575.0,2025-08
2025-08-07,23918430.0,2025-08
2025-08-06,23884579.0,2025-08
2025-08-05,23868387.0,2025-08
2025-08-04,23869797.0,2025-08
2025-08-01,23834241.0,2025-08
2025-07-31,23800232.0,2025-07
2025-07-30,23738975.0,2025-07
2025-07-29,23727973.0,2025-07
2025-07-28,23725523.0,2025-07
2025-07-25,23717041.0,2025-07
2025-07-24,23696320.0,2025-07
2025-07-23,23705155.0,2025-07
2025-07-22,23732245.0,2025-07
2025-07-21,23757659.0,2025-07
2025-07-18,23767891.0,2025-07
2025-07-17,23785574.0,2025-07
2025-07-16,23810732.0,2025-07
2025-07-15,23840515.0,2025-07
2025-07-14,23853617.0,2025-07
2025-07-11,23834460.0,2025-07
2025-07-10,23807904.0,2025-07
2025-07-08,23753444.0,2025-07
2025-07-07,23669875.0,2025-07
2025-07-04,23551977.0,2025-07
2025-07-03,23438646.0,2025-07
2025-07-02,23296048.0,2025-07
2025-07-01,23199105.0,2025-07
2025-06-30,23074222.0,2025-06
2025-06-27,22894665.0,2025-06
2025-06-26,22755649.0,2025-06
2025-06-25,22636720.0,2025-06
2025-06-24,22600573.0,2025-06
2025-06-23,22613775.0,2025-06
2025-06-19,22652075.0,2025-06
2025-06-18,22620559.0,2025-06
2025-06-17,22498576.0,2025-06
2025-06-13,22311848.0,2025-06
2025-06-12,22203206.0,2025-06
2025-06-11,22075143.0,2025-06
2025-06-10,21989349.0,2025-06
2025-06-09,21948507.0,2025-06
2025-06-06,21885199.0,2025-06
2025-06-05,21863496.0,2025-06
2025-06-04,21762777.0,2025-06
2025-06-03,21731450.0,2025-06
2025-06-02,21672190.0,2025-06
2025-05-30,21565359.0,2025-05
2025-05-29,21534794.0,2025-05
2025-05-28,21476639.0,2025-05
2025-05-27,21444669.0,2025-05
2025-05-26,21429356.0,2025-05
2025-05-23,21391564.0,2025-05
2025-05-22,21410855.0,2025-05
2025-05-21,21431603.0,2025-05
2025-05-20,21481006.0,2025-05
2025-05-19,21517219.0,2025-05
2025-05-16,21508912.0,2025-05
2025-05-15,21541694.0,2025-05
2025-05-14,21575637.0,2025-05
2025-05-13,21619257.0,2025-05
2025-05-12,21663278.0,2025-05
2025-05-09,21662771.0,2025-05
2025-05-08,21692369.0,2025-05
2025-05-07,21703090.0,2025-05
2025-05-06,21741458.0,2025-05
2025-05-05,21745989.0,2025-05
2025-04-30,21692977.0,2025-04
2025-04-29,21652586.0,2025-04
2025-04-28,21586659.0,2025-04
2025-04-25,21558649.0,2025-04
2025-04-24,21601077.0,2025-04
2025-04-23,21656042.0,2025-04
2025-04-22,21744394.0,2025-04
2025-04-21,21807819.0,2025-04
2025-04-16,21825458.0,2025-04
2025-04-15,21817435.0,2025-04
2025-04-14,21721282.0,2025-04
2025-04-11,21610287.0,2025-04
2025-04-10,21588147.0,2025-04
2025-04-09,21588419.0,2025-04
2025-04-08,21540903.0,2025-04
2025-04-07,21468435.0,2025-04
2025-04-04,21427748.0,2025-04
2025-04-03,21377209.0,2025-04
2025-04-01,21295288.0,2025-04
2025-03-31,21185767.0,2025-03
2025-03-28,21066879.0,2025-03
2025-03-27,21004760.0,2025-03
2025-03-26,20900388.0,2025-03
2025-03-25,20879454.0,2025-03
2025-03-21,20814936.0,2025-03
2025-03-20,20764978.0,2025-03
2025-03-19,20686784.0,2025-03
2025-03-18,20656562.0,2025-03
2025-03-17,20668873.0,2025-03
2025-03-14,20661470.0,2025-03
2025-03-13,20691372.0,2025-03
2025-03-12,20712569.0,2025-03
2025-03-11,20737979.0,2025-03
2025-03-10,20769572.0,2025-03
2025-03-07,20790765.0,2025-03
2025-03-06,20820571.0,2025-03
2025-03-05,20780070.0,2025-03
2025-02-28,20701648.0,2025-02
2025-02-27,20584368.0,2025-02
2025-02-26,20384744.0,2025-02
2025-02-25,20313452.0,2025-02
2025-02-24,20229185.0,2025-02
2025-02-21,20183960.0,2025-02
2025-02-20,20161317.0,2025-02
2025-02-19,20154437.0,2025-02
2025-02-18,20164481.0,2025-02
2025-02-17,20178079.0,2025-02
2025-02-14,20153623.0,2025-02
2025-02-13,20153361.0,2025-02
2025-02-12,20159450.0,2025-02
2025-02-11,20177248.0,2025-02
2025-02-10,20198847.0,2025-02
2025-02-07,20188444.0,2025-02
2025-02-06,20197866.0,2025-02
2025-02-05,20167452.0,2025-02
2025-02-04,20167041.0,2025-02
2025-02-03,20147992.0,2025-02
2025-01-31,20118507.0,2025-01
2025-01-30,20046151.0,2025-01
2025-01-29,19983941.0,2025-01
2025-01-28,19966008.0,2025-01
2025-01-27,19947236.0,2025-01
2025-01-24,19894941.0,2025-01
2025-01-23,19858523.0,2025-01
2025-01-22,19865761.0,2025-01
2025-01-21,19888809.0,2025-01
2025-01-20,19906704.0,2025-01
2025-01-17,19903717.0,2025-01
2025-01-16,19899396.0,2025-01
2025-01-15,19917223.0,2025-01
2025-01-14,19921688.0,2025-01
2025-01-13,19943885.0,2025-01
2025-01-10,19962165.0,2025-01
2025-01-09,19987975.0,2025-01
2025-01-08,20008933.0,2025-01
2025-01-07,20040263.0,2025-01
2025-01-06,20066119.0,2025-01
2025-01-03,20064707.0,2025-01
2025-01-02,20054032.0,2025-01
2024-12-30,19988275.0,2024-12
2024-12-27,19863951.0,2024-12
2024-12-26,19690881.0,2024-12
2024-12-23,19345852.0,2024-12
2024-12-20,18977794.0,2024-12
2024-12-19,18640869.0,2024-12
2024-12-18,18356032.0,2024-12
2024-12-17,18060808.0,2024-12
2024-12-16,17879375.0,2024-12
2024-12-13,17621495.0,2024-12
2024-12-12,17418233.0,2024-12
2024-12-11,17255478.0,2024-12
2024-12-10,17144370.0,2024-12
2024-12-09,17019984.0,2024-12
2024-12-06,16882332.0,2024-12
2024-12-05,16782827.0,2024-12
2024-12-04,16624775.0,2024-12
2024-12-03,16527046.0,2024-12
2024-12-02,16443913.0,2024-12
2024-11-29,16320194.0,2024-11
2024-11-28,16251174.0,2024-11
2024-11-27,16146597.0,2024-11
2024-11-26,16117916.0,2024-11
2024-11-25,16083506.0,2024-11
2024-11-22,16054656.0,2024-11
2024-11-21,16055045.0,2024-11
2024-11-20,16012282.0,2024-11
2024-11-19,16009455.0,2024-11
2024-11-15,15983129.0,2024-11
2024-11-14,15924912.0,2024-11
2024-11-13,15852958.0,2024-11
2024-11-12,15822726.0,2024-11
2024-11-11,15809492.0,2024-11
2024-11-08,15780778.0,2024-11
2024-11-07,15750210.0,2024-11
2024-11-05,15689751.0,2024-11
2024-11-04,15644455.0,2024-11
2024-11-01,15588184.0,2024-11
2024-10-31,15532073.0,2024-10
2024-10-30,15478969.0,2024-10
2024-10-29,15469317.0,2024-10
2024-10-28,15406298.0,2024-10
2024-10-25,15361792.0,2024-10
2024-10-24,15343371.0,2024-10
2024-10-23,15327495.0,2024-10
2024-10-22,15315431.0,2024-10
2024-10-21,15311529.0,2024-10
2024-10-18,15306705.0,2024-10
2024-10-17,15296039.0,2024-10
2024-10-16,15281782.0,2024-10
2024-10-15,15282126.0,2024-10
2024-10-14,15275380.0,2024-10
2024-10-10,15246086.0,2024-10
2024-10-09,15198216.0,2024-10
2024-10-08,15101095.0,2024-10
2024-10-07,15043715.0,2024-10
2024-10-04,15003839.0,2024-10
2024-10-03,14951887.0,2024-10
2024-10-02,14869181.0,2024-10
2024-10-01,14831896.0,2024-10
2024-09-30,14803722.0,2024-09
2024-09-27,14757204.0,2024-09
2024-09-26,14732918.0,2024-09
2024-09-25,14682168.0,2024-09
2024-09-24,14664678.0,2024-09
2024-09-23,14656634.0,2024-09
2024-09-20,14631599.0,2024-09
2024-09-19,14635069.0,2024-09
2024-09-18,14611221.0,2024-09
2024-09-17,14602176.0,2024-09
2024-09-16,14600609.0,2024-09
2024-09-13,14573227.0,2024-09
2024-09-12,14560549.0,2024-09
2024-09-11,14513549.0,2024-09
2024-09-10,14511877.0,2024-09
2024-09-09,14506914.0,2024-09
2024-09-06,14487327.0,2024-09
2024-09-05,14476891.0,2024-09
2024-09-04,14434448.0,2024-09
2024-09-03,14432047.0,2024-09
2024-09-02,14404519.0,2024-09
2024-08-30,14370079.0,2024-08
2024-08-29,14327383.0,2024-08
2024-08-28,14261748.0,2024-08
2024-08-27,14225624.0,2024-08
2024-08-26,14213834.0,2024-08
2024-08-23,14185755.0,2024-08
2024-08-22,14187109.0,2024-08
2024-08-21,14177316.0,2024-08
2024-08-20,14189786.0,2024-08
2024-08-19,14201979.0,2024-08
2024-08-16,14192499.0,2024-08
2024-08-15,14177412.0,2024-08
2024-08-14,14168790.0,2024-08
2024-08-13,14170074.0,2024-08
2024-08-12,14165423.0,2024-08
2024-08-09,14146858.0,2024-08
2024-08-08,14147319.0,2024-08
2024-08-07,14131252.0,2024-08
2024-08-06,14129468.0,2024-08
2024-08-05,14099688.0,2024-08
2024-08-02,14059667.0,2024-08
2024-08-01,14021754.0,2024-08
2024-07-31,13975970.0,2024-07
2024-07-30,13937033.0,2024-07
2024-07-29,13868508.0,2024-07
2024-07-26,13820310.0,2024-07
2024-07-25,13804708.0,2024-07
2024-07-24,13754897.0,2024-07
2024-07-23,13741891.0,2024-07
2024-07-22,13715307.0,2024-07
2024-07-19,13691693.0,2024-07
2024-07-18,13653045.0,2024-07
2024-07-17,13615973.0,2024-07
2024-07-16,13572362.0,2024-07
2024-07-15,13534377.0,2024-07
2024-07-12,13497159.0,2024-07
2024-07-11,13455580.0,2024-07
2024-07-10,13372003.0,2024-07
2024-07-08,13264069.0,2024-07
2024-07-05,13113500.0,2024-07
2024-07-04,12973566.0,2024-07
2024-07-03,12828811.0,2024-07
2024-07-02,12699307.0,2024-07
2024-07-01,12558306.0,2024-07
2024-06-28,12400639.0,2024-06
2024-06-27,12279966.0,2024-06
2024-06-26,12145176.0,2024-06
2024-06-25,12060640.0,2024-06
2024-06-24,11998785.0,2024-06
2024-06-19,11885787.0,2024-06
2024-06-18,11733400.0,2024-06
2024-06-14,11455588.0,2024-06
2024-06-13,11263567.0,2024-06
2024-06-12,11099440.0,2024-06
2024-06-11,10912121.0,2024-06
2024-06-10,10794999.0,2024-06
2024-06-07,10661813.0,2024-06
2024-06-06,10550413.0,2024-06
2024-06-05,10457284.0,2024-06
2024-06-04,10390149.0,2024-06
2024-06-03,10319194.0,2024-06
2024-05-31,10247983.0,2024-05
2024-05-30,10175994.0,2024-05
2024-05-29,10084795.0,2024-05
2024-05-28,10034320.0,2024-05
2024-05-27,9983937.0,2024-05
2024-05-24,9868185.0,2024-05
2024-05-23,9801376.0,2024-05
2024-05-22,9692789.0,2024-05
2024-05-21,9619424.0,2024-05
2024-05-20,9470231.0,2024-05
2024-05-17,9469888.0,2024-05
2024-05-16,9463173.0,2024-05
2024-05-15,9440601.0,2024-05
2024-05-14,9420034.0,2024-05
2024-05-13,9396932.0,2024-05
2024-05-10,9348608.0,2024-05
2024-05-09,9293294.0,2024-05
2024-05-08,9292903.0,2024-05
2024-05-07,9170555.0,2024-05
2024-05-06,9104082.0,2024-05
2024-05-03,9052975.0,2024-05
2024-05-02,9004885.0,2024-05
2024-04-30,8938115.0,2024-04
2024-04-29,8828413.0,2024-04
2024-04-26,8719655.0,2024-04
2024-04-25,8634899.0,2024-04
2024-04-24,8561894.0,2024-04
2024-04-23,8512969.0,2024-04
2024-04-22,8476200.0,2024-04
2024-04-19,8453823.0,2024-04
2024-04-18,8446778.0,2024-04
2024-04-17,8447294.0,2024-04
2024-04-16,8458674.0,2024-04
2024-04-15,8471201.0,2024-04
2024-04-12,8475420.0,2024-04
2024-04-11,8477400.0,2024-04
2024-04-10,8477290.0,2024-04
2024-04-09,8477005.0,2024-04
2024-04-08,8480708.0,2024-04
2024-04-05,8489481.0,2024-04
2024-04-04,8502783.0,2024-04
2024-04-03,8497281.0,2024-04
2024-03-27,8421336.0,2024-03
2024-03-26,8342916.0,2024-03
2024-03-25,8211540.0,2024-03
2024-03-22,8086760.0,2024-03
2024-03-21,7980538.0,2024-03
2024-03-20,7905562.0,2024-03
2024-03-19,7860275.0,2024-03
2024-03-18,7842317.0,2024-03
2024-03-15,7824465.0,2024-03
2024-03-14,7820344.0,2024-03
2024-03-13,7812188.0,2024-03
2024-03-12,7808628.0,2024-03
2024-03-11,7806022.0,2024-03
2024-03-08,7770185.0,2024-03
2024-03-07,7734808.0,2024-03
2024-03-06,7686322.0,2024-03
2024-03-05,7676089.0,2024-03
2024-03-04,7662464.0,2024-03
2024-03-01,7613164.0,2024-03
2024-02-29,7581589.0,2024-02
2024-02-28,7565458.0,2024-02
2024-02-27,7570938.0,2024-02
2024-02-26,7590937.0,2024-02
2024-02-23,7599691.0,2024-02
2024-02-22,7611850.0,2024-02
2024-02-21,7630311.0,2024-02
2024-02-20,7651243.0,2024-02
2024-02-19,7673205.0,2024-02
2024-02-16,7694267.0,2024-02
2024-02-15,7714487.0,2024-02
2024-02-14,7728049.0,2024-02
2024-02-09,7721219.0,2024-02
2024-02-08,7682673.0,2024-02
2024-02-07,7613123.0,2024-02
2024-02-06,7584882.0,2024-02
2024-02-05,7557645.0,2024-02
2024-02-02,7537232.0,2024-02
2024-02-01,7508694.0,2024-02
2024-01-31,7492506.0,2024-01
2024-01-30,7488764.0,2024-01
2024-01-29,7484065.0,2024-01
2024-01-26,7477855.0,2024-01
2024-01-25,7463945.0,2024-01
2024-01-24,7466588.0,2024-01
2024-01-23,7471379.0,2024-01
2024-01-22,7460178.0,2024-01
2024-01-19,7444058.0,2024-01
2024-01-18,7441757.0,2024-01
2024-01-17,7445928.0,2024-01
2024-01-16,7457857.0,2024-01
2024-01-15,7468420.0,2024-01
2024-01-12,7469959.0,2024-01
2024-01-11,7467011.0,2024-01
2024-01-10,7465988.0,2024-01
2024-01-09,7465300.0,2024-01
2024-01-08,7469648.0,2024-01
2024-01-05,7476807.0,2024-01
2024-01-04,7478077.0,2024-01
2024-01-03,7475870.0,2024-01
2024-01-02,7463885.0,2024-01
2023-12-29,7435216.0,2023-12
2023-12-28,7410385.0,2023-12
2023-12-27,7353162.0,2023-12
2023-12-26,7294284.0,2023-12
2023-12-22,7195604.0,2023-12
2023-12-21,7103882.0,2023-12
2023-12-20,6980813.0,2023-12
2023-12-19,6902093.0,2023-12
2023-12-18,6838361.0,2023-12
2023-12-15,6780984.0,2023-12
2023-12-14,6732146.0,2023-12
2023-12-13,6695194.0,2023-12
2023-12-12,6657990.0,2023-12
2023-12-11,6616424.0,2023-12
2023-12-07,6559730.0,2023-12
2023-12-06,6463852.0,2023-12
2023-12-05,6357999.0,2023-12
2023-12-04,6264309.0,2023-12
2023-12-01,6196145.0,2023-12
2023-11-30,6143411.0,2023-11
2023-11-29,6078947.0,2023-11
2023-11-28,6058109.0,2023-11
2023-11-27,6042389.0,2023-11
2023-11-24,6035604.0,2023-11
2023-11-23,6040607.0,2023-11
2023-11-22,6033316.0,2023-11
2023-11-21,6025348.0,2023-11
2023-11-17,6012515.0,2023-11
2023-11-16,5984510.0,2023-11
2023-11-15,5953341.0,2023-11
2023-11-14,5953713.0,2023-11
2023-11-13,5954693.0,2023-11
2023-11-10,5928426.0,2023-11
2023-11-09,5912247.0,2023-11
2023-11-08,5902773.0,2023-11
2023-11-07,5899447.0,2023-11
2023-11-03,5882913.0,2023-11
2023-11-02,5868759.0,2023-11
2023-11-01,5830566.0,2023-11
2023-10-31,5821505.0,2023-10
2023-10-30,5820410.0,2023-10
2023-10-27,5828068.0,2023-10
2023-10-26,5841034.0,2023-10
2023-10-25,5857227.0,2023-10
2023-10-24,5877608.0,2023-10
2023-10-23,5900295.0,2023-10
2023-10-20,5894096.0,2023-10
2023-10-19,5896489.0,2023-10
2023-10-18,5903450.0,2023-10
2023-10-17,5921972.0,2023-10
2023-10-12,5901175.0,2023-10
2023-10-11,5855781.0,2023-10
2023-10-10,5772491.0,2023-10
2023-10-09,5700100.0,2023-10
2023-10-06,5628802.0,2023-10
2023-10-05,5588759.0,2023-10
2023-10-04,5550192.0,2023-10
2023-10-03,5504706.0,2023-10
2023-10-02,5466501.0,2023-10
2023-09-29,5423176.0,2023-09
2023-09-28,5388254.0,2023-09
2023-09-27,5342744.0,2023-09
2023-09-26,5309264.0,2023-09
2023-09-25,5296833.0,2023-09
2023-09-22,5286849.0,2023-09
2023-09-21,5271793.0,2023-09
2023-09-20,5264081.0,2023-09
2023-09-19,5266077.0,2023-09
2023-09-18,5267010.0,2023-09
2023-09-15,5265466.0,2023-09
2023-09-14,5264567.0,2023-09
2023-09-13,5263029.0,2023-09
2023-09-12,5264239.0,2023-09
2023-09-11,5257810.0,2023-09
2023-09-08,5246476.0,2023-09
2023-09-07,5229251.0,2023-09
2023-09-06,5201564.0,2023-09
2023-09-05,5195559.0,2023-09
2023-09-04,5185177.0,2023-09
2023-09-01,5172371.0,2023-09
2023-08-31,5163653.0,2023-08
2023-08-30,5158367.0,2023-08
2023-08-29,5159603.0,2023-08
2023-08-28,5167634.0,2023-08
2023-08-25,5182410.0,2023-08
2023-08-24,5193184.0,2023-08
2023-08-23,5208251.0,2023-08
2023-08-22,5221299.0,2023-08
2023-08-18,5228028.0,2023-08
2023-08-17,5233572.0,2023-08
2023-08-16,5237080.0,2023-08
2023-08-15,5245777.0,2023-08
2023-08-14,5250966.0,2023-08
2023-08-11,5239660.0,2023-08
2023-08-10,5217241.0,2023-08
2023-08-09,5191696.0,2023-08
2023-08-08,5172084.0,2023-08
2023-08-07,5152268.0,2023-08
2023-08-04,5131654.0,2023-08
2023-08-03,5118774.0,2023-08
2023-08-02,5097284.0,2023-08
2023-08-01,5087161.0,2023-08
2023-07-31,5072843.0,2023-07
2023-07-28,5052102.0,2023-07
2023-07-27,5033081.0,2023-07
2023-07-26,5008321.0,2023-07
2023-07-25,4993214.0,2023-07
2023-07-24,4978535.0,2023-07
2023-07-21,4964661.0,2023-07
2023-07-20,4952397.0,2023-07
2023-07-19,4938281.0,2023-07
2023-07-18,4934889.0,2023-07
2023-07-17,4931319.0,2023-07
2023-07-14,4923909.0,2023-07
2023-07-13,4923103.0,2023-07
2023-07-12,4913338.0,2023-07
2023-07-11,4913152.0,2023-07
2023-07-10,4908052.0,2023-07
2023-07-07,4888645.0,2023-07
2023-07-06,4846682.0,2023-07
2023-07-05,4800839.0,2023-07
2023-07-04,4763744.0,2023-07
2023-07-03,4722086.0,2023-07
2023-06-30,4683197.0,2023-06
2023-06-29,4654665.0,2023-06
2023-06-28,4607605.0,2023-06
2023-06-27,4584120.0,2023-06
2023-06-26,4571064.0,2023-06
2023-06-23,4570033.0,2023-06
2023-06-22,4573912.0,2023-06
2023-06-21,4572077.0,2023-06
2023-06-16,4552893.0,2023-06
2023-06-15,4539799.0,2023-06
2023-06-14,4501812.0,2023-06
2023-06-13,4487811.0,2023-06
2023-06-12,4473209.0,2023-06
2023-06-09,4454358.0,2023-06
2023-06-08,4431595.0,2023-06
2023-06-07,4403934.0,2023-06
2023-06-06,4389100.0,2023-06
2023-06-05,4368237.0,2023-06
2023-06-02,4345203.0,2023-06
2023-06-01,4336316.0,2023-06
2023-05-31,4330051.0,2023-05
2023-05-30,4336088.0,2023-05
2023-05-29,4343511.0,2023-05
2023-05-24,4335963.0,2023-05
2023-05-23,4328094.0,2023-05
2023-05-22,4299936.0,2023-05
2023-05-19,4280842.0,2023-05
2023-05-18,4280262.0,2023-05
2023-05-17,4277325.0,2023-05
2023-05-16,4285276.0,2023-05
2023-05-15,4293240.0,2023-05
2023-05-12,4295095.0,2023-05
2023-05-11,4298896.0,2023-05
2023-05-10,4293219.0,2023-05
2023-05-09,4296560.0,2023-05
2023-05-08,4297682.0,2023-05
2023-05-05,4297016.0,2023-05
2023-05-04,4290064.0,2023-05
2023-05-03,4272410.0,2023-05
2023-05-02,4253916.0,2023-05
2023-04-28,4234096.0,2023-04
2023-04-27,4205496.0,2023-04
2023-04-26,4168638.0,2023-04
2023-04-25,4142720.0,2023-04
2023-04-24,4132445.0,2023-04
2023-04-21,4124614.0,2023-04
2023-04-20,4118468.0,2023-04
2023-04-19,4117551.0,2023-04
2023-04-18,4125009.0,2023-04
2023-04-17,4138373.0,2023-04
2023-04-14,4145595.0,2023-04
2023-04-13,4154897.0,2023-04
2023-04-12,4161130.0,2023-04
2023-04-11,4170252.0,2023-04
2023-04-10,4181288.0,2023-04
2023-04-05,4177380.0,2023-04
2023-04-04,4160471.0,2023-04
2023-04-03,4114648.0,2023-04
2023-03-31,4091246.0,2023-03
2023-03-30,4071992.0,2023-03
2023-03-29,4064218.0,2023-03
2023-03-28,4065020.0,2023-03
2023-03-27,4066186.0,2023-03
2023-03-23,4065242.0,2023-03
2023-03-22,4057112.0,2023-03
2023-03-21,4048282.0,2023-03
2023-03-20,4051639.0,2023-03
2023-03-17,4055399.0,2023-03
2023-03-16,4061730.0,2023-03
2023-03-15,4069045.0,2023-03
2023-03-14,4080404.0,2023-03
2023-03-13,4090607.0,2023-03
2023-03-10,4093372.0,2023-03
2023-03-09,4092157.0,2023-03
2023-03-08,4081255.0,2023-03
2023-03-07,4077542.0,2023-03
2023-03-06,4076395.0,2023-03
2023-03-03,4070717.0,2023-03
2023-03-02,4067231.0,2023-03
2023-03-01,4064682.0,2023-03
2023-02-28,4072337.0,2023-02
2023-02-27,4083353.0,2023-02
2023-02-24,4094727.0,2023-02
2023-02-23,4103063.0,2023-02
2023-02-22,4106721.0,2023-02
2023-02-17,4094259.0,2023-02
2023-02-16,4088019.0,2023-02
2023-02-15,4079281.0,2023-02
2023-02-14,4079868.0,2023-02
2023-02-13,4081031.0,2023-02
2023-02-10,4082962.0,2023-02
2023-02-09,4086012.0,2023-02
2023-02-08,4084750.0,2023-02
2023-02-07,4085464.0,2023-02
2023-02-06,4089829.0,2023-02
2023-02-03,4082927.0,2023-02
2023-02-02,4078451.0,2023-02
2023-02-01,4068617.0,2023-02
2023-01-31,4063357.0,2023-01
2023-01-30,4059249.0,2023-01
2023-01-27,4055178.0,2023-01
2023-01-26,4055140.0,2023-01
2023-01-25,4054143.0,2023-01
2023-01-24,4058818.0,2023-01
2023-01-23,4064284.0,2023-01
2023-01-20,4069469.0,2023-01
2023-01-19,4074579.0,2023-01
2023-01-18,4082226.0,2023-01
2023-01-17,4093050.0,2023-01
2023-01-16,4104329.0,2023-01
2023-01-13,4112019.0,2023-01
2023-01-12,4117820.0,2023-01
2023-01-11,4120593.0,2023-01
2023-01-10,4122477.0,2023-01
2023-01-09,4121991.0,2023-01
2023-01-06,4113632.0,2023-01
2023-01-05,4110406.0,2023-01
2023-01-04,4104918.0,2023-01
2023-01-03,4105042.0,2023-01
2023-01-02,4104627.0,2023-01
2022-12-30,4094595.0,2022-12
2022-12-29,4085293.0,2022-12
2022-12-28,4063620.0,2022-12
2022-12-27,4045128.0,2022-12
2022-12-26,4023902.0,2022-12
2022-12-23,3974510.0,2022-12
2022-12-22,3926908.0,2022-12
2022-12-21,3858938.0,2022-12
2022-12-20,3814182.0,2022-12
2022-12-19,3771098.0,2022-12
2022-12-16,3719195.0,2022-12
2022-12-15,3693508.0,2022-12
2022-12-14,3678342.0,2022-12
2022-12-13,3671051.0,2022-12
2022-12-12,3664321.0,2022-12
2022-12-07,3636150.0,2022-12
2022-12-06,3605167.0,2022-12
2022-12-05,3540447.0,2022-12
2022-12-02,3485784.0,2022-12
2022-12-01,3455102.0,2022-12
2022-11-30,3428839.0,2022-11
2022-11-29,3412582.0,2022-11
2022-11-28,3396000.0,2022-11
2022-11-25,3382772.0,2022-11
2022-11-24,3375711.0,2022-11
2022-11-23,3370450.0,2022-11
2022-11-22,3368547.0,2022-11
2022-11-18,3362426.0,2022-11
2022-11-17,3358588.0,2022-11
2022-11-16,3351690.0,2022-11
2022-11-15,3348785.0,2022-11
2022-11-14,3348642.0,2022-11
2022-11-11,3347330.0,2022-11
2022-11-10,3342416.0,2022-11
2022-11-09,3331481.0,2022-11
2022-11-08,3326749.0,2022-11
2022-11-07,3314094.0,2022-11
2022-11-04,3307289.0,2022-11
2022-11-03,3293410.0,2022-11
2022-11-02,3271688.0,2022-11
2022-11-01,3267472.0,2022-11
2022-10-31,3251817.0,2022-10
2022-10-28,3239787.0,2022-10
2022-10-27,3226323.0,2022-10
2022-10-26,3218329.0,2022-10
2022-10-25,3215411.0,2022-10
2022-10-24,3214861.0,2022-10
2022-10-21,3215527.0,2022-10
2022-10-20,3217987.0,2022-10
2022-10-19,3224645.0,2022-10
2022-10-18,3235652.0,2022-10
2022-10-17,3244567.0,2022-10
2022-10-14,3254104.0,2022-10
2022-10-13,3263500.0,2022-10
2022-10-12,3272869.0,2022-10
2022-10-11,3280624.0,2022-10
2022-10-06,3273671.0,2022-10
2022-10-05,3255940.0,2022-10
2022-10-04,3230217.0,2022-10
2022-10-03,3206172.0,2022-10
2022-09-30,3195014.0,2022-09
2022-09-29,3186657.0,2022-09
2022-09-28,3172131.0,2022-09
2022-09-27,3163829.0,2022-09
2022-09-26,3155796.0,2022-09
2022-09-23,3149198.0,2022-09
2022-09-22,3144600.0,2022-09
2022-09-21,3144122.0,2022-09
2022-09-20,3148654.0,2022-09
2022-09-19,3156024.0,2022-09
2022-09-16,3161666.0,2022-09
2022-09-15,3168305.0,2022-09
2022-09-14,3177253.0,2022-09
2022-09-13,3184089.0,2022-09
2022-09-12,3189617.0,2022-09
2022-09-09,3194344.0,2022-09
2022-09-08,3193839.0,2022-09
2022-09-07,3190327.0,2022-09
2022-09-06,3188027.0,2022-09
2022-09-05,3179087.0,2022-09
2022-09-01,3172288.0,2022-09
2022-08-31,3170761.0,2022-08
2022-08-30,3176809.0,2022-08
2022-08-29,3180402.0,2022-08
2022-08-26,3183837.0,2022-08
2022-08-25,3189304.0,2022-08
2022-08-24,3195393.0,2022-08
2022-08-23,3204336.0,2022-08
2022-08-22,3215479.0,2022-08
2022-08-19,3224973.0,2022-08
2022-08-18,3238496.0,2022-08
2022-08-17,3249683.0,2022-08
2022-08-16,3260345.0,2022-08
2022-08-12,3265224.0,2022-08
2022-08-11,3270439.0,2022-08
2022-08-10,3271084.0,2022-08
2022-08-09,3272726.0,2022-08
2022-08-08,3266427.0,2022-08
2022-08-05,3266025.0,2022-08
2022-08-04,3265928.0,2022-08
2022-08-03,3259458.0,2022-08
2022-08-02,3258925.0,2022-08
2022-08-01,3246423.0,2022-08
2022-07-29,3234472.0,2022-07
2022-07-28,3234013.0,2022-07
2022-07-27,3227609.0,2022-07
2022-07-26,3224777.0,2022-07
2022-07-25,3212466.0,2022-07
2022-07-22,3210673.0,2022-07
2022-07-21,3206615.0,2022-07
2022-07-20,3207306.0,2022-07
2022-07-19,3211457.0,2022-07
2022-07-18,3216304.0,2022-07
2022-07-15,3218728.0,2022-07
2022-07-14,3220969.0,2022-07
2022-07-13,3221601.0,2022-07
2022-07-12,3222863.0,2022-07
2022-07-11,3216354.0,2022-07
2022-07-08,3208154.0,2022-07
2022-07-07,3187407.0,2022-07
2022-07-06,3162285.0,2022-07
2022-07-05,3139106.0,2022-07
2022-07-04,3118963.0,2022-07
2022-07-01,3094576.0,2022-07
2022-06-30,3071287.0,2022-06
2022-06-29,3043809.0,2022-06
2022-06-28,3023684.0,2022-06
2022-06-27,3006264.0,2022-06
2022-06-24,2987932.0,2022-06
2022-06-23,2984420.0,2022-06
2022-06-22,2978922.0,2022-06
2022-06-21,2976911.0,2022-06
2022-06-16,2968220.0,2022-06
2022-06-15,2959058.0,2022-06
2022-06-14,2939703.0,2022-06
2022-06-13,2917128.0,2022-06
2022-06-10,2900663.0,2022-06
2022-06-09,2897294.0,2022-06
2022-06-08,2881668.0,2022-06
2022-06-07,2861569.0,2022-06
2022-06-06,2839488.0,2022-06
2022-06-03,2829585.0,2022-06
2022-06-02,2823287.0,2022-06
2022-06-01,2810906.0,2022-06
2022-05-31,2803704.0,2022-05
2022-05-30,2791933.0,2022-05
2022-05-27,2789062.0,2022-05
2022-05-26,2787445.0,2022-05
2022-05-24,2769598.0,2022-05
2022-05-23,2751115.0,2022-05
2022-05-20,2748684.0,2022-05
2022-05-19,2748466.0,2022-05
2022-05-17,2742999.0,2022-05
2022-05-16,2741471.0,2022-05
2022-05-13,2739891.0,2022-05
2022-05-12,2738608.0,2022-05
2022-05-11,2735679.0,2022-05
2022-05-10,2733877.0,2022-05
2022-05-09,2725111.0,2022-05
2022-05-06,2717965.0,2022-05
2022-05-05,2712644.0,2022-05
2022-05-04,2702347.0,2022-05
2022-05-03,2692928.0,2022-05
2022-05-02,2684215.0,2022-05
2022-04-29,2677179.0,2022-04
2022-04-28,2674663.0,2022-04
2022-04-27,2671363.0,2022-04
2022-04-26,2665454.0,2022-04
2022-04-25,2662070.0,2022-04
2022-04-22,2665422.0,2022-04
2022-04-21,2678995.0,2022-04
2022-04-20,2695413.0,2022-04
2022-04-19,2711197.0,2022-04
2022-04-18,2726694.0,2022-04
2022-04-13,2737130.0,2022-04
2022-04-12,2737030.0,2022-04
2022-04-11,2716293.0,2022-04
2022-04-08,2691292.0,2022-04
2022-04-07,2679672.0,2022-04
2022-04-06,2663816.0,2022-04
2022-04-05,2658464.0,2022-04
2022-04-04,2654977.0,2022-04
2022-04-01,2649168.0,2022-04
2022-03-31,2645803.0,2022-03
2022-03-30,2642967.0,2022-03
2022-03-29,2644072.0,2022-03
2022-03-28,2646000.0,2022-03
2022-03-25,2643803.0,2022-03
2022-03-23,2643910.0,2022-03
2022-03-22,2647119.0,2022-03
2022-03-21,2649865.0,2022-03
2022-03-18,2655422.0,2022-03
2022-03-17,2661517.0,2022-03
2022-03-16,2670016.0,2022-03
2022-03-15,2677155.0,2022-03
2022-03-14,2683061.0,2022-03
2022-03-11,2688804.0,2022-03
2022-03-10,2693978.0,2022-03
2022-03-09,2698652.0,2022-03
2022-03-08,2702672.0,2022-03
2022-03-07,2707602.0,2022-03
2022-03-04,2713163.0,2022-03
2022-03-03,2717439.0,2022-03
2022-03-02,2714112.0,2022-03
2022-02-25,2708918.0,2022-02
2022-02-24,2704788.0,2022-02
2022-02-23,2684980.0,2022-02
2022-02-22,2680587.0,2022-02
2022-02-21,2668864.0,2022-02
2022-02-18,2670109.0,2022-02
2022-02-17,2673089.0,2022-02
2022-02-16,2677756.0,2022-02
2022-02-15,2682676.0,2022-02
2022-02-14,2687528.0,2022-02
2022-02-11,2690656.0,2022-02
2022-02-10,2693490.0,2022-02
2022-02-09,2692258.0,2022-02
2022-02-08,2691678.0,2022-02
2022-02-07,2685694.0,2022-02
2022-02-04,2684694.0,2022-02
2022-02-03,2682948.0,2022-02
2022-02-02,2675590.0,2022-02
2022-02-01,2670232.0,2022-02
2022-01-31,2665796.0,2022-01
2022-01-28,2659981.0,2022-01
2022-01-27,2654095.0,2022-01
2022-01-26,2650373.0,2022-01
2022-01-25,2650169.0,2022-01
2022-01-24,2650852.0,2022-01
2022-01-21,2653898.0,2022-01
2022-01-20,2659349.0,2022-01
2022-01-19,2664889.0,2022-01
2022-01-18,2671448.0,2022-01
2022-01-17,2678401.0,2022-01
2022-01-14,2683034.0,2022-01
2022-01-13,2688163.0,2022-01
2022-01-12,2692253.0,2022-01
2022-01-11,2696087.0,2022-01
2022-01-10,2697185.0,2022-01
2022-01-07,2699491.0,2022-01
2022-01-06,2700931.0,2022-01
2022-01-05,2700815.0,2022-01
2022-01-04,2701597.0,2022-01
2022-01-03,2696329.0,2022-01
2021-12-30,2691400.0,2021-12
2021-12-29,2687322.0,2021-12
2021-12-28,2677964.0,2021-12
2021-12-27,2664504.0,2021-12
2021-12-23,2637445.0,2021-12
2021-12-22,2605294.0,2021-12
2021-12-21,2564587.0,2021-12
2021-12-20,2522200.0,2021-12
2021-12-17,2484880.0,2021-12
2021-12-16,2475553.0,2021-12
2021-12-15,2464857.0,2021-12
2021-12-14,2459781.0,2021-12
2021-12-13,2447835.0,2021-12
2021-12-10,2436577.0,2021-12
2021-12-09,2428431.0,2021-12
2021-12-07,2401851.0,2021-12
2021-12-06,2379878.0,2021-12
2021-12-03,2361280.0,2021-12
2021-12-02,2353527.0,2021-12
2021-12-01,2330414.0,2021-12
2021-11-30,2326807.0,2021-11
2021-11-29,2318704.0,2021-11
2021-11-26,2317291.0,2021-11
2021-11-25,2316728.0,2021-11
2021-11-24,2307201.0,2021-11
2021-11-23,2307890.0,2021-11
2021-11-19,2305236.0,2021-11
2021-11-18,2306268.0,2021-11
2021-11-17,2301736.0,2021-11
2021-11-16,2302707.0,2021-11
2021-11-15,2301574.0,2021-11
2021-11-12,2300799.0,2021-11
2021-11-11,2298341.0,2021-11
2021-11-10,2290399.0,2021-11
2021-11-09,2287801.0,2021-11
2021-11-08,2273470.0,2021-11
2021-11-05,2270076.0,2021-11
2021-11-04,2264525.0,2021-11
2021-11-03,2249683.0,2021-11
2021-11-02,2245017.0,2021-11
2021-11-01,2227849.0,2021-11
2021-10-29,2222021.0,2021-10
2021-10-28,2216214.0,2021-10
2021-10-27,2201809.0,2021-10
2021-10-26,2198294.0,2021-10
2021-10-25,2196252.0,2021-10
2021-10-22,2197760.0,2021-10
2021-10-21,2202058.0,2021-10
2021-10-20,2207408.0,2021-10
2021-10-19,2214279.0,2021-10
2021-10-18,2220719.0,2021-10
2021-10-15,2228126.0,2021-10
2021-10-14,2235298.0,2021-10
2021-10-13,2239394.0,2021-10
2021-10-12,2242619.0,2021-10
2021-10-07,2237641.0,2021-10
2021-10-06,2227944.0,2021-10
2021-10-05,2219501.0,2021-10
2021-10-04,2189928.0,2021-10
2021-10-01,2185342.0,2021-10
2021-09-30,2182415.0,2021-09
2021-09-29,2165707.0,2021-09
2021-09-28,2163319.0,2021-09
2021-09-27,2154137.0,2021-09
2021-09-24,2153793.0,2021-09
2021-09-23,2153812.0,2021-09
2021-09-22,2154491.0,2021-09
2021-09-21,2157838.0,2021-09
2021-09-20,2161659.0,2021-09
2021-09-17,2164145.0,2021-09
2021-09-16,2167784.0,2021-09
2021-09-15,2172134.0,2021-09
2021-09-14,2176524.0,2021-09
2021-09-13,2178492.0,2021-09
2021-09-10,2178929.0,2021-09
2021-09-09,2179174.0,2021-09
2021-09-08,2171006.0,2021-09
2021-09-07,2169195.0,2021-09
2021-09-06,2160978.0,2021-09
2021-09-03,2159099.0,2021-09
2021-09-02,2157410.0,2021-09
2021-09-01,2144825.0,2021-09
2021-08-31,2142466.0,2021-08
2021-08-30,2134873.0,2021-08
2021-08-27,2132202.0,2021-08
2021-08-26,2133091.0,2021-08
2021-08-25,2131853.0,2021-08
2021-08-24,2133608.0,2021-08
2021-08-23,2135841.0,2021-08
2021-08-20,2140613.0,2021-08
2021-08-19,2146699.0,2021-08
2021-08-18,2151703.0,2021-08
2021-08-17,2153886.0,2021-08
2021-08-13,2153492.0,2021-08
2021-08-12,2154013.0,2021-08
2021-08-11,2146715.0,2021-08
2021-08-10,2146845.0,2021-08
2021-08-09,2138387.0,2021-08
2021-08-06,2137329.0,2021-08
2021-08-05,2136846.0,2021-08
2021-08-04,2130802.0,2021-08
2021-08-03,2128621.0,2021-08
2021-08-02,2116035.0,2021-08
2021-07-30,2114201.0,2021-07
2021-07-29,2112629.0,2021-07
2021-07-28,2099292.0,2021-07
2021-07-27,2096656.0,2021-07
2021-07-26,2091662.0,2021-07
2021-07-23,2091529.0,2021-07
2021-07-22,2093124.0,2021-07
2021-07-21,2094093.0,2021-07
2021-07-20,2095838.0,2021-07
2021-07-19,2097832.0,2021-07
2021-07-16,2100764.0,2021-07
2021-07-15,2104454.0,2021-07
2021-07-14,2107377.0,2021-07
2021-07-13,2110395.0,2021-07
2021-07-12,2107289.0,2021-07
2021-07-08,2102765.0,2021-07
2021-07-07,2091031.0,2021-07
2021-07-06,2072508.0,2021-07
2021-07-05,2055291.0,2021-07
2021-07-02,2042913.0,2021-07
2021-07-01,2040822.0,2021-07
2021-06-30,2016618.0,2021-06
2021-06-29,2013800.0,2021-06
2021-06-28,1992108.0,2021-06
2021-06-25,1990279.0,2021-06
2021-06-24,1987363.0,2021-06
2021-06-23,1969016.0,2021-06
2021-06-22,1969929.0,2021-06
2021-06-18,1951719.0,2021-06
2021-06-17,1950523.0,2021-06
2021-06-16,1933271.0,2021-06
2021-06-15,1932290.0,2021-06
2021-06-14,1917930.0,2021-06
2021-06-11,1916811.0,2021-06
2021-06-10,1915307.0,2021-06
2021-06-09,1897066.0,2021-06
2021-06-08,1895502.0,2021-06
2021-06-07,1885932.0,2021-06
2021-06-04,1884103.0,2021-06
2021-06-03,1878138.0,2021-06
2021-06-02,1865895.0,2021-06
2021-06-01,1864928.0,2021-06
2021-05-31,1861372.0,2021-05
2021-05-28,1859064.0,2021-05
2021-05-27,1857214.0,2021-05
2021-05-26,1836687.0,2021-05
2021-05-21,1832097.0,2021-05
2021-05-20,1831643.0,2021-05
2021-05-19,1828956.0,2021-05
2021-05-18,1830126.0,2021-05
2021-05-17,1832912.0,2021-05
2021-05-14,1835694.0,2021-05
2021-05-13,1836547.0,2021-05
2021-05-12,1831246.0,2021-05
2021-05-11,1831131.0,2021-05
2021-05-10,1831370.0,2021-05
2021-05-07,1828414.0,2021-05
2021-05-06,1825840.0,2021-05
2021-05-05,1805143.0,2021-05
2021-05-04,1802965.0,2021-05
2021-05-03,1798720.0,2021-05
2021-04-30,1795749.0,2021-04
2021-04-29,1790023.0,2021-04
2021-04-28,1780818.0,2021-04
2021-04-27,1779045.0,2021-04
2021-04-26,1779820.0,2021-04
2021-04-23,1782282.0,2021-04
2021-04-22,1785279.0,2021-04
2021-04-21,1786982.0,2021-04
2021-04-20,1790663.0,2021-04
2021-04-19,1795367.0,2021-04
2021-04-16,1798730.0,2021-04
2021-04-15,1803539.0,2021-04
2021-04-14,1807348.0,2021-04
2021-04-13,1811743.0,2021-04
2021-04-12,1815352.0,2021-04
2021-04-09,1817734.0,2021-04
2021-04-08,1820471.0,2021-04
2021-04-07,1823843.0,2021-04
2021-04-06,1826258.0,2021-04
2021-04-05,1828452.0,2021-04
2021-03-31,1827988.0,2021-03
2021-03-30,1823974.0,2021-03
2021-03-29,1814713.0,2021-03
2021-03-26,1801123.0,2021-03
2021-03-25,1799427.0,2021-03
2021-03-23,1799482.0,2021-03
2021-03-22,1801722.0,2021-03
2021-03-19,1804223.0,2021-03
2021-03-18,1809877.0,2021-03
2021-03-17,1814242.0,2021-03
2021-03-16,1817387.0,2021-03
2021-03-15,1821006.0,2021-03
2021-03-12,1822987.0,2021-03
2021-03-11,1823786.0,2021-03
2021-03-10,1822737.0,2021-03
2021-03-09,1822518.0,2021-03
2021-03-08,1823365.0,2021-03
2021-03-05,1822780.0,2021-03
2021-03-04,1821536.0,2021-03
2021-03-03,1817769.0,2021-03
2021-03-02,1817411.0,2021-03
2021-03-01,1818776.0,2021-03
2021-02-26,1819502.0,2021-02
2021-02-25,1820794.0,2021-02
2021-02-24,1824088.0,2021-02
2021-02-23,1826420.0,2021-02
2021-02-22,1832281.0,2021-02
2021-02-19,1838509.0,2021-02
2021-02-18,1845431.0,2021-02
2021-02-17,1849399.0,2021-02
2021-02-12,1849946.0,2021-02
2021-02-11,1849994.0,2021-02
2021-02-10,1844247.0,2021-02
2021-02-09,1839612.0,2021-02
2021-02-08,1837066.0,2021-02
2021-02-05,1834388.0,2021-02
2021-02-04,1833547.0,2021-02
2021-02-03,1830768.0,2021-02
2021-02-02,1830604.0,2021-02
2021-02-01,1831140.0,2021-02
2021-01-29,1831071.0,2021-01
2021-01-28,1833262.0,2021-01
2021-01-27,1835096.0,2021-01
2021-01-26,1836660.0,2021-01
2021-01-25,1839233.0,2021-01
2021-01-22,1841464.0,2021-01
2021-01-21,1845722.0,2021-01
2021-01-20,1849831.0,2021-01
2021-01-19,1854589.0,2021-01
2021-01-18,1859758.0,2021-01
2021-01-15,1863034.0,2021-01
2021-01-14,1868435.0,2021-01
2021-01-13,1874086.0,2021-01
2021-01-12,1878166.0,2021-01
2021-01-11,1881753.0,2021-01
2021-01-08,1885161.0,2021-01
2021-01-07,1888402.0,2021-01
2021-01-06,1891553.0,2021-01
2021-01-05,1894407.0,2021-01
2021-01-04,1897544.0,2021-01
2020-12-30,1897825.0,2020-12
2020-12-29,1897746.0,2020-12
2020-12-28,1887425.0,2020-12
2020-12-23,1858376.0,2020-12
2020-12-22,1834267.0,2020-12
2020-12-21,1807695.0,2020-12
2020-12-18,1788193.0,2020-12
2020-12-17,1778652.0,2020-12
2020-12-16,1772166.0,2020-12
2020-12-15,1766355.0,2020-12
2020-12-14,1761476.0,2020-12
2020-12-11,1758331.0,2020-12
2020-12-10,1755663.0,2020-12
2020-12-09,1747010.0,2020-12
2020-12-04,1738469.0,2020-12
2020-12-03,1730304.0,2020-12
2020-12-02,1716252.0,2020-12
2020-12-01,1707906.0,2020-12
2020-11-30,1705170.0,2020-11
2020-11-27,1700391.0,2020-11
2020-11-26,1694442.0,2020-11
2020-11-25,1692953.0,2020-11
2020-11-24,1686726.0,2020-11
2020-11-20,1686220.0,2020-11
2020-11-19,1687504.0,2020-11
2020-11-18,1689238.0,2020-11
2020-11-17,1690321.0,2020-11
2020-11-16,1692112.0,2020-11
2020-11-13,1692785.0,2020-11
2020-11-12,1693522.0,2020-11
2020-11-11,1694490.0,2020-11
2020-11-10,1696843.0,2020-11
2020-11-09,1698747.0,2020-11
2020-11-05,1697998.0,2020-11
2020-11-04,1695456.0,2020-11
2020-11-03,1690078.0,2020-11
2020-11-02,1686197.0,2020-11
2020-10-30,1685004.0,2020-10
2020-10-29,1684207.0,2020-10
2020-10-28,1683233.0,2020-10
2020-10-27,1684021.0,2020-10
2020-10-26,1685037.0,2020-10
2020-10-23,1685445.0,2020-10
2020-10-22,1688225.0,2020-10
2020-10-21,1690462.0,2020-10
2020-10-20,1693619.0,2020-10
2020-10-19,1696674.0,2020-10
2020-10-16,1698488.0,2020-10
2020-10-15,1700589.0,2020-10
2020-10-14,1701875.0,2020-10
2020-10-13,1702543.0,2020-10
2020-10-09,1701624.0,2020-10
2020-10-08,1698322.0,2020-10
2020-10-07,1692177.0,2020-10
2020-10-06,1691075.0,2020-10
2020-10-05,1688560.0,2020-10
2020-10-02,1686077.0,2020-10
2020-10-01,1684617.0,2020-10
2020-09-30,1677555.0,2020-09
2020-09-29,1675403.0,2020-09
2020-09-28,1672946.0,2020-09
2020-09-25,1670788.0,2020-09
2020-09-24,1670088.0,2020-09
2020-09-23,1669205.0,2020-09
2020-09-22,1669681.0,2020-09
2020-09-21,1670278.0,2020-09
2020-09-18,1670182.0,2020-09
2020-09-17,1671203.0,2020-09
2020-09-16,1672798.0,2020-09
2020-09-15,1673910.0,2020-09
2020-09-14,1675383.0,2020-09
2020-09-11,1676610.0,2020-09
2020-09-10,1677097.0,2020-09
2020-09-09,1676991.0,2020-09
2020-09-08,1677220.0,2020-09
2020-09-07,1676722.0,2020-09
2020-09-04,1674981.0,2020-09
2020-09-03,1673356.0,2020-09
2020-09-02,1668573.0,2020-09
2020-09-01,1667454.0,2020-09
2020-08-31,1667169.0,2020-08
2020-08-28,1664561.0,2020-08
2020-08-27,1663082.0,2020-08
2020-08-26,1662958.0,2020-08
2020-08-25,1663923.0,2020-08
2020-08-24,1665427.0,2020-08
2020-08-21,1666931.0,2020-08
2020-08-20,1669323.0,2020-08
2020-08-19,1671329.0,2020-08
2020-08-18,1671098.0,2020-08
2020-08-14,1671543.0,2020-08
2020-08-13,1672143.0,2020-08
2020-08-12,1673222.0,2020-08
2020-08-11,1673662.0,2020-08
2020-08-10,1674389.0,2020-08
2020-08-07,1672714.0,2020-08
2020-08-06,1670148.0,2020-08
2020-08-05,1665535.0,2020-08
2020-08-04,1663464.0,2020-08
2020-08-03,1660482.0,2020-08
2020-07-31,1656283.0,2020-07
2020-07-30,1652094.0,2020-07
2020-07-29,1646293.0,2020-07
2020-07-28,1643701.0,2020-07
2020-07-27,1642276.0,2020-07
2020-07-24,1639450.0,2020-07
2020-07-23,1637601.0,2020-07
2020-07-22,1638664.0,2020-07
2020-07-21,1639660.0,2020-07
2020-07-20,1641424.0,2020-07
2020-07-17,1643653.0,2020-07
2020-07-16,1645985.0,2020-07
2020-07-15,1647740.0,2020-07
2020-07-14,1648417.0,2020-07
2020-07-13,1646407.0,2020-07
2020-07-08,1641294.0,2020-07
2020-07-07,1628403.0,2020-07
2020-07-06,1616763.0,2020-07
2020-07-03,1607248.0,2020-07
2020-07-02,1594131.0,2020-07
2020-07-01,1583224.0,2020-07
2020-06-30,1575181.0,2020-06
2020-06-29,1561643.0,2020-06
2020-06-26,1552390.0,2020-06
2020-06-25,1542653.0,2020-06
2020-06-24,1536549.0,2020-06
2020-06-23,1532865.0,2020-06
2020-06-22,1529138.0,2020-06
2020-06-19,1525859.0,2020-06
2020-06-18,1522279.0,2020-06
2020-06-17,1520676.0,2020-06
2020-06-16,1516847.0,2020-06
2020-06-12,1513300.0,2020-06
2020-06-11,1510178.0,2020-06
2020-06-10,1503286.0,2020-06
2020-06-09,1500403.0,2020-06
2020-06-08,1498712.0,2020-06
2020-06-05,1492081.0,2020-06
2020-06-04,1488345.0,2020-06
2020-06-03,1480882.0,2020-06
2020-06-02,1476806.0,2020-06
2020-06-01,1473316.0,2020-06
2020-05-29,1467909.0,2020-05
2020-05-28,1463712.0,2020-05
2020-05-27,1457541.0,2020-05
2020-05-26,1455738.0,2020-05
2020-05-22,1450788.0,2020-05
2020-05-21,1445973.0,2020-05
2020-05-20,1439695.0,2020-05
2020-05-19,1437685.0,2020-05
2020-05-18,1435816.0,2020-05
2020-05-15,1434478.0,2020-05
2020-05-14,1432810.0,2020-05
2020-05-13,1430220.0,2020-05
2020-05-12,1427765.0,2020-05
2020-05-11,1425407.0,2020-05
2020-05-08,1420556.0,2020-05
2020-05-07,1411828.0,2020-05
2020-05-06,1401854.0,2020-05
2020-05-05,1393929.0,2020-05
2020-05-04,1383801.0,2020-05
2020-04-30,1374204.0,2020-04
2020-04-29,1365743.0,2020-04
2020-04-28,1356394.0,2020-04
2020-04-27,1344268.0,2020-04
2020-04-24,1339445.0,2020-04
2020-04-23,1337450.0,2020-04
2020-04-22,1338004.0,2020-04
2020-04-21,1339390.0,2020-04
2020-04-20,1341943.0,2020-04
2020-04-17,1344268.0,2020-04
2020-04-16,1345054.0,2020-04
2020-04-15,1344304.0,2020-04
2020-04-14,1343329.0,2020-04
2020-04-13,1339894.0,2020-04
2020-04-08,1334131.0,2020-04
2020-04-07,1324520.0,2020-04
2020-04-06,1308417.0,2020-04
2020-04-03,1293992.0,2020-04
2020-04-02,1275423.0,2020-04
2020-04-01,1247701.0,2020-04
2020-03-30,1233323.0,2020-03
2020-03-27,1228879.0,2020-03
2020-03-26,1224686.0,2020-03
2020-03-25,1214180.0,2020-03
2020-03-20,1189932.0,2020-03
2020-03-19,1172747.0,2020-03
2020-03-18,1166179.0,2020-03
2020-03-17,1160739.0,2020-03
2020-03-16,1158749.0,2020-03
2020-03-13,1159559.0,2020-03
2020-03-12,1160461.0,2020-03
2020-03-11,1162438.0,2020-03
2020-03-10,1164306.0,2020-03
2020-03-09,1163630.0,2020-03
2020-03-06,1159947.0,2020-03
2020-03-05,1157894.0,2020-03
2020-03-04,1152334.0,2020-03
2020-03-03,1150696.0,2020-03
2020-03-02,1150464.0,2020-03
2020-02-28,1148044.0,2020-02
2020-02-27,1146837.0,2020-02
2020-02-26,1145091.0,2020-02
2020-02-21,1141783.0,2020-02
2020-02-20,1138611.0,2020-02
2020-02-19,1136784.0,2020-02
2020-02-18,1138218.0,2020-02
2020-02-17,1139830.0,2020-02
2020-02-14,1140644.0,2020-02
2020-02-13,1143423.0,2020-02
2020-02-12,1146436.0,2020-02
2020-02-11,1148652.0,2020-02
2020-02-10,1150388.0,2020-02
2020-02-07,1147152.0,2020-02
2020-02-06,1144057.0,2020-02
2020-02-05,1138320.0,2020-02
2020-02-04,1136072.0,2020-02
2020-02-03,1132285.0,2020-02
2020-01-31,1130395.0,2020-01
2020-01-30,1125821.0,2020-01
2020-01-29,1120876.0,2020-01
2020-01-28,1118777.0,2020-01
2020-01-27,1118199.0,2020-01
2020-01-24,1118420.0,2020-01
2020-01-23,1120258.0,2020-01
2020-01-22,1122048.0,2020-01
2020-01-21,1125218.0,2020-01
2020-01-20,1127942.0,2020-01
2020-01-17,1129595.0,2020-01
2020-01-16,1132603.0,2020-01
2020-01-15,1136796.0,2020-01
2020-01-14,1140886.0,2020-01
2020-01-13,1144649.0,2020-01
2020-01-10,1146482.0,2020-01
2020-01-09,1148807.0,2020-01
2020-01-08,1150008.0,2020-01
2020-01-07,1153104.0,2020-01
2020-01-06,1155605.0,2020-01
2020-01-03,1157812.0,2020-01
2020-01-02,1158878.0,2020-01
2019-12-30,1153405.0,2019-12
2019-12-27,1147080.0,2019-12
2019-12-26,1138093.0,2019-12
2019-12-23,1119466.0,2019-12
2019-12-20,1099065.0,2019-12
2019-12-19,1078957.0,2019-12
2019-12-18,1067898.0,2019-12
2019-12-17,1061303.0,2019-12
2019-12-16,1051117.0,2019-12
2019-12-13,1042823.0,2019-12
2019-12-12,1036890.0,2019-12
2019-12-11,1032121.0,2019-12
2019-12-10,1026860.0,2019-12
2019-12-09,1020085.0,2019-12
2019-12-06,1008326.0,2019-12
2019-12-05,996383.0,2019-12
2019-12-04,985433.0,2019-12
2019-12-03,976376.0,2019-12
2019-12-02,965980.0,2019-12
2019-11-29,956135.0,2019-11
2019-11-28,946715.0,2019-11
2019-11-27,935716.0,2019-11
2019-11-26,931729.0,2019-11
2019-11-25,931421.0,2019-11
2019-11-22,931168.0,2019-11
2019-11-21,933209.0,2019-11
2019-11-20,935817.0,2019-11
2019-11-19,937886.0,2019-11
2019-11-15,939484.0,2019-11
2019-11-14,941024.0,2019-11
2019-11-13,942368.0,2019-11
2019-11-12,944227.0,2019-11
2019-11-11,946131.0,2019-11
2019-11-08,945017.0,2019-11
2019-11-07,941492.0,2019-11
2019-11-05,935636.0,2019-11
2019-11-04,929112.0,2019-11
2019-11-01,921251.0,2019-11
2019-10-31,918027.0,2019-10
2019-10-30,916079.0,2019-10
2019-10-29,918057.0,2019-10
2019-10-28,920941.0,2019-10
2019-10-25,923534.0,2019-10
2019-10-24,925678.0,2019-10
2019-10-23,927905.0,2019-10
2019-10-22,930955.0,2019-10
2019-10-21,934467.0,2019-10
2019-10-18,937848.0,2019-10
2019-10-17,941247.0,2019-10
2019-10-16,945191.0,2019-10
2019-10-15,948457.0,2019-10
2019-10-11,948440.0,2019-10
2019-10-10,946590.0,2019-10
2019-10-09,944132.0,2019-10
2019-10-08,943709.0,2019-10
2019-10-07,942154.0,2019-10
2019-10-04,938822.0,2019-10
2019-10-03,934674.0,2019-10
2019-10-02,929067.0,2019-10
2019-10-01,928295.0,2019-10
2019-09-30,924758.0,2019-09
2019-09-27,919389.0,2019-09
2019-09-26,915161.0,2019-09
2019-09-25,912551.0,2019-09
2019-09-24,911913.0,2019-09
2019-09-23,912435.0,2019-09
2019-09-20,913161.0,2019-09
2019-09-19,915136.0,2019-09
2019-09-18,917832.0,2019-09
2019-09-17,921008.0,2019-09
2019-09-16,923261.0,2019-09
2019-09-13,924562.0,2019-09
2019-09-12,926289.0,2019-09
2019-09-11,928313.0,2019-09
2019-09-10,929542.0,2019-09
2019-09-09,929868.0,2019-09
2019-09-06,927648.0,2019-09
2019-09-05,924383.0,2019-09
2019-09-04,920062.0,2019-09
2019-09-03,914180.0,2019-09
2019-09-02,909469.0,2019-09
2019-08-30,904438.0,2019-08
2019-08-29,897528.0,2019-08
2019-08-28,893614.0,2019-08
2019-08-27,893950.0,2019-08
2019-08-26,895228.0,2019-08
2019-08-23,896965.0,2019-08
2019-08-22,899988.0,2019-08
2019-08-21,903191.0,2019-08
2019-08-20,906853.0,2019-08
2019-08-16,909442.0,2019-08
2019-08-15,911591.0,2019-08
2019-08-14,913668.0,2019-08
2019-08-13,916967.0,2019-08
2019-08-12,919367.0,2019-08
2019-08-09,919879.0,2019-08
2019-08-08,918264.0,2019-08
2019-08-07,915022.0,2019-08
2019-08-06,912984.0,2019-08
2019-08-05,911594.0,2019-08
2019-08-02,908556.0,2019-08
2019-08-01,904016.0,2019-08
2019-07-31,897800.0,2019-07
2019-07-30,896180.0,2019-07
2019-07-29,893762.0,2019-07
2019-07-26,891570.0,2019-07
2019-07-25,891620.0,2019-07
2019-07-24,893324.0,2019-07
2019-07-23,895783.0,2019-07
2019-07-22,898978.0,2019-07
2019-07-19,901979.0,2019-07
2019-07-18,905345.0,2019-07
2019-07-17,909244.0,2019-07
2019-07-16,914856.0,2019-07
2019-07-15,918142.0,2019-07
2019-07-12,921721.0,2019-07
2019-07-11,924152.0,2019-07
2019-07-10,923207.0,2019-07
2019-07-05,919699.0,2019-07
2019-07-04,912972.0,2019-07
2019-07-03,904247.0,2019-07
2019-07-02,893576.0,2019-07
2019-07-01,882714.0,2019-07
2019-06-28,872460.0,2019-06
2019-06-27,866336.0,2019-06
2019-06-26,859449.0,2019-06
2019-06-25,856110.0,2019-06
2019-06-24,855530.0,2019-06
2019-06-21,855520.0,2019-06
2019-06-19,855270.0,2019-06
2019-06-18,854126.0,2019-06
2019-06-14,852583.0,2019-06
2019-06-13,851588.0,2019-06
2019-06-12,850285.0,2019-06
2019-06-11,849725.0,2019-06
2019-06-10,848534.0,2019-06
2019-06-07,843838.0,2019-06
2019-06-06,839491.0,2019-06
2019-06-05,835708.0,2019-06
2019-06-04,832627.0,2019-06
2019-06-03,828861.0,2019-06
2019-05-31,824343.0,2019-05
2019-05-30,821910.0,2019-05
2019-05-29,821367.0,2019-05
2019-05-28,821367.0,2019-05
2019-05-27,816825.0,2019-05
2019-05-24,814610.0,2019-05
2019-05-23,815016.0,2019-05
2019-05-22,816423.0,2019-05
2019-05-21,818642.0,2019-05
2019-05-20,821417.0,2019-05
2019-05-17,823705.0,2019-05
2019-05-16,826234.0,2019-05
2019-05-15,828484.0,2019-05
2019-05-14,830657.0,2019-05
2019-05-13,831531.0,2019-05
2019-05-10,832041.0,2019-05
2019-05-09,830532.0,2019-05
2019-05-08,828776.0,2019-05
2019-05-07,828297.0,2019-05
2019-05-06,826413.0,2019-05
2019-05-03,823592.0,2019-05
2019-05-02,821694.0,2019-05
2019-04-30,817956.0,2019-04
2019-04-29,817857.0,2019-04
2019-04-26,814523.0,2019-04
2019-04-25,812007.0,2019-04
2019-04-24,813216.0,2019-04
2019-04-23,815557.0,2019-04
2019-04-22,819091.0,2019-04
2019-04-17,821480.0,2019-04
2019-04-16,822588.0,2019-04
2019-04-15,819932.0,2019-04
2019-04-12,817964.0,2019-04
2019-04-11,818245.0,2019-04
2019-04-10,818161.0,2019-04
2019-04-09,818087.0,2019-04
2019-04-08,817240.0,2019-04
2019-04-05,816137.0,2019-04
2019-04-04,815281.0,2019-04
2019-04-03,812581.0,2019-04
2019-04-01,808143.0,2019-04
2019-03-29,804995.0,2019-03
2019-03-28,801389.0,2019-03
2019-03-27,798452.0,2019-03
2019-03-26,795064.0,2019-03
2019-03-25,794552.0,2019-03
2019-03-22,795351.0,2019-03
2019-03-21,797493.0,2019-03
2019-03-20,800330.0,2019-03
2019-03-19,803069.0,2019-03
2019-03-18,805760.0,2019-03
2019-03-15,808336.0,2019-03
2019-03-14,810776.0,2019-03
2019-03-13,812646.0,2019-03
2019-03-12,814871.0,2019-03
2019-03-11,816012.0,2019-03
2019-03-08,816760.0,2019-03
2019-03-07,817789.0,2019-03
2019-03-06,815760.0,2019-03
2019-03-01,812183.0,2019-03
2019-02-28,806109.0,2019-02
2019-02-27,801080.0,2019-02
2019-02-26,796183.0,2019-02
2019-02-25,793761.0,2019-02
2019-02-22,794573.0,2019-02
2019-02-21,796386.0,2019-02
2019-02-20,798296.0,2019-02
2019-02-19,800735.0,2019-02
2019-02-18,803149.0,2019-02
2019-02-15,805815.0,2019-02
2019-02-14,807879.0,2019-02
2019-02-13,810262.0,2019-02
2019-02-12,812658.0,2019-02
2019-02-11,814354.0,2019-02
2019-02-08,814644.0,2019-02
2019-02-07,813634.0,2019-02
2019-02-06,812743.0,2019-02
2019-02-05,811247.0,2019-02
2019-02-04,810616.0,2019-02
2019-02-01,808840.0,2019-02
2019-01-31,807110.0,2019-01
2019-01-30,806324.0,2019-01
2019-01-29,807458.0,2019-01
2019-01-28,808922.0,2019-01
2019-01-25,810515.0,2019-01
2019-01-24,813317.0,2019-01
2019-01-23,816515.0,2019-01
2019-01-22,820734.0,2019-01
2019-01-21,824637.0,2019-01
2019-01-18,829324.0,2019-01
2019-01-17,833670.0,2019-01
2019-01-16,838430.0,2019-01
2019-01-15,842218.0,2019-01
2019-01-14,846176.0,2019-01
2019-01-11,849410.0,2019-01
2019-01-10,852113.0,2019-01
2019-01-09,854612.0,2019-01
2019-01-08,856719.0,2019-01
2019-01-07,857916.0,2019-01
2019-01-04,859079.0,2019-01
2019-01-03,859545.0,2019-01
2019-01-02,860000.0,2019-01
2018-12-28,859536.0,2018-12
2018-12-27,852942.0,2018-12
2018-12-26,841322.0,2018-12
2018-12-21,830481.0,2018-12
2018-12-20,818225.0,2018-12
2018-12-19,803891.0,2018-12
2018-12-18,796177.0,2018-12
2018-12-17,788864.0,2018-12
2018-12-14,780045.0,2018-12
2018-12-13,774538.0,2018-12
2018-12-12,769529.0,2018-12
2018-12-11,767766.0,2018-12
2018-12-10,764121.0,2018-12
2018-12-07,758918.0,2018-12
2018-12-06,750937.0,2018-12
2018-12-05,744041.0,2018-12
2018-12-04,739408.0,2018-12
2018-12-03,736653.0,2018-12
2018-11-29,734451.0,2018-11
2018-11-28,734170.0,2018-11
2018-11-27,731829.0,2018-11
2018-11-26,731604.0,2018-11
2018-11-23,732591.0,2018-11
2018-11-22,732730.0,2018-11
2018-11-21,733062.0,2018-11
2018-11-20,733771.0,2018-11
2018-11-16,735504.0,2018-11
2018-11-15,736657.0,2018-11
2018-11-14,737359.0,2018-11
2018-11-13,738943.0,2018-11
2018-11-12,740030.0,2018-11
2018-11-09,741154.0,2018-11
2018-11-08,742074.0,2018-11
2018-11-07,741563.0,2018-11
2018-11-05,741855.0,2018-11
2018-11-02,740058.0,2018-11
2018-11-01,739326.0,2018-11
2018-10-31,739090.0,2018-10
2018-10-30,739282.0,2018-10
2018-10-29,739657.0,2018-10
2018-10-26,740575.0,2018-10
2018-10-25,740963.0,2018-10
2018-10-24,741554.0,2018-10
2018-10-23,742546.0,2018-10
2018-10-22,743842.0,2018-10
2018-10-19,745312.0,2018-10
2018-10-18,747453.0,2018-10
2018-10-17,748901.0,2018-10
2018-10-16,750020.0,2018-10
2018-10-12,752471.0,2018-10
2018-10-11,753378.0,2018-10
2018-10-10,753821.0,2018-10
2018-10-09,754127.0,2018-10
2018-10-08,754254.0,2018-10
2018-10-05,753652.0,2018-10
2018-10-04,753870.0,2018-10
2018-10-03,753815.0,2018-10
2018-10-02,753758.0,2018-10
2018-10-01,753695.0,2018-10
2018-09-28,753321.0,2018-09
2018-09-27,753745.0,2018-09
2018-09-26,754230.0,2018-09
2018-09-25,754710.0,2018-09
2018-09-24,754710.0,2018-09
2018-09-21,755163.0,2018-09
2018-09-20,755687.0,2018-09
2018-09-19,756541.0,2018-09
2018-09-18,757730.0,2018-09
2018-09-17,758402.0,2018-09
2018-09-14,758852.0,2018-09
2018-09-13,759191.0,2018-09
2018-09-12,761143.0,2018-09
2018-09-11,762201.0,2018-09
2018-09-10,762972.0,2018-09
2018-09-07,762774.0,2018-09
2018-09-06,762165.0,2018-09
2018-09-05,762030.0,2018-09
2018-09-04,761871.0,2018-09
2018-09-03,761933.0,2018-09
2018-08-31,760857.0,2018-08
2018-08-30,760668.0,2018-08
2018-08-29,760627.0,2018-08
2018-08-28,761002.0,2018-08
2018-08-27,761372.0,2018-08
2018-08-24,761436.0,2018-08
2018-08-23,761900.0,2018-08
2018-08-22,762628.0,2018-08
2018-08-21,763628.0,2018-08
2018-08-17,763952.0,2018-08
2018-08-16,764010.0,2018-08
2018-08-15,764530.0,2018-08
2018-08-14,765294.0,2018-08
2018-08-13,766186.0,2018-08
2018-08-10,766981.0,2018-08
2018-08-09,767500.0,2018-08
2018-08-08,767579.0,2018-08
2018-08-07,767944.0,2018-08
2018-08-06,767433.0,2018-08
2018-08-03,765409.0,2018-08
2018-08-02,764103.0,2018-08
2018-08-01,763006.0,2018-08
2018-07-31,763079.0,2018-07
2018-07-30,762813.0,2018-07
2018-07-27,762784.0,2018-07
2018-07-26,763401.0,2018-07
2018-07-25,764568.0,2018-07
2018-07-24,766323.0,2018-07
2018-07-23,768003.0,2018-07
2018-07-20,770584.0,2018-07
2018-07-19,772599.0,2018-07
2018-07-18,774968.0,2018-07
2018-07-17,777673.0,2018-07
2018-07-16,779612.0,2018-07
2018-07-13,781317.0,2018-07
2018-07-12,782250.0,2018-07
2018-07-11,782768.0,2018-07
2018-07-10,783526.0,2018-07
2018-07-06,781145.0,2018-07
2018-07-05,778111.0,2018-07
2018-07-04,771601.0,2018-07
2018-07-03,766141.0,2018-07
2018-07-02,761412.0,2018-07
2018-06-29,755453.0,2018-06
2018-06-28,752889.0,2018-06
2018-06-27,750944.0,2018-06
2018-06-26,748825.0,2018-06
2018-06-25,746912.0,2018-06
2018-06-22,746752.0,2018-06
2018-06-21,746901.0,2018-06
2018-06-19,745579.0,2018-06
2018-06-18,745950.0,2018-06
2018-06-15,745978.0,2018-06
2018-06-14,747141.0,2018-06
2018-06-13,747041.0,2018-06
2018-06-12,746071.0,2018-06
2018-06-11,744190.0,2018-06
2018-06-08,742922.0,2018-06
2018-06-07,741480.0,2018-06
2018-06-06,739194.0,2018-06
2018-06-05,737651.0,2018-06
2018-06-04,734377.0,2018-06
2018-06-01,732407.0,2018-06
2018-05-31,731047.0,2018-05
2018-05-30,730361.0,2018-05
2018-05-29,730842.0,2018-05
2018-05-28,731624.0,2018-05
2018-05-24,732584.0,2018-05
2018-05-23,734198.0,2018-05
2018-05-22,736364.0,2018-05
2018-05-21,738279.0,2018-05
2018-05-18,740007.0,2018-05
2018-05-17,741262.0,2018-05
2018-05-16,742487.0,2018-05
2018-05-15,743676.0,2018-05
2018-05-14,744746.0,2018-05
2018-05-11,745015.0,2018-05
2018-05-10,745272.0,2018-05
2018-05-09,745279.0,2018-05
2018-05-08,745980.0,2018-05
2018-05-07,746291.0,2018-05
2018-05-04,745831.0,2018-05
2018-05-03,745659.0,2018-05
2018-05-02,744010.0,2018-05
2018-04-27,743195.0,2018-04
2018-04-26,740807.0,2018-04
2018-04-25,739785.0,2018-04
2018-04-24,739947.0,2018-04
2018-04-23,741123.0,2018-04
2018-04-20,742887.0,2018-04
2018-04-19,745684.0,2018-04
2018-04-18,747579.0,2018-04
2018-04-17,748419.0,2018-04
2018-04-16,749472.0,2018-04
2018-04-13,751212.0,2018-04
2018-04-12,752865.0,2018-04
2018-04-11,754224.0,2018-04
2018-04-10,755805.0,2018-04
2018-04-09,757083.0,2018-04
2018-04-06,757203.0,2018-04
2018-04-05,757544.0,2018-04
2018-04-04,756231.0,2018-04
2018-04-03,755662.0,2018-04
2018-03-28,755128.0,2018-03
2018-03-27,750340.0,2018-03
2018-03-26,746863.0,2018-03
2018-03-23,746813.0,2018-03
2018-03-22,748110.0,2018-03
2018-03-21,749620.0,2018-03
2018-03-20,751635.0,2018-03
2018-03-19,753891.0,2018-03
2018-03-16,756067.0,2018-03
2018-03-15,758049.0,2018-03
2018-03-14,760682.0,2018-03
2018-03-13,762974.0,2018-03
2018-03-12,765086.0,2018-03
2018-03-09,765456.0,2018-03
2018-03-08,765473.0,2018-03
2018-03-07,765011.0,2018-03
2018-03-06,765179.0,2018-03
2018-03-05,763582.0,2018-03
2018-03-02,763291.0,2018-03
2018-03-01,763238.0,2018-03
2018-02-28,763173.0,2018-02
2018-02-27,764093.0,2018-02
2018-02-26,765388.0,2018-02
2018-02-23,768420.0,2018-02
2018-02-22,771102.0,2018-02
2018-02-21,774391.0,2018-02
2018-02-20,775477.0,2018-02
2018-02-19,776580.0,2018-02
2018-02-16,777387.0,2018-02
2018-02-15,778302.0,2018-02
2018-02-14,779634.0,2018-02
2018-02-09,779760.0,2018-02
2018-02-08,779502.0,2018-02
2018-02-07,777328.0,2018-02
2018-02-06,773914.0,2018-02
2018-02-05,767702.0,2018-02
2018-02-02,764920.0,2018-02
2018-02-01,764778.0,2018-02
2018-01-31,765254.0,2018-01
2018-01-30,765804.0,2018-01
2018-01-29,766591.0,2018-01
2018-01-26,767759.0,2018-01
2018-01-25,769659.0,2018-01
2018-01-24,771934.0,2018-01
2018-01-23,774068.0,2018-01
2018-01-22,776075.0,2018-01
2018-01-19,777953.0,2018-01
2018-01-18,779752.0,2018-01
2018-01-17,781942.0,2018-01
2018-01-16,783981.0,2018-01
2018-01-15,785831.0,2018-01
2018-01-12,786898.0,2018-01
2018-01-11,787637.0,2018-01
2018-01-10,788607.0,2018-01
2018-01-09,789359.0,2018-01
2018-01-08,790012.0,2018-01
2018-01-05,789645.0,2018-01
2018-01-04,788657.0,2018-01
2018-01-03,789079.0,2018-01
2018-01-02,789102.0,2018-01
2017-12-29,786713.0,2017-12
2017-12-28,783205.0,2017-12
2017-12-27,776767.0,2017-12
2017-12-26,771904.0,2017-12
2017-12-22,765120.0,2017-12
2017-12-21,755451.0,2017-12
2017-12-20,744597.0,2017-12
2017-12-19,740866.0,2017-12
2017-12-18,738364.0,2017-12
2017-12-15,735482.0,2017-12
2017-12-14,735095.0,2017-12
2017-12-13,732175.0,2017-12
2017-12-12,729458.0,2017-12
2017-12-11,726679.0,2017-12
2017-12-07,724056.0,2017-12
2017-12-06,718894.0,2017-12
2017-12-05,712216.0,2017-12
2017-12-04,705964.0,2017-12
2017-12-01,699509.0,2017-12
2017-11-30,693108.0,2017-11
2017-11-29,689164.0,2017-11
2017-11-28,687271.0,2017-11
2017-11-27,686514.0,2017-11
2017-11-24,686350.0,2017-11
2017-11-23,686408.0,2017-11
2017-11-22,687576.0,2017-11
2017-11-21,688141.0,2017-11
2017-11-17,688598.0,2017-11
2017-11-16,689065.0,2017-11
2017-11-15,689480.0,2017-11
2017-11-14,690335.0,2017-11
2017-11-13,691048.0,2017-11
2017-11-10,691071.0,2017-11
2017-11-09,691310.0,2017-11
2017-11-08,691456.0,2017-11
2017-11-07,691379.0,2017-11
2017-11-03,689949.0,2017-11
2017-11-02,686524.0,2017-11
2017-11-01,682348.0,2017-11
2017-10-31,679168.0,2017-10
2017-10-30,676993.0,2017-10
2017-10-27,674276.0,2017-10
2017-10-26,673546.0,2017-10
2017-10-25,673531.0,2017-10
2017-10-24,674124.0,2017-10
2017-10-23,674999.0,2017-10
2017-10-20,675485.0,2017-10
2017-10-19,676430.0,2017-10
2017-10-18,677383.0,2017-10
2017-10-17,678228.0,2017-10
2017-10-13,679375.0,2017-10
2017-10-12,679474.0,2017-10
2017-10-11,678904.0,2017-10
2017-10-10,678735.0,2017-10
2017-10-09,678201.0,2017-10
2017-10-06,676352.0,2017-10
2017-10-05,674783.0,2017-10
2017-10-04,671646.0,2017-10
2017-10-03,669671.0,2017-10
2017-10-02,666623.0,2017-10
2017-09-29,662975.0,2017-09
2017-09-28,660312.0,2017-09
2017-09-27,658496.0,2017-09
2017-09-26,658876.0,2017-09
2017-09-25,658855.0,2017-09
2017-09-22,658423.0,2017-09
2017-09-21,658433.0,2017-09
2017-09-20,658860.0,2017-09
2017-09-19,660030.0,2017-09
2017-09-18,661148.0,2017-09
2017-09-15,661758.0,2017-09
2017-09-14,662489.0,2017-09
2017-09-13,663173.0,2017-09
2017-09-12,663962.0,2017-09
2017-09-11,664612.0,2017-09
2017-09-08,663110.0,2017-09
2017-09-07,661390.0,2017-09
2017-09-06,659459.0,2017-09
2017-09-05,658531.0,2017-09
2017-09-04,656213.0,2017-09
2017-09-01,653403.0,2017-09
2017-08-31,651196.0,2017-08
2017-08-30,650703.0,2017-08
2017-08-29,650713.0,2017-08
2017-08-28,650592.0,2017-08
2017-08-25,650316.0,2017-08
2017-08-24,650291.0,2017-08
2017-08-23,650515.0,2017-08
2017-08-22,651179.0,2017-08
2017-08-18,651745.0,2017-08
2017-08-17,652219.0,2017-08
2017-08-16,652365.0,2017-08
2017-08-15,653444.0,2017-08
2017-08-14,654474.0,2017-08
2017-08-11,654740.0,2017-08
2017-08-10,654709.0,2017-08
2017-08-09,654503.0,2017-08
2017-08-08,655261.0,2017-08
2017-08-07,655307.0,2017-08
2017-08-04,653765.0,2017-08
2017-08-03,651599.0,2017-08
2017-08-02,648884.0,2017-08
2017-08-01,646822.0,2017-08
2017-07-31,646418.0,2017-07
2017-07-28,645193.0,2017-07
2017-07-27,644492.0,2017-07
2017-07-26,644412.0,2017-07
2017-07-25,644838.0,2017-07
2017-07-24,645624.0,2017-07
2017-07-21,645687.0,2017-07
2017-07-20,646096.0,2017-07
2017-07-19,646870.0,2017-07
2017-07-18,648112.0,2017-07
2017-07-17,648979.0,2017-07
2017-07-14,649572.0,2017-07
2017-07-13,650593.0,2017-07
2017-07-12,650869.0,2017-07
2017-07-11,651023.0,2017-07
2017-07-10,650206.0,2017-07
2017-07-07,647906.0,2017-07
2017-07-06,645606.0,2017-07
2017-07-05,640690.0,2017-07
2017-07-04,636454.0,2017-07
2017-07-03,631807.0,2017-07
2017-06-30,626960.0,2017-06
2017-06-29,623969.0,2017-06
2017-06-28,619495.0,2017-06
2017-06-27,616579.0,2017-06
2017-06-26,614337.0,2017-06
2017-06-23,612647.0,2017-06
2017-06-22,610809.0,2017-06
2017-06-21,608814.0,2017-06
2017-06-19,608519.0,2017-06
2017-06-16,606552.0,2017-06
2017-06-15,605986.0,2017-06
2017-06-14,605815.0,2017-06
2017-06-13,605342.0,2017-06
2017-06-12,605367.0,2017-06
2017-06-09,603437.0,2017-06
2017-06-08,601378.0,2017-06
2017-06-07,598982.0,2017-06
2017-06-06,596662.0,2017-06
2017-06-05,592122.0,2017-06
2017-06-02,588688.0,2017-06
2017-06-01,586764.0,2017-06
2017-05-31,585557.0,2017-05
2017-05-30,585971.0,2017-05
2017-05-29,585731.0,2017-05
2017-05-26,584511.0,2017-05
2017-05-24,584585.0,2017-05
2017-05-23,584981.0,2017-05
2017-05-22,585983.0,2017-05
2017-05-19,585913.0,2017-05
2017-05-18,586053.0,2017-05
2017-05-17,587511.0,2017-05
2017-05-16,588258.0,2017-05
2017-05-15,588900.0,2017-05
2017-05-12,588836.0,2017-05
2017-05-11,589326.0,2017-05
2017-05-10,589875.0,2017-05
2017-05-09,590928.0,2017-05
2017-05-08,591198.0,2017-05
2017-05-05,590515.0,2017-05
2017-05-04,589069.0,2017-05
2017-05-03,588802.0,2017-05
2017-05-02,588503.0,2017-05
2017-04-28,588131.0,2017-04
2017-04-27,587674.0,2017-04
2017-04-26,588502.0,2017-04
2017-04-25,589173.0,2017-04
2017-04-24,590014.0,2017-04
2017-04-21,590038.0,2017-04
2017-04-20,590356.0,2017-04
2017-04-19,592168.0,2017-04
2017-04-18,593391.0,2017-04
2017-04-17,594151.0,2017-04
2017-04-12,593617.0,2017-04
2017-04-11,591769.0,2017-04
2017-04-10,590396.0,2017-04
2017-04-07,588720.0,2017-04
2017-04-06,589272.0,2017-04
2017-04-05,589272.0,2017-04
2017-04-04,590216.0,2017-04
2017-04-03,588636.0,2017-04
2017-03-31,587046.0,2017-03
2017-03-30,587026.0,2017-03
2017-03-29,587668.0,2017-03
2017-03-28,588732.0,2017-03
2017-03-27,589706.0,2017-03
2017-03-23,588960.0,2017-03
2017-03-22,589384.0,2017-03
2017-03-21,590254.0,2017-03
2017-03-20,591639.0,2017-03
2017-03-17,591641.0,2017-03
2017-03-16,591926.0,2017-03
2017-03-15,593106.0,2017-03
2017-03-14,594039.0,2017-03
2017-03-13,594408.0,2017-03
2017-03-10,594795.0,2017-03
2017-03-09,594914.0,2017-03
2017-03-08,595257.0,2017-03
2017-03-07,595286.0,2017-03
2017-03-06,594168.0,2017-03
2017-03-03,594606.0,2017-03
2017-03-02,595673.0,2017-03
2017-03-01,596950.0,2017-03
2017-02-24,597878.0,2017-02
2017-02-23,599270.0,2017-02
2017-02-22,599769.0,2017-02
2017-02-21,600617.0,2017-02
2017-02-20,601495.0,2017-02
2017-02-17,601931.0,2017-02
2017-02-16,602494.0,2017-02
2017-02-15,603296.0,2017-02
2017-02-14,604175.0,2017-02
2017-02-13,604368.0,2017-02
2017-02-10,605584.0,2017-02
2017-02-09,605800.0,2017-02
2017-02-08,606167.0,2017-02
2017-02-07,606841.0,2017-02
2017-02-06,606722.0,2017-02
2017-02-03,605670.0,2017-02
2017-02-02,604580.0,2017-02
2017-02-01,602441.0,2017-02
2017-01-31,601273.0,2017-01
2017-01-30,599465.0,2017-01
2017-01-27,599211.0,2017-01
2017-01-26,598611.0,2017-01
2017-01-25,598339.0,2017-01
2017-01-24,598788.0,2017-01
2017-01-23,598809.0,2017-01
2017-01-20,598866.0,2017-01
2017-01-19,598745.0,2017-01
2017-01-18,598893.0,2017-01
2017-01-17,599733.0,2017-01
2017-01-16,599983.0,2017-01
2017-01-13,600434.0,2017-01
2017-01-12,600366.0,2017-01
2017-01-11,600288.0,2017-01
2017-01-10,600714.0,2017-01
2017-01-09,600509.0,2017-01
2017-01-06,599998.0,2017-01
2017-01-05,599162.0,2017-01
2017-01-04,597658.0,2017-01
2017-01-03,596588.0,2017-01
2017-01-02,595918.0,2017-01
2016-12-30,594615.0,2016-12
2016-12-29,592061.0,2016-12
2016-12-28,588732.0,2016-12
2016-12-27,587847.0,2016-12
2016-12-26,587100.0,2016-12
2016-12-23,584806.0,2016-12
2016-12-22,579921.0,2016-12
2016-12-21,573268.0,2016-12
2016-12-20,568192.0,2016-12
2016-12-19,564294.0,2016-12
2016-12-16,561545.0,2016-12
2016-12-15,559980.0,2016-12
2016-12-14,558887.0,2016-12
2016-12-13,558572.0,2016-12
2016-12-12,553752.0,2016-12
2016-12-07,549539.0,2016-12
2016-12-06,546186.0,2016-12
2016-12-05,538444.0,2016-12
2016-12-02,531078.0,2016-12
2016-12-01,526346.0,2016-12
2016-11-30,522966.0,2016-11
2016-11-29,520060.0,2016-11
2016-11-25,517560.0,2016-11
2016-11-24,516315.0,2016-11
2016-11-23,515103.0,2016-11
2016-11-22,515077.0,2016-11
2016-11-21,515210.0,2016-11
2016-11-18,515189.0,2016-11
2016-11-17,515242.0,2016-11
2016-11-16,516363.0,2016-11
2016-11-15,517586.0,2016-11
2016-11-14,518429.0,2016-11
2016-11-11,518820.0,2016-11
2016-11-10,518655.0,2016-11
2016-11-09,517811.0,2016-11
2016-11-08,516803.0,2016-11
2016-11-07,515836.0,2016-11
2016-11-04,514501.0,2016-11
2016-11-03,511843.0,2016-11
2016-11-02,509401.0,2016-11
2016-11-01,507084.0,2016-11
2016-10-31,504330.0,2016-10
2016-10-28,501868.0,2016-10
2016-10-27,501974.0,2016-10
2016-10-26,500286.0,2016-10
2016-10-25,498529.0,2016-10
2016-10-24,497789.0,2016-10
2016-10-21,497408.0,2016-10
2016-10-20,497859.0,2016-10
2016-10-19,499563.0,2016-10
2016-10-18,501593.0,2016-10
2016-10-17,503435.0,2016-10
2016-10-14,504983.0,2016-10
2016-10-13,506509.0,2016-10
2016-10-12,507933.0,2016-10
2016-10-11,509131.0,2016-10
2016-10-07,508678.0,2016-10
2016-10-06,506001.0,2016-10
2016-10-05,501981.0,2016-10
2016-10-04,499508.0,2016-10
2016-10-03,496008.0,2016-10
2016-09-30,492770.0,2016-09
2016-09-29,491751.0,2016-09
2016-09-28,489987.0,2016-09
2016-09-27,489446.0,2016-09
2016-09-26,488641.0,2016-09
2016-09-23,488186.0,2016-09
2016-09-22,488739.0,2016-09
2016-09-21,489592.0,2016-09
2016-09-20,490567.0,2016-09
2016-09-19,491532.0,2016-09
2016-09-16,493059.0,2016-09
2016-09-15,494009.0,2016-09
2016-09-14,495375.0,2016-09
2016-09-13,497213.0,2016-09
2016-09-12,498034.0,2016-09
2016-09-09,498779.0,2016-09
2016-09-08,497778.0,2016-09
2016-09-07,495343.0,2016-09
2016-09-06,493885.0,2016-09
2016-09-05,492514.0,2016-09
2016-09-02,490332.0,2016-09
2016-09-01,488444.0,2016-09
2016-08-31,485991.0,2016-08
2016-08-30,485181.0,2016-08
2016-08-29,484218.0,2016-08
2016-08-26,483083.0,2016-08
2016-08-25,483679.0,2016-08
2016-08-24,484168.0,2016-08
2016-08-23,485575.0,2016-08
2016-08-22,486543.0,2016-08
2016-08-19,488027.0,2016-08
2016-08-18,490267.0,2016-08
2016-08-17,492007.0,2016-08
2016-08-16,493946.0,2016-08
2016-08-12,494948.0,2016-08
2016-08-11,496027.0,2016-08
2016-08-10,495949.0,2016-08
2016-08-09,496133.0,2016-08
2016-08-08,495561.0,2016-08
2016-08-05,494345.0,2016-08
2016-08-04,492197.0,2016-08
2016-08-03,489592.0,2016-08
2016-08-02,487725.0,2016-08
2016-08-01,485926.0,2016-08
2016-07-29,483279.0,2016-07
2016-07-28,481317.0,2016-07
2016-07-27,480352.0,2016-07
2016-07-26,480602.0,2016-07
2016-07-25,481385.0,2016-07
2016-07-22,482054.0,2016-07
2016-07-21,482892.0,2016-07
2016-07-20,484109.0,2016-07
2016-07-19,485466.0,2016-07
2016-07-18,486688.0,2016-07
2016-07-15,487573.0,2016-07
2016-07-14,488245.0,2016-07
2016-07-13,489374.0,2016-07
2016-07-12,490746.0,2016-07
2016-07-11,491129.0,2016-07
2016-07-07,489561.0,2016-07
2016-07-06,485273.0,2016-07
2016-07-05,479630.0,2016-07
2016-07-04,475209.0,2016-07
2016-07-01,470546.0,2016-07
2016-06-30,467120.0,2016-06
2016-06-29,464362.0,2016-06
2016-06-28,462314.0,2016-06
2016-06-27,461699.0,2016-06
2016-06-24,460109.0,2016-06
2016-06-23,459599.0,2016-06
2016-06-22,459858.0,2016-06
2016-06-21,460361.0,2016-06
2016-06-16,460156.0,2016-06
2016-06-15,459848.0,2016-06
2016-06-14,459705.0,2016-06
2016-06-13,459826.0,2016-06
2016-06-10,459365.0,2016-06
2016-06-09,458562.0,2016-06
2016-06-08,457735.0,2016-06
2016-06-07,457215.0,2016-06
2016-06-06,456383.0,2016-06
2016-06-03,455303.0,2016-06
2016-06-02,454383.0,2016-06
2016-06-01,452899.0,2016-06
2016-05-31,451831.0,2016-05
2016-05-30,451412.0,2016-05
2016-05-27,450882.0,2016-05
2016-05-26,450861.0,2016-05
2016-05-24,450937.0,2016-05
2016-05-23,451153.0,2016-05
2016-05-20,451325.0,2016-05
2016-05-19,451587.0,2016-05
2016-05-18,452245.0,2016-05
2016-05-17,453355.0,2016-05
2016-05-16,454184.0,2016-05
2016-05-13,454740.0,2016-05
2016-05-12,455617.0,2016-05
2016-05-11,456103.0,2016-05
2016-05-10,456462.0,2016-05
2016-05-09,456777.0,2016-05
2016-05-06,455895.0,2016-05
2016-05-05,454318.0,2016-05
2016-05-04,452605.0,2016-05
2016-05-03,451958.0,2016-05
2016-05-02,451426.0,2016-05
2016-04-29,450850.0,2016-04
2016-04-28,450560.0,2016-04
2016-04-27,450594.0,2016-04
2016-04-26,450988.0,2016-04
2016-04-25,451628.0,2016-04
2016-04-22,452704.0,2016-04
2016-04-21,453082.0,2016-04
2016-04-20,453082.0,2016-04
2016-04-19,453442.0,2016-04
2016-04-18,454033.0,2016-04
2016-04-15,454558.0,2016-04
2016-04-14,455308.0,2016-04
2016-04-13,455311.0,2016-04
2016-04-12,455946.0,2016-04
2016-04-11,456278.0,2016-04
2016-04-08,456349.0,2016-04
2016-04-07,455619.0,2016-04
2016-04-06,454620.0,2016-04
2016-04-05,454757.0,2016-04
2016-04-04,453949.0,2016-04
2016-04-01,453718.0,2016-04
2016-03-31,453440.0,2016-03
2016-03-30,453429.0,2016-03
2016-03-29,453321.0,2016-03
2016-03-28,453345.0,2016-03
2016-03-23,453354.0,2016-03
2016-03-22,453286.0,2016-03
2016-03-21,452891.0,2016-03
2016-03-18,453296.0,2016-03
2016-03-17,454022.0,2016-03
2016-03-16,454994.0,2016-03
2016-03-15,456054.0,2016-03
2016-03-14,456636.0,2016-03
2016-03-11,457323.0,2016-03
2016-03-10,457635.0,2016-03
2016-03-09,457943.0,2016-03
2016-03-08,458124.0,2016-03
2016-03-07,458385.0,2016-03
2016-03-04,458004.0,2016-03
2016-03-03,457357.0,2016-03
2016-03-02,455680.0,2016-03
2016-03-01,455560.0,2016-03
2016-02-29,455511.0,2016-02
2016-02-26,454951.0,2016-02
2016-02-25,454904.0,2016-02
2016-02-24,454515.0,2016-02
2016-02-23,455111.0,2016-02
2016-02-22,455983.0,2016-02
2016-02-19,456569.0,2016-02
2016-02-18,457337.0,2016-02
2016-02-17,458309.0,2016-02
2016-02-16,459483.0,2016-02
2016-02-15,460627.0,2016-02
2016-02-12,461781.0,2016-02
2016-02-11,462895.0,2016-02
2016-02-10,463174.0,2016-02
2016-02-05,462844.0,2016-02
2016-02-04,460730.0,2016-02
2016-02-03,458843.0,2016-02
2016-02-02,458110.0,2016-02
2016-02-01,457414.0,2016-02
2016-01-29,456741.0,2016-01
2016-01-28,456364.0,2016-01
2016-01-27,455984.0,2016-01
2016-01-26,456291.0,2016-01
2016-01-25,456739.0,2016-01
2016-01-22,457258.0,2016-01
2016-01-21,458156.0,2016-01
2016-01-20,459428.0,2016-01
2016-01-19,461188.0,2016-01
2016-01-18,462894.0,2016-01
2016-01-15,464592.0,2016-01
2016-01-14,466550.0,2016-01
2016-01-13,468872.0,2016-01
2016-01-12,471327.0,2016-01
2016-01-11,473013.0,2016-01
2016-01-08,474191.0,2016-01
2016-01-07,475095.0,2016-01
2016-01-06,476523.0,2016-01
2016-01-05,478010.0,2016-01
2016-01-04,478962.0,2016-01
2015-12-31,478777.0,2015-12
2015-12-30,478905.0,2015-12
2015-12-29,478241.0,2015-12
2015-12-28,476137.0,2015-12
2015-12-24,473840.0,2015-12
2015-12-23,472863.0,2015-12
2015-12-22,467461.0,2015-12
2015-12-21,464641.0,2015-12
2015-12-18,458811.0,2015-12
2015-12-17,457041.0,2015-12
2015-12-16,455449.0,2015-12
2015-12-15,454974.0,2015-12
2015-12-14,454813.0,2015-12
2015-12-11,453306.0,2015-12
2015-12-10,452213.0,2015-12
2015-12-09,450254.0,2015-12
2015-12-04,446622.0,2015-12
2015-12-03,443640.0,2015-12
2015-12-02,438923.0,2015-12
2015-12-01,435013.0,2015-12
2015-11-30,432569.0,2015-11
2015-11-26,429818.0,2015-11
2015-11-25,428717.0,2015-11
2015-11-24,427185.0,2015-11
2015-11-23,425934.0,2015-11
2015-11-20,425337.0,2015-11
2015-11-19,424004.0,2015-11
2015-11-18,424662.0,2015-11
2015-11-17,425424.0,2015-11
2015-11-16,426299.0,2015-11
2015-11-13,426978.0,2015-11
2015-11-12,427944.0,2015-11
2015-11-11,428867.0,2015-11
2015-11-10,429733.0,2015-11
2015-11-09,430095.0,2015-11
2015-11-05,429161.0,2015-11
2015-11-04,426984.0,2015-11
2015-11-03,425960.0,2015-11
2015-11-02,425096.0,2015-11
2015-10-30,424286.0,2015-10
2015-10-29,423641.0,2015-10
2015-10-28,420488.0,2015-10
2015-10-27,419180.0,2015-10
2015-10-26,417841.0,2015-10
2015-10-23,417035.0,2015-10
2015-10-22,417279.0,2015-10
2015-10-21,418232.0,2015-10
2015-10-20,419606.0,2015-10
2015-10-19,421267.0,2015-10
2015-10-16,422761.0,2015-10
2015-10-15,424571.0,2015-10
2015-10-14,426576.0,2015-10
2015-10-13,428240.0,2015-10
2015-10-09,428018.0,2015-10
2015-10-08,426422.0,2015-10
2015-10-07,424704.0,2015-10
2015-10-06,423598.0,2015-10
2015-10-05,422031.0,2015-10
2015-10-02,419826.0,2015-10
2015-10-01,417280.0,2015-10
2015-09-30,413997.0,2015-09
2015-09-29,413453.0,2015-09
2015-09-28,412752.0,2015-09
2015-09-25,412199.0,2015-09
2015-09-24,410404.0,2015-09
2015-09-23,410362.0,2015-09
2015-09-22,410758.0,2015-09
2015-09-21,411308.0,2015-09
2015-09-18,411709.0,2015-09
2015-09-17,412479.0,2015-09
2015-09-16,413372.0,2015-09
2015-09-15,415087.0,2015-09
2015-09-14,416401.0,2015-09
2015-09-11,417574.0,2015-09
2015-09-10,418125.0,2015-09
2015-09-09,418069.0,2015-09
2015-09-08,418053.0,2015-09
2015-09-07,417160.0,2015-09
2015-09-04,415639.0,2015-09
2015-09-03,413258.0,2015-09
2015-09-02,411964.0,2015-09
2015-09-01,410102.0,2015-09
2015-08-31,408598.0,2015-08
2015-08-28,406735.0,2015-08
2015-08-27,405195.0,2015-08
2015-08-26,405033.0,2015-08
2015-08-25,405744.0,2015-08
2015-08-24,406750.0,2015-08
2015-08-21,407449.0,2015-08
2015-08-20,408920.0,2015-08
2015-08-19,410204.0,2015-08
2015-08-18,411582.0,2015-08
2015-08-14,412179.0,2015-08
2015-08-13,413094.0,2015-08
2015-08-12,413999.0,2015-08
2015-08-11,414952.0,2015-08
2015-08-10,415433.0,2015-08
2015-08-07,414735.0,2015-08
2015-08-06,413394.0,2015-08
2015-08-05,411116.0,2015-08
2015-08-04,409408.0,2015-08
2015-08-03,407689.0,2015-08
2015-07-31,405341.0,2015-07
2015-07-30,403384.0,2015-07
2015-07-29,401708.0,2015-07
2015-07-28,400949.0,2015-07
2015-07-27,400231.0,2015-07
2015-07-24,399648.0,2015-07
2015-07-23,399530.0,2015-07
2015-07-22,400130.0,2015-07
2015-07-21,401009.0,2015-07
2015-07-20,401928.0,2015-07
2015-07-17,402618.0,2015-07
2015-07-16,403951.0,2015-07
2015-07-15,405358.0,2015-07
2015-07-14,406760.0,2015-07
2015-07-13,407894.0,2015-07
2015-07-10,407566.0,2015-07
2015-07-08,405626.0,2015-07
2015-07-07,402741.0,2015-07
2015-07-06,400134.0,2015-07
2015-07-03,396138.0,2015-07
2015-07-02,392851.0,2015-07
2015-07-01,389228.0,2015-07
2015-06-30,387519.0,2015-06
2015-06-29,384052.0,2015-06
2015-06-26,381148.0,2015-06
2015-06-25,378685.0,2015-06
2015-06-24,377334.0,2015-06
2015-06-23,376614.0,2015-06
2015-06-22,376207.0,2015-06
2015-06-19,375469.0,2015-06
2015-06-18,374675.0,2015-06
2015-06-17,374840.0,2015-06
2015-06-16,375587.0,2015-06
2015-06-15,375898.0,2015-06
2015-06-12,375909.0,2015-06
2015-06-11,376423.0,2015-06
2015-06-10,375952.0,2015-06
2015-06-09,375396.0,2015-06
2015-06-08,375014.0,2015-06
2015-06-05,372527.0,2015-06
2015-06-04,369998.0,2015-06
2015-06-03,366597.0,2015-06
2015-06-02,364654.0,2015-06
2015-06-01,361868.0,2015-06
2015-05-29,360765.0,2015-05
2015-05-28,359833.0,2015-05
2015-05-27,359832.0,2015-05
2015-05-26,359832.0,2015-05
2015-05-22,359832.0,2015-05
2015-05-21,357139.0,2015-05
2015-05-20,356603.0,2015-05
2015-05-19,356832.0,2015-05
2015-05-18,358005.0,2015-05
2015-05-15,358845.0,2015-05
2015-05-14,360411.0,2015-05
2015-05-13,361638.0,2015-05
2015-05-12,362805.0,2015-05
2015-05-11,362805.0,2015-05
2015-05-08,361539.0,2015-05
2015-05-07,359718.0,2015-05
2015-05-06,357757.0,2015-05
2015-05-05,356443.0,2015-05
2015-05-04,354596.0,2015-05
2015-04-30,352080.0,2015-04
2015-04-29,350387.0,2015-04
2015-04-28,348026.0,2015-04
2015-04-27,346877.0,2015-04
2015-04-24,346236.0,2015-04
2015-04-23,345794.0,2015-04
2015-04-22,345918.0,2015-04
2015-04-21,346687.0,2015-04
2015-04-20,347351.0,2015-04
2015-04-17,347754.0,2015-04
2015-04-16,348388.0,2015-04
2015-04-15,349453.0,2015-04
2015-04-14,351073.0,2015-04
2015-04-13,352176.0,2015-04
2015-04-10,352296.0,2015-04
2015-04-09,352172.0,2015-04
2015-04-08,352828.0,2015-04
2015-04-07,353788.0,2015-04
2015-04-06,353363.0,2015-04
2015-04-01,352125.0,2015-04
2015-03-31,350338.0,2015-03
2015-03-30,350338.0,2015-03
2015-03-27,346795.0,2015-03
2015-03-26,344785.0,2015-03
2015-03-25,344039.0,2015-03
2015-03-20,343724.0,2015-03
2015-03-19,343442.0,2015-03
2015-03-18,343335.0,2015-03
2015-03-17,344543.0,2015-03
2015-03-16,345731.0,2015-03
2015-03-13,346737.0,2015-03
2015-03-12,348010.0,2015-03
2015-03-11,349065.0,2015-03
2015-03-10,349858.0,2015-03
2015-03-09,349964.0,2015-03
2015-03-06,349011.0,2015-03
2015-03-05,347188.0,2015-03
2015-03-04,345296.0,2015-03
2015-03-03,344175.0,2015-03
2015-03-02,342730.0,2015-03
2015-02-27,341149.0,2015-02
2015-02-26,340214.0,2015-02
2015-02-25,339719.0,2015-02
2015-02-24,340289.0,2015-02
2015-02-23,342046.0,2015-02
2015-02-20,343778.0,2015-02
2015-02-19,345962.0,2015-02
2015-02-18,348176.0,2015-02
2015-02-13,349157.0,2015-02
2015-02-12,349294.0,2015-02
2015-02-11,349051.0,2015-02
2015-02-10,349823.0,2015-02
2015-02-09,349702.0,2015-02
2015-02-06,348572.0,2015-02
2015-02-05,346959.0,2015-02
2015-02-04,345362.0,2015-02
2015-02-03,344274.0,2015-02
2015-02-02,343098.0,2015-02
2015-01-30,341072.0,2015-01
2015-01-29,339720.0,2015-01
2015-01-28,339345.0,2015-01
2015-01-27,339803.0,2015-01
2015-01-26,340321.0,2015-01
2015-01-23,340841.0,2015-01
2015-01-22,341531.0,2015-01
2015-01-21,342675.0,2015-01
2015-01-20,344053.0,2015-01
2015-01-19,345210.0,2015-01
2015-01-16,346382.0,2015-01
2015-01-15,348299.0,2015-01
2015-01-14,350319.0,2015-01
2015-01-13,352524.0,2015-01
2015-01-12,354115.0,2015-01
2015-01-09,354749.0,2015-01
2015-01-08,355193.0,2015-01
2015-01-07,356105.0,2015-01
2015-01-06,358019.0,2015-01
2015-01-05,359085.0,2015-01
2015-01-02,359479.0,2015-01
2014-12-30,358752.0,2014-12
2014-12-29,358120.0,2014-12
2014-12-24,355042.0,2014-12
2014-12-23,354005.0,2014-12
2014-12-22,346293.0,2014-12
2014-12-19,339464.0,2014-12
2014-12-18,335876.0,2014-12
2014-12-17,334040.0,2014-12
2014-12-16,333602.0,2014-12
2014-12-15,333544.0,2014-12
2014-12-12,332967.0,2014-12
2014-12-11,333073.0,2014-12
2014-12-10,332662.0,2014-12
2014-12-09,330939.0,2014-12
2014-12-05,328246.0,2014-12
2014-12-04,323991.0,2014-12
2014-12-03,320251.0,2014-12
2014-12-02,317487.0,2014-12
2014-12-01,314286.0,2014-12
2014-11-28,311977.0,2014-11
2014-11-27,310236.0,2014-11
2014-11-26,309248.0,2014-11
2014-11-25,308932.0,2014-11
2014-11-21,308107.0,2014-11
2014-11-20,307533.0,2014-11
2014-11-19,307619.0,2014-11
2014-11-18,308606.0,2014-11
2014-11-17,309827.0,2014-11
2014-11-14,310719.0,2014-11
2014-11-13,312703.0,2014-11
2014-11-12,312949.0,2014-11
2014-11-11,313108.0,2014-11
2014-11-10,312715.0,2014-11
2014-11-07,311676.0,2014-11
2014-11-05,310231.0,2014-11
2014-11-04,308019.0,2014-11
2014-11-03,306572.0,2014-11
2014-10-31,303558.0,2014-10
2014-10-30,302475.0,2014-10
2014-10-29,301860.0,2014-10
2014-10-28,301840.0,2014-10
2014-10-27,302400.0,2014-10
2014-10-24,302727.0,2014-10
2014-10-23,303278.0,2014-10
2014-10-22,304383.0,2014-10
2014-10-21,304536.0,2014-10
2014-10-20,305120.0,2014-10
2014-10-17,305874.0,2014-10
2014-10-16,307303.0,2014-10
2014-10-15,309073.0,2014-10
2014-10-14,310571.0,2014-10
2014-10-10,310923.0,2014-10
2014-10-09,310413.0,2014-10
2014-10-08,309831.0,2014-10
2014-10-07,309624.0,2014-10
2014-10-06,308966.0,2014-10
2014-10-03,307248.0,2014-10
2014-10-02,305874.0,2014-10
2014-10-01,304991.0,2014-10
2014-09-30,304918.0,2014-09
2014-09-29,304856.0,2014-09
2014-09-26,304828.0,2014-09
2014-09-25,298757.0,2014-09
2014-09-24,298713.0,2014-09
2014-09-23,299353.0,2014-09
2014-09-22,300069.0,2014-09
2014-09-19,301250.0,2014-09
2014-09-18,301264.0,2014-09
2014-09-17,301316.0,2014-09
2014-09-16,302315.0,2014-09
2014-09-15,303567.0,2014-09
2014-09-12,304509.0,2014-09
2014-09-11,305415.0,2014-09
2014-09-10,306398.0,2014-09
2014-09-09,307976.0,2014-09
2014-09-08,308001.0,2014-09
2014-09-05,306712.0,2014-09
2014-09-04,305130.0,2014-09
2014-09-03,303463.0,2014-09
2014-09-02,302592.0,2014-09
2014-09-01,301598.0,2014-09
2014-08-29,299947.0,2014-08
2014-08-28,298337.0,2014-08
2014-08-27,298334.0,2014-08
2014-08-26,297424.0,2014-08
2014-08-25,296174.0,2014-08
2014-08-22,295974.0,2014-08
2014-08-21,297216.0,2014-08
2014-08-20,298433.0,2014-08
2014-08-19,299875.0,2014-08
2014-08-15,300504.0,2014-08
2014-08-14,301229.0,2014-08
2014-08-13,302414.0,2014-08
2014-08-12,304348.0,2014-08
2014-08-11,305291.0,2014-08
2014-08-08,305128.0,2014-08
2014-08-07,304131.0,2014-08
2014-08-06,303831.0,2014-08
2014-08-05,301974.0,2014-08
2014-08-04,300254.0,2014-08
2014-08-01,297702.0,2014-08
2014-07-31,295394.0,2014-07
2014-07-30,293467.0,2014-07
2014-07-29,292939.0,2014-07
2014-07-28,292157.0,2014-07
2014-07-25,291651.0,2014-07
2014-07-24,291552.0,2014-07
2014-07-23,291826.0,2014-07
2014-07-22,292693.0,2014-07
2014-07-21,293596.0,2014-07
2014-07-18,293892.0,2014-07
2014-07-17,294863.0,2014-07
2014-07-16,295901.0,2014-07
2014-07-15,297528.0,2014-07
2014-07-14,299444.0,2014-07
2014-07-11,300502.0,2014-07
2014-07-10,300759.0,2014-07
2014-07-08,299404.0,2014-07
2014-07-07,299278.0,2014-07
2014-07-04,296547.0,2014-07
2014-07-03,292820.0,2014-07
2014-07-02,290247.0,2014-07
2014-07-01,288116.0,2014-07
2014-06-30,286194.0,2014-06
2014-06-27,284196.0,2014-06
2014-06-26,283127.0,2014-06
2014-06-25,282622.0,2014-06
2014-06-24,281280.0,2014-06
2014-06-23,278388.0,2014-06
2014-06-19,277946.0,2014-06
2014-06-18,277634.0,2014-06
2014-06-17,277223.0,2014-06
2014-06-16,277340.0,2014-06
2014-06-13,277213.0,2014-06
2014-06-12,277707.0,2014-06
2014-06-11,277888.0,2014-06
2014-06-10,278420.0,2014-06
2014-06-09,278128.0,2014-06
2014-06-06,276743.0,2014-06
2014-06-05,274181.0,2014-06
2014-06-04,271706.0,2014-06
2014-06-03,270333.0,2014-06
2014-06-02,268856.0,2014-06
2014-05-30,266719.0,2014-05
2014-05-29,265120.0,2014-05
2014-05-28,264430.0,2014-05
2014-05-27,263255.0,2014-05
2014-05-26,263237.0,2014-05
2014-05-23,263087.0,2014-05
2014-05-22,263326.0,2014-05
2014-05-21,264052.0,2014-05
2014-05-20,265044.0,2014-05
2014-05-19,266215.0,2014-05
2014-05-16,266803.0,2014-05
2014-05-15,267815.0,2014-05
2014-05-14,268847.0,2014-05
2014-05-13,270501.0,2014-05
2014-05-12,271259.0,2014-05
2014-05-09,271030.0,2014-05
2014-05-08,270172.0,2014-05
2014-05-07,269370.0,2014-05
2014-05-06,269255.0,2014-05
2014-05-05,268845.0,2014-05
2014-04-30,267782.0,2014-04
2014-04-29,266410.0,2014-04
2014-04-28,264899.0,2014-04
2014-04-25,264162.0,2014-04
2014-04-24,264818.0,2014-04
2014-04-23,265862.0,2014-04
2014-04-22,267742.0,2014-04
2014-04-21,269723.0,2014-04
2014-04-16,270999.0,2014-04
2014-04-15,271735.0,2014-04
2014-04-14,272402.0,2014-04
2014-04-11,272826.0,2014-04
2014-04-10,273305.0,2014-04
2014-04-09,273116.0,2014-04
2014-04-08,272067.0,2014-04
2014-04-07,271069.0,2014-04
2014-04-04,269749.0,2014-04
2014-04-03,268613.0,2014-04
2014-04-01,267318.0,2014-04
2014-03-31,266195.0,2014-03
2014-03-28,265162.0,2014-03
2014-03-27,264842.0,2014-03
2014-03-26,265046.0,2014-03
2014-03-25,265500.0,2014-03
2014-03-21,265827.0,2014-03
2014-03-20,266450.0,2014-03
2014-03-19,267243.0,2014-03
2014-03-18,268350.0,2014-03
2014-03-17,269570.0,2014-03
2014-03-14,270168.0,2014-03
2014-03-13,271053.0,2014-03
2014-03-12,271963.0,2014-03
2014-03-11,272666.0,2014-03
2014-03-10,273107.0,2014-03
2014-03-07,272786.0,2014-03
2014-03-06,272104.0,2014-03
2014-03-05,271278.0,2014-03
2014-02-28,270174.0,2014-02
2014-02-27,268667.0,2014-02
2014-02-26,267276.0,2014-02
2014-02-25,267142.0,2014-02
2014-02-24,267244.0,2014-02
2014-02-21,267599.0,2014-02
2014-02-20,268204.0,2014-02
2014-02-19,269185.0,2014-02
2014-02-18,270872.0,2014-02
2014-02-17,272328.0,2014-02
2014-02-14,273534.0,2014-02
2014-02-13,274870.0,2014-02
2014-02-12,276075.0,2014-02
2014-02-11,277244.0,2014-02
2014-02-10,277965.0,2014-02
2014-02-07,277859.0,2014-02
2014-02-06,277322.0,2014-02
2014-02-05,276554.0,2014-02
2014-02-04,275967.0,2014-02
2014-02-03,275355.0,2014-02
2014-01-31,274206.0,2014-01
2014-01-30,273451.0,2014-01
2014-01-29,272596.0,2014-01
2014-01-28,272587.0,2014-01
2014-01-27,273099.0,2014-01
2014-01-24,273297.0,2014-01
2014-01-23,273871.0,2014-01
2014-01-22,274924.0,2014-01
2014-01-21,276340.0,2014-01
2014-01-20,277611.0,2014-01
2014-01-17,278519.0,2014-01
2014-01-16,279620.0,2014-01
2014-01-15,281047.0,2014-01
2014-01-14,282812.0,2014-01
2014-01-13,284470.0,2014-01
2014-01-10,285478.0,2014-01
2014-01-09,286196.0,2014-01
2014-01-08,286551.0,2014-01
2014-01-07,287620.0,2014-01
2014-01-06,288465.0,2014-01
2014-01-03,288924.0,2014-01
2014-01-02,289598.0,2014-01
2013-12-30,289208.0,2013-12
2013-12-27,288890.0,2013-12
2013-12-26,288149.0,2013-12
2013-12-23,286269.0,2013-12
2013-12-20,283278.0,2013-12
2013-12-19,280039.0,2013-12
2013-12-18,278144.0,2013-12
2013-12-17,276553.0,2013-12
2013-12-16,275398.0,2013-12
2013-12-13,273938.0,2013-12
2013-12-12,273059.0,2013-12
2013-12-11,272434.0,2013-12
2013-12-10,271971.0,2013-12
2013-12-09,271328.0,2013-12
2013-12-06,269769.0,2013-12
2013-12-05,267585.0,2013-12
2013-12-04,265036.0,2013-12
2013-12-03,263631.0,2013-12
2013-12-02,261802.0,2013-12
2013-11-29,259978.0,2013-11
2013-11-28,258759.0,2013-11
2013-11-27,258467.0,2013-11
2013-11-26,258277.0,2013-11
2013-11-22,258000.0,2013-11
2013-11-21,258039.0,2013-11
2013-11-20,258114.0,2013-11
2013-11-19,258868.0,2013-11
2013-11-18,259826.0,2013-11
2013-11-15,260224.0,2013-11
2013-11-14,260934.0,2013-11
2013-11-13,262136.0,2013-11
2013-11-12,263081.0,2013-11
2013-11-11,264183.0,2013-11
2013-11-08,264107.0,2013-11
2013-11-07,263525.0,2013-11
2013-11-05,262503.0,2013-11
2013-11-04,260823.0,2013-11
2013-11-01,258529.0,2013-11
2013-10-31,256960.0,2013-10
2013-10-30,255871.0,2013-10
2013-10-29,255221.0,2013-10
2013-10-28,254938.0,2013-10
2013-10-25,254464.0,2013-10
2013-10-24,254471.0,2013-10
2013-10-23,254853.0,2013-10
2013-10-22,255609.0,2013-10
2013-10-21,256625.0,2013-10
2013-10-18,257214.0,2013-10
2013-10-17,258341.0,2013-10
2013-10-16,259930.0,2013-10
2013-10-15,261374.0,2013-10
2013-10-11,261893.0,2013-10
2013-10-10,261916.0,2013-10
2013-10-09,261714.0,2013-10
2013-10-08,261601.0,2013-10
2013-10-07,261131.0,2013-10
2013-10-04,260279.0,2013-10
2013-10-03,258822.0,2013-10
2013-10-02,257366.0,2013-10
2013-10-01,256350.0,2013-10
2013-09-30,255428.0,2013-09
2013-09-27,253848.0,2013-09
2013-09-26,252216.0,2013-09
2013-09-25,251396.0,2013-09
2013-09-24,251272.0,2013-09
2013-09-23,251359.0,2013-09
2013-09-20,251255.0,2013-09
2013-09-19,251578.0,2013-09
2013-09-18,252302.0,2013-09
2013-09-17,253611.0,2013-09
2013-09-16,254858.0,2013-09
2013-09-13,255578.0,2013-09
2013-09-12,256491.0,2013-09
2013-09-11,257172.0,2013-09
2013-09-10,258227.0,2013-09
2013-09-09,258320.0,2013-09
2013-09-06,257645.0,2013-09
2013-09-05,256274.0,2013-09
2013-09-04,255137.0,2013-09
2013-09-03,254282.0,2013-09
2013-09-02,253117.0,2013-09
2013-08-30,251759.0,2013-08
2013-08-29,250445.0,2013-08
2013-08-28,249196.0,2013-08
2013-08-27,248840.0,2013-08
2013-08-26,248986.0,2013-08
2013-08-23,249339.0,2013-08
2013-08-22,250016.0,2013-08
2013-08-21,251271.0,2013-08
2013-08-20,252450.0,2013-08
2013-08-16,252879.0,2013-08
2013-08-15,253315.0,2013-08
2013-08-14,254077.0,2013-08
2013-08-13,255595.0,2013-08
2013-08-12,256829.0,2013-08
2013-08-09,257022.0,2013-08
2013-08-08,256642.0,2013-08
2013-08-07,255914.0,2013-08
2013-08-06,255308.0,2013-08
2013-08-05,254389.0,2013-08
2013-08-02,252759.0,2013-08
2013-08-01,251249.0,2013-08
2013-07-31,250075.0,2013-07
2013-07-30,248960.0,2013-07
2013-07-29,248058.0,2013-07
2013-07-26,247273.0,2013-07
2013-07-25,246964.0,2013-07
2013-07-24,247097.0,2013-07
2013-07-23,247923.0,2013-07
2013-07-22,248380.0,2013-07
2013-07-19,248578.0,2013-07
2013-07-18,248822.0,2013-07
2013-07-17,249607.0,2013-07
2013-07-16,250987.0,2013-07
2013-07-15,251973.0,2013-07
2013-07-12,252932.0,2013-07
2013-07-11,253836.0,2013-07
2013-07-10,254162.0,2013-07
2013-07-08,253216.0,2013-07
2013-07-05,252486.0,2013-07
2013-07-04,249742.0,2013-07
2013-07-03,247128.0,2013-07
2013-07-02,246091.0,2013-07
2013-07-01,244590.0,2013-07
2013-06-28,242625.0,2013-06
2013-06-27,241178.0,2013-06
2013-06-26,240097.0,2013-06
2013-06-25,239736.0,2013-06
2013-06-24,240114.0,2013-06
2013-06-19,239821.0,2013-06
2013-06-18,239122.0,2013-06
2013-06-17,238727.0,2013-06
2013-06-14,238306.0,2013-06
2013-06-13,238419.0,2013-06
2013-06-12,238761.0,2013-06
2013-06-11,239091.0,2013-06
2013-06-10,238966.0,2013-06
2013-06-07,237817.0,2013-06
2013-06-06,235937.0,2013-06
2013-06-05,234102.0,2013-06
2013-06-04,232922.0,2013-06
2013-06-03,231848.0,2013-06
2013-05-31,230233.0,2013-05
2013-05-30,228929.0,2013-05
2013-05-29,227745.0,2013-05
2013-05-28,227338.0,2013-05
2013-05-27,227270.0,2013-05
2013-05-24,226954.0,2013-05
2013-05-23,226879.0,2013-05
2013-05-22,227169.0,2013-05
2013-05-21,227951.0,2013-05
2013-05-20,228667.0,2013-05
2013-05-17,229046.0,2013-05
2013-05-16,229754.0,2013-05
2013-05-15,230829.0,2013-05
2013-05-14,231929.0,2013-05
2013-05-13,232927.0,2013-05
2013-05-10,232973.0,2013-05
2013-05-09,232245.0,2013-05
2013-05-08,231610.0,2013-05
2013-05-07,231094.0,2013-05
2013-05-06,230694.0,2013-05
2013-05-03,229890.0,2013-05
2013-05-02,228945.0,2013-05
2013-04-30,227291.0,2013-04
2013-04-29,225957.0,2013-04
2013-04-26,224272.0,2013-04
2013-04-25,223541.0,2013-04
2013-04-24,223422.0,2013-04
2013-04-23,223979.0,2013-04
2013-04-22,224498.0,2013-04
2013-04-19,224633.0,2013-04
2013-04-18,225161.0,2013-04
2013-04-17,226049.0,2013-04
2013-04-16,227219.0,2013-04
2013-04-15,228480.0,2013-04
2013-04-12,229232.0,2013-04
2013-04-11,229885.0,2013-04
2013-04-10,230319.0,2013-04
2013-04-09,231037.0,2013-04
2013-04-08,231580.0,2013-04
2013-04-05,232139.0,2013-04
2013-04-04,233045.0,2013-04
2013-04-03,233325.0,2013-04
2013-03-27,233013.0,2013-03
2013-03-26,231558.0,2013-03
2013-03-25,229331.0,2013-03
2013-03-22,226782.0,2013-03
2013-03-21,225724.0,2013-03
2013-03-20,225734.0,2013-03
2013-03-19,226305.0,2013-03
2013-03-18,226862.0,2013-03
2013-03-15,227295.0,2013-03
2013-03-14,228132.0,2013-03
2013-03-13,228960.0,2013-03
2013-03-12,229993.0,2013-03
2013-03-11,230842.0,2013-03
2013-03-08,230662.0,2013-03
2013-03-07,229707.0,2013-03
2013-03-06,228701.0,2013-03
2013-03-05,228152.0,2013-03
2013-03-04,227459.0,2013-03
2013-03-01,226231.0,2013-03
2013-02-28,225059.0,2013-02
2013-02-27,224474.0,2013-02
2013-02-26,224557.0,2013-02
2013-02-25,225026.0,2013-02
2013-02-22,225434.0,2013-02
2013-02-21,226509.0,2013-02
2013-02-19,227948.0,2013-02
2013-02-18,229311.0,2013-02
2013-02-15,230633.0,2013-02
2013-02-14,232700.0,2013-02
2013-02-13,233927.0,2013-02
2013-02-08,234134.0,2013-02
2013-02-07,232958.0,2013-02
2013-02-06,231131.0,2013-02
2013-02-05,230199.0,2013-02
2013-02-04,229425.0,2013-02
2013-02-01,228090.0,2013-02
2013-01-30,226764.0,2013-01
2013-01-29,225754.0,2013-01
2013-01-28,225505.0,2013-01
2013-01-25,225326.0,2013-01
2013-01-24,225743.0,2013-01
2013-01-23,226240.0,2013-01
2013-01-22,227082.0,2013-01
2013-01-21,228094.0,2013-01
2013-01-18,228692.0,2013-01
2013-01-17,229551.0,2013-01
2013-01-16,230512.0,2013-01
2013-01-15,231922.0,2013-01
2013-01-14,233366.0,2013-01
2013-01-11,234114.0,2013-01
2013-01-10,234717.0,2013-01
2013-01-09,235161.0,2013-01
2013-01-08,235975.0,2013-01
2013-01-07,236671.0,2013-01
2013-01-04,236812.0,2013-01
2013-01-03,237358.0,2013-01
2013-01-02,237230.0,2013-01
2012-12-31,237010.0,2012-12
2012-12-28,236732.0,2012-12
2012-12-27,235482.0,2012-12
2012-12-26,234346.0,2012-12
2012-12-21,231735.0,2012-12
2012-12-20,229390.0,2012-12
2012-12-19,227147.0,2012-12
2012-12-18,225938.0,2012-12
2012-12-17,223586.0,2012-12
2012-12-14,221536.0,2012-12
2012-12-13,221021.0,2012-12
2012-12-12,220733.0,2012-12
2012-12-11,220522.0,2012-12
2012-12-10,219522.0,2012-12
2012-12-07,217967.0,2012-12
2012-12-06,215690.0,2012-12
2012-12-05,213269.0,2012-12
2012-12-04,211791.0,2012-12
2012-12-03,210265.0,2012-12
2012-11-30,208726.0,2012-11
2012-11-29,207875.0,2012-11
2012-11-28,206998.0,2012-11
2012-11-27,206439.0,2012-11
2012-11-23,206185.0,2012-11
2012-11-22,206498.0,2012-11
2012-11-21,206755.0,2012-11
2012-11-20,207191.0,2012-11
2012-11-19,207197.0,2012-11
2012-11-16,207310.0,2012-11
2012-11-15,207382.0,2012-11
2012-11-14,207701.0,2012-11
2012-11-13,208743.0,2012-11
2012-11-12,209346.0,2012-11
2012-11-09,209692.0,2012-11
2012-11-08,209500.0,2012-11
2012-11-07,209010.0,2012-11
2012-11-05,208486.0,2012-11
2012-11-02,206725.0,2012-11
2012-11-01,204679.0,2012-11
2012-10-31,203264.0,2012-10
2012-10-30,202480.0,2012-10
2012-10-29,201826.0,2012-10
2012-10-26,201400.0,2012-10
2012-10-25,201162.0,2012-10
2012-10-24,201311.0,2012-10
2012-10-23,201625.0,2012-10
2012-10-22,202126.0,2012-10
2012-10-19,202183.0,2012-10
2012-10-18,202526.0,2012-10
2012-10-17,203180.0,2012-10
2012-10-16,204345.0,2012-10
2012-10-15,205289.0,2012-10
2012-10-12,205888.0,2012-10
2012-10-11,206493.0,2012-10
2012-10-10,206967.0,2012-10
2012-10-09,207227.0,2012-10
2012-10-05,206754.0,2012-10
2012-10-04,205274.0,2012-10
2012-10-03,203828.0,2012-10
2012-10-02,203322.0,2012-10
2012-10-01,202406.0,2012-10
2012-09-28,201207.0,2012-09
2012-09-27,200213.0,2012-09
2012-09-26,199928.0,2012-09
2012-09-25,199694.0,2012-09
2012-09-21,199495.0,2012-09
2012-09-20,199391.0,2012-09
2012-09-19,199612.0,2012-09
2012-09-18,200289.0,2012-09
2012-09-17,201027.0,2012-09
2012-09-14,201500.0,2012-09
2012-09-13,202006.0,2012-09
2012-09-12,202645.0,2012-09
2012-09-11,203354.0,2012-09
2012-09-10,203690.0,2012-09
2012-09-07,203227.0,2012-09
2012-09-06,202335.0,2012-09
2012-09-05,201343.0,2012-09
2012-09-04,200967.0,2012-09
2012-09-03,199990.0,2012-09
2012-08-31,198753.0,2012-08
2012-08-30,197616.0,2012-08
2012-08-29,196697.0,2012-08
2012-08-28,196400.0,2012-08
2012-08-27,196225.0,2012-08
2012-08-24,196080.0,2012-08
2012-08-23,196671.0,2012-08
2012-08-22,197217.0,2012-08
2012-08-21,197891.0,2012-08
2012-08-17,198180.0,2012-08
2012-08-16,198568.0,2012-08
2012-08-15,198941.0,2012-08
2012-08-14,199820.0,2012-08
2012-08-13,200612.0,2012-08
2012-08-10,200852.0,2012-08
2012-08-09,201030.0,2012-08
2012-08-08,200954.0,2012-08
2012-08-07,200967.0,2012-08
2012-08-06,200455.0,2012-08
2012-08-03,199748.0,2012-08
2012-08-02,198471.0,2012-08
2012-08-01,197356.0,2012-08
2012-07-31,196406.0,2012-07
2012-07-30,195463.0,2012-07
2012-07-27,194417.0,2012-07
2012-07-26,194134.0,2012-07
2012-07-25,193815.0,2012-07
2012-07-24,193994.0,2012-07
2012-07-23,194235.0,2012-07
2012-07-20,194177.0,2012-07
2012-07-19,194301.0,2012-07
2012-07-18,194664.0,2012-07
2012-07-17,195386.0,2012-07
2012-07-16,196180.0,2012-07
2012-07-13,196475.0,2012-07
2012-07-12,196979.0,2012-07
2012-07-11,197231.0,2012-07
2012-07-10,197200.0,2012-07
2012-07-06,196393.0,2012-07
2012-07-05,194844.0,2012-07
2012-07-04,193557.0,2012-07
2012-07-03,192282.0,2012-07
2012-07-02,190242.0,2012-07
2012-06-29,188367.0,2012-06
2012-06-28,187107.0,2012-06
2012-06-27,185968.0,2012-06
2012-06-26,185807.0,2012-06
2012-06-25,185328.0,2012-06
2012-06-22,184243.0,2012-06
2012-06-21,184155.0,2012-06
2012-06-19,183784.0,2012-06
2012-06-18,183350.0,2012-06
2012-06-15,182737.0,2012-06
2012-06-14,182607.0,2012-06
2012-06-13,182892.0,2012-06
2012-06-12,183269.0,2012-06
2012-06-11,183393.0,2012-06
2012-06-08,182396.0,2012-06
2012-06-07,181084.0,2012-06
2012-06-06,179866.0,2012-06
2012-06-05,179222.0,2012-06
2012-06-04,177809.0,2012-06
2012-06-01,176422.0,2012-06
2012-05-31,175148.0,2012-05
2012-05-30,173905.0,2012-05
2012-05-29,173332.0,2012-05
2012-05-28,172798.0,2012-05
2012-05-24,172156.0,2012-05
2012-05-23,171472.0,2012-05
2012-05-22,170901.0,2012-05
2012-05-21,171061.0,2012-05
2012-05-18,171008.0,2012-05
2012-05-17,171118.0,2012-05
2012-05-16,171271.0,2012-05
2012-05-15,171992.0,2012-05
2012-05-14,172622.0,2012-05
2012-05-11,172955.0,2012-05
2012-05-10,172994.0,2012-05
2012-05-09,172984.0,2012-05
2012-05-08,173284.0,2012-05
2012-05-07,173348.0,2012-05
2012-05-04,173215.0,2012-05
2012-05-03,172848.0,2012-05
2012-05-02,172222.0,2012-05
2012-04-27,170967.0,2012-04
2012-04-26,169737.0,2012-04
2012-04-25,168232.0,2012-04
2012-04-24,167776.0,2012-04
2012-04-23,167843.0,2012-04
2012-04-20,168026.0,2012-04
2012-04-19,168264.0,2012-04
2012-04-18,168743.0,2012-04
2012-04-17,169831.0,2012-04
2012-04-16,170685.0,2012-04
2012-04-13,171072.0,2012-04
2012-04-12,171492.0,2012-04
2012-04-11,172095.0,2012-04
2012-04-10,172791.0,2012-04
2012-04-09,173395.0,2012-04
2012-04-04,173364.0,2012-04
2012-04-03,172212.0,2012-04
2012-03-30,170426.0,2012-03
2012-03-29,168963.0,2012-03
2012-03-28,167985.0,2012-03
2012-03-27,167146.0,2012-03
2012-03-26,166896.0,2012-03
2012-03-23,166579.0,2012-03
2012-03-22,166694.0,2012-03
2012-03-21,166963.0,2012-03
2012-03-20,167454.0,2012-03
2012-03-19,168102.0,2012-03
2012-03-16,168357.0,2012-03
2012-03-15,168993.0,2012-03
2012-03-14,169513.0,2012-03
2012-03-13,170205.0,2012-03
2012-03-12,170805.0,2012-03
2012-03-09,170930.0,2012-03
2012-03-08,170629.0,2012-03
2012-03-07,169822.0,2012-03
2012-03-06,169683.0,2012-03
2012-03-05,169371.0,2012-03
2012-03-02,168572.0,2012-03
2012-03-01,168000.0,2012-03
2012-02-29,167612.0,2012-02
2012-02-28,167576.0,2012-02
2012-02-24,167493.0,2012-02
2012-02-23,167863.0,2012-02
2012-02-22,168138.0,2012-02
2012-02-17,168038.0,2012-02
2012-02-16,168137.0,2012-02
2012-02-15,168381.0,2012-02
2012-02-14,169057.0,2012-02
2012-02-13,169718.0,2012-02
2012-02-10,169990.0,2012-02
2012-02-09,170155.0,2012-02
2012-02-08,169915.0,2012-02
2012-02-07,170015.0,2012-02
2012-02-06,169783.0,2012-02
2012-02-03,169356.0,2012-02
2012-02-02,168478.0,2012-02
2012-02-01,167854.0,2012-02
2012-01-31,167387.0,2012-01
2012-01-30,167191.0,2012-01
2012-01-27,166954.0,2012-01
2012-01-26,167031.0,2012-01
2012-01-25,167130.0,2012-01
2012-01-24,167390.0,2012-01
2012-01-23,167875.0,2012-01
2012-01-20,168223.0,2012-01
2012-01-19,168902.0,2012-01
2012-01-18,169546.0,2012-01
2012-01-17,170272.0,2012-01
2012-01-16,171039.0,2012-01
2012-01-13,171391.0,2012-01
2012-01-12,171994.0,2012-01
2012-01-11,172339.0,2012-01
2012-01-10,172926.0,2012-01
2012-01-09,173129.0,2012-01
2012-01-06,173175.0,2012-01
2012-01-05,173220.0,2012-01
2012-01-04,173359.0,2012-01
2012-01-03,173338.0,2012-01
2011-12-30,173056.0,2011-12
2011-12-29,172942.0,2011-12
2011-12-28,171974.0,2011-12
2011-12-27,170771.0,2011-12
2011-12-23,169639.0,2011-12
2011-12-22,169173.0,2011-12
2011-12-21,167544.0,2011-12
2011-12-20,166211.0,2011-12
2011-12-19,165515.0,2011-12
2011-12-16,164466.0,2011-12
2011-12-15,163947.0,2011-12
2011-12-14,163739.0,2011-12
2011-12-13,163814.0,2011-12
2011-12-12,163692.0,2011-12
2011-12-07,163101.0,2011-12
2011-12-06,161212.0,2011-12
2011-12-05,159245.0,2011-12
2011-12-02,157122.0,2011-12
2011-12-01,155889.0,2011-12
2011-11-30,154872.0,2011-11
2011-11-29,154106.0,2011-11
2011-11-25,153362.0,2011-11
2011-11-24,152773.0,2011-11
2011-11-23,152343.0,2011-11
2011-11-22,152374.0,2011-11
2011-11-21,152512.0,2011-11
2011-11-18,152421.0,2011-11
2011-11-17,152619.0,2011-11
2011-11-16,152792.0,2011-11
2011-11-15,153026.0,2011-11
2011-11-14,153370.0,2011-11
2011-11-11,153395.0,2011-11
2011-11-10,153370.0,2011-11
2011-11-09,153172.0,2011-11
2011-11-08,153192.0,2011-11
2011-11-07,152785.0,2011-11
2011-11-04,152019.0,2011-11
2011-11-03,151213.0,2011-11
2011-11-02,150192.0,2011-11
2011-11-01,149425.0,2011-11
2011-10-31,148747.0,2011-10
2011-10-28,147961.0,2011-10
2011-10-27,147566.0,2011-10
2011-10-26,147374.0,2011-10
2011-10-25,147496.0,2011-10
2011-10-24,147746.0,2011-10
2011-10-21,147867.0,2011-10
2011-10-20,148163.0,2011-10
2011-10-19,148556.0,2011-10
2011-10-18,149073.0,2011-10
2011-10-17,149610.0,2011-10
2011-10-14,150170.0,2011-10
2011-10-13,150743.0,2011-10
2011-10-12,151273.0,2011-10
2011-10-11,151603.0,2011-10
2011-10-07,151425.0,2011-10
2011-10-06,150738.0,2011-10
2011-10-05,150001.0,2011-10
2011-10-04,149588.0,2011-10
2011-10-03,149060.0,2011-10
2011-09-30,148278.0,2011-09
2011-09-29,147908.0,2011-09
2011-09-28,147405.0,2011-09
2011-09-27,147125.0,2011-09
2011-09-26,147123.0,2011-09
2011-09-23,146991.0,2011-09
2011-09-22,147576.0,2011-09
2011-09-21,148368.0,2011-09
2011-09-20,148379.0,2011-09
2011-09-19,148409.0,2011-09
2011-09-16,148768.0,2011-09
2011-09-15,150749.0,2011-09
2011-09-14,150749.0,2011-09
2011-09-13,150749.0,2011-09
2011-09-12,150749.0,2011-09
2011-09-09,150348.0,2011-09
2011-09-08,149979.0,2011-09
2011-09-07,149506.0,2011-09
2011-09-06,148983.0,2011-09
2011-09-05,148553.0,2011-09
2011-09-02,148033.0,2011-09
2011-09-01,147290.0,2011-09
2011-08-31,146905.0,2011-08
2011-08-30,146538.0,2011-08
2011-08-29,146384.0,2011-08
2011-08-26,146228.0,2011-08
2011-08-25,146276.0,2011-08
2011-08-24,146419.0,2011-08
2011-08-23,146779.0,2011-08
2011-08-19,146837.0,2011-08
2011-08-18,147109.0,2011-08
2011-08-17,147327.0,2011-08
2011-08-16,147884.0,2011-08
2011-08-15,148498.0,2011-08
2011-08-12,148672.0,2011-08
2011-08-11,148996.0,2011-08
2011-08-10,149194.0,2011-08
2011-08-09,149570.0,2011-08
2011-08-08,149649.0,2011-08
2011-08-05,148753.0,2011-08
2011-08-04,148364.0,2011-08
2011-08-03,148296.0,2011-08
2011-08-02,147320.0,2011-08
2011-08-01,147315.0,2011-08
2011-07-29,145880.0,2011-07
2011-07-28,145495.0,2011-07
2011-07-27,145290.0,2011-07
2011-07-26,144775.0,2011-07
2011-07-25,144721.0,2011-07
2011-07-22,144638.0,2011-07
2011-07-21,144593.0,2011-07
2011-07-20,144655.0,2011-07
2011-07-19,145169.0,2011-07
2011-07-18,145516.0,2011-07
2011-07-15,145809.0,2011-07
2011-07-14,146126.0,2011-07
2011-07-13,146286.0,2011-07
2011-07-12,146526.0,2011-07
2011-07-11,146673.0,2011-07
2011-07-08,146308.0,2011-07
2011-07-07,145780.0,2011-07
2011-07-06,145072.0,2011-07
2011-07-05,144431.0,2011-07
2011-07-04,143731.0,2011-07
2011-07-01,142562.0,2011-07
2011-06-30,141826.0,2011-06
2011-06-29,141191.0,2011-06
2011-06-28,140163.0,2011-06
2011-06-27,139796.0,2011-06
2011-06-24,138857.0,2011-06
2011-06-23,138619.0,2011-06
2011-06-22,138374.0,2011-06
2011-06-21,137976.0,2011-06
2011-06-17,137524.0,2011-06
2011-06-16,137244.0,2011-06
2011-06-15,136985.0,2011-06
2011-06-14,136922.0,2011-06
2011-06-13,136935.0,2011-06
2011-06-10,136870.0,2011-06
2011-06-09,136564.0,2011-06
2011-06-08,136059.0,2011-06
2011-06-07,135612.0,2011-06
2011-06-06,134904.0,2011-06
2011-06-03,134300.0,2011-06
2011-06-02,133559.0,2011-06
2011-06-01,132909.0,2011-06
2011-05-31,132482.0,2011-05
2011-05-30,132019.0,2011-05
2011-05-27,131471.0,2011-05
2011-05-26,131383.0,2011-05
2011-05-24,131040.0,2011-05
2011-05-23,131005.0,2011-05
2011-05-20,130886.0,2011-05
2011-05-19,130999.0,2011-05
2011-05-18,131131.0,2011-05
2011-05-17,131542.0,2011-05
2011-05-16,131932.0,2011-05
2011-05-13,132102.0,2011-05
2011-05-12,132271.0,2011-05
2011-05-11,132441.0,2011-05
2011-05-10,132652.0,2011-05
2011-05-09,132668.0,2011-05
2011-05-06,132355.0,2011-05
2011-05-05,131745.0,2011-05
2011-05-04,131204.0,2011-05
2011-05-03,130684.0,2011-05
2011-05-02,130284.0,2011-05
2011-04-29,129905.0,2011-04
2011-04-28,129825.0,2011-04
2011-04-27,129729.0,2011-04
2011-04-26,129793.0,2011-04
2011-04-25,129956.0,2011-04
2011-04-20,130016.0,2011-04
2011-04-19,130033.0,2011-04
2011-04-18,129988.0,2011-04
2011-04-15,129974.0,2011-04
2011-04-14,130106.0,2011-04
2011-04-13,130337.0,2011-04
2011-04-12,130688.0,2011-04
2011-04-11,130856.0,2011-04
2011-04-08,130843.0,2011-04
2011-04-07,130275.0,2011-04
2011-04-06,129593.0,2011-04
2011-04-05,129127.0,2011-04
2011-04-04,128812.0,2011-04
2011-04-01,128253.0,2011-04
2011-03-31,127883.0,2011-03
2011-03-30,127723.0,2011-03
2011-03-29,127942.0,2011-03
2011-03-28,128236.0,2011-03
2011-03-23,128162.0,2011-03
2011-03-22,128099.0,2011-03
2011-03-21,128084.0,2011-03
2011-03-18,128092.0,2011-03
2011-03-17,128232.0,2011-03
2011-03-16,128697.0,2011-03
2011-03-15,129132.0,2011-03
2011-03-14,129570.0,2011-03
2011-03-11,129786.0,2011-03
2011-03-10,129911.0,2011-03
2011-03-09,129895.0,2011-03
2011-03-04,129799.0,2011-03
2011-03-03,129399.0,2011-03
2011-03-02,128903.0,2011-03
2011-03-01,128422.0,2011-03
2011-02-28,128079.0,2011-02
2011-02-25,127952.0,2011-02
2011-02-24,126807.0,2011-02
2011-02-23,126872.0,2011-02
2011-02-22,126935.0,2011-02
2011-02-21,127012.0,2011-02
2011-02-18,127078.0,2011-02
2011-02-17,127295.0,2011-02
2011-02-16,127574.0,2011-02
2011-02-15,127753.0,2011-02
2011-02-14,128003.0,2011-02
2011-02-11,128094.0,2011-02
2011-02-10,128150.0,2011-02
2011-02-09,128158.0,2011-02
2011-02-08,128106.0,2011-02
2011-02-07,128034.0,2011-02
2011-02-04,127893.0,2011-02
2011-02-03,127758.0,2011-02
2011-02-02,127451.0,2011-02
2011-02-01,127393.0,2011-02
2011-01-31,127152.0,2011-01
2011-01-28,126936.0,2011-01
2011-01-27,126963.0,2011-01
2011-01-26,127028.0,2011-01
2011-01-25,127188.0,2011-01
2011-01-24,127416.0,2011-01
2011-01-21,127419.0,2011-01
2011-01-20,127551.0,2011-01
2011-01-19,127559.0,2011-01
2011-01-18,127624.0,2011-01
2011-01-17,127643.0,2011-01
2011-01-14,127645.0,2011-01
2011-01-13,127649.0,2011-01
2011-01-12,127445.0,2011-01
2011-01-11,127194.0,2011-01
2011-01-10,126771.0,2011-01
2011-01-07,126021.0,2011-01
2011-01-06,125536.0,2011-01
2011-01-05,125293.0,2011-01
2011-01-04,125040.0,2011-01
2011-01-03,124766.0,2011-01
2010-12-30,124535.0,2010-12
2010-12-29,124126.0,2010-12
2010-12-28,123837.0,2010-12
2010-12-27,123547.0,2010-12
2010-12-23,123462.0,2010-12
2010-12-22,123209.0,2010-12
2010-12-21,122636.0,2010-12
2010-12-20,121988.0,2010-12
2010-12-17,120835.0,2010-12
2010-12-16,119916.0,2010-12
2010-12-15,119473.0,2010-12
2010-12-14,118734.0,2010-12
2010-12-13,117651.0,2010-12
2010-12-10,116743.0,2010-12
2010-12-09,116477.0,2010-12
2010-12-07,116031.0,2010-12
2010-12-06,115691.0,2010-12
2010-12-03,115376.0,2010-12
2010-12-02,114914.0,2010-12
2010-12-01,114466.0,2010-12
2010-11-30,114167.0,2010-11
2010-11-29,113845.0,2010-11
2010-11-26,113531.0,2010-11
2010-11-25,113275.0,2010-11
2010-11-24,113051.0,2010-11
2010-11-23,113011.0,2010-11
2010-11-19,112959.0,2010-11
2010-11-18,112832.0,2010-11
2010-11-17,112771.0,2010-11
2010-11-16,112793.0,2010-11
2010-11-15,112831.0,2010-11
2010-11-12,112814.0,2010-11
2010-11-11,112781.0,2010-11
2010-11-10,112716.0,2010-11
2010-11-09,112628.0,2010-11
2010-11-08,112436.0,2010-11
2010-11-05,112379.0,2010-11
2010-11-04,112214.0,2010-11
2010-11-03,112111.0,2010-11
2010-11-02,111965.0,2010-11
2010-11-01,111738.0,2010-11
2010-10-29,111627.0,2010-10
2010-10-28,111456.0,2010-10
2010-10-26,111160.0,2010-10
2010-10-25,110932.0,2010-10
2010-10-22,110767.0,2010-10
2010-10-21,110829.0,2010-10
2010-10-20,110831.0,2010-10
2010-10-19,110818.0,2010-10
2010-10-18,110925.0,2010-10
2010-10-15,111094.0,2010-10
2010-10-14,111250.0,2010-10
2010-10-13,111319.0,2010-10
2010-10-12,111426.0,2010-10
2010-10-08,111369.0,2010-10
2010-10-07,110783.0,2010-10
2010-10-06,109675.0,2010-10
2010-10-05,109246.0,2010-10
2010-10-04,108452.0,2010-10
2010-10-01,107669.0,2010-10
2010-09-30,106983.0,2010-09
2010-09-29,106573.0,2010-09
2010-09-28,106183.0,2010-09
2010-09-27,106045.0,2010-09
2010-09-24,105124.0,2010-09
2010-09-23,104967.0,2010-09
2010-09-22,105002.0,2010-09
2010-09-21,105237.0,2010-09
2010-09-20,105735.0,2010-09
2010-09-17,105754.0,2010-09
2010-09-16,105965.0,2010-09
2010-09-15,106157.0,2010-09
2010-09-14,106504.0,2010-09
2010-09-13,107303.0,2010-09
2010-09-10,107559.0,2010-09
2010-09-09,107573.0,2010-09
2010-09-08,107498.0,2010-09
2010-09-07,107374.0,2010-09
2010-09-06,107069.0,2010-09
2010-09-03,106542.0,2010-09
2010-09-02,105633.0,2010-09
2010-09-01,104625.0,2010-09
2010-08-31,103925.0,2010-08
2010-08-30,103799.0,2010-08
2010-08-27,103375.0,2010-08
2010-08-26,103085.0,2010-08
2010-08-25,103037.0,2010-08
2010-08-24,103232.0,2010-08
2010-08-23,103591.0,2010-08
2010-08-20,103756.0,2010-08
2010-08-19,104158.0,2010-08
2010-08-18,104793.0,2010-08
2010-08-17,105551.0,2010-08
2010-08-13,105931.0,2010-08
2010-08-12,106040.0,2010-08
2010-08-11,106114.0,2010-08
2010-08-10,106461.0,2010-08
2010-08-09,106781.0,2010-08
2010-08-06,106648.0,2010-08
2010-08-05,106104.0,2010-08
2010-08-04,105649.0,2010-08
2010-08-03,105029.0,2010-08
2010-08-02,104449.0,2010-08
2010-07-30,103737.0,2010-07
2010-07-29,103095.0,2010-07
2010-07-28,102440.0,2010-07
2010-07-27,102112.0,2010-07
2010-07-26,102344.0,2010-07
2010-07-23,102363.0,2010-07
2010-07-22,102260.0,2010-07
2010-07-21,102328.0,2010-07
2010-07-20,102741.0,2010-07
2010-07-19,103427.0,2010-07
2010-07-16,103701.0,2010-07
2010-07-15,103958.0,2010-07
2010-07-14,104288.0,2010-07
2010-07-13,104907.0,2010-07
2010-07-12,105667.0,2010-07
2010-07-08,105628.0,2010-07
2010-07-07,104788.0,2010-07
2010-07-06,103658.0,2010-07
2010-07-05,103001.0,2010-07
2010-07-02,101827.0,2010-07
2010-07-01,100837.0,2010-07
2010-06-30,99752.0,2010-06
2010-06-29,99114.0,2010-06
2010-06-28,98784.0,2010-06
2010-06-25,98251.0,2010-06
2010-06-24,98033.0,2010-06
2010-06-23,97837.0,2010-06
2010-06-22,97906.0,2010-06
2010-06-18,97820.0,2010-06
2010-06-17,97652.0,2010-06
2010-06-16,97393.0,2010-06
2010-06-15,97482.0,2010-06
2010-06-14,97965.0,2010-06
2010-06-11,97967.0,2010-06
2010-06-10,98030.0,2010-06
2010-06-09,98003.0,2010-06
2010-06-08,98112.0,2010-06
2010-06-07,98188.0,2010-06
2010-06-04,97733.0,2010-06
2010-06-03,97038.0,2010-06
2010-06-02,96046.0,2010-06
2010-06-01,95578.0,2010-06
2010-05-31,95520.0,2010-05
2010-05-28,95079.0,2010-05
2010-05-27,95053.0,2010-05
2010-05-26,95188.0,2010-05
2010-05-21,95001.0,2010-05
2010-05-20,94677.0,2010-05
2010-05-19,94095.0,2010-05
2010-05-18,94216.0,2010-05
2010-05-17,94701.0,2010-05
2010-05-14,94817.0,2010-05
2010-05-13,95067.0,2010-05
2010-05-12,95355.0,2010-05
2010-05-11,95776.0,2010-05
2010-05-10,96172.0,2010-05
2010-05-07,96016.0,2010-05
2010-05-06,95329.0,2010-05
2010-05-05,94340.0,2010-05
2010-05-04,93756.0,2010-05
2010-05-03,93424.0,2010-05
2010-04-30,92560.0,2010-04
2010-04-29,91853.0,2010-04
2010-04-28,91073.0,2010-04
2010-04-27,90846.0,2010-04
2010-04-26,91008.0,2010-04
2010-04-23,90927.0,2010-04
2010-04-22,90941.0,2010-04
2010-04-21,91092.0,2010-04
2010-04-20,91510.0,2010-04
2010-04-19,92126.0,2010-04
2010-04-16,92396.0,2010-04
2010-04-15,92671.0,2010-04
2010-04-14,93039.0,2010-04
2010-04-13,93672.0,2010-04
2010-04-12,94431.0,2010-04
2010-04-09,94489.0,2010-04
2010-04-08,94291.0,2010-04
2010-04-07,93877.0,2010-04
2010-04-06,93863.0,2010-04
2010-04-05,94257.0,2010-04
2010-03-31,93945.0,2010-03
2010-03-30,93434.0,2010-03
2010-03-29,92595.0,2010-03
2010-03-26,92004.0,2010-03
2010-03-25,91968.0,2010-03
2010-03-23,91791.0,2010-03
2010-03-22,91951.0,2010-03
2010-03-19,91972.0,2010-03
2010-03-18,92011.0,2010-03
2010-03-17,92250.0,2010-03
2010-03-16,92829.0,2010-03
2010-03-15,93612.0,2010-03
2010-03-12,94034.0,2010-03
2010-03-11,94381.0,2010-03
2010-03-10,94603.0,2010-03
2010-03-09,95059.0,2010-03
2010-03-08,95350.0,2010-03
2010-03-05,95064.0,2010-03
2010-03-04,94622.0,2010-03
2010-03-03,93920.0,2010-03
2010-03-02,93573.0,2010-03
2010-03-01,93300.0,2010-03
2010-02-26,92721.0,2010-02
2010-02-25,92214.0,2010-02
2010-02-24,91715.0,2010-02
2010-02-23,91842.0,2010-02
2010-02-22,92133.0,2010-02
2010-02-19,92208.0,2010-02
2010-02-18,92429.0,2010-02
2010-02-17,92848.0,2010-02
2010-02-16,93441.0,2010-02
2010-02-15,94215.0,2010-02
2010-02-12,94650.0,2010-02
2010-02-11,95057.0,2010-02
2010-02-10,95285.0,2010-02
2010-02-09,95819.0,2010-02
2010-02-08,96117.0,2010-02
2010-02-05,96050.0,2010-02
2010-02-04,95659.0,2010-02
2010-02-03,95232.0,2010-02
2010-02-02,94861.0,2010-02
2010-02-01,94637.0,2010-02
2010-01-29,94052.0,2010-01
2010-01-28,93516.0,2010-01
2010-01-27,93029.0,2010-01
2010-01-26,92967.0,2010-01
2010-01-25,93219.0,2010-01
2010-01-22,93315.0,2010-01
2010-01-21,93489.0,2010-01
2010-01-20,93801.0,2010-01
2010-01-19,94433.0,2010-01
2010-01-18,95192.0,2010-01
2010-01-15,95517.0,2010-01
2010-01-14,96032.0,2010-01
2010-01-13,96591.0,2010-01
2010-01-12,97288.0,2010-01
2010-01-11,97769.0,2010-01
2010-01-08,97977.0,2010-01
2010-01-07,97779.0,2010-01
2010-01-06,97689.0,2010-01
2010-01-05,97866.0,2010-01
2010-01-04,98228.0,2010-01
2009-12-31,98065.0,2009-12
2009-12-30,98008.0,2009-12
2009-12-29,97498.0,2009-12
2009-12-28,97325.0,2009-12
2009-12-24,96877.0,2009-12
2009-12-23,96362.0,2009-12
2009-12-22,94795.0,2009-12
2009-12-21,93654.0,2009-12
2009-12-18,92602.0,2009-12
2009-12-17,91755.0,2009-12
2009-12-16,91158.0,2009-12
2009-12-15,91152.0,2009-12
2009-12-14,91577.0,2009-12
2009-12-11,91523.0,2009-12
2009-12-10,91420.0,2009-12
2009-12-09,91291.0,2009-12
2009-12-07,91122.0,2009-12
2009-12-04,89896.0,2009-12
2009-12-03,88272.0,2009-12
2009-12-02,86721.0,2009-12
2009-12-01,85715.0,2009-12
2009-11-30,84958.0,2009-11
2009-11-27,84184.0,2009-11
2009-11-26,83504.0,2009-11
2009-11-25,82801.0,2009-11
2009-11-24,82774.0,2009-11
2009-11-23,83041.0,2009-11
2009-11-20,83051.0,2009-11
2009-11-19,83092.0,2009-11
2009-11-18,83079.0,2009-11
2009-11-17,83457.0,2009-11
2009-11-16,84103.0,2009-11
2009-11-13,84368.0,2009-11
2009-11-12,84666.0,2009-11
2009-11-11,84895.0,2009-11
2009-11-10,85399.0,2009-11
2009-11-09,85916.0,2009-11
2009-11-05,85772.0,2009-11
2009-11-04,84858.0,2009-11
2009-11-03,83829.0,2009-11
2009-11-02,83237.0,2009-11
2009-10-30,82563.0,2009-10
2009-10-29,82027.0,2009-10
2009-10-28,81323.0,2009-10
2009-10-27,80978.0,2009-10
2009-10-26,81162.0,2009-10
2009-10-23,81105.0,2009-10
2009-10-22,81105.0,2009-10
2009-10-21,81145.0,2009-10
2009-10-20,81566.0,2009-10
2009-10-19,82245.0,2009-10
2009-10-16,82555.0,2009-10
2009-10-15,83058.0,2009-10
2009-10-14,83786.0,2009-10
2009-10-13,84669.0,2009-10
2009-10-09,85098.0,2009-10
2009-10-08,84765.0,2009-10
2009-10-07,83932.0,2009-10
2009-10-06,83665.0,2009-10
2009-10-05,83545.0,2009-10
2009-10-02,82839.0,2009-10
2009-10-01,82095.0,2009-10
2009-09-30,81310.0,2009-09
2009-09-29,81016.0,2009-09
2009-09-28,80843.0,2009-09
2009-09-25,80396.0,2009-09
2009-09-24,80298.0,2009-09
2009-09-23,80171.0,2009-09
2009-09-22,80362.0,2009-09
2009-09-21,80780.0,2009-09
2009-09-18,80993.0,2009-09
2009-09-17,81072.0,2009-09
2009-09-16,81375.0,2009-09
2009-09-15,81944.0,2009-09
2009-09-14,82583.0,2009-09
2009-09-11,82816.0,2009-09
2009-09-10,82883.0,2009-09
2009-09-09,83036.0,2009-09
2009-09-08,83372.0,2009-09
2009-09-07,83582.0,2009-09
2009-09-04,83325.0,2009-09
2009-09-03,82786.0,2009-09
2009-09-02,81949.0,2009-09
2009-09-01,81566.0,2009-09
2009-08-31,81355.0,2009-08
2009-08-28,80935.0,2009-08
2009-08-27,80453.0,2009-08
2009-08-26,80014.0,2009-08
2009-08-25,80087.0,2009-08
2009-08-24,80449.0,2009-08
2009-08-21,80641.0,2009-08
2009-08-20,80926.0,2009-08
2009-08-19,81420.0,2009-08
2009-08-18,82199.0,2009-08
2009-08-14,82567.0,2009-08
2009-08-13,82721.0,2009-08
2009-08-12,82877.0,2009-08
2009-08-11,83461.0,2009-08
2009-08-10,84089.0,2009-08
2009-08-07,84155.0,2009-08
2009-08-06,83695.0,2009-08
2009-08-05,82996.0,2009-08
2009-08-04,82726.0,2009-08
2009-08-03,82622.0,2009-08
2009-07-31,82184.0,2009-07
2009-07-30,81768.0,2009-07
2009-07-29,81149.0,2009-07
2009-07-28,80976.0,2009-07
2009-07-27,81152.0,2009-07
2009-07-24,81040.0,2009-07
2009-07-23,81068.0,2009-07
2009-07-22,81120.0,2009-07
2009-07-21,81623.0,2009-07
2009-07-20,82245.0,2009-07
2009-07-17,82490.0,2009-07
2009-07-16,83033.0,2009-07
2009-07-15,83509.0,2009-07
2009-07-14,84531.0,2009-07
2009-07-13,85688.0,2009-07
2009-07-08,86024.0,2009-07
2009-07-07,84916.0,2009-07
2009-07-06,84026.0,2009-07
2009-07-03,83236.0,2009-07
2009-07-02,82275.0,2009-07
2009-07-01,81290.0,2009-07
2009-06-30,80782.0,2009-06
2009-06-29,80511.0,2009-06
2009-06-26,79933.0,2009-06
2009-06-25,79350.0,2009-06
2009-06-24,78985.0,2009-06
2009-06-23,78950.0,2009-06
2009-06-22,79105.0,2009-06
2009-06-19,78879.0,2009-06
2009-06-18,78900.0,2009-06
2009-06-17,79195.0,2009-06
2009-06-16,79720.0,2009-06
2009-06-12,79825.0,2009-06
2009-06-11,79743.0,2009-06
2009-06-10,79716.0,2009-06
2009-06-09,80028.0,2009-06
2009-06-08,80317.0,2009-06
2009-06-05,80080.0,2009-06
2009-06-04,79551.0,2009-06
2009-06-03,78682.0,2009-06
2009-06-02,78298.0,2009-06
2009-06-01,77981.0,2009-06
2009-05-29,77259.0,2009-05
2009-05-28,76690.0,2009-05
2009-05-27,76233.0,2009-05
2009-05-26,76087.0,2009-05
2009-05-22,75924.0,2009-05
2009-05-21,75832.0,2009-05
2009-05-20,75684.0,2009-05
2009-05-19,76048.0,2009-05
2009-05-18,76529.0,2009-05
2009-05-15,76742.0,2009-05
2009-05-14,76946.0,2009-05
2009-05-13,77119.0,2009-05
2009-05-12,77703.0,2009-05
2009-05-11,78286.0,2009-05
2009-05-08,78351.0,2009-05
2009-05-07,78030.0,2009-05
2009-05-06,77398.0,2009-05
2009-05-05,77166.0,2009-05
2009-05-04,77020.0,2009-05
2009-04-30,76371.0,2009-04
2009-04-29,75807.0,2009-04
2009-04-28,75145.0,2009-04
2009-04-27,74677.0,2009-04
2009-04-24,74448.0,2009-04
2009-04-23,74420.0,2009-04
2009-04-22,74293.0,2009-04
2009-04-21,74565.0,2009-04
2009-04-20,75043.0,2009-04
2009-04-17,75305.0,2009-04
2009-04-16,75723.0,2009-04
2009-04-15,76336.0,2009-04
2009-04-14,77223.0,2009-04
2009-04-13,78362.0,2009-04
2009-04-08,78896.0,2009-04
2009-04-07,78474.0,2009-04
2009-04-06,77769.0,2009-04
2009-04-03,77194.0,2009-04
2009-04-01,76586.0,2009-04
2009-03-31,75965.0,2009-03
2009-03-30,75647.0,2009-03
2009-03-27,75276.0,2009-03
2009-03-26,75189.0,2009-03
2009-03-25,75310.0,2009-03
2009-03-23,75521.0,2009-03
2009-03-20,75516.0,2009-03
2009-03-19,75639.0,2009-03
2009-03-18,75930.0,2009-03
2009-03-17,76581.0,2009-03
2009-03-16,77246.0,2009-03
2009-03-13,77708.0,2009-03
2009-03-12,78162.0,2009-03
2009-03-11,78597.0,2009-03
2009-03-10,79191.0,2009-03
2009-03-09,79731.0,2009-03
2009-03-06,79667.0,2009-03
2009-03-05,79422.0,2009-03
2009-03-04,78973.0,2009-03
2009-03-03,78855.0,2009-03
2009-03-02,78627.0,2009-03
2009-02-27,78267.0,2009-02
2009-02-26,77775.0,2009-02
2009-02-25,77259.0,2009-02
2009-02-24,77175.0,2009-02
2009-02-23,77354.0,2009-02
2009-02-20,77460.0,2009-02
2009-02-19,77561.0,2009-02
2009-02-18,77781.0,2009-02
2009-02-17,78293.0,2009-02
2009-02-16,78940.0,2009-02
2009-02-13,79321.0,2009-02
2009-02-12,79644.0,2009-02
2009-02-11,80073.0,2009-02
2009-02-10,80664.0,2009-02
2009-02-09,81085.0,2009-02
2009-02-06,81095.0,2009-02
2009-02-05,80795.0,2009-02
2009-02-04,80245.0,2009-02
2009-02-03,79943.0,2009-02
2009-02-02,79734.0,2009-02
2009-01-30,79004.0,2009-01
2009-01-29,78507.0,2009-01
2009-01-28,77964.0,2009-01
2009-01-27,77905.0,2009-01
2009-01-26,78128.0,2009-01
2009-01-23,78212.0,2009-01
2009-01-22,78374.0,2009-01
2009-01-21,78663.0,2009-01
2009-01-20,79107.0,2009-01
2009-01-19,79719.0,2009-01
2009-01-16,80117.0,2009-01
2009-01-15,80586.0,2009-01
2009-01-14,81074.0,2009-01
2009-01-13,81897.0,2009-01
2009-01-12,82793.0,2009-01
2009-01-09,83136.0,2009-01
2009-01-08,83277.0,2009-01
2009-01-07,83308.0,2009-01
2009-01-06,83578.0,2009-01
2009-01-05,84150.0,2009-01
2009-01-02,84325.0,2009-01
2008-12-31,84086.0,2008-12
2008-12-30,84035.0,2008-12
2008-12-29,83930.0,2008-12
2008-12-26,83642.0,2008-12
2008-12-24,83276.0,2008-12
2008-12-23,82713.0,2008-12
2008-12-22,81661.0,2008-12
2008-12-19,80294.0,2008-12
2008-12-18,79507.0,2008-12
2008-12-17,78830.0,2008-12
2008-12-16,78627.0,2008-12
2008-12-15,78850.0,2008-12
2008-12-12,78995.0,2008-12
2008-12-11,79252.0,2008-12
2008-12-10,79349.0,2008-12
2008-12-09,79442.0,2008-12
2008-12-05,79036.0,2008-12
2008-12-04,77761.0,2008-12
2008-12-03,76736.0,2008-12
2008-12-02,75901.0,2008-12
2008-12-01,75486.0,2008-12
2008-11-28,74682.0,2008-11
2008-11-27,73969.0,2008-11
2008-11-26,73213.0,2008-11
2008-11-25,72968.0,2008-11
2008-11-24,73099.0,2008-11
2008-11-21,72989.0,2008-11
2008-11-20,72881.0,2008-11
2008-11-19,72941.0,2008-11
2008-11-18,73358.0,2008-11
2008-11-17,74006.0,2008-11
2008-11-14,74281.0,2008-11
2008-11-13,74634.0,2008-11
2008-11-12,74962.0,2008-11
2008-11-11,75614.0,2008-11
2008-11-10,76245.0,2008-11
2008-11-07,76494.0,2008-11
2008-11-05,76098.0,2008-11
2008-11-04,75576.0,2008-11
2008-11-03,74665.0,2008-11
2008-10-31,73715.0,2008-10
2008-10-30,73190.0,2008-10
2008-10-29,72583.0,2008-10
2008-10-28,72379.0,2008-10
2008-10-27,72609.0,2008-10
2008-10-24,72585.0,2008-10
2008-10-23,72457.0,2008-10
2008-10-22,72553.0,2008-10
2008-10-21,73003.0,2008-10
2008-10-20,73585.0,2008-10
2008-10-17,73909.0,2008-10
2008-10-16,74405.0,2008-10
2008-10-15,75245.0,2008-10
2008-10-14,76178.0,2008-10
2008-10-10,76696.0,2008-10
2008-10-09,76608.0,2008-10
2008-10-08,76286.0,2008-10
2008-10-07,76131.0,2008-10
2008-10-06,76012.0,2008-10
2008-10-03,75503.0,2008-10
2008-10-02,74758.0,2008-10
2008-10-01,73880.0,2008-10
2008-09-30,73385.0,2008-09
2008-09-29,73270.0,2008-09
2008-09-26,72862.0,2008-09
2008-09-25,72505.0,2008-09
2008-09-24,72375.0,2008-09
2008-09-23,72550.0,2008-09
2008-09-22,72853.0,2008-09
2008-09-19,72949.0,2008-09
2008-09-18,73091.0,2008-09
2008-09-17,73319.0,2008-09
2008-09-16,73836.0,2008-09
2008-09-15,74514.0,2008-09
2008-09-12,74792.0,2008-09
2008-09-11,75044.0,2008-09
2008-09-10,75313.0,2008-09
2008-09-09,75721.0,2008-09
2008-09-08,76208.0,2008-09
2008-09-05,76056.0,2008-09
2008-09-04,75574.0,2008-09
2008-09-03,74947.0,2008-09
2008-09-02,74702.0,2008-09
2008-09-01,74451.0,2008-09
2008-08-29,73895.0,2008-08
2008-08-28,73273.0,2008-08
2008-08-27,72629.0,2008-08
2008-08-26,72519.0,2008-08
2008-08-25,72726.0,2008-08
2008-08-22,72817.0,2008-08
2008-08-21,73027.0,2008-08
2008-08-20,73507.0,2008-08
2008-08-19,74180.0,2008-08
2008-08-15,74564.0,2008-08
2008-08-14,74790.0,2008-08
2008-08-13,75043.0,2008-08
2008-08-12,75633.0,2008-08
2008-08-11,76261.0,2008-08
2008-08-08,76429.0,2008-08
2008-08-07,76165.0,2008-08
2008-08-06,75773.0,2008-08
2008-08-05,75633.0,2008-08
2008-08-04,75544.0,2008-08
2008-08-01,75134.0,2008-08
2008-07-31,74527.0,2008-07
2008-07-30,73931.0,2008-07
2008-07-29,73736.0,2008-07
2008-07-28,73703.0,2008-07
2008-07-25,73576.0,2008-07
2008-07-24,73529.0,2008-07
2008-07-23,73591.0,2008-07
2008-07-22,73851.0,2008-07
2008-07-21,74254.0,2008-07
2008-07-18,74413.0,2008-07
2008-07-17,74647.0,2008-07
2008-07-16,75053.0,2008-07
2008-07-15,75685.0,2008-07
2008-07-14,76282.0,2008-07
2008-07-11,76647.0,2008-07
2008-07-10,76962.0,2008-07
2008-07-08,76967.0,2008-07
2008-07-07,76856.0,2008-07
2008-07-04,76406.0,2008-07
2008-07-03,75881.0,2008-07
2008-07-02,75165.0,2008-07
2008-07-01,74696.0,2008-07
2008-06-30,74329.0,2008-06
2008-06-27,73688.0,2008-06
2008-06-26,72924.0,2008-06
2008-06-25,72359.0,2008-06
2008-06-24,72220.0,2008-06
2008-06-23,72459.0,2008-06
2008-06-20,72567.0,2008-06
2008-06-19,72855.0,2008-06
2008-06-18,73225.0,2008-06
2008-06-17,73649.0,2008-06
2008-06-13,73906.0,2008-06
2008-06-12,73906.0,2008-06
2008-06-11,73963.0,2008-06
2008-06-10,74339.0,2008-06
2008-06-09,74732.0,2008-06
2008-06-06,74575.0,2008-06
2008-06-05,74157.0,2008-06
2008-06-04,73569.0,2008-06
2008-06-03,73295.0,2008-06
2008-06-02,73141.0,2008-06
2008-05-30,72713.0,2008-05
2008-05-29,72183.0,2008-05
2008-05-28,71600.0,2008-05
2008-05-27,71421.0,2008-05
2008-05-26,71481.0,2008-05
2008-05-23,71494.0,2008-05
2008-05-22,71517.0,2008-05
2008-05-21,71629.0,2008-05
2008-05-20,72076.0,2008-05
2008-05-19,72585.0,2008-05
2008-05-16,72804.0,2008-05
2008-05-15,73016.0,2008-05
2008-05-14,73186.0,2008-05
2008-05-13,73659.0,2008-05
2008-05-12,74007.0,2008-05
2008-05-09,73974.0,2008-05
2008-05-08,73685.0,2008-05
2008-05-07,73418.0,2008-05
2008-05-06,73440.0,2008-05
2008-05-05,73460.0,2008-05
2008-05-02,73022.0,2008-05
2008-04-30,72373.0,2008-04
2008-04-29,71940.0,2008-04
2008-04-28,71523.0,2008-04
2008-04-25,70878.0,2008-04
2008-04-24,70670.0,2008-04
2008-04-23,70570.0,2008-04
2008-04-22,70751.0,2008-04
2008-04-21,71075.0,2008-04
2008-04-18,71171.0,2008-04
2008-04-17,71277.0,2008-04
2008-04-16,71407.0,2008-04
2008-04-15,71933.0,2008-04
2008-04-14,72497.0,2008-04
2008-04-11,72749.0,2008-04
2008-04-10,72881.0,2008-04
2008-04-09,72909.0,2008-04
2008-04-08,73120.0,2008-04
2008-04-07,73289.0,2008-04
2008-04-04,73132.0,2008-04
2008-04-03,72922.0,2008-04
2008-04-01,72399.0,2008-04
2008-03-31,71990.0,2008-03
2008-03-28,71513.0,2008-03
2008-03-27,71391.0,2008-03
2008-03-26,71592.0,2008-03
2008-03-25,72241.0,2008-03
2008-03-19,72556.0,2008-03
2008-03-18,72562.0,2008-03
2008-03-17,72313.0,2008-03
2008-03-14,72004.0,2008-03
2008-03-13,72054.0,2008-03
2008-03-12,72179.0,2008-03
2008-03-11,72572.0,2008-03
2008-03-10,72869.0,2008-03
2008-03-07,72793.0,2008-03
2008-03-06,72518.0,2008-03
2008-03-05,72050.0,2008-03
2008-03-04,71775.0,2008-03
2008-03-03,71660.0,2008-03
2008-02-29,71170.0,2008-02
2008-02-28,70507.0,2008-02
2008-02-27,69856.0,2008-02
2008-02-26,69679.0,2008-02
2008-02-25,69731.0,2008-02
2008-02-22,69674.0,2008-02
2008-02-21,69626.0,2008-02
2008-02-20,69691.0,2008-02
2008-02-19,70020.0,2008-02
2008-02-18,70487.0,2008-02
2008-02-15,70712.0,2008-02
2008-02-14,70970.0,2008-02
2008-02-13,71272.0,2008-02
2008-02-12,71882.0,2008-02
2008-02-11,72456.0,2008-02
2008-02-08,72589.0,2008-02
2008-02-07,72380.0,2008-02
2008-02-06,71983.0,2008-02
2008-02-05,71898.0,2008-02
2008-02-04,71783.0,2008-02
2008-02-01,71329.0,2008-02
2008-01-31,70804.0,2008-01
2008-01-30,70232.0,2008-01
2008-01-29,70033.0,2008-01
2008-01-28,69967.0,2008-01
2008-01-25,69805.0,2008-01
2008-01-24,69797.0,2008-01
2008-01-23,69844.0,2008-01
2008-01-22,70227.0,2008-01
2008-01-21,70589.0,2008-01
2008-01-18,70806.0,2008-01
2008-01-17,71047.0,2008-01
2008-01-16,71292.0,2008-01
2008-01-15,71860.0,2008-01
2008-01-14,72494.0,2008-01
2008-01-11,72792.0,2008-01
2008-01-10,73103.0,2008-01
2008-01-09,73266.0,2008-01
2008-01-08,73613.0,2008-01
2008-01-07,74036.0,2008-01
2008-01-04,74138.0,2008-01
2008-01-03,74419.0,2008-01
2008-01-02,74753.0,2008-01
2007-12-28,74804.0,2007-12
2007-12-27,74335.0,2007-12
2007-12-26,73667.0,2007-12
2007-12-21,72905.0,2007-12
2007-12-20,71488.0,2007-12
2007-12-19,70315.0,2007-12
2007-12-18,69844.0,2007-12
2007-12-17,69645.0,2007-12
2007-12-14,69401.0,2007-12
2007-12-13,69242.0,2007-12
2007-12-12,69024.0,2007-12
2007-12-11,69210.0,2007-12
2007-12-10,69375.0,2007-12
2007-12-07,69167.0,2007-12
2007-12-06,68340.0,2007-12
2007-12-05,67676.0,2007-12
2007-12-04,67207.0,2007-12
2007-12-03,66772.0,2007-12
2007-11-30,66148.0,2007-11
2007-11-29,65612.0,2007-11
2007-11-28,65040.0,2007-11
2007-11-27,64883.0,2007-11
2007-11-26,64909.0,2007-11
2007-11-23,64744.0,2007-11
2007-11-22,64626.0,2007-11
2007-11-21,64569.0,2007-11
2007-11-20,64781.0,2007-11
2007-11-19,65140.0,2007-11
2007-11-16,65317.0,2007-11
2007-11-15,65522.0,2007-11
2007-11-14,65784.0,2007-11
2007-11-13,66247.0,2007-11
2007-11-12,66700.0,2007-11
2007-11-09,66848.0,2007-11
2007-11-08,66785.0,2007-11
2007-11-07,66733.0,2007-11
2007-11-05,66759.0,2007-11
2007-11-02,66187.0,2007-11
2007-11-01,65560.0,2007-11
2007-10-31,64986.0,2007-10
2007-10-30,64787.0,2007-10
2007-10-29,64667.0,2007-10
2007-10-26,64464.0,2007-10
2007-10-25,64291.0,2007-10
2007-10-24,64234.0,2007-10
2007-10-23,64391.0,2007-10
2007-10-22,64662.0,2007-10
2007-10-19,64725.0,2007-10
2007-10-18,64894.0,2007-10
2007-10-17,65270.0,2007-10
2007-10-16,65802.0,2007-10
2007-10-12,66120.0,2007-10
2007-10-11,66205.0,2007-10
2007-10-10,66103.0,2007-10
2007-10-09,66409.0,2007-10
2007-10-08,66693.0,2007-10
2007-10-05,66598.0,2007-10
2007-10-04,66179.0,2007-10
2007-10-03,65675.0,2007-10
2007-10-02,65414.0,2007-10
2007-10-01,65209.0,2007-10
2007-09-28,64755.0,2007-09
2007-09-27,64318.0,2007-09
2007-09-26,63830.0,2007-09
2007-09-25,63651.0,2007-09
2007-09-24,63751.0,2007-09
2007-09-21,63737.0,2007-09
2007-09-20,63685.0,2007-09
2007-09-19,63782.0,2007-09
2007-09-18,64156.0,2007-09
2007-09-17,64654.0,2007-09
2007-09-14,64896.0,2007-09
2007-09-13,65081.0,2007-09
2007-09-12,65375.0,2007-09
2007-09-11,65797.0,2007-09
2007-09-10,66237.0,2007-09
2007-09-07,66259.0,2007-09
2007-09-06,65956.0,2007-09
2007-09-05,65556.0,2007-09
2007-09-04,65426.0,2007-09
2007-09-03,65301.0,2007-09
2007-08-31,64864.0,2007-08
2007-08-30,64485.0,2007-08
2007-08-29,64104.0,2007-08
2007-08-28,64063.0,2007-08
2007-08-27,64197.0,2007-08
2007-08-24,64113.0,2007-08
2007-08-23,64187.0,2007-08
2007-08-22,64347.0,2007-08
2007-08-21,64696.0,2007-08
2007-08-17,64911.0,2007-08
2007-08-16,64934.0,2007-08
2007-08-15,65020.0,2007-08
2007-08-14,65449.0,2007-08
2007-08-13,65997.0,2007-08
2007-08-10,66197.0,2007-08
2007-08-09,66232.0,2007-08
2007-08-08,66204.0,2007-08
2007-08-07,66267.0,2007-08
2007-08-06,66391.0,2007-08
2007-08-03,66220.0,2007-08
2007-08-02,65825.0,2007-08
2007-08-01,65437.0,2007-08
2007-07-31,65151.0,2007-07
2007-07-30,65059.0,2007-07
2007-07-27,64702.0,2007-07
2007-07-26,64454.0,2007-07
2007-07-25,64195.0,2007-07
2007-07-24,64300.0,2007-07
2007-07-23,64431.0,2007-07
2007-07-20,64377.0,2007-07
2007-07-19,64416.0,2007-07
2007-07-18,64554.0,2007-07
2007-07-17,64888.0,2007-07
2007-07-16,65315.0,2007-07
2007-07-13,65443.0,2007-07
2007-07-12,65649.0,2007-07
2007-07-11,65930.0,2007-07
2007-07-10,66229.0,2007-07
2007-07-06,66046.0,2007-07
2007-07-05,65554.0,2007-07
2007-07-04,65026.0,2007-07
2007-07-03,64300.0,2007-07
2007-07-02,63936.0,2007-07
2007-06-29,62997.0,2007-06
2007-06-28,62365.0,2007-06
2007-06-27,61761.0,2007-06
2007-06-26,61355.0,2007-06
2007-06-25,61189.0,2007-06
2007-06-22,60938.0,2007-06
2007-06-21,60924.0,2007-06
2007-06-20,61112.0,2007-06
2007-06-19,61354.0,2007-06
2007-06-15,61507.0,2007-06
2007-06-14,61492.0,2007-06
2007-06-13,61521.0,2007-06
2007-06-12,61723.0,2007-06
2007-06-11,62257.0,2007-06
2007-06-08,62116.0,2007-06
2007-06-07,61806.0,2007-06
2007-06-06,61384.0,2007-06
2007-06-05,61117.0,2007-06
2007-06-04,60854.0,2007-06
2007-06-01,60397.0,2007-06
2007-05-31,59894.0,2007-05
2007-05-30,59436.0,2007-05
2007-05-29,59230.0,2007-05
2007-05-28,59152.0,2007-05
2007-05-24,58956.0,2007-05
2007-05-23,58812.0,2007-05
2007-05-22,58761.0,2007-05
2007-05-21,58870.0,2007-05
2007-05-18,58849.0,2007-05
2007-05-17,58894.0,2007-05
2007-05-16,59010.0,2007-05
2007-05-15,59358.0,2007-05
2007-05-14,59774.0,2007-05
2007-05-11,59936.0,2007-05
2007-05-10,60115.0,2007-05
2007-05-09,60104.0,2007-05
2007-05-08,60252.0,2007-05
2007-05-07,60336.0,2007-05
2007-05-04,60129.0,2007-05
2007-05-03,59809.0,2007-05
2007-05-02,59431.0,2007-05
2007-04-30,59070.0,2007-04
2007-04-27,58532.0,2007-04
2007-04-26,57979.0,2007-04
2007-04-25,57664.0,2007-04
2007-04-24,57655.0,2007-04
2007-04-23,57784.0,2007-04
2007-04-20,57759.0,2007-04
2007-04-19,57838.0,2007-04
2007-04-18,57949.0,2007-04
2007-04-17,58282.0,2007-04
2007-04-16,58726.0,2007-04
2007-04-13,58867.0,2007-04
2007-04-12,59052.0,2007-04
2007-04-11,59260.0,2007-04
2007-04-10,59763.0,2007-04
2007-04-09,60276.0,2007-04
2007-04-04,60364.0,2007-04
2007-04-03,60003.0,2007-04
2007-03-30,59340.0,2007-03
2007-03-29,58700.0,2007-03
2007-03-28,57930.0,2007-03
2007-03-27,57591.0,2007-03
2007-03-26,57358.0,2007-03
2007-03-23,57100.0,2007-03
2007-03-22,57021.0,2007-03
2007-03-21,57036.0,2007-03
2007-03-20,57223.0,2007-03
2007-03-19,57543.0,2007-03
2007-03-16,57720.0,2007-03
2007-03-15,57897.0,2007-03
2007-03-14,58168.0,2007-03
2007-03-13,58537.0,2007-03
2007-03-12,58959.0,2007-03
2007-03-09,59142.0,2007-03
2007-03-08,59191.0,2007-03
2007-03-07,58943.0,2007-03
2007-03-06,58755.0,2007-03
2007-03-05,58625.0,2007-03
2007-03-02,58149.0,2007-03
2007-03-01,57715.0,2007-03
2007-02-28,57192.0,2007-02
2007-02-27,56920.0,2007-02
2007-02-26,56677.0,2007-02
2007-02-23,56421.0,2007-02
2007-02-22,56343.0,2007-02
2007-02-21,56313.0,2007-02
2007-02-20,56553.0,2007-02
2007-02-19,56818.0,2007-02
2007-02-16,56973.0,2007-02
2007-02-15,57104.0,2007-02
2007-02-14,57325.0,2007-02
2007-02-13,57737.0,2007-02
2007-02-12,58150.0,2007-02
2007-02-09,58257.0,2007-02
2007-02-08,58211.0,2007-02
2007-02-07,58061.0,2007-02
2007-02-06,58065.0,2007-02
2007-02-05,58076.0,2007-02
2007-02-02,57816.0,2007-02
2007-02-01,57386.0,2007-02
2007-01-31,56818.0,2007-01
2007-01-30,56627.0,2007-01
2007-01-29,56457.0,2007-01
2007-01-26,56206.0,2007-01
2007-01-25,56115.0,2007-01
2007-01-24,56110.0,2007-01
2007-01-23,56307.0,2007-01
2007-01-22,56557.0,2007-01
2007-01-19,56610.0,2007-01
2007-01-18,56743.0,2007-01
2007-01-17,56928.0,2007-01
2007-01-16,57314.0,2007-01
2007-01-15,57694.0,2007-01
2007-01-12,57931.0,2007-01
2007-01-11,58144.0,2007-01
2007-01-10,58360.0,2007-01
2007-01-09,58697.0,2007-01
2007-01-08,59005.0,2007-01
2007-01-05,59069.0,2007-01
2007-01-04,59078.0,2007-01
2007-01-03,59127.0,2007-01
2007-01-02,59291.0,2007-01
2006-12-29,59222.0,2006-12
2006-12-28,58882.0,2006-12
2006-12-27,58253.0,2006-12
2006-12-26,58078.0,2006-12
2006-12-22,57717.0,2006-12
2006-12-21,56977.0,2006-12
2006-12-20,56158.0,2006-12
2006-12-19,55842.0,2006-12
2006-12-18,55688.0,2006-12
2006-12-15,55377.0,2006-12
2006-12-14,55134.0,2006-12
2006-12-13,55062.0,2006-12
2006-12-12,55250.0,2006-12
2006-12-11,55535.0,2006-12
2006-12-07,55390.0,2006-12
2006-12-06,54892.0,2006-12
2006-12-05,54335.0,2006-12
2006-12-04,54108.0,2006-12
2006-12-01,53489.0,2006-12
2006-11-30,52778.0,2006-11
2006-11-29,52188.0,2006-11
2006-11-28,51865.0,2006-11
2006-11-27,51735.0,2006-11
2006-11-24,51537.0,2006-11
2006-11-23,51420.0,2006-11
2006-11-22,51348.0,2006-11
2006-11-21,51449.0,2006-11
2006-11-20,51681.0,2006-11
2006-11-17,51726.0,2006-11
2006-11-16,51738.0,2006-11
2006-11-15,51844.0,2006-11
2006-11-14,52191.0,2006-11
2006-11-13,52627.0,2006-11
2006-11-10,52765.0,2006-11
2006-11-09,52902.0,2006-11
2006-11-08,53005.0,2006-11
2006-11-07,53212.0,2006-11
2006-11-03,53160.0,2006-11
2006-11-02,52695.0,2006-11
2006-11-01,52048.0,2006-11
2006-10-31,51639.0,2006-10
2006-10-30,51458.0,2006-10
2006-10-27,50994.0,2006-10
2006-10-26,50730.0,2006-10
2006-10-25,50572.0,2006-10
2006-10-24,50650.0,2006-10
2006-10-23,50860.0,2006-10
2006-10-20,50893.0,2006-10
2006-10-19,51058.0,2006-10
2006-10-18,51383.0,2006-10
2006-10-17,51797.0,2006-10
2006-10-13,52072.0,2006-10
2006-10-12,52212.0,2006-10
2006-10-11,52246.0,2006-10
2006-10-10,52506.0,2006-10
2006-10-09,52708.0,2006-10
2006-10-06,52636.0,2006-10
2006-10-05,52320.0,2006-10
2006-10-04,51931.0,2006-10
2006-10-03,51725.0,2006-10
2006-10-02,51539.0,2006-10
2006-09-29,51053.0,2006-09
2006-09-28,50640.0,2006-09
2006-09-27,50215.0,2006-09
2006-09-26,50095.0,2006-09
2006-09-25,50156.0,2006-09
2006-09-22,50063.0,2006-09
2006-09-21,50004.0,2006-09
2006-09-20,50043.0,2006-09
2006-09-19,50316.0,2006-09
2006-09-18,50592.0,2006-09
2006-09-15,50754.0,2006-09
2006-09-14,50878.0,2006-09
2006-09-13,51044.0,2006-09
2006-09-12,51456.0,2006-09
2006-09-11,51902.0,2006-09
2006-09-08,51978.0,2006-09
2006-09-07,51820.0,2006-09
2006-09-06,51554.0,2006-09
2006-09-05,51459.0,2006-09
2006-09-04,51336.0,2006-09
2006-09-01,51006.0,2006-09
2006-08-31,50580.0,2006-08
2006-08-30,50104.0,2006-08
2006-08-29,49931.0,2006-08
2006-08-28,49885.0,2006-08
2006-08-25,49775.0,2006-08
2006-08-24,49795.0,2006-08
2006-08-23,49935.0,2006-08
2006-08-22,50213.0,2006-08
2006-08-18,50319.0,2006-08
2006-08-17,50359.0,2006-08
2006-08-16,50461.0,2006-08
2006-08-15,50855.0,2006-08
2006-08-14,51233.0,2006-08
2006-08-11,51373.0,2006-08
2006-08-10,51541.0,2006-08
2006-08-09,51639.0,2006-08
2006-08-08,51909.0,2006-08
2006-08-07,52044.0,2006-08
2006-08-04,51949.0,2006-08
2006-08-03,51736.0,2006-08
2006-08-02,51443.0,2006-08
2006-08-01,51267.0,2006-08
2006-07-31,51005.0,2006-07
2006-07-28,50638.0,2006-07
2006-07-27,50375.0,2006-07
2006-07-26,50224.0,2006-07
2006-07-25,50212.0,2006-07
2006-07-24,50291.0,2006-07
2006-07-21,50242.0,2006-07
2006-07-20,50279.0,2006-07
2006-07-19,50319.0,2006-07
2006-07-18,50639.0,2006-07
2006-07-17,50889.0,2006-07
2006-07-14,50945.0,2006-07
2006-07-13,51082.0,2006-07
2006-07-12,51243.0,2006-07
2006-07-11,51518.0,2006-07
2006-07-10,51733.0,2006-07
2006-07-07,51598.0,2006-07
2006-07-06,51253.0,2006-07
2006-07-05,50906.0,2006-07
2006-07-04,50369.0,2006-07
2006-07-03,50310.0,2006-07
2006-06-30,49837.0,2006-06
2006-06-29,49503.0,2006-06
2006-06-28,48954.0,2006-06
2006-06-27,48626.0,2006-06
2006-06-26,48399.0,2006-06
2006-06-23,48156.0,2006-06
2006-06-22,48186.0,2006-06
2006-06-21,48223.0,2006-06
2006-06-20,48349.0,2006-06
2006-06-16,48363.0,2006-06
2006-06-15,48393.0,2006-06
2006-06-14,48404.0,2006-06
2006-06-13,48628.0,2006-06
2006-06-12,48911.0,2006-06
2006-06-09,48931.0,2006-06
2006-06-08,48919.0,2006-06
2006-06-07,48817.0,2006-06
2006-06-06,48884.0,2006-06
2006-06-05,48896.0,2006-06
2006-06-02,48419.0,2006-06
2006-06-01,48048.0,2006-06
2006-05-31,47682.0,2006-05
2006-05-30,47433.0,2006-05
2006-05-29,47359.0,2006-05
2006-05-26,47094.0,2006-05
2006-05-24,46925.0,2006-05
2006-05-23,46861.0,2006-05
2006-05-22,46914.0,2006-05
2006-05-19,46873.0,2006-05
2006-05-18,46924.0,2006-05
2006-05-17,47002.0,2006-05
2006-05-16,47232.0,2006-05
2006-05-15,47571.0,2006-05
2006-05-12,47654.0,2006-05
2006-05-11,47791.0,2006-05
2006-05-10,47885.0,2006-05
2006-05-09,48099.0,2006-05
2006-05-08,48273.0,2006-05
2006-05-05,48134.0,2006-05
2006-05-04,48014.0,2006-05
2006-05-03,47800.0,2006-05
2006-05-02,47554.0,2006-05
2006-04-28,47201.0,2006-04
2006-04-27,46855.0,2006-04
2006-04-26,46486.0,2006-04
2006-04-25,46335.0,2006-04
2006-04-24,46400.0,2006-04
2006-04-21,46322.0,2006-04
2006-04-20,46389.0,2006-04
2006-04-19,46648.0,2006-04
2006-04-18,47266.0,2006-04
2006-04-17,47883.0,2006-04
2006-04-12,48118.0,2006-04
2006-04-11,48282.0,2006-04
2006-04-10,48227.0,2006-04
2006-04-07,47985.0,2006-04
2006-04-06,47712.0,2006-04
2006-04-05,47500.0,2006-04
2006-04-04,47292.0,2006-04
2006-04-03,47039.0,2006-04
2006-03-31,46608.0,2006-03
2006-03-30,46246.0,2006-03
2006-03-29,45946.0,2006-03
2006-03-28,45941.0,2006-03
2006-03-27,46004.0,2006-03
2006-03-23,45889.0,2006-03
2006-03-22,45825.0,2006-03
2006-03-21,45845.0,2006-03
2006-03-20,46025.0,2006-03
2006-03-17,46097.0,2006-03
2006-03-16,46263.0,2006-03
2006-03-15,46380.0,2006-03
2006-03-14,46665.0,2006-03
2006-03-13,47127.0,2006-03
2006-03-10,47240.0,2006-03
2006-03-09,47310.0,2006-03
2006-03-08,47381.0,2006-03
2006-03-07,47484.0,2006-03
2006-03-06,47490.0,2006-03
2006-03-03,47335.0,2006-03
2006-03-02,47027.0,2006-03
2006-03-01,46723.0,2006-03
2006-02-28,46558.0,2006-02
2006-02-27,46400.0,2006-02
2006-02-24,46098.0,2006-02
2006-02-23,45864.0,2006-02
2006-02-22,45721.0,2006-02
2006-02-21,45851.0,2006-02
2006-02-20,46068.0,2006-02
2006-02-17,46130.0,2006-02
2006-02-16,46207.0,2006-02
2006-02-15,46367.0,2006-02
2006-02-14,46686.0,2006-02
2006-02-13,46993.0,2006-02
2006-02-10,47185.0,2006-02
2006-02-09,47321.0,2006-02
2006-02-08,47290.0,2006-02
2006-02-07,47389.0,2006-02
2006-02-06,47450.0,2006-02
2006-02-03,47302.0,2006-02
2006-02-02,47020.0,2006-02
2006-02-01,46678.0,2006-02
2006-01-31,46527.0,2006-01
2006-01-30,46364.0,2006-01
2006-01-27,46095.0,2006-01
2006-01-26,45960.0,2006-01
2006-01-25,45897.0,2006-01
2006-01-24,46026.0,2006-01
2006-01-23,46171.0,2006-01
2006-01-20,46216.0,2006-01
2006-01-19,46347.0,2006-01
2006-01-18,46524.0,2006-01
2006-01-17,46828.0,2006-01
2006-01-16,47200.0,2006-01
2006-01-13,47333.0,2006-01
2006-01-12,47540.0,2006-01
2006-01-11,47773.0,2006-01
2006-01-10,48033.0,2006-01
2006-01-09,48328.0,2006-01
2006-01-06,48329.0,2006-01
2006-01-05,48316.0,2006-01
2006-01-04,48338.0,2006-01
2006-01-03,48366.0,2006-01
2006-01-02,48437.0,2006-01
2005-12-31,48337.0,2005-12
2005-12-30,48337.0,2005-12
2005-12-29,48173.0,2005-12
2005-12-28,47859.0,2005-12
2005-12-27,47708.0,2005-12
2005-12-26,47552.0,2005-12
2005-12-23,47289.0,2005-12
2005-12-22,46849.0,2005-12
2005-12-21,46321.0,2005-12
2005-12-20,45921.0,2005-12
2005-12-19,45747.0,2005-12
2005-12-16,45496.0,2005-12
2005-12-15,45347.0,2005-12
2005-12-14,45288.0,2005-12
2005-12-13,45430.0,2005-12
2005-12-12,45639.0,2005-12
2005-12-09,45473.0,2005-12
2005-12-07,45289.0,2005-12
2005-12-06,45026.0,2005-12
2005-12-05,44794.0,2005-12
2005-12-02,44268.0,2005-12
2005-12-01,43756.0,2005-12
2005-11-30,43337.0,2005-11
2005-11-29,43133.0,2005-11
2005-11-28,42977.0,2005-11
2005-11-25,42695.0,2005-11
2005-11-24,42541.0,2005-11
2005-11-23,42491.0,2005-11
2005-11-22,42560.0,2005-11
2005-11-21,42721.0,2005-11
2005-11-18,42739.0,2005-11
2005-11-17,42812.0,2005-11
2005-11-16,42939.0,2005-11
2005-11-15,43134.0,2005-11
2005-11-14,43491.0,2005-11
2005-11-11,43532.0,2005-11
2005-11-10,43629.0,2005-11
2005-11-09,43712.0,2005-11
2005-11-08,43879.0,2005-11
2005-11-07,44018.0,2005-11
2005-11-04,43923.0,2005-11
2005-11-03,43706.0,2005-11
2005-11-02,43356.0,2005-11
2005-11-01,43103.0,2005-11
2005-10-31,42873.0,2005-10
2005-10-28,42560.0,2005-10
2005-10-27,42193.0,2005-10
2005-10-26,41934.0,2005-10
2005-10-25,41873.0,2005-10
2005-10-24,41895.0,2005-10
2005-10-21,41849.0,2005-10
2005-10-20,41833.0,2005-10
2005-10-19,41939.0,2005-10
2005-10-18,42147.0,2005-10
2005-10-17,42446.0,2005-10
2005-10-14,42481.0,2005-10
2005-10-13,42634.0,2005-10
2005-10-12,42858.0,2005-10
2005-10-11,43143.0,2005-10
2005-10-07,43144.0,2005-10
2005-10-06,42901.0,2005-10
2005-10-05,42512.0,2005-10
2005-10-04,42320.0,2005-10
2005-10-03,42199.0,2005-10
2005-09-30,41732.0,2005-09
2005-09-29,41435.0,2005-09
2005-09-28,41130.0,2005-09
2005-09-27,40978.0,2005-09
2005-09-26,40943.0,2005-09
2005-09-23,40799.0,2005-09
2005-09-22,40780.0,2005-09
2005-09-21,40815.0,2005-09
2005-09-20,40967.0,2005-09
2005-09-19,41184.0,2005-09
2005-09-16,41255.0,2005-09
2005-09-15,41387.0,2005-09
2005-09-14,41541.0,2005-09
2005-09-13,41770.0,2005-09
2005-09-12,42092.0,2005-09
2005-09-09,42176.0,2005-09
2005-09-08,42239.0,2005-09
2005-09-07,42192.0,2005-09
2005-09-06,42165.0,2005-09
2005-09-05,42085.0,2005-09
2005-09-02,41827.0,2005-09
2005-09-01,41457.0,2005-09
2005-08-31,41129.0,2005-08
2005-08-30,40877.0,2005-08
2005-08-29,40730.0,2005-08
2005-08-26,40471.0,2005-08
2005-08-25,40334.0,2005-08
2005-08-24,40289.0,2005-08
2005-08-23,40404.0,2005-08
2005-08-22,40539.0,2005-08
2005-08-19,40615.0,2005-08
2005-08-18,40833.0,2005-08
2005-08-17,41020.0,2005-08
2005-08-16,41350.0,2005-08
2005-08-12,41435.0,2005-08
2005-08-11,41587.0,2005-08
2005-08-10,41514.0,2005-08
2005-08-09,41881.0,2005-08
2005-08-08,41904.0,2005-08
2005-08-05,41841.0,2005-08
2005-08-04,41720.0,2005-08
2005-08-03,41468.0,2005-08
2005-08-02,41359.0,2005-08
2005-08-01,41158.0,2005-08
2005-07-29,40808.0,2005-07
2005-07-28,40560.0,2005-07
2005-07-27,40305.0,2005-07
2005-07-26,40327.0,2005-07
2005-07-25,40154.0,2005-07
2005-07-22,40120.0,2005-07
2005-07-21,40260.0,2005-07
2005-07-20,40229.0,2005-07
2005-07-19,40597.0,2005-07
2005-07-18,40754.0,2005-07
2005-07-15,40855.0,2005-07
2005-07-14,41085.0,2005-07
2005-07-13,41129.0,2005-07
2005-07-12,41468.0,2005-07
2005-07-11,41569.0,2005-07
2005-07-08,41508.0,2005-07
2005-07-07,41347.0,2005-07
2005-07-06,40945.0,2005-07
2005-07-05,40754.0,2005-07
2005-07-04,40469.0,2005-07
2005-07-01,40055.0,2005-07
2005-06-30,39636.0,2005-06
2005-06-29,39205.0,2005-06
2005-06-28,39003.0,2005-06
2005-06-27,38741.0,2005-06
2005-06-24,38543.0,2005-06
2005-06-23,38578.0,2005-06
2005-06-22,38466.0,2005-06
2005-06-21,38583.0,2005-06
2005-06-17,38489.0,2005-06
2005-06-16,38493.0,2005-06
2005-06-15,38425.0,2005-06
2005-06-14,38676.0,2005-06
2005-06-13,38766.0,2005-06
2005-06-10,38821.0,2005-06
2005-06-09,38854.0,2005-06
2005-06-08,38754.0,2005-06
2005-06-07,38802.0,2005-06
2005-06-06,38705.0,2005-06
2005-06-03,38507.0,2005-06
2005-06-02,38204.0,2005-06
2005-06-01,37898.0,2005-06
2005-05-31,37793.0,2005-05
2005-05-30,37533.0,2005-05
2005-05-27,37342.0,2005-05
2005-05-26,37362.0,2005-05
2005-05-24,37219.0,2005-05
2005-05-23,36975.0,2005-05
2005-05-20,36917.0,2005-05
2005-05-19,37028.0,2005-05
2005-05-18,36943.0,2005-05
2005-05-17,37234.0,2005-05
2005-05-16,37317.0,2005-05
2005-05-13,37393.0,2005-05
2005-05-12,37645.0,2005-05
2005-05-11,37612.0,2005-05
2005-05-10,37978.0,2005-05
2005-05-09,37949.0,2005-05
2005-05-06,37838.0,2005-05
2005-05-05,37645.0,2005-05
2005-05-04,37362.0,2005-05
2005-05-03,37245.0,2005-05
2005-05-02,36980.0,2005-05
2005-04-29,36668.0,2005-04
2005-04-28,36421.0,2005-04
2005-04-27,36142.0,2005-04
2005-04-26,36135.0,2005-04
2005-04-25,35983.0,2005-04
2005-04-22,35945.0,2005-04
2005-04-21,36037.0,2005-04
2005-04-20,36010.0,2005-04
2005-04-19,36300.0,2005-04
2005-04-18,36401.0,2005-04
2005-04-15,36526.0,2005-04
2005-04-14,36806.0,2005-04
2005-04-13,36870.0,2005-04
2005-04-12,37390.0,2005-04
2005-04-11,37518.0,2005-04
2005-04-08,37540.0,2005-04
2005-04-07,37171.0,2005-04
2005-04-06,36914.0,2005-04
2005-04-05,36835.0,2005-04
2005-04-04,36603.0,2005-04
2005-04-01,36336.0,2005-04
2005-03-31,36184.0,2005-03
2005-03-30,35991.0,2005-03
2005-03-29,36101.0,2005-03
2005-03-28,36025.0,2005-03
2005-03-23,35958.0,2005-03
2005-03-22,36028.0,2005-03
2005-03-21,35911.0,2005-03
2005-03-18,35827.0,2005-03
2005-03-17,36003.0,2005-03
2005-03-16,36011.0,2005-03
2005-03-15,36344.0,2005-03
2005-03-14,36394.0,2005-03
2005-03-11,36507.0,2005-03
2005-03-10,36674.0,2005-03
2005-03-09,36652.0,2005-03
2005-03-08,36879.0,2005-03
2005-03-07,36866.0,2005-03
2005-03-04,36703.0,2005-03
2005-03-03,36608.0,2005-03
2005-03-02,36226.0,2005-03
2005-03-01,36035.0,2005-03
2005-02-28,35737.0,2005-02
2005-02-25,35489.0,2005-02
2005-02-24,35324.0,2005-02
2005-02-23,35191.0,2005-02
2005-02-22,35182.0,2005-02
2005-02-21,35219.0,2005-02
2005-02-18,35217.0,2005-02
2005-02-17,35320.0,2005-02
2005-02-16,35413.0,2005-02
2005-02-15,35671.0,2005-02
2005-02-14,35887.0,2005-02
2005-02-11,36067.0,2005-02
2005-02-10,36170.0,2005-02
2005-02-09,36274.0,2005-02
2005-02-08,36427.0,2005-02
2005-02-07,36535.0,2005-02
2005-02-04,36394.0,2005-02
2005-02-03,36192.0,2005-02
2005-02-02,35961.0,2005-02
2005-02-01,35808.0,2005-02
2005-01-31,35678.0,2005-01
2005-01-28,35487.0,2005-01
2005-01-27,35405.0,2005-01
2005-01-26,35342.0,2005-01
2005-01-25,35387.0,2005-01
2005-01-24,35387.0,2005-01
2005-01-21,35400.0,2005-01
2005-01-20,35531.0,2005-01
2005-01-19,35649.0,2005-01
2005-01-18,35893.0,2005-01
2005-01-17,36094.0,2005-01
2005-01-14,36300.0,2005-01
2005-01-13,36575.0,2005-01
2005-01-12,36789.0,2005-01
2005-01-11,37152.0,2005-01
2005-01-10,37316.0,2005-01
2005-01-07,37376.0,2005-01
2005-01-06,37428.0,2005-01
2005-01-05,37476.0,2005-01
2005-01-04,37601.0,2005-01
2005-01-03,37658.0,2005-01
2004-12-31,37624.0,2004-12
2004-12-30,37634.0,2004-12
2004-12-29,37571.0,2004-12
2004-12-28,37547.0,2004-12
2004-12-27,37558.0,2004-12
2004-12-24,37467.0,2004-12
2004-12-23,37367.0,2004-12
2004-12-22,37092.0,2004-12
2004-12-21,36709.0,2004-12
2004-12-20,36291.0,2004-12
2004-12-17,35835.0,2004-12
2004-12-16,35565.0,2004-12
2004-12-15,35343.0,2004-12
2004-12-14,35469.0,2004-12
2004-12-13,35372.0,2004-12
2004-12-10,35218.0,2004-12
2004-12-09,35123.0,2004-12
2004-12-07,34915.0,2004-12
2004-12-06,34500.0,2004-12
2004-12-03,34061.0,2004-12
2004-12-02,33528.0,2004-12
2004-12-01,33111.0,2004-12
2004-11-30,32747.0,2004-11
2004-11-29,32500.0,2004-11
2004-11-26,32171.0,2004-11
2004-11-25,31977.0,2004-11
2004-11-24,31810.0,2004-11
2004-11-23,31936.0,2004-11
2004-11-22,31913.0,2004-11
2004-11-19,31845.0,2004-11
2004-11-18,31901.0,2004-11
2004-11-17,31912.0,2004-11
2004-11-16,32305.0,2004-11
2004-11-15,32379.0,2004-11
2004-11-12,32558.0,2004-11
2004-11-11,32763.0,2004-11
2004-11-10,32825.0,2004-11
2004-11-09,33179.0,2004-11
2004-11-08,33258.0,2004-11
2004-11-05,33155.0,2004-11
2004-11-04,33070.0,2004-11
2004-11-03,32726.0,2004-11
2004-11-02,32563.0,2004-11
2004-11-01,32312.0,2004-11
2004-10-29,31946.0,2004-10
2004-10-28,31728.0,2004-10
2004-10-27,31378.0,2004-10
2004-10-26,31410.0,2004-10
2004-10-25,31331.0,2004-10
2004-10-22,31285.0,2004-10
2004-10-21,31412.0,2004-10
2004-10-20,31383.0,2004-10
2004-10-19,31783.0,2004-10
2004-10-18,31878.0,2004-10
2004-10-15,32058.0,2004-10
2004-10-14,32403.0,2004-10
2004-10-13,32518.0,2004-10
2004-10-12,32989.0,2004-10
2004-10-08,33082.0,2004-10
2004-10-07,33015.0,2004-10
2004-10-06,32760.0,2004-10
2004-10-05,32724.0,2004-10
2004-10-04,32497.0,2004-10
2004-10-01,32114.0,2004-10
2004-09-30,31855.0,2004-09
2004-09-29,31606.0,2004-09
2004-09-28,31527.0,2004-09
2004-09-27,31348.0,2004-09
2004-09-24,31274.0,2004-09
2004-09-23,31392.0,2004-09
2004-09-22,31291.0,2004-09
2004-09-21,31360.0,2004-09
2004-09-20,31651.0,2004-09
2004-09-17,31708.0,2004-09
2004-09-16,31801.0,2004-09
2004-09-15,31919.0,2004-09
2004-09-14,32143.0,2004-09
2004-09-13,32411.0,2004-09
2004-09-10,32576.0,2004-09
2004-09-09,32712.0,2004-09
2004-09-08,32803.0,2004-09
2004-09-07,32840.0,2004-09
2004-09-06,32871.0,2004-09
2004-09-03,32672.0,2004-09
2004-09-02,32407.0,2004-09
2004-09-01,32051.0,2004-09
2004-08-31,31839.0,2004-08
2004-08-30,31688.0,2004-08
2004-08-27,31490.0,2004-08
2004-08-26,31334.0,2004-08
2004-08-25,31256.0,2004-08
2004-08-24,31308.0,2004-08
2004-08-23,31454.0,2004-08
2004-08-20,31521.0,2004-08
2004-08-19,31649.0,2004-08
2004-08-18,31910.0,2004-08
2004-08-17,32185.0,2004-08
2004-08-13,32366.0,2004-08
2004-08-12,32513.0,2004-08
2004-08-11,32670.0,2004-08
2004-08-10,32877.0,2004-08
2004-08-09,33082.0,2004-08
2004-08-06,33006.0,2004-08
2004-08-05,32828.0,2004-08
2004-08-04,32578.0,2004-08
2004-08-03,32458.0,2004-08
2004-08-02,32291.0,2004-08
2004-07-30,32032.0,2004-07
2004-07-29,31762.0,2004-07
2004-07-28,31531.0,2004-07
2004-07-27,31498.0,2004-07
2004-07-26,31450.0,2004-07
2004-07-23,31450.0,2004-07
2004-07-22,31553.0,2004-07
2004-07-21,31588.0,2004-07
2004-07-20,31766.0,2004-07
2004-07-19,32016.0,2004-07
2004-07-16,32179.0,2004-07
2004-07-15,32327.0,2004-07
2004-07-14,32498.0,2004-07
2004-07-13,32800.0,2004-07
2004-07-12,33146.0,2004-07
2004-07-08,33176.0,2004-07
2004-07-07,32985.0,2004-07
2004-07-06,32835.0,2004-07
2004-07-05,32595.0,2004-07
2004-07-02,31853.0,2004-07
2004-07-01,31606.0,2004-07
2004-06-30,31606.0,2004-06
2004-06-29,31550.0,2004-06
2004-06-28,30658.0,2004-06
2004-06-25,30391.0,2004-06
2004-06-24,30400.0,2004-06
2004-06-23,30406.0,2004-06
2004-06-22,30526.0,2004-06
2004-06-18,30605.0,2004-06
2004-06-17,30597.0,2004-06
2004-06-16,30590.0,2004-06
2004-06-15,30684.0,2004-06
2004-06-14,30725.0,2004-06
2004-06-11,30801.0,2004-06
2004-06-10,30829.0,2004-06
2004-06-09,31020.0,2004-06
2004-06-08,31155.0,2004-06
2004-06-07,31216.0,2004-06
2004-06-04,31073.0,2004-06
2004-06-03,30827.0,2004-06
2004-06-02,30461.0,2004-06
2004-06-01,30303.0,2004-06
2004-05-31,30228.0,2004-05
2004-05-28,29990.0,2004-05
2004-05-27,29858.0,2004-05
2004-05-26,29856.0,2004-05
2004-05-24,29863.0,2004-05
2004-05-21,29568.0,2004-05
2004-05-20,29606.0,2004-05
2004-05-19,29746.0,2004-05
2004-05-18,29824.0,2004-05
2004-05-17,29956.0,2004-05
2004-05-14,30064.0,2004-05
2004-05-13,30177.0,2004-05
2004-05-12,30298.0,2004-05
2004-05-11,30504.0,2004-05
2004-05-10,30611.0,2004-05
2004-05-07,30516.0,2004-05
2004-05-06,30273.0,2004-05
2004-05-05,30177.0,2004-05
2004-05-04,29832.0,2004-05
2004-05-03,29629.0,2004-05
2004-04-30,29296.0,2004-04
2004-04-29,29249.0,2004-04
2004-04-28,28869.0,2004-04
2004-04-27,28777.0,2004-04
2004-04-26,28778.0,2004-04
2004-04-23,28718.0,2004-04
2004-04-22,28768.0,2004-04
2004-04-21,28844.0,2004-04
2004-04-20,28995.0,2004-04
2004-04-19,29198.0,2004-04
2004-04-16,29326.0,2004-04
2004-04-15,29506.0,2004-04
2004-04-14,29662.0,2004-04
2004-04-13,29946.0,2004-04
2004-04-12,30383.0,2004-04
2004-04-07,30589.0,2004-04
2004-04-06,30504.0,2004-04
2004-04-02,30007.0,2004-04
2004-04-01,29551.0,2004-04
2004-03-31,29282.0,2004-03
2004-03-30,29045.0,2004-03
2004-03-29,28816.0,2004-03
2004-03-26,28641.0,2004-03
2004-03-25,28567.0,2004-03
2004-03-24,28604.0,2004-03
2004-03-23,28715.0,2004-03
2004-03-22,28844.0,2004-03
2004-03-19,28904.0,2004-03
2004-03-18,29014.0,2004-03
2004-03-17,29214.0,2004-03
2004-03-16,29423.0,2004-03
2004-03-15,29514.0,2004-03
2004-03-12,29619.0,2004-03
2004-03-11,29744.0,2004-03
2004-03-10,29813.0,2004-03
2004-03-09,29961.0,2004-03
2004-03-08,30023.0,2004-03
2004-03-05,29900.0,2004-03
2004-03-04,29674.0,2004-03
2004-03-03,29413.0,2004-03
2004-03-02,29255.0,2004-03
2004-03-01,29090.0,2004-03
2004-02-27,28835.0,2004-02
2004-02-26,28645.0,2004-02
2004-02-25,28429.0,2004-02
2004-02-24,28411.0,2004-02
2004-02-23,28480.0,2004-02
2004-02-20,28469.0,2004-02
2004-02-19,28557.0,2004-02
2004-02-18,28613.0,2004-02
2004-02-17,28793.0,2004-02
2004-02-16,29046.0,2004-02
2004-02-13,29129.0,2004-02
2004-02-12,29238.0,2004-02
2004-02-11,29371.0,2004-02
2004-02-10,29507.0,2004-02
2004-02-09,29657.0,2004-02
2004-02-06,29500.0,2004-02
2004-02-05,29293.0,2004-02
2004-02-04,29024.0,2004-02
2004-02-03,28903.0,2004-02
2004-02-02,28800.0,2004-02
2004-01-30,28546.0,2004-01
2004-01-29,28289.0,2004-01
2004-01-28,28110.0,2004-01
2004-01-27,28063.0,2004-01
2004-01-26,28206.0,2004-01
2004-01-23,28225.0,2004-01
2004-01-22,28299.0,2004-01
2004-01-21,28444.0,2004-01
2004-01-20,28629.0,2004-01
2004-01-19,28867.0,2004-01
2004-01-16,28972.0,2004-01
2004-01-15,29159.0,2004-01
2004-01-14,29310.0,2004-01
2004-01-13,29576.0,2004-01
2004-01-12,29837.0,2004-01
2004-01-09,29944.0,2004-01
2004-01-08,30032.0,2004-01
2004-01-07,30079.0,2004-01
2004-01-06,30210.0,2004-01
2004-01-05,30323.0,2004-01
2004-01-02,30367.0,2004-01
2003-12-31,30316.0,2003-12
2003-12-30,30349.0,2003-12
2003-12-29,30252.0,2003-12
2003-12-26,30124.0,2003-12
2003-12-24,29864.0,2003-12
2003-12-23,29685.0,2003-12
2003-12-22,29317.0,2003-12
2003-12-19,28842.0,2003-12
2003-12-18,28479.0,2003-12
2003-12-17,28262.0,2003-12
2003-12-16,28230.0,2003-12
2003-12-15,28262.0,2003-12
2003-12-12,28206.0,2003-12
2003-12-11,28173.0,2003-12
2003-12-10,28180.0,2003-12
2003-12-09,28237.0,2003-12
2003-12-05,27992.0,2003-12
2003-12-04,27685.0,2003-12
2003-12-03,27425.0,2003-12
2003-12-02,27185.0,2003-12
2003-12-01,26964.0,2003-12
2003-11-28,26691.0,2003-11
2003-11-27,26436.0,2003-11
2003-11-26,26301.0,2003-11
2003-11-25,26226.0,2003-11
2003-11-24,26217.0,2003-11
2003-11-21,26165.0,2003-11
2003-11-20,26137.0,2003-11
2003-11-19,26138.0,2003-11
2003-11-18,26219.0,2003-11
2003-11-17,26308.0,2003-11
2003-11-14,26340.0,2003-11
2003-11-13,26355.0,2003-11
2003-11-12,26412.0,2003-11
2003-11-11,26573.0,2003-11
2003-11-10,26708.0,2003-11
2003-11-07,26599.0,2003-11
2003-11-05,26478.0,2003-11
2003-11-04,26202.0,2003-11
2003-11-03,26001.0,2003-11
2003-10-31,25682.0,2003-10
2003-10-30,25479.0,2003-10
2003-10-29,25312.0,2003-10
2003-10-28,25263.0,2003-10
2003-10-27,25309.0,2003-10
2003-10-24,25346.0,2003-10
2003-10-23,25379.0,2003-10
2003-10-22,25438.0,2003-10
2003-10-21,25565.0,2003-10
2003-10-20,25748.0,2003-10
2003-10-17,25766.0,2003-10
2003-10-16,25866.0,2003-10
2003-10-15,26037.0,2003-10
2003-10-14,26288.0,2003-10
2003-10-10,26332.0,2003-10
2003-10-09,26239.0,2003-10
2003-10-08,26141.0,2003-10
2003-10-07,26151.0,2003-10
2003-10-06,26109.0,2003-10
2003-10-03,25927.0,2003-10
2003-10-02,25685.0,2003-10
2003-10-01,25442.0,2003-10
2003-09-30,25320.0,2003-09
2003-09-29,25268.0,2003-09
2003-09-26,25159.0,2003-09
2003-09-25,25094.0,2003-09
2003-09-24,25149.0,2003-09
2003-09-23,25270.0,2003-09
2003-09-22,25421.0,2003-09
2003-09-19,25485.0,2003-09
2003-09-18,25505.0,2003-09
2003-09-17,25546.0,2003-09
2003-09-16,25694.0,2003-09
2003-09-15,25833.0,2003-09
2003-09-12,25896.0,2003-09
2003-09-11,25930.0,2003-09
2003-09-10,25982.0,2003-09
2003-09-09,26066.0,2003-09
2003-09-08,26065.0,2003-09
2003-09-05,25886.0,2003-09
2003-09-04,25633.0,2003-09
2003-09-03,25425.0,2003-09
2003-09-02,25234.0,2003-09
2003-09-01,25079.0,2003-09
2003-08-29,24873.0,2003-08
2003-08-28,24641.0,2003-08
2003-08-27,24494.0,2003-08
2003-08-26,24456.0,2003-08
2003-08-25,24552.0,2003-08
2003-08-22,24539.0,2003-08
2003-08-21,24598.0,2003-08
2003-08-20,24635.0,2003-08
2003-08-19,24786.0,2003-08
2003-08-15,24836.0,2003-08
2003-08-14,24862.0,2003-08
2003-08-13,24885.0,2003-08
2003-08-12,25005.0,2003-08
2003-08-11,25102.0,2003-08
2003-08-08,25039.0,2003-08
2003-08-07,24867.0,2003-08
2003-08-06,24670.0,2003-08
2003-08-05,24598.0,2003-08
2003-08-04,24467.0,2003-08
2003-08-01,24242.0,2003-08
2003-07-31,24012.0,2003-07
2003-07-30,23808.0,2003-07
2003-07-29,23727.0,2003-07
2003-07-28,23725.0,2003-07
2003-07-25,23713.0,2003-07
2003-07-24,23728.0,2003-07
2003-07-23,23749.0,2003-07
2003-07-22,23829.0,2003-07
2003-07-21,23898.0,2003-07
2003-07-18,23888.0,2003-07
2003-07-17,23788.0,2003-07
2003-07-16,23738.0,2003-07
2003-07-15,23810.0,2003-07
2003-07-14,23897.0,2003-07
2003-07-11,23930.0,2003-07
2003-07-10,23912.0,2003-07
2003-07-08,23784.0,2003-07
2003-07-07,23571.0,2003-07
2003-07-04,23257.0,2003-07
2003-07-03,23008.0,2003-07
2003-07-02,22728.0,2003-07
2003-07-01,22465.0,2003-07
2003-06-30,22246.0,2003-06
2003-06-27,21987.0,2003-06
2003-06-26,21837.0,2003-06
2003-06-25,21745.0,2003-06
2003-06-24,21741.0,2003-06
2003-06-23,21781.0,2003-06
2003-06-20,21759.0,2003-06
2003-06-19,21752.0,2003-06
2003-06-18,21777.0,2003-06
2003-06-17,21868.0,2003-06
2003-06-13,21825.0,2003-06
2003-06-12,21765.0,2003-06
2003-06-11,21755.0,2003-06
2003-06-10,21773.0,2003-06
2003-06-09,21704.0,2003-06
2003-06-06,21557.0,2003-06
2003-06-05,21349.0,2003-06
2003-06-04,21156.0,2003-06
2003-06-03,21039.0,2003-06
2003-06-02,20905.0,2003-06
2003-05-30,20727.0,2003-05
2003-05-29,20514.0,2003-05
2003-05-28,20439.0,2003-05
2003-05-27,20406.0,2003-05
2003-05-26,20436.0,2003-05
2003-05-23,20455.0,2003-05
2003-05-22,20436.0,2003-05
2003-05-21,20424.0,2003-05
2003-05-20,20438.0,2003-05
2003-05-19,20495.0,2003-05
2003-05-16,20489.0,2003-05
2003-05-15,20471.0,2003-05
2003-05-14,20464.0,2003-05
2003-05-13,20557.0,2003-05
2003-05-12,20656.0,2003-05
2003-05-09,20620.0,2003-05
2003-05-08,20471.0,2003-05
2003-05-07,20305.0,2003-05
2003-05-06,20273.0,2003-05
2003-05-05,20258.0,2003-05
2003-05-02,20049.0,2003-05
2003-04-30,19845.0,2003-04
2003-04-29,19735.0,2003-04
2003-04-28,19711.0,2003-04
2003-04-25,19698.0,2003-04
2003-04-24,19733.0,2003-04
2003-04-23,19829.0,2003-04
2003-04-22,19993.0,2003-04
2003-04-21,20174.0,2003-04
2003-04-16,20224.0,2003-04
2003-04-15,20243.0,2003-04
2003-04-14,20174.0,2003-04
2003-04-11,20114.0,2003-04
2003-04-10,20081.0,2003-04
2003-04-09,20053.0,2003-04
2003-04-08,20030.0,2003-04
2003-04-07,19957.0,2003-04
2003-04-04,19816.0,2003-04
2003-04-03,19748.0,2003-04
2003-04-02,19575.0,2003-04
2003-04-01,19537.0,2003-04
2003-03-28,19417.0,2003-03
2003-03-27,19217.0,2003-03
2003-03-26,19099.0,2003-03
2003-03-25,19106.0,2003-03
2003-03-24,19200.0,2003-03
2003-03-21,19216.0,2003-03
2003-03-20,19207.0,2003-03
2003-03-19,19180.0,2003-03
2003-03-18,19281.0,2003-03
2003-03-17,19358.0,2003-03
2003-03-14,19391.0,2003-03
2003-03-13,19397.0,2003-03
2003-03-12,19432.0,2003-03
2003-03-11,19504.0,2003-03
2003-03-10,19546.0,2003-03
2003-03-07,19449.0,2003-03
2003-03-06,19301.0,2003-03
2003-03-05,19137.0,2003-03
2003-03-04,19091.0,2003-03
2003-03-03,19021.0,2003-03
2003-02-28,18887.0,2003-02
2003-02-27,18748.0,2003-02
2003-02-26,18699.0,2003-02
2003-02-25,18741.0,2003-02
2003-02-24,18797.0,2003-02
2003-02-21,18805.0,2003-02
2003-02-20,18791.0,2003-02
2003-02-19,18812.0,2003-02
2003-02-18,18843.0,2003-02
2003-02-17,18882.0,2003-02
2003-02-14,18873.0,2003-02
2003-02-13,18872.0,2003-02
2003-02-12,18882.0,2003-02
2003-02-11,18983.0,2003-02
2003-02-10,19070.0,2003-02
2003-02-07,18951.0,2003-02
2003-02-06,18810.0,2003-02
2003-02-05,18731.0,2003-02
2003-02-04,18688.0,2003-02
2003-02-03,18605.0,2003-02
2003-01-31,18584.0,2003-01
2003-01-30,18459.0,2003-01
2003-01-29,18398.0,2003-01
2003-01-28,18389.0,2003-01
2003-01-27,18479.0,2003-01
2003-01-24,18532.0,2003-01
2003-01-23,18591.0,2003-01
2003-01-22,18628.0,2003-01
2003-01-21,18654.0,2003-01
2003-01-20,18716.0,2003-01
2003-01-17,18722.0,2003-01
2003-01-16,18748.0,2003-01
2003-01-15,18788.0,2003-01
2003-01-14,18896.0,2003-01
2003-01-13,18985.0,2003-01
2003-01-10,19008.0,2003-01
2003-01-09,19008.0,2003-01
2003-01-08,18955.0,2003-01
2003-01-07,18971.0,2003-01
2003-01-06,18937.0,2003-01
2003-01-03,18907.0,2003-01
2003-01-02,18901.0,2003-01
