iso3,anio,PIB_crec_weo,cta_corriente_weo,deuda_bruta_weo,infl_ipc_weo,resultado_fiscal_weo,resultado_primario_weo
ABW,1995,2.5,,55.095,3.413,-0.834,0.339
ABW,1996,1.257,,54.771,3.169,-2.343,-1.1
ABW,1997,7.018,,51.068,3.006,-2.102,-0.851
ABW,1998,1.989,,41.039,1.865,0.114,1.447
ABW,1999,1.371,-25.271,39.288,2.274,0.086,1.538
ABW,2000,7.684,11.345,38.613,4.074,0.645,1.885
ABW,2001,4.182,16.35,44.326,2.884,-0.835,0.554
ABW,2002,-0.945,-16.996,47.079,3.316,-3.169,-1.757
ABW,2003,1.111,-8.182,40.848,3.655,1.896,3.143
ABW,2004,7.294,12.156,42.543,2.53,-8.531,-6.404
ABW,2005,-0.383,4.908,45.093,3.397,-2.957,-0.959
ABW,2006,1.127,12.702,45.518,3.61,-2.541,-0.339
ABW,2007,3.09,9.687,44.558,5.389,-1.046,1.185
ABW,2008,1.836,0.018,40.31,8.96,1.466,4.21
ABW,2009,-11.678,6.935,48.785,-2.137,-2.631,-0.084
ABW,2010,-2.733,-18.737,54.662,2.078,-3.487,-0.597
ABW,2011,3.369,-10.02,59.347,4.375,-6.429,-3.518
ABW,2012,-1.041,3.602,65.533,0.571,-8.955,-5.738
ABW,2013,6.431,-11.957,70.032,-2.372,-6.048,-2.679
ABW,2014,-1.587,-4.797,77.709,0.423,-7.459,-3.703
ABW,2015,-0.624,3.881,74.177,0.473,-1.475,2.301
ABW,2016,1.72,4.557,75.387,-0.929,-1.455,2.625
ABW,2017,7.049,0.959,75.825,-1.028,-2.587,1.438
ABW,2018,2.382,-0.53,73.31,3.625,-2.641,1.132
ABW,2019,-2.218,0.194,72.227,3.938,-0.247,3.595
ABW,2020,-26.212,-17.099,115.655,-1.312,-16.709,-11.44
ABW,2021,24.133,-2.213,107.854,0.744,-9.704,-5.075
ABW,2022,8.518,6.48,97.369,5.522,-0.503,3.676
ABW,2023,4.264,5.234,85.178,3.363,2.762,6.808
ABW,2024,6.49,11.137,74.43,1.712,4.546,8.943
ABW,2025,2.2,9.701,71.069,1.515,1.26,5.273
ABW,2026,2.58,9.364,67.217,1.908,1.33,4.839
AFG,2002,,33.908,345.977,,-0.098,
AFG,2003,8.692,29.616,270.602,35.663,-2.102,
AFG,2004,0.671,37.216,244.967,16.358,-2.393,
AFG,2005,11.83,30.226,206.356,10.569,-0.917,-0.87
AFG,2006,5.361,20.844,22.985,6.785,0.684,0.724
AFG,2007,13.34,63.39,20.137,8.681,-2.462,-2.431
AFG,2008,3.863,33.769,19.057,26.419,-3.864,-3.845
AFG,2009,20.585,41.587,16.247,-6.811,-1.761,-1.742
AFG,2010,8.438,29.43,7.697,2.179,0.933,0.945
AFG,2011,6.479,26.574,7.501,11.804,-0.672,-0.573
AFG,2012,13.968,10.864,6.759,6.441,0.182,0.257
AFG,2013,5.683,1.444,6.904,7.386,-0.631,-0.544
AFG,2014,2.697,6.549,8.7,4.674,-1.719,-1.685
AFG,2015,0.988,3.709,9.154,-0.662,-1.378,-1.326
AFG,2016,2.164,9.029,8.437,4.384,0.127,0.192
AFG,2017,2.647,7.576,7.998,4.976,-0.673,-0.604
AFG,2018,1.189,12.143,7.384,0.626,1.634,1.694
AFG,2019,3.912,11.705,6.136,2.302,-1.058,-1.019
AFG,2020,-2.351,13.974,7.331,5.607,-2.243,-2.206
AFG,2021,-14.542,-0.056,11.136,7.762,-0.485,-0.462
AFG,2022,-6.24,-18.532,10.643,10.6,-0.997,-0.989
AFG,2023,2.267,-20.306,8.255,-7.714,-1.365,-1.194
AGO,1995,10.364,-3.621,,2672.23,,
AGO,1996,11.208,31.078,,4146.01,5.216,13.258
AGO,1997,7.274,-7.158,,221.492,-0.269,4.81
AGO,1998,4.691,-17.844,,107.429,-5.924,0.201
AGO,1999,2.181,-17.285,,248.248,-9.399,-2.876
AGO,2000,3.055,6.291,118.243,325.029,2.021,5.938
AGO,2001,4.206,-11.56,100.221,152.586,2.805,6.401
AGO,2002,13.666,-0.867,65.107,108.893,-2.245,-0.184
AGO,2003,3.49,-3.537,50.76,98.219,-4.102,-2.85
AGO,2004,11.42,2.523,41.627,43.525,1.032,2.708
AGO,2005,14.15,12.411,29.886,22.961,6.404,7.75
AGO,2006,11.84,18.225,16.726,13.305,8.415,9.547
AGO,2007,13.0,14.487,18.804,12.249,3.853,4.811
AGO,2008,10.79,7.282,28.122,12.465,-3.796,-2.141
AGO,2009,2.0,-9.267,48.448,13.721,-6.796,-5.204
AGO,2010,5.29,7.856,32.594,14.48,2.977,3.997
AGO,2011,3.59,10.422,26.318,13.484,7.195,7.998
AGO,2012,8.5,9.649,23.805,10.285,3.685,4.453
AGO,2013,4.88,5.429,29.473,8.782,-0.27,0.398
AGO,2014,4.66,-2.279,35.274,7.298,-5.069,-4.144
AGO,2015,0.76,-7.802,50.386,9.159,-2.575,-1.003
AGO,2016,-1.7,-2.688,66.67,30.694,-3.983,-1.478
AGO,2017,-0.14,-0.453,60.492,29.844,-5.747,-2.586
AGO,2018,-0.59,6.483,82.541,19.629,2.03,6.234
AGO,2019,-0.2,5.427,101.373,17.079,0.693,5.674
AGO,2020,-4.04,1.311,119.145,22.277,-1.659,4.32
AGO,2021,2.1,9.955,74.292,25.765,3.399,7.987
AGO,2022,4.22,8.258,56.108,21.36,0.584,4.055
AGO,2023,1.001,3.813,71.385,13.639,-1.875,3.55
AGO,2024,4.503,5.414,62.501,28.232,-1.018,3.94
AGO,2025,2.374,2.115,64.523,22.001,-2.306,1.259
AGO,2026,2.076,1.448,63.944,16.388,-3.298,1.092
ALB,1995,8.9,-1.945,,7.794,,
ALB,1996,9.1,-7.801,,12.734,,
ALB,1997,-10.924,-13.089,71.345,33.167,-11.762,-6.348
ALB,1998,8.829,-6.876,70.347,20.646,-9.809,-0.853
ALB,1999,12.891,-1.913,67.381,0.389,-8.737,-1.115
ALB,2000,6.946,-6.978,63.019,0.039,-7.681,-1.85
ALB,2001,8.293,-6.242,59.9,3.12,-6.757,-2.614
ALB,2002,4.537,-10.042,63.343,5.202,-6.139,-2.13
ALB,2003,5.529,-7.673,59.536,2.363,-4.947,-0.599
ALB,2004,5.515,-5.786,56.798,2.867,-5.102,-1.294
ALB,2005,5.526,-8.999,57.519,2.363,-3.417,-0.218
ALB,2006,5.903,-6.578,56.021,2.37,-3.225,-0.393
ALB,2007,5.983,-10.455,52.921,2.96,-3.142,-0.529
ALB,2008,7.5,-15.583,54.491,3.31,-4.827,-1.964
ALB,2009,3.354,-15.203,58.965,2.231,-6.509,-3.373
ALB,2010,3.707,-11.188,57.041,3.615,-3.479,-0.162
ALB,2011,2.545,-12.765,58.714,3.443,-3.475,-0.35
ALB,2012,1.418,-10.082,61.414,2.036,-3.4,-0.323
ALB,2013,1.002,-9.144,69.563,1.925,-5.154,-1.982
ALB,2014,1.774,-10.67,71.146,1.613,-5.393,-2.555
ALB,2015,2.219,-8.508,72.849,1.868,-4.267,-1.605
ALB,2016,3.315,-7.483,72.462,1.287,-1.48,0.954
ALB,2017,3.802,-7.404,71.049,1.985,-1.389,0.644
ALB,2018,4.019,-6.674,68.655,2.029,-1.601,0.603
ALB,2019,2.088,-7.482,66.575,1.411,-1.921,0.131
ALB,2020,-3.314,-8.614,75.381,1.621,-6.665,-4.588
ALB,2021,8.97,-7.633,74.795,2.043,-4.571,-2.652
ALB,2022,4.827,-5.843,65.198,6.726,-3.639,-1.796
ALB,2023,3.937,-1.217,58.365,4.769,-1.316,0.692
ALB,2024,3.962,-2.409,55.653,2.225,-0.45,1.702
ALB,2025,3.788,-3.053,54.295,2.374,-2.539,0.007
ALB,2026,3.468,-3.05,53.5,2.665,-2.552,
AND,2001,8.119,,15.774,,0.658,
AND,2002,4.546,,15.266,3.127,0.978,
AND,2003,8.694,,15.163,3.056,1.764,
AND,2004,8.136,,15.105,2.906,1.855,
AND,2005,5.398,,14.76,3.527,-0.081,
AND,2006,4.809,,17.165,3.682,-1.436,
AND,2007,1.553,,20.872,2.659,-2.828,
AND,2008,-5.559,,27.749,4.347,-3.192,
AND,2009,-5.303,,33.512,-1.217,-3.51,
AND,2010,-1.975,,35.02,1.706,-0.349,
AND,2011,-0.008,,36.493,2.552,0.405,
AND,2012,-4.974,,41.532,1.467,-1.653,
AND,2013,-3.548,,42.533,0.475,3.36,
AND,2014,2.504,,42.025,-0.096,2.143,
AND,2015,1.434,,40.955,-1.132,1.654,
AND,2016,3.71,,39.773,-0.422,4.068,
AND,2017,0.346,,37.854,2.586,3.338,
AND,2018,1.589,,36.344,0.996,2.671,
AND,2019,2.016,18.01,35.365,0.53,2.306,
AND,2020,-11.184,15.526,46.353,0.092,-1.065,
AND,2021,8.287,15.022,48.614,1.677,-1.166,
AND,2022,9.565,11.643,38.907,6.203,4.844,
AND,2023,2.584,14.221,35.467,5.607,2.148,
AND,2024,3.373,15.074,33.234,3.074,2.235,
AND,2025,1.9,16.893,31.996,2.24,1.262,
AND,2026,1.6,16.931,30.935,1.775,1.124,
ARE,1995,6.629,0.17,,4.33,3.583,3.586
ARE,1996,5.399,5.973,,2.976,0.917,0.924
ARE,1997,8.567,11.26,,2.966,6.711,6.712
ARE,1998,0.878,3.943,,1.994,0.996,0.997
ARE,1999,3.83,6.448,4.727,2.1,1.306,1.307
ARE,2000,12.322,16.307,3.12,1.348,10.66,10.728
ARE,2001,1.399,9.072,2.69,2.8,1.205,1.298
ARE,2002,2.433,3.316,3.427,2.918,-1.238,-1.21
ARE,2003,8.801,5.783,3.332,3.119,2.352,2.356
ARE,2004,9.566,6.43,4.08,5.041,6.4,6.456
ARE,2005,4.855,13.165,4.482,6.195,15.987,16.024
ARE,2006,9.837,17.315,5.052,9.285,20.15,20.151
ARE,2007,3.184,7.631,8.892,11.128,17.126,17.133
ARE,2008,3.192,7.059,8.949,12.258,17.638,17.671
ARE,2009,-5.243,3.095,21.136,-4.725,-6.127,-5.95
ARE,2010,5.284,4.063,18.799,0.879,0.532,0.847
ARE,2011,6.216,12.06,20.862,0.876,5.166,5.345
ARE,2012,1.824,19.006,20.657,0.663,8.771,9.077
ARE,2013,5.056,18.293,15.611,1.104,8.183,8.585
ARE,2014,4.166,13.159,13.819,2.346,1.789,2.057
ARE,2015,6.787,4.74,16.104,4.068,-6.555,-6.35
ARE,2016,5.561,3.575,19.267,1.619,-3.051,-2.905
ARE,2017,0.735,7.042,21.864,1.966,-0.164,-0.03
ARE,2018,1.314,9.658,21.329,3.071,3.77,4.003
ARE,2019,1.108,8.929,26.801,-1.934,2.59,2.885
ARE,2020,-4.957,6.038,41.294,-2.076,-2.468,-2.17
ARE,2021,4.355,11.549,36.291,-0.113,4.033,4.334
ARE,2022,7.51,13.223,32.057,4.827,9.974,10.489
ARE,2023,3.619,10.665,32.436,1.624,5.914,6.557
ARE,2024,3.762,9.127,32.114,1.742,4.83,5.541
ARE,2025,3.991,6.61,32.817,2.1,2.892,3.635
ARE,2026,4.986,6.376,32.584,2.0,2.93,3.711
ARG,1995,-2.845,-1.769,30.749,,-2.075,-0.408
ARG,1996,5.527,-2.352,32.551,,-2.811,-0.966
ARG,1997,8.111,-3.753,31.676,,-1.838,0.252
ARG,1998,3.85,-4.38,34.147,0.925,-1.827,0.521
ARG,1999,-3.385,-3.815,38.917,-1.167,-3.705,-0.659
ARG,2000,-0.789,-2.878,40.833,-0.939,-3.417,0.211
ARG,2001,-4.409,-1.316,48.007,-1.065,-5.364,-1.252
ARG,2002,-10.894,7.666,147.203,25.869,-1.91,0.235
ARG,2003,8.955,5.597,125.162,13.443,1.5,3.226
ARG,2004,8.911,1.798,117.878,4.416,3.967,5.219
ARG,2005,8.852,2.473,80.282,9.642,3.341,5.152
ARG,2006,8.047,2.791,70.793,10.898,1.65,3.286
ARG,2007,9.008,2.101,62.133,8.83,0.757,2.55
ARG,2008,4.057,1.491,53.814,8.585,0.352,1.865
ARG,2009,-5.919,2.167,55.397,6.27,-1.83,-0.488
ARG,2010,10.125,-0.382,43.454,10.461,-1.393,-0.538
ARG,2011,6.004,-1.012,38.935,9.775,-2.746,-1.587
ARG,2012,-1.026,-0.369,40.436,10.043,-3.018,-1.696
ARG,2013,2.405,-2.147,43.496,10.619,-3.254,-2.64
ARG,2014,-2.513,-1.629,44.697,,-4.252,-3.5
ARG,2015,2.731,-2.743,52.563,,-6.001,-4.418
ARG,2016,-2.08,-2.713,53.06,,-6.655,-4.762
ARG,2017,2.819,-4.838,57.028,25.675,-6.693,-4.228
ARG,2018,-2.617,-5.164,85.246,34.277,-5.441,-2.238
ARG,2019,-2.001,-0.781,89.84,53.548,-4.445,-0.407
ARG,2020,-9.9,0.698,103.816,42.015,-8.674,-6.24
ARG,2021,10.442,1.363,81.043,48.409,-4.333,-2.526
ARG,2022,5.27,-0.641,84.463,72.431,-3.844,-1.731
ARG,2023,-1.611,-3.246,155.411,133.489,-5.362,-2.814
ARG,2024,-1.719,0.994,85.334,219.885,0.861,2.499
ARG,2025,5.502,-0.391,73.091,35.91,0.431,1.794
ARG,2026,4.52,-0.285,68.233,14.542,1.405,3.662
ARM,1995,8.033,-16.972,,176.743,,
ARM,1996,5.169,-18.202,40.792,18.653,,
ARM,1997,3.387,-19.315,46.515,14.034,,
ARM,1998,6.271,-21.992,45.2,8.687,,
ARM,1999,3.17,-16.937,39.2,0.723,,
ARM,2000,5.853,-15.781,39.597,-0.774,,
ARM,2001,9.468,-10.44,38.061,3.16,,
ARM,2002,14.807,-6.219,38.248,1.038,,
ARM,2003,14.052,-6.181,33.016,4.682,,
ARM,2004,10.473,-2.204,26.446,6.889,,
ARM,2005,14.113,-2.529,24.405,0.569,-1.976,-1.517
ARM,2006,13.198,-2.395,18.725,2.899,-1.95,-1.611
ARM,2007,13.749,-7.357,16.102,4.409,-2.334,-2.018
ARM,2008,6.948,-14.225,16.145,9.115,-1.757,-1.465
ARM,2009,-14.15,-16.484,40.161,3.516,-7.686,-7.171
ARM,2010,2.2,-13.622,39.667,8.152,-4.979,-4.107
ARM,2011,4.7,-10.44,42.006,7.494,-2.875,-1.942
ARM,2012,7.134,-9.962,41.225,2.492,-1.493,-0.551
ARM,2013,3.412,-7.297,40.856,5.714,-1.593,-0.567
ARM,2014,3.607,-7.75,43.689,3.02,-1.943,-0.666
ARM,2015,3.254,-2.662,48.702,3.696,-4.837,-3.368
ARM,2016,0.195,-0.957,56.749,-1.424,-5.632,-3.693
ARM,2017,7.518,-1.261,58.938,0.939,-4.785,-2.633
ARM,2018,5.225,-7.228,55.652,2.514,-1.752,0.559
ARM,2019,7.631,-7.057,53.673,1.51,-0.977,1.431
ARM,2020,-7.105,-3.998,67.362,1.199,-5.403,-2.74
ARM,2021,5.77,-3.482,63.354,7.206,-4.584,-1.997
ARM,2022,12.569,0.333,49.246,8.663,-2.111,0.222
ARM,2023,8.316,-2.309,50.723,1.959,-2.027,0.654
ARM,2024,5.941,-3.905,50.297,0.272,-3.75,-0.653
ARM,2025,4.505,-4.522,54.478,3.211,-5.5,-1.982
ARM,2026,4.5,-4.826,56.204,3.0,-4.5,-1.009
ATG,1995,-4.36,,92.135,2.737,-3.891,-1.31
ATG,1996,6.605,,85.544,2.965,-1.611,1.135
ATG,1997,5.471,,80.647,0.362,0.0,1.601
ATG,1998,4.731,,94.563,3.262,-1.62,0.805
ATG,1999,3.708,,95.921,1.135,-3.076,-1.014
ATG,2000,6.204,,96.424,-0.162,-4.503,0.022
ATG,2001,-4.548,,107.566,1.935,-8.576,-5.41
ATG,2002,1.027,,114.527,2.408,-8.829,-5.275
ATG,2003,6.077,,112.979,1.994,-7.322,-2.959
ATG,2004,5.767,,107.65,2.03,-3.901,-0.043
ATG,2005,6.474,,82.823,2.099,-4.294,-1.157
ATG,2006,12.708,,79.121,1.788,-6.625,-3.342
ATG,2007,9.315,,68.652,1.416,-4.979,-2.216
ATG,2008,-0.014,,66.839,5.334,-4.716,-2.282
ATG,2009,-11.963,,89.151,-0.55,-15.801,-9.548
ATG,2010,-7.841,,79.398,3.37,-0.245,1.598
ATG,2011,-1.959,,81.127,3.457,-3.09,-1.27
ATG,2012,3.373,,76.929,3.377,-0.975,1.054
ATG,2013,-0.601,,85.38,1.059,-3.829,-1.496
ATG,2014,2.198,-0.038,91.887,1.089,-2.601,-0.162
ATG,2015,1.422,2.034,92.125,0.969,-2.418,-0.081
ATG,2016,4.12,-2.388,83.061,-0.489,-0.14,2.31
ATG,2017,2.713,-7.697,88.176,2.432,-2.717,-0.132
ATG,2018,6.712,-13.994,84.333,1.211,-2.43,-0.003
ATG,2019,3.172,-6.505,81.588,1.431,-3.64,-0.947
ATG,2020,-18.869,-15.566,100.465,1.058,-6.227,-3.737
ATG,2021,8.173,-17.782,92.951,1.627,-4.52,-2.279
ATG,2022,9.108,-15.626,82.028,7.531,-2.843,-0.274
ATG,2023,2.427,-13.513,76.329,5.067,-1.698,0.464
ATG,2024,4.313,-7.011,67.057,6.36,2.47,4.614
ATG,2025,3.048,-10.49,63.405,3.525,-1.296,0.702
ATG,2026,2.541,-10.205,63.375,2.442,-1.0,0.83
AUS,1995,2.951,-4.957,31.143,4.626,-2.603,-0.498
AUS,1996,3.973,-3.499,29.345,2.653,-1.456,0.568
AUS,1997,4.713,-2.926,25.907,0.225,-0.493,1.22
AUS,1998,4.671,-4.908,23.698,0.859,-0.246,1.142
AUS,1999,4.437,-5.479,22.544,1.408,0.666,1.646
AUS,2000,3.099,-4.046,19.495,4.457,1.25,1.926
AUS,2001,2.601,-2.249,17.106,4.407,-0.03,0.687
AUS,2002,4.159,-3.799,15.01,3.049,0.193,0.851
AUS,2003,3.016,-5.324,13.186,2.731,1.051,1.343
AUS,2004,4.113,-6.307,11.907,2.342,1.323,1.312
AUS,2005,3.029,-5.952,10.858,2.659,1.707,1.564
AUS,2006,2.62,-5.875,9.938,3.554,1.771,1.467
AUS,2007,4.339,-6.746,9.665,2.356,1.474,1.283
AUS,2008,2.594,-4.854,11.742,4.348,-1.101,-1.132
AUS,2009,1.965,-4.514,16.622,1.77,-4.563,-4.525
AUS,2010,2.419,-3.693,20.35,2.863,-5.116,-4.881
AUS,2011,2.785,-2.979,24.04,3.356,-4.526,-4.084
AUS,2012,3.789,-4.358,27.521,1.686,-3.509,-2.866
AUS,2013,2.219,-3.388,30.466,2.45,-2.81,-2.073
AUS,2014,2.575,-3.086,34.036,2.513,-2.918,-2.079
AUS,2015,2.34,-4.714,37.726,1.485,-2.786,-1.87
AUS,2016,2.694,-3.455,40.621,1.277,-2.424,-1.522
AUS,2017,2.38,-2.835,41.195,1.995,-1.718,-0.848
AUS,2018,2.791,-2.569,41.758,1.933,-1.259,-0.413
AUS,2019,1.936,-0.021,46.72,1.566,-4.41,-3.587
AUS,2020,-1.955,1.734,57.092,0.869,-8.733,-7.832
AUS,2021,5.412,2.396,55.537,2.842,-6.363,-5.515
AUS,2022,4.142,0.372,50.222,6.615,-2.185,-1.436
AUS,2023,2.056,-0.295,48.973,5.616,-0.922,-0.051
AUS,2024,1.038,-1.927,49.828,3.198,-2.156,-1.081
AUS,2025,1.634,-3.069,50.937,2.55,-2.584,-1.43
AUS,2026,2.078,-3.437,50.533,3.53,-1.574,-0.433
AUT,1995,2.668,-2.876,68.238,1.611,-6.174,-2.924
AUT,1996,2.398,-2.854,68.18,1.771,-4.381,-1.051
AUT,1997,2.146,-2.559,63.373,1.167,-2.384,0.652
AUT,1998,3.493,-1.863,69.197,0.817,-2.683,0.191
AUT,1999,3.762,-2.27,61.34,0.516,-2.628,0.221
AUT,2000,3.19,-0.71,66.109,1.956,-2.075,0.67
AUT,2001,1.317,-0.8,67.238,2.302,-0.712,1.975
AUT,2002,1.484,2.118,67.44,1.681,-1.426,1.187
AUT,2003,1.142,1.557,66.412,1.302,-1.839,0.583
AUT,2004,2.565,2.092,65.912,1.964,-4.941,-2.643
AUT,2005,2.32,2.274,69.428,2.102,-2.588,-0.18
AUT,2006,3.269,3.318,68.176,1.686,-2.609,-0.259
AUT,2007,3.775,3.826,65.813,2.2,-1.561,0.671
AUT,2008,1.453,4.52,69.528,3.23,-1.572,0.653
AUT,2009,-3.586,2.613,80.752,0.406,-5.381,-3.064
AUT,2010,1.809,2.873,83.654,1.691,-4.465,-2.212
AUT,2011,2.927,1.641,83.356,3.542,-2.482,-0.29
AUT,2012,0.628,1.492,82.935,2.569,-2.177,0.068
AUT,2013,-0.251,1.748,82.431,2.118,-1.993,0.181
AUT,2014,0.756,2.397,85.21,1.465,-1.923,0.108
AUT,2015,1.303,1.577,85.615,0.81,-0.476,1.387
AUT,2016,2.117,2.574,83.419,0.973,-1.451,0.232
AUT,2017,2.272,1.264,79.057,2.228,-0.776,0.723
AUT,2018,2.484,0.846,74.586,2.122,0.195,1.513
AUT,2019,1.755,2.376,71.006,1.493,0.536,1.711
AUT,2020,-6.318,3.367,83.183,1.392,-8.204,-7.082
AUT,2021,4.795,1.735,82.395,2.76,-5.694,-4.794
AUT,2022,5.278,-0.862,78.344,8.619,-3.42,-2.665
AUT,2023,-0.955,1.339,78.404,7.712,-2.612,-1.835
AUT,2024,-1.174,2.421,81.206,2.918,-4.694,-3.629
AUT,2025,-0.261,2.631,82.882,3.183,-4.08,-3.077
AUT,2026,0.775,2.768,84.183,1.694,-3.557,-2.416
AZE,1995,-13.027,-13.165,19.209,411.76,-1.34,-1.24
AZE,1996,2.531,-25.894,16.721,19.795,-2.253,-1.929
AZE,1997,8.884,-21.214,11.443,3.674,-0.937,-0.827
AZE,1998,6.007,-31.883,14.291,-0.773,1.631,1.732
AZE,1999,11.396,-13.09,25.414,-8.525,-1.033,-0.633
AZE,2000,6.227,-3.539,13.133,1.805,0.145,0.539
AZE,2001,6.486,-0.945,12.954,1.768,21.764,22.024
AZE,2002,9.439,-12.329,11.885,2.758,19.393,19.672
AZE,2003,10.208,-27.772,10.659,2.121,1.605,1.833
AZE,2004,9.254,-29.824,9.71,6.709,1.781,1.99
AZE,2005,26.4,1.264,6.855,9.577,2.741,2.908
AZE,2006,34.466,17.67,5.297,8.3,0.663,0.85
AZE,2007,25.0,27.288,4.003,16.713,2.337,2.545
AZE,2008,10.77,33.68,3.221,20.807,17.194,17.342
AZE,2009,9.26,22.965,4.726,1.46,5.857,6.036
AZE,2010,5.0,28.425,4.981,5.725,13.831,13.836
AZE,2011,0.1,25.998,4.967,7.875,10.86,10.935
AZE,2012,2.203,21.406,5.831,1.075,3.705,3.813
AZE,2013,5.843,16.609,6.179,2.408,1.643,1.749
AZE,2014,2.768,13.864,8.533,1.367,2.742,2.891
AZE,2015,1.08,-0.42,17.98,4.04,-4.833,-4.462
AZE,2016,-3.064,-3.604,20.608,12.448,-1.17,-0.743
AZE,2017,0.154,4.071,22.509,12.937,-1.342,-0.909
AZE,2018,1.47,12.844,18.685,2.262,5.429,6.106
AZE,2019,2.48,9.061,17.656,2.595,8.955,9.648
AZE,2020,-4.199,-0.533,21.327,2.763,-6.44,-5.607
AZE,2021,5.616,15.124,26.349,6.664,4.205,4.879
AZE,2022,4.715,29.792,17.324,13.859,5.963,6.435
AZE,2023,1.354,11.5,21.807,8.813,7.92,8.625
AZE,2024,4.1,7.835,20.85,2.2,3.233,3.962
AZE,2025,3.519,7.794,21.017,5.7,-1.252,-0.407
AZE,2026,2.498,4.146,22.183,4.5,-1.73,-0.731
BDI,1995,-7.919,1.045,,18.926,-4.326,-2.534
BDI,1996,-8.001,-4.608,,26.884,-10.026,-8.125
BDI,1997,0.413,0.631,,31.356,-5.215,-3.259
BDI,1998,4.752,-4.906,,12.655,-5.16,-2.797
BDI,1999,1.164,-4.453,,3.2,-6.145,-3.514
BDI,2000,1.781,-7.019,136.425,24.432,-6.435,-4.159
BDI,2001,1.665,-3.508,127.387,9.296,-8.721,-6.185
BDI,2002,2.353,-12.542,159.088,-1.366,-5.381,-2.944
BDI,2003,2.469,-14.079,171.969,10.647,-14.738,-11.81
BDI,2004,3.766,-6.505,172.738,8.176,-15.46,-13.027
BDI,2005,4.37,-4.665,136.98,13.252,-10.556,-7.908
BDI,2006,5.414,-21.287,130.255,2.745,-9.924,-8.069
BDI,2007,3.452,-32.41,129.613,8.412,-2.51,-0.475
BDI,2008,4.862,-9.821,102.515,24.407,-2.704,-1.187
BDI,2009,3.813,-6.312,25.69,10.555,-5.145,-3.943
BDI,2010,5.124,-12.238,46.912,6.493,-3.637,-3.043
BDI,2011,4.033,-14.473,42.706,9.592,-3.491,-2.585
BDI,2012,4.447,-18.592,41.43,18.161,-3.794,-2.989
BDI,2013,4.924,-20.613,37.858,7.938,-1.899,-1.123
BDI,2014,4.241,-15.847,37.971,4.405,-3.929,-3.425
BDI,2015,-3.9,-11.529,39.926,5.545,-7.559,-7.047
BDI,2016,-0.6,-11.061,46.119,5.558,-7.111,-6.46
BDI,2017,0.5,-11.776,46.902,15.844,-5.006,-4.339
BDI,2018,1.61,-12.815,52.971,-2.794,-6.659,-5.058
BDI,2019,1.842,-11.57,60.053,-0.818,-6.402,-4.067
BDI,2020,0.335,-11.227,65.9,7.528,-6.331,-3.384
BDI,2021,3.119,-11.857,66.467,8.363,-5.242,-2.271
BDI,2022,1.827,-15.851,68.279,18.855,-10.59,-8.011
BDI,2023,2.659,-14.915,47.216,27.078,-7.449,-5.521
BDI,2024,3.531,-13.562,43.178,20.188,-5.02,-3.399
BDI,2025,1.866,-9.654,35.305,39.088,-6.549,-5.024
BDI,2026,2.589,-9.043,33.208,31.296,-6.024,-4.668
BEL,1995,2.385,5.338,131.286,1.265,-4.509,3.844
BEL,1996,1.321,4.954,129.004,1.76,-4.003,3.982
BEL,1997,3.793,5.471,124.271,1.499,-2.151,5.158
BEL,1998,1.962,5.12,119.186,0.901,-1.025,5.969
BEL,1999,3.543,7.764,115.362,1.134,-0.648,5.832
BEL,2000,3.717,3.965,109.589,2.682,-0.08,6.178
BEL,2001,1.1,3.335,108.217,2.438,0.233,6.239
BEL,2002,1.707,4.501,105.437,1.552,-0.044,5.321
BEL,2003,1.038,3.398,101.659,1.517,-1.864,3.086
BEL,2004,3.571,3.098,97.17,1.857,-0.239,4.235
BEL,2005,2.322,1.995,95.142,2.539,-2.715,1.325
BEL,2006,2.553,1.85,91.494,2.331,0.24,3.996
BEL,2007,3.677,1.496,87.325,1.819,0.067,3.666
BEL,2008,0.447,-1.006,93.16,4.49,-1.095,2.431
BEL,2009,-1.906,1.651,99.853,-0.004,-5.448,-1.941
BEL,2010,2.71,1.623,100.245,2.329,-4.133,-0.857
BEL,2011,1.931,-1.926,102.735,3.344,-4.441,-1.245
BEL,2012,0.216,-0.081,104.335,2.62,-4.348,-1.116
BEL,2013,0.306,0.951,105.021,1.252,-3.164,-0.148
BEL,2014,1.766,0.768,106.524,0.495,-3.175,-0.214
BEL,2015,1.474,1.387,105.525,0.623,-2.475,0.197
BEL,2016,1.193,0.554,105.404,1.772,-2.431,0.036
BEL,2017,1.475,0.701,102.4,2.225,-0.763,1.355
BEL,2018,1.878,-0.915,99.977,2.308,-1.048,0.841
BEL,2019,2.443,0.124,97.461,1.25,-2.048,-0.295
BEL,2020,-4.793,0.887,111.098,0.424,-9.035,-7.325
BEL,2021,6.202,1.834,108.37,3.217,-5.396,-3.947
BEL,2022,4.234,-1.314,102.555,10.331,-3.613,-2.313
BEL,2023,1.252,-0.688,103.121,2.294,-4.188,-2.688
BEL,2024,0.996,-0.853,104.468,4.322,-4.42,-2.7
BEL,2025,0.839,-1.077,106.418,3.203,-5.031,-3.144
BEL,2026,0.969,-1.304,109.952,2.123,-5.791,-3.702
BEN,1995,6.045,-5.631,,14.458,-2.615,-0.043
BEN,1996,4.324,-1.269,,4.917,-0.148,2.118
BEN,1997,5.735,-4.966,,3.803,0.64,2.232
BEN,1998,3.961,-3.949,53.571,5.755,2.504,3.492
BEN,1999,4.358,-4.232,39.409,0.348,1.944,2.557
BEN,2000,5.858,-2.295,39.592,4.21,-3.692,-3.13
BEN,2001,5.333,-2.045,37.987,3.981,-3.269,-2.702
BEN,2002,4.643,-3.742,30.768,2.422,-3.33,-2.796
BEN,2003,3.444,-6.206,23.381,1.507,-1.072,-0.676
BEN,2004,4.43,-4.669,21.51,0.883,-0.705,-0.219
BEN,2005,1.713,-3.444,26.978,5.364,-1.523,-1.324
BEN,2006,3.944,-3.088,8.366,3.787,-0.147,
BEN,2007,5.986,-6.546,14.286,1.294,0.222,1.3
BEN,2008,4.897,-5.499,18.307,7.402,-0.041,0.196
BEN,2009,2.319,-6.69,18.748,0.936,-2.241,-1.9
BEN,2010,2.114,-5.567,21.0,2.143,-0.276,0.1
BEN,2011,2.964,-4.833,21.86,2.733,-0.981,-0.686
BEN,2012,4.811,-5.178,19.54,6.744,-0.216,0.191
BEN,2013,7.191,-5.379,18.504,0.428,-1.365,-1.044
BEN,2014,6.358,-6.668,22.282,-0.551,-1.651,-1.371
BEN,2015,1.778,-5.964,30.9,0.219,-5.553,-5.014
BEN,2016,3.34,-2.997,35.923,-0.794,-4.289,-3.384
BEN,2017,5.672,-4.181,39.598,1.769,-4.204,-2.761
BEN,2018,6.697,-4.553,41.08,0.849,-2.976,-1.385
BEN,2019,6.866,-4.0,41.23,-0.916,-0.54,1.057
BEN,2020,3.849,-1.746,46.142,3.033,-4.682,-2.725
BEN,2021,7.155,-4.154,50.288,1.734,-5.709,-3.467
BEN,2022,6.253,-6.001,54.187,1.351,-5.555,-3.909
BEN,2023,6.353,-8.18,54.904,2.731,-4.129,-2.536
BEN,2024,6.506,-6.419,54.033,1.165,-3.098,-1.296
BEN,2025,6.511,-6.099,52.547,2.2,-2.9,-1.3
BEN,2026,6.186,-5.342,51.242,2.0,-2.9,-1.366
BFA,1995,5.716,-3.445,,7.772,-2.646,-1.416
BFA,1996,11.015,-7.25,,6.109,-1.666,-0.894
BFA,1997,6.317,-8.086,,2.929,-2.643,-1.913
BFA,1998,7.308,-6.605,,4.911,-2.598,-1.915
BFA,1999,7.333,-9.957,,-1.08,-3.287,-2.632
BFA,2000,1.888,-10.766,,-0.169,-3.028,-2.24
BFA,2001,6.613,-9.129,,4.727,-3.557,-2.81
BFA,2002,4.353,-8.281,43.287,2.3,-4.433,-3.765
BFA,2003,7.802,-7.766,39.658,2.04,-1.79,-1.179
BFA,2004,4.478,-9.758,40.74,-0.4,-4.194,-3.529
BFA,2005,8.662,-10.324,39.214,6.409,-4.89,-4.329
BFA,2006,6.253,-8.308,20.089,2.336,14.346,14.853
BFA,2007,4.111,-7.353,22.416,-0.233,-5.015,-4.657
BFA,2008,5.8,-10.232,24.868,10.668,-3.627,-3.326
BFA,2009,2.962,-4.037,25.871,0.864,-4.16,-3.781
BFA,2010,8.446,-1.797,22.668,-0.608,-4.058,-3.631
BFA,2011,6.623,-1.328,28.4,2.769,-2.039,-1.542
BFA,2012,6.453,-1.292,25.211,3.817,-2.763,-2.111
BFA,2013,5.793,-10.008,25.901,0.525,-3.548,-3.025
BFA,2014,4.327,-7.165,26.086,-0.258,-1.737,-1.098
BFA,2015,3.921,-7.568,31.252,1.653,-2.09,-1.464
BFA,2016,5.958,-6.08,32.854,0.441,-3.082,-2.223
BFA,2017,6.203,-5.034,33.885,1.483,-6.919,-6.07
BFA,2018,6.605,-4.179,38.114,1.956,-4.434,-3.334
BFA,2019,5.889,-3.255,41.734,-3.233,-3.387,-2.145
BFA,2020,2.011,4.173,43.637,1.885,-5.16,-3.788
BFA,2021,6.943,0.391,55.369,3.908,-7.435,-5.676
BFA,2022,1.497,-7.183,56.369,13.779,-10.375,-8.491
BFA,2023,2.96,-8.638,52.657,0.942,-6.564,-4.303
BFA,2024,4.45,-6.395,52.686,4.193,-5.675,-3.539
BFA,2025,4.335,-2.141,50.163,2.956,-4.311,-2.301
BFA,2026,4.528,-2.033,49.769,2.491,-3.646,-1.453
BGD,1995,4.925,-1.189,,8.857,-0.377,0.254
BGD,1996,4.622,-1.719,,6.838,-2.015,-1.255
BGD,1997,4.49,-1.443,,2.661,-1.941,-1.229
BGD,1998,5.177,-0.948,,6.657,-2.197,-1.34
BGD,1999,4.67,-0.569,,8.904,-1.35,-0.291
BGD,2000,5.293,-0.546,,3.623,-2.496,-1.325
BGD,2001,5.077,-1.628,,1.812,-3.439,-2.256
BGD,2002,3.833,0.241,,2.407,-2.305,-0.995
BGD,2003,4.74,0.245,37.044,3.881,-1.958,-0.602
BGD,2004,5.24,0.228,36.585,8.139,-2.208,-1.02
BGD,2005,6.536,-0.7,35.558,6.486,-2.398,-1.19
BGD,2006,6.672,0.665,35.332,7.163,-2.148,-0.848
BGD,2007,7.059,1.003,34.989,7.205,-1.864,-0.495
BGD,2008,6.014,0.253,33.87,9.937,-3.365,-1.576
BGD,2009,5.045,1.699,33.01,6.655,-2.68,-0.861
BGD,2010,5.572,2.346,29.623,7.316,-2.233,-0.683
BGD,2011,6.464,-1.445,29.393,8.787,-2.965,-1.589
BGD,2012,6.521,-0.28,29.078,8.889,-2.556,-0.993
BGD,2013,6.014,1.329,28.344,6.777,-2.857,-1.219
BGD,2014,6.061,0.679,28.683,7.349,-2.619,-0.879
BGD,2015,6.553,1.23,28.206,6.405,-3.29,-1.584
BGD,2016,7.114,1.607,27.72,5.916,-3.163,-1.568
BGD,2017,6.59,-0.453,28.306,5.44,-4.167,-2.631
BGD,2018,7.319,-2.977,29.553,5.783,-4.068,-2.467
BGD,2019,7.882,-1.278,31.951,5.475,-5.408,-3.714
BGD,2020,3.448,-1.454,34.509,5.648,-4.84,-3.001
BGD,2021,6.939,-1.099,35.614,5.558,-3.555,-1.556
BGD,2022,7.1,-3.954,37.863,6.15,-4.117,-2.159
BGD,2023,5.775,-2.576,39.27,9.016,-4.508,-2.458
BGD,2024,4.223,-1.444,40.126,9.73,-3.786,-1.492
BGD,2025,3.76,-0.934,40.258,9.98,-4.12,-1.999
BGD,2026,6.53,-0.906,40.718,5.18,-4.29,-2.248
BGR,1995,-1.601,-1.084,,62.1,,
BGR,1996,5.205,3.591,,123.0,,
BGR,1997,-14.115,13.536,,1061.206,,
BGR,1998,3.789,1.144,67.322,18.679,1.084,4.694
BGR,1999,-8.396,-2.918,78.671,2.572,0.151,3.737
BGR,2000,4.587,-3.114,73.341,10.318,-0.605,3.247
BGR,2001,3.824,-3.625,67.06,7.358,-0.58,2.988
BGR,2002,5.872,-0.625,53.404,5.813,-0.614,1.165
BGR,2003,5.237,-3.381,45.428,2.348,0.003,1.697
BGR,2004,6.51,-4.277,37.764,6.149,1.593,3.0
BGR,2005,7.056,-9.428,28.472,6.038,2.187,3.385
BGR,2006,6.803,-15.28,22.608,7.416,3.221,4.129
BGR,2007,6.654,-23.892,17.588,7.572,3.086,3.668
BGR,2008,6.13,-22.076,14.702,11.951,2.732,2.654
BGR,2009,-3.347,-8.315,14.54,2.469,-0.856,-0.583
BGR,2010,1.555,-1.724,14.064,3.039,-3.769,-3.522
BGR,2011,2.09,0.329,14.335,3.386,-1.834,-1.521
BGR,2012,0.749,-0.847,16.545,2.391,-0.434,-0.147
BGR,2013,-0.543,1.274,17.165,0.385,-1.752,-1.31
BGR,2014,0.949,2.115,26.266,-1.601,-3.652,-3.432
BGR,2015,3.398,0.017,25.359,-1.067,-2.775,-2.402
BGR,2016,3.027,3.028,27.007,-1.323,1.54,1.827
BGR,2017,2.746,3.157,22.919,1.188,0.823,1.159
BGR,2018,2.549,0.655,20.1,2.631,0.123,0.336
BGR,2019,3.789,1.662,18.382,2.457,-0.961,-0.817
BGR,2020,-3.216,0.443,22.715,1.219,-2.917,-2.796
BGR,2021,7.781,-1.077,22.362,2.842,-2.801,-2.745
BGR,2022,4.039,-2.593,21.457,13.019,-0.8,-0.811
BGR,2023,1.887,0.885,21.872,8.599,-3.034,-2.956
BGR,2024,2.811,0.217,23.358,2.597,-3.026,-2.776
BGR,2025,2.458,-1.453,28.04,3.728,-3.029,-2.559
BGR,2026,2.653,-0.964,29.536,2.254,-2.955,-2.249
BHR,1995,1.923,3.357,13.62,3.139,-3.988,-3.218
BHR,1996,3.25,3.54,13.117,-0.185,0.242,0.962
BHR,1997,2.348,-0.407,14.756,4.602,-6.387,-5.637
BHR,1998,4.849,-10.675,19.995,-0.418,-5.491,-4.612
BHR,1999,5.972,-0.283,24.668,-1.259,-4.849,-3.827
BHR,2000,7.018,8.955,24.695,-0.73,7.327,8.659
BHR,2001,2.491,2.36,25.013,-1.175,0.695,2.131
BHR,2002,3.349,-0.556,27.222,-0.496,-3.272,-2.316
BHR,2003,6.296,1.702,31.129,1.679,-1.703,-0.567
BHR,2004,6.981,3.461,28.198,2.248,0.237,1.127
BHR,2005,6.769,8.868,23.207,2.618,2.796,3.785
BHR,2006,6.467,11.346,19.426,2.041,2.242,3.258
BHR,2007,8.294,12.835,15.679,3.252,1.521,2.295
BHR,2008,6.242,8.42,12.051,3.533,4.083,4.615
BHR,2009,2.541,2.342,20.492,2.785,-5.359,-4.802
BHR,2010,4.337,2.877,28.787,1.962,-9.286,-8.39
BHR,2011,1.928,8.437,31.554,-0.336,-4.901,-3.884
BHR,2012,3.803,8.065,34.833,2.756,-5.766,-4.517
BHR,2013,5.293,7.125,42.27,3.302,-8.545,-7.044
BHR,2014,4.309,4.38,42.63,2.646,-3.319,-1.589
BHR,2015,2.508,-2.313,63.18,1.849,-17.462,-15.27
BHR,2016,3.815,-4.406,77.366,2.789,-16.579,-13.759
BHR,2017,4.954,-3.897,84.029,1.386,-13.377,-9.973
BHR,2018,2.053,-6.153,90.384,2.091,-11.276,-7.14
BHR,2019,2.053,-1.963,97.129,1.007,-8.567,-4.351
BHR,2020,-5.911,-9.054,125.7,-2.325,-17.305,-12.389
BHR,2021,4.35,6.372,122.3,-0.611,-10.57,-6.024
BHR,2022,6.18,14.72,111.648,3.635,-5.148,-0.933
BHR,2023,3.878,5.844,123.02,0.075,-8.455,-3.613
BHR,2024,2.776,4.861,134.007,0.92,-10.695,-5.612
BHR,2025,2.753,3.317,141.423,1.0,-10.361,-5.117
BHR,2026,2.994,1.69,146.984,1.5,-11.139,-5.573
BHS,1995,4.379,2.314,21.022,2.023,0.18,1.619
BHS,1996,4.224,0.297,20.749,1.262,-0.154,1.316
BHS,1997,4.946,-5.358,21.497,0.561,-1.604,-0.073
BHS,1998,4.716,-10.086,20.793,1.207,-0.428,1.018
BHS,1999,7.144,1.358,19.759,1.119,1.778,3.141
BHS,2000,4.149,-1.515,19.176,1.732,0.093,1.298
BHS,2001,2.626,-3.835,18.48,2.362,0.302,1.425
BHS,2002,2.705,0.084,19.435,1.498,-1.668,-0.478
BHS,2003,-1.265,-0.173,20.841,3.657,-1.629,-0.496
BHS,2004,0.883,1.606,21.62,1.16,-1.947,-0.676
BHS,2005,3.395,-3.098,22.954,1.819,-1.155,0.129
BHS,2006,2.517,-10.141,23.154,1.958,-0.439,0.727
BHS,2007,1.447,-8.987,23.49,2.407,-0.773,0.451
BHS,2008,-2.324,-8.282,25.344,4.434,-0.824,0.529
BHS,2009,-4.175,-8.095,30.089,1.666,-2.388,-0.884
BHS,2010,1.539,-7.884,33.883,1.621,-2.57,-0.792
BHS,2011,0.613,-10.935,35.262,3.064,-2.868,-0.778
BHS,2012,3.087,-14.289,37.589,1.912,-3.253,-1.463
BHS,2013,-2.863,-14.585,44.415,0.445,-5.117,-3.176
BHS,2014,1.847,-19.98,48.294,1.183,-4.563,-2.562
BHS,2015,0.997,-12.666,50.67,1.878,-3.385,-1.253
BHS,2016,-0.962,-12.539,51.057,-0.33,-2.61,-0.295
BHS,2017,2.8,-13.508,55.027,1.5,-6.092,-3.877
BHS,2018,2.63,-9.506,62.328,2.268,-3.327,-0.81
BHS,2019,-1.357,-2.159,60.732,2.491,-1.692,0.843
BHS,2020,-21.423,-22.891,74.674,0.039,-7.381,-4.341
BHS,2021,15.403,-21.409,99.683,2.905,-13.087,-8.945
BHS,2022,10.782,-9.383,88.643,5.605,-5.786,-1.336
BHS,2023,2.639,-7.456,81.679,3.059,-3.813,0.284
BHS,2024,2.0,-7.373,78.832,0.413,-1.282,2.927
BHS,2025,1.8,-7.821,79.39,0.896,-1.555,2.8
BHS,2026,1.7,-7.394,77.791,1.261,-0.354,4.072
BIH,1997,22.853,,,5.732,,
BIH,1998,13.814,-6.535,54.397,-0.279,-0.978,-0.155
BIH,1999,10.75,-8.694,56.039,2.841,-2.782,-1.863
BIH,2000,4.442,-7.107,34.599,4.973,-4.625,-3.504
BIH,2001,7.539,-12.806,35.128,3.212,-3.443,-2.43
BIH,2002,5.027,-17.696,31.118,0.313,-2.988,-1.953
BIH,2003,3.867,-19.191,27.563,0.547,-0.442,0.269
BIH,2004,6.325,-16.141,25.487,0.282,-0.184,0.401
BIH,2005,3.897,-16.434,24.861,3.582,0.74,1.303
BIH,2006,5.414,-7.758,20.577,6.125,2.082,2.745
BIH,2007,5.859,-9.19,18.169,1.501,0.169,0.772
BIH,2008,5.442,-13.83,30.321,7.427,-3.823,-3.336
BIH,2009,-3.004,-6.423,36.368,-0.381,-5.342,-4.829
BIH,2010,0.866,-6.0,42.205,2.124,-4.058,-3.466
BIH,2011,0.96,-9.479,40.941,3.989,-2.728,-2.1
BIH,2012,-0.822,-8.626,43.557,2.053,-2.682,-1.945
BIH,2013,2.35,-5.326,43.755,-0.093,-1.28,-0.55
BIH,2014,1.154,-7.351,47.14,-0.897,-2.866,-2.1
BIH,2015,4.284,-5.035,46.376,-1.023,-0.194,0.605
BIH,2016,3.242,-4.699,44.874,-1.584,0.342,1.188
BIH,2017,3.244,-4.779,38.616,0.81,1.789,2.605
BIH,2018,3.829,-3.231,34.894,1.417,1.632,2.368
BIH,2019,2.886,-2.597,33.168,0.559,1.368,2.119
BIH,2020,-3.015,-2.84,37.098,-1.052,-4.502,-3.773
BIH,2021,7.392,-1.77,35.618,1.998,-0.177,0.479
BIH,2022,4.227,-4.394,31.013,14.012,0.149,0.766
BIH,2023,1.994,-2.319,31.588,6.098,-1.671,-0.821
BIH,2024,2.5,-3.634,32.752,1.693,-1.639,-0.683
BIH,2025,2.8,-3.808,33.794,2.226,-2.192,-1.122
BIH,2026,3.0,-3.81,35.701,2.007,-2.353,-1.1
BLR,1995,-11.084,-4.351,,709.297,,
BLR,1996,2.776,-3.56,,52.688,,
BLR,1997,11.434,-6.098,,63.82,,
BLR,1998,8.442,-6.681,,73.018,,
BLR,1999,3.354,-1.597,,293.733,,
BLR,2000,5.76,-4.257,,168.601,,
BLR,2001,4.735,-4.139,,61.133,-4.738,-4.036
BLR,2002,5.058,-2.158,,42.568,-7.807,-7.277
BLR,2003,7.053,-2.476,,28.398,-6.739,-6.247
BLR,2004,11.45,-4.981,9.223,18.094,-7.063,-6.593
BLR,2005,9.461,1.468,8.115,10.336,-6.706,-6.365
BLR,2006,10.001,-3.631,12.274,6.992,-7.705,-7.347
BLR,2007,8.621,-6.435,15.813,8.429,-7.821,-7.434
BLR,2008,10.211,-7.896,20.295,14.828,-10.906,-10.353
BLR,2009,0.171,-12.059,32.547,12.95,-7.232,-6.48
BLR,2010,7.845,-14.471,36.805,7.743,-4.187,-3.535
BLR,2011,5.226,-8.233,58.223,53.228,-2.806,-1.733
BLR,2012,1.603,-2.836,36.946,59.218,0.36,1.735
BLR,2013,0.929,-10.023,36.859,18.303,-0.982,0.004
BLR,2014,2.548,-6.64,38.791,18.107,0.092,1.127
BLR,2015,-3.83,-3.251,53.007,13.523,-2.964,-1.29
BLR,2016,-2.526,-3.379,53.482,11.829,-1.659,0.31
BLR,2017,2.532,-1.74,53.16,6.032,-0.337,1.636
BLR,2018,3.149,0.038,47.515,4.867,1.805,3.771
BLR,2019,1.446,-1.934,40.999,5.6,0.91,2.647
BLR,2020,-0.673,-0.291,47.493,5.536,-2.87,-1.213
BLR,2021,2.273,3.163,41.182,9.453,-0.223,1.283
BLR,2022,-4.504,3.413,40.792,15.239,-2.043,-0.61
BLR,2023,4.127,-1.806,40.72,5.017,0.706,2.295
BLR,2024,4.0,-2.798,44.378,5.75,0.746,2.38
BLR,2025,2.758,-2.788,42.922,5.463,0.244,1.859
BLR,2026,1.984,-2.893,43.141,5.769,-0.228,1.325
BLZ,1995,0.733,-2.106,,2.89,,
BLZ,1996,1.106,-0.781,,6.425,-1.761,-0.398
BLZ,1997,4.235,-3.656,,1.026,-1.807,-0.409
BLZ,1998,3.89,-4.458,,-0.847,-2.688,-1.365
BLZ,1999,9.425,-6.193,,-1.207,-6.509,-4.999
BLZ,2000,12.24,-14.187,,0.614,-6.678,-4.923
BLZ,2001,4.994,-16.232,49.511,1.149,-7.23,-4.943
BLZ,2002,5.397,-13.283,53.156,2.195,-5.403,-2.836
BLZ,2003,9.667,-14.08,67.163,2.621,-8.407,-5.028
BLZ,2004,4.781,-11.059,70.635,3.067,-4.52,-0.108
BLZ,2005,2.22,-10.253,72.7,3.651,-3.701,1.5
BLZ,2006,4.511,-1.595,71.337,4.24,-2.269,3.08
BLZ,2007,3.353,-3.051,66.407,2.318,-0.187,3.069
BLZ,2008,-1.682,-8.331,64.65,6.394,1.253,4.198
BLZ,2009,-0.389,-4.906,69.71,-1.104,-2.463,0.566
BLZ,2010,1.114,-2.62,68.547,0.918,-1.907,1.053
BLZ,2011,-0.245,-1.092,66.383,1.656,-1.058,1.741
BLZ,2012,3.738,-1.734,63.387,1.247,-0.225,1.319
BLZ,2013,4.454,-3.571,62.855,0.51,-1.21,0.858
BLZ,2014,4.031,-6.354,61.543,1.201,-1.724,0.338
BLZ,2015,2.876,-7.968,65.079,-0.862,-5.143,-3.019
BLZ,2016,0.055,-7.296,70.438,0.661,-4.472,-2.14
BLZ,2017,-1.813,-6.973,78.106,1.15,-3.481,-0.999
BLZ,2018,1.111,-6.576,78.77,0.27,-1.362,1.25
BLZ,2019,4.268,-7.731,78.386,0.186,-2.894,-0.273
BLZ,2020,-13.903,-6.262,103.261,0.122,-8.585,-6.819
BLZ,2021,17.746,-6.522,82.483,3.239,-3.302,-1.856
BLZ,2022,9.653,-8.275,66.823,6.274,-0.48,1.25
BLZ,2023,1.149,-0.646,67.177,4.399,-1.989,0.263
BLZ,2024,8.19,-1.513,60.955,3.28,-2.364,-0.005
BLZ,2025,3.218,-1.567,59.499,2.079,-1.646,0.587
BLZ,2026,2.5,-1.48,58.753,1.467,-1.544,0.761
BOL,1995,4.678,-5.002,,10.192,-1.817,1.112
BOL,1996,4.361,-4.504,,12.43,-1.9,0.863
BOL,1997,4.954,-6.984,,4.709,-3.281,-1.007
BOL,1998,5.029,-7.856,,7.674,-5.1,-2.997
BOL,1999,0.427,-5.907,,2.161,-3.837,-1.843
BOL,2000,2.508,-5.325,74.318,4.601,-3.728,-1.452
BOL,2001,1.684,-3.359,82.977,1.596,-6.82,-4.218
BOL,2002,2.486,-4.42,86.687,0.923,-8.788,-6.192
BOL,2003,2.711,1.042,95.645,3.338,-7.875,-5.059
BOL,2004,4.173,3.694,89.81,2.489,-5.543,-2.616
BOL,2005,4.421,6.502,82.158,5.4,-2.245,0.756
BOL,2006,4.797,11.436,54.375,4.3,4.47,6.997
BOL,2007,4.564,12.04,40.032,8.682,-1.54,0.999
BOL,2008,6.148,11.867,36.785,14.009,3.528,5.505
BOL,2009,3.357,4.658,39.209,3.345,2.63,4.275
BOL,2010,4.127,4.416,37.637,2.502,1.624,3.017
BOL,2011,5.204,2.226,35.327,9.884,0.831,2.059
BOL,2012,5.122,7.221,35.394,4.517,1.715,2.738
BOL,2013,6.796,3.413,36.097,5.737,0.595,1.552
BOL,2014,5.461,1.716,37.603,5.765,-3.41,-2.451
BOL,2015,4.857,-5.825,40.905,4.061,-6.935,-5.934
BOL,2016,4.264,-5.579,46.49,3.625,-7.243,-6.253
BOL,2017,4.195,-5.024,51.26,2.822,-7.855,-6.743
BOL,2018,4.224,-4.251,53.076,2.272,-8.172,-6.979
BOL,2019,2.217,-3.316,58.626,1.839,-7.249,-5.875
BOL,2020,-8.738,-0.043,77.971,0.942,-12.722,-11.228
BOL,2021,6.111,3.884,81.409,0.736,-9.329,-7.979
BOL,2022,3.606,2.118,80.1,1.747,-7.122,-5.499
BOL,2023,3.082,-2.529,90.777,2.577,-10.945,-8.671
BOL,2024,1.3,-4.305,95.042,5.1,-10.303,-7.284
BOL,2025,1.14,-2.542,92.405,15.08,-10.748,-9.51
BOL,2026,0.9,-3.03,92.497,15.842,-13.441,-9.227
BRA,1995,4.417,-2.427,,66.008,,
BRA,1996,2.209,-2.801,,15.757,,
BRA,1997,3.395,-3.636,,6.926,,
BRA,1998,0.338,-4.049,,3.196,,
BRA,1999,0.468,-4.467,,4.859,,
BRA,2000,4.388,-4.048,62.198,7.044,,
BRA,2001,1.39,-4.445,67.331,6.84,-3.468,3.13
BRA,2002,3.053,-1.845,76.095,8.45,-4.149,3.356
BRA,2003,1.141,0.393,71.514,14.714,-5.401,3.553
BRA,2004,5.76,1.339,68.025,6.598,-2.955,4.051
BRA,2005,3.202,1.31,66.969,6.87,-3.364,3.865
BRA,2006,3.962,0.973,64.599,4.184,-4.868,1.507
BRA,2007,6.07,-0.197,63.025,3.641,-2.66,2.88
BRA,2008,5.094,-2.099,61.42,5.678,-2.393,3.213
BRA,2009,-0.126,-1.757,64.702,4.888,-4.23,0.912
BRA,2010,7.528,-3.926,62.433,5.039,-3.554,1.58
BRA,2011,3.974,-3.197,60.634,6.636,-2.741,2.737
BRA,2012,1.921,-3.761,61.614,5.404,-2.351,2.221
BRA,2013,3.005,-3.576,59.595,6.204,-3.422,1.52
BRA,2014,0.504,-4.499,61.617,6.329,-6.275,-0.9
BRA,2015,-3.546,-3.523,71.73,9.03,-9.281,-0.853
BRA,2016,-3.276,-1.699,77.422,8.74,-7.991,-2.008
BRA,2017,1.323,-1.224,82.745,3.446,-7.97,-1.625
BRA,2018,1.784,-2.808,84.777,3.665,-6.99,-0.867
BRA,2019,1.221,-3.47,87.118,3.733,-4.859,-0.083
BRA,2020,-3.277,-1.688,96.007,3.212,-11.637,-7.536
BRA,2021,4.763,-2.419,88.934,8.302,-2.631,1.979
BRA,2022,3.017,-2.16,83.939,9.28,-3.965,1.307
BRA,2023,3.242,-1.275,84.001,4.594,-7.712,-2.149
BRA,2024,3.396,-2.818,87.284,4.367,-6.626,-0.335
BRA,2025,2.01,-2.288,92.041,5.307,-8.516,-0.593
BRA,2026,1.984,-2.247,96.008,4.315,-7.667,-0.355
BRB,1995,2.023,2.479,54.921,2.838,6.116,7.321
BRB,1996,3.966,3.52,55.285,2.386,3.7,4.777
BRB,1997,4.74,-1.329,54.904,7.711,5.444,6.228
BRB,1998,3.74,-2.807,49.909,-1.269,5.952,6.737
BRB,1999,0.326,-4.241,49.71,1.56,5.351,6.293
BRB,2000,4.453,-3.376,56.631,2.436,4.944,6.107
BRB,2001,-2.367,-3.448,62.339,2.801,4.048,5.295
BRB,2002,0.791,-4.809,65.523,0.183,-5.238,-1.278
BRB,2003,2.171,-3.423,65.279,1.558,-3.023,0.865
BRB,2004,1.407,-9.628,64.508,1.43,-2.885,0.52
BRB,2005,3.965,-9.529,66.272,6.057,-2.943,0.504
BRB,2006,5.669,-9.394,67.738,7.321,-3.308,0.096
BRB,2007,2.251,-4.29,68.63,4.031,-4.309,-1.079
BRB,2008,0.703,-8.528,73.788,8.108,-4.168,-0.44
BRB,2009,-4.831,-5.313,88.198,3.645,-6.537,-2.249
BRB,2010,-2.237,-4.059,95.278,5.824,-7.49,-2.593
BRB,2011,-0.657,-10.381,99.025,9.432,-3.638,1.352
BRB,2012,-0.433,-7.47,108.807,4.533,-7.039,-1.631
BRB,2013,-1.076,-7.33,118.402,1.818,-8.97,-3.276
BRB,2014,0.156,-8.067,122.44,1.766,-6.592,-0.479
BRB,2015,-0.846,-5.456,131.623,-1.113,-8.149,-1.802
BRB,2016,1.792,-3.86,135.269,1.511,-4.84,2.023
BRB,2017,0.128,-3.418,142.847,4.424,-3.868,3.008
BRB,2018,-1.174,-3.578,114.212,3.015,-0.342,3.052
BRB,2019,0.653,-1.6,107.646,1.69,3.032,5.153
BRB,2020,-15.054,-4.902,138.17,0.647,-4.473,-0.906
BRB,2021,-0.255,-10.263,121.594,1.426,-4.345,-0.813
BRB,2022,17.833,-9.89,113.683,4.474,-1.903,2.364
BRB,2023,4.094,-8.595,111.482,3.187,-1.685,3.486
BRB,2024,4.0,-4.472,102.922,1.416,-1.308,3.838
BRB,2025,3.0,-6.239,97.733,2.011,-0.264,4.35
BRB,2026,2.3,-6.044,92.54,2.415,0.158,4.35
BRN,1995,4.479,14.255,0.0,5.967,-17.482,-17.482
BRN,1996,2.878,16.595,0.0,1.996,-7.687,-7.687
BRN,1997,-1.471,15.204,0.0,1.712,-10.415,-10.415
BRN,1998,-0.559,12.402,0.0,-0.441,-21.194,-21.194
BRN,1999,3.052,23.609,0.0,-0.416,-16.123,-16.123
BRN,2000,2.849,45.089,0.0,1.558,6.86,6.86
BRN,2001,2.744,31.441,0.0,0.596,2.585,2.585
BRN,2002,3.872,27.116,0.0,-2.315,-4.613,-4.613
BRN,2003,2.904,34.188,0.0,0.3,8.061,8.061
BRN,2004,0.504,33.042,0.0,0.814,8.565,8.565
BRN,2005,0.388,38.183,0.0,1.244,16.009,16.009
BRN,2006,4.398,41.145,0.594,0.16,19.78,19.78
BRN,2007,0.154,35.579,0.685,0.968,3.119,3.119
BRN,2008,-1.939,43.508,0.942,2.085,36.14,36.14
BRN,2009,-1.765,33.445,1.11,1.036,3.61,3.61
BRN,2010,2.599,36.596,1.113,0.357,7.612,7.612
BRN,2011,3.744,34.711,2.129,0.138,25.632,25.632
BRN,2012,0.913,29.838,2.101,0.112,15.786,15.786
BRN,2013,-2.125,20.881,2.209,0.389,13.025,13.025
BRN,2014,-2.508,30.709,3.231,-0.207,3.576,3.576
BRN,2015,-0.405,16.679,2.953,-0.488,-14.523,-14.523
BRN,2016,-2.465,12.894,3.005,-0.279,-21.68,-21.68
BRN,2017,1.329,16.362,2.825,-1.261,-10.397,-10.397
BRN,2018,0.052,6.928,2.586,1.025,-3.587,-3.587
BRN,2019,3.869,6.636,2.575,-0.391,-3.689,-3.689
BRN,2020,1.134,4.279,2.857,1.94,-15.774,-15.774
BRN,2021,-1.591,11.21,2.514,1.733,-8.164,-8.164
BRN,2022,-1.628,19.567,2.057,3.687,2.531,2.531
BRN,2023,1.412,12.879,2.334,0.4,-10.862,-10.862
BRN,2024,3.908,16.561,2.29,-0.389,-10.176,-10.176
BRN,2025,2.522,15.436,2.207,1.0,-10.287,-10.287
BRN,2026,2.648,14.758,2.129,1.0,-11.074,-11.074
BTN,1995,6.019,14.731,38.748,7.084,-0.885,1.062
BTN,1996,5.971,14.014,36.846,8.779,2.554,4.729
BTN,1997,5.544,5.04,32.977,8.551,-1.916,1.714
BTN,1998,6.009,9.732,36.401,7.591,1.277,4.182
BTN,1999,7.087,2.159,39.229,9.058,-1.281,3.349
BTN,2000,6.934,-8.735,44.029,7.183,-3.391,-0.813
BTN,2001,7.04,-8.276,52.352,3.724,-12.169,-11.815
BTN,2002,9.516,-15.63,57.708,2.939,-4.332,-3.874
BTN,2003,9.049,-22.344,68.5,2.472,-10.213,-9.626
BTN,2004,6.423,-17.367,76.03,3.346,1.8,2.492
BTN,2005,6.069,-28.756,80.84,4.823,-6.962,-5.824
BTN,2006,6.266,-4.328,80.124,4.93,-0.073,0.874
BTN,2007,11.016,7.835,67.253,5.246,0.793,1.73
BTN,2008,9.886,-8.212,60.566,6.3,-2.566,0.582
BTN,2009,6.133,-5.964,61.036,7.127,-0.801,2.047
BTN,2010,9.878,-20.849,55.813,4.826,1.923,4.368
BTN,2011,10.018,-35.057,62.331,8.552,-3.024,-0.919
BTN,2012,6.638,-19.749,71.471,10.115,-2.102,-0.195
BTN,2013,3.334,-23.483,92.373,8.109,-4.545,-2.136
BTN,2014,3.705,-24.999,89.788,9.599,2.456,4.188
BTN,2015,6.155,-25.513,90.157,6.667,-0.49,1.022
BTN,2016,7.514,-29.006,107.484,3.291,-2.309,-0.897
BTN,2017,5.855,-21.962,104.08,4.339,-4.492,-3.27
BTN,2018,3.505,-17.42,107.295,3.623,-1.519,-0.274
BTN,2019,4.648,-19.187,99.737,2.815,-1.486,-0.614
BTN,2020,-2.455,-14.79,114.939,3.037,-1.807,-1.363
BTN,2021,-3.293,-11.154,123.276,8.22,-5.76,-4.797
BTN,2022,4.826,-28.088,117.344,5.946,-6.952,-5.57
BTN,2023,5.044,-34.226,115.443,4.535,-4.703,-3.012
BTN,2024,4.044,-16.797,107.775,4.26,-0.166,1.806
BTN,2025,7.0,-28.757,102.884,3.246,-2.508,-0.893
BTN,2026,7.0,-17.276,116.729,4.702,-2.066,0.24
BWA,1995,8.453,6.236,,10.5,,
BWA,1996,2.466,10.049,,10.1,,
BWA,1997,7.106,14.398,,8.9,,
BWA,1998,-1.622,3.53,11.306,6.51,,
BWA,1999,8.035,10.778,9.311,7.816,5.949,5.666
BWA,2000,4.271,9.594,8.161,8.534,8.73,8.319
BWA,2001,2.348,10.9,7.475,6.565,-2.913,-3.206
BWA,2002,7.434,4.881,8.372,8.026,-3.941,-4.359
BWA,2003,5.388,9.597,7.077,9.185,-0.175,-0.216
BWA,2004,1.397,3.592,10.749,6.988,1.346,2.29
BWA,2005,4.972,16.247,7.46,8.61,10.325,10.748
BWA,2006,6.034,19.665,6.136,11.553,13.311,13.607
BWA,2007,5.793,15.657,5.931,7.077,5.733,6.005
BWA,2008,3.252,1.393,7.795,12.623,-7.614,-7.299
BWA,2009,-14.144,-6.406,22.427,8.108,-13.78,-13.334
BWA,2010,10.122,-5.888,26.547,6.95,-7.951,-7.411
BWA,2011,6.839,-0.873,27.892,8.473,-0.116,0.418
BWA,2012,-0.171,-5.902,26.448,7.537,0.887,1.464
BWA,2013,11.103,4.531,23.774,5.882,5.839,5.374
BWA,2014,5.697,11.075,23.936,4.415,3.897,4.2
BWA,2015,-4.851,2.226,24.453,3.054,-4.821,-4.265
BWA,2016,7.202,7.973,22.341,2.81,0.714,0.921
BWA,2017,4.113,5.586,19.591,3.296,-1.143,-0.587
BWA,2018,4.19,0.393,19.642,3.241,-5.031,-4.478
BWA,2019,3.033,-6.917,21.511,2.745,-8.533,-7.883
BWA,2020,-8.726,-10.188,23.508,1.89,-10.869,-10.221
BWA,2021,11.913,-1.678,22.282,6.679,-2.333,-1.832
BWA,2022,5.486,-1.142,20.989,12.166,-0.006,0.622
BWA,2023,3.208,-0.601,22.505,5.144,-4.189,-3.322
BWA,2024,-2.99,-4.733,32.565,2.827,-10.254,-9.249
BWA,2025,-0.364,-7.895,42.953,4.5,-11.02,-9.237
BWA,2026,2.277,-4.614,49.298,4.5,-9.288,-7.231
CAF,1995,3.166,-8.306,,19.2,-4.84,-2.577
CAF,1996,-6.157,-3.336,,3.842,-1.059,0.942
CAF,1997,4.105,-2.522,96.137,1.623,-1.565,-0.185
CAF,1998,3.34,-6.089,85.321,-2.024,0.001,1.365
CAF,1999,2.887,-1.72,84.162,-1.554,-0.496,0.948
CAF,2000,-3.581,-1.457,94.679,3.365,-2.008,-0.139
CAF,2001,2.609,-1.856,103.115,4.083,-0.876,0.548
CAF,2002,2.091,-1.66,98.518,2.266,-1.19,0.384
CAF,2003,-2.249,-2.129,95.886,4.386,-3.063,-2.003
CAF,2004,-0.096,-1.706,99.724,-2.593,-1.738,-0.934
CAF,2005,2.931,-6.235,102.962,2.879,-4.367,-3.46
CAF,2006,4.754,-2.872,46.75,6.888,8.584,9.486
CAF,2007,4.031,-6.025,47.851,0.867,1.044,2.513
CAF,2008,2.613,-9.71,35.766,9.25,-1.231,0.847
CAF,2009,2.812,-8.705,20.3,3.581,-0.544,0.969
CAF,2010,4.631,-9.418,19.883,1.486,-1.347,-0.386
CAF,2011,4.195,-6.819,19.686,1.194,-2.149,-1.542
CAF,2012,5.054,-5.585,31.533,5.889,-0.776,0.095
CAF,2013,-36.392,-2.935,51.79,3.971,-2.304,-1.71
CAF,2014,0.08,-13.324,62.24,17.775,-3.264,-2.671
CAF,2015,4.338,-9.105,59.79,1.403,-0.588,-0.05
CAF,2016,4.75,-5.391,53.887,4.946,1.277,1.829
CAF,2017,4.528,-7.835,50.275,4.18,-1.056,-0.747
CAF,2018,3.82,-7.976,50.032,1.612,-0.972,-0.572
CAF,2019,2.97,-4.923,48.152,2.752,1.423,1.769
CAF,2020,0.959,-8.165,44.397,0.881,-3.361,-3.052
CAF,2021,0.983,-11.124,48.525,4.259,-6.021,-5.744
CAF,2022,0.472,-12.946,51.028,5.579,-5.344,-4.937
CAF,2023,0.727,-9.294,58.183,2.98,-3.59,-2.988
CAF,2024,1.833,-8.957,60.665,3.425,-4.98,-4.116
CAF,2025,2.938,-6.883,58.292,2.7,-1.619,-0.658
CAF,2026,3.146,-4.37,52.977,3.297,0.132,1.038
CAN,1995,2.682,-0.823,100.084,2.149,-5.49,0.085
CAN,1996,1.689,0.415,100.244,1.571,-3.053,2.141
CAN,1997,4.28,-1.337,95.272,1.621,0.039,4.72
CAN,1998,3.893,-1.338,93.29,0.996,0.143,4.798
CAN,1999,5.141,0.179,88.966,1.735,1.656,5.761
CAN,2000,5.139,2.55,80.437,2.719,2.64,5.659
CAN,2001,1.875,2.213,81.462,2.525,0.529,3.38
CAN,2002,2.999,1.735,79.604,2.258,-0.234,2.256
CAN,2003,1.806,1.231,75.912,2.759,-0.127,1.645
CAN,2004,3.092,2.345,71.889,1.857,0.768,2.258
CAN,2005,3.21,1.927,70.64,2.214,1.553,2.532
CAN,2006,2.638,1.445,69.92,2.002,1.828,2.411
CAN,2007,2.05,0.823,67.181,2.138,1.82,2.368
CAN,2008,0.995,0.147,70.355,2.37,0.184,0.466
CAN,2009,-2.915,-2.909,81.804,0.299,-3.881,-2.776
CAN,2010,3.091,-3.562,83.976,1.777,-4.738,-3.9
CAN,2011,3.137,-2.712,84.286,2.912,-3.309,-2.701
CAN,2012,1.756,-3.534,87.151,1.516,-2.525,-1.822
CAN,2013,2.326,-3.141,87.605,0.938,-1.495,-0.994
CAN,2014,2.873,-2.32,85.541,1.907,0.175,0.451
CAN,2015,0.65,-3.495,92.029,1.125,-0.062,0.588
CAN,2016,1.039,-3.088,92.397,1.429,-0.453,0.131
CAN,2017,3.034,-2.803,90.942,1.597,-0.112,0.089
CAN,2018,2.743,-2.377,90.776,2.268,0.36,0.462
CAN,2019,1.908,-1.953,90.21,1.949,-0.017,0.104
CAN,2020,-5.038,-2.017,118.066,0.717,-10.949,-10.455
CAN,2021,5.951,-0.019,112.617,3.395,-3.057,-3.7
CAN,2022,4.189,-0.304,104.207,6.779,0.556,0.172
CAN,2023,1.529,-0.627,107.711,3.885,0.072,0.288
CAN,2024,1.528,-0.508,110.769,2.398,-2.15,-1.931
CAN,2025,1.376,-0.139,112.541,1.982,-1.875,-1.308
CAN,2026,1.558,-0.274,110.891,2.127,-1.641,-0.994
CHE,1995,0.593,4.857,49.994,1.798,-1.858,-1.07
CHE,1996,0.439,5.33,51.339,0.81,-2.014,-1.244
CHE,1997,2.235,8.427,53.671,0.518,-2.333,-1.488
CHE,1998,2.936,7.591,55.938,0.019,-1.306,-0.372
CHE,1999,1.628,8.525,52.685,0.808,-1.572,-0.477
CHE,2000,4.111,10.492,52.225,1.561,0.282,1.27
CHE,2001,1.613,6.629,51.077,0.991,0.207,1.11
CHE,2002,-0.054,6.73,57.7,0.641,-1.745,-0.779
CHE,2003,-0.109,10.755,56.877,0.636,-1.359,-0.465
CHE,2004,2.563,12.521,57.803,0.801,-1.393,-0.518
CHE,2005,2.863,11.304,54.884,1.173,-0.646,0.226
CHE,2006,4.151,12.47,48.463,1.064,0.846,1.645
CHE,2007,3.919,8.378,44.751,0.735,1.575,2.129
CHE,2008,2.678,1.232,44.817,2.428,1.935,2.448
CHE,2009,-2.305,5.648,43.091,-0.48,0.498,0.991
CHE,2010,3.214,12.985,41.457,0.688,0.354,0.828
CHE,2011,1.902,6.231,41.883,0.228,0.683,1.079
CHE,2012,1.207,8.877,42.569,-0.693,0.235,0.604
CHE,2013,1.849,9.632,41.948,-0.216,-0.432,-0.175
CHE,2014,2.287,6.938,42.07,-0.012,-0.247,-0.009
CHE,2015,1.574,8.877,42.16,-1.142,0.546,0.778
CHE,2016,2.1,7.276,40.934,-0.434,0.238,0.415
CHE,2017,1.433,5.313,41.751,0.535,1.13,1.274
CHE,2018,2.86,5.598,39.783,0.935,1.29,1.379
CHE,2019,1.156,3.506,39.637,0.363,1.341,1.394
CHE,2020,-2.29,0.493,43.2,-0.724,-3.014,-2.948
CHE,2021,5.573,7.049,40.98,0.583,-0.289,-0.152
CHE,2022,3.126,8.722,37.191,2.834,1.191,1.292
CHE,2023,0.743,5.248,38.679,2.135,0.122,0.237
CHE,2024,1.269,5.066,37.578,1.06,0.578,0.682
CHE,2025,0.876,5.041,36.897,0.229,0.265,0.363
CHE,2026,1.611,5.239,35.963,0.488,0.162,0.251
CHL,1995,8.933,-1.815,17.25,8.233,3.101,4.059
CHL,1996,4.985,-3.798,14.584,7.359,2.071,2.814
CHL,1997,7.392,-4.146,12.78,6.134,2.039,2.689
CHL,1998,4.181,-4.659,12.115,5.11,0.39,0.897
CHL,1999,-0.274,0.256,13.277,3.337,-2.018,-1.477
CHL,2000,4.972,-1.011,13.146,3.843,-0.693,-0.055
CHL,2001,3.154,-1.396,14.348,3.569,-0.495,-0.037
CHL,2002,3.203,-0.683,15.045,2.489,-1.171,-0.678
CHL,2003,4.723,0.216,12.573,2.81,-0.416,0.112
CHL,2004,6.674,3.261,10.314,1.055,2.051,2.549
CHL,2005,5.837,1.913,7.04,3.052,4.568,5.006
CHL,2006,6.05,5.497,5.022,3.392,7.509,7.681
CHL,2007,5.168,5.054,3.901,4.408,7.955,7.77
CHL,2008,3.789,-4.192,4.916,8.716,3.93,3.573
CHL,2009,-1.118,1.44,5.845,1.484,-4.259,-4.459
CHL,2010,5.852,0.896,8.607,1.41,-0.363,-0.312
CHL,2011,6.224,-4.92,11.127,3.341,1.427,1.524
CHL,2012,6.155,-5.326,11.939,3.006,0.682,0.792
CHL,2013,3.309,-4.778,12.784,1.794,-0.47,-0.389
CHL,2014,1.793,-3.462,15.02,4.715,-1.496,-1.352
CHL,2015,2.152,-2.733,17.375,4.349,-2.089,-1.871
CHL,2016,1.753,-2.622,21.101,3.787,-2.661,-2.377
CHL,2017,1.358,-2.756,23.652,2.182,-2.628,-2.267
CHL,2018,3.99,-4.49,25.798,2.319,-1.482,-1.112
CHL,2019,0.634,-5.217,28.33,2.254,-2.731,-2.38
CHL,2020,-6.143,-1.949,32.38,3.045,-7.095,-6.575
CHL,2021,11.315,-7.279,36.448,4.525,-7.525,-6.903
CHL,2022,2.154,-8.849,37.907,11.644,1.36,1.84
CHL,2023,0.521,-3.128,39.415,7.582,-2.273,-1.913
CHL,2024,2.644,-1.469,41.981,3.927,-2.739,-1.977
CHL,2025,2.032,-2.062,42.984,4.363,-2.008,-1.089
CHL,2026,2.182,-2.427,43.415,3.172,-1.09,-0.054
CHN,1995,11.016,,21.424,16.794,-0.944,-0.436
CHN,1996,9.968,,21.221,8.312,-0.733,-0.19
CHN,1997,9.319,3.819,20.394,2.781,-0.726,0.012
CHN,1998,7.934,3.039,20.438,-0.781,-1.076,-0.225
CHN,1999,7.757,1.917,21.609,-1.401,-2.296,-1.642
CHN,2000,8.572,1.674,22.708,0.352,-2.811,-2.088
CHN,2001,8.319,1.288,24.252,0.724,-2.562,-1.848
CHN,2002,9.214,2.383,25.553,-0.766,-2.843,-2.292
CHN,2003,10.121,2.561,26.418,1.162,-2.36,-1.667
CHN,2004,10.115,3.484,26.0,3.893,-1.489,-1.026
CHN,2005,11.437,5.692,25.91,1.809,-1.38,-0.952
CHN,2006,12.665,8.288,25.174,1.467,-1.126,-0.689
CHN,2007,14.154,9.777,28.708,4.774,0.058,0.441
CHN,2008,9.638,9.038,26.715,5.845,-0.024,0.379
CHN,2009,9.445,4.7,33.985,-0.692,-1.721,-1.3
CHN,2010,10.587,3.874,33.343,3.33,-0.356,0.088
CHN,2011,9.451,1.785,33.184,5.416,-0.096,0.388
CHN,2012,7.848,2.481,33.825,2.621,-0.297,0.184
CHN,2013,7.771,1.515,36.438,2.625,-0.823,-0.318
CHN,2014,7.491,2.206,39.308,1.995,-0.672,-0.126
CHN,2015,7.018,2.591,40.782,1.442,-2.5,-1.996
CHN,2016,6.776,1.671,49.72,1.996,-3.326,-2.659
CHN,2017,6.891,1.509,53.903,1.579,-3.339,-2.596
CHN,2018,6.759,0.171,55.577,2.092,-4.202,-3.409
CHN,2019,6.065,0.706,59.441,2.905,-6.005,-5.166
CHN,2020,2.337,1.648,69.035,2.49,-9.563,-8.622
CHN,2021,8.556,1.94,70.147,0.918,-5.902,-5.011
CHN,2022,3.112,2.422,75.453,1.976,-7.319,-6.399
CHN,2023,5.377,1.442,82.014,0.228,-6.708,-5.794
CHN,2024,5.003,2.261,88.327,0.212,-7.344,-6.389
CHN,2025,3.954,1.886,96.306,-0.026,-8.573,-7.34
CHN,2026,3.957,1.684,102.314,0.634,-8.491,-6.984
CIV,1995,5.572,-3.239,,14.1,,
CIV,1996,8.136,-0.967,,2.7,,
CIV,1997,5.723,-0.955,84.182,6.301,-0.749,2.457
CIV,1998,4.931,-1.665,75.16,4.503,-0.697,2.087
CIV,1999,1.618,-0.698,78.018,0.744,-1.268,1.567
CIV,2000,-2.068,-1.625,73.987,2.534,-0.831,2.091
CIV,2001,0.121,-0.396,71.172,4.355,0.699,2.989
CIV,2002,-1.668,4.48,62.982,3.08,-0.637,1.422
CIV,2003,-1.36,1.387,56.381,3.297,-1.261,0.155
CIV,2004,1.232,1.051,56.718,1.459,-1.038,0.463
CIV,2005,1.721,0.168,58.164,3.884,-1.025,0.4
CIV,2006,1.516,1.947,57.471,2.466,-1.034,0.225
CIV,2007,1.765,-0.494,53.533,1.896,-0.389,0.845
CIV,2008,2.543,1.349,51.24,1.706,-0.21,1.045
CIV,2009,3.251,4.82,46.476,0.518,-1.002,0.062
CIV,2010,2.018,1.35,45.612,1.751,-1.337,-0.195
CIV,2011,-4.857,7.504,50.028,4.895,-2.889,-1.579
CIV,2012,10.864,-0.866,24.693,1.3,-2.276,-1.044
CIV,2013,9.272,-0.978,24.624,2.584,-1.621,-0.615
CIV,2014,8.794,1.045,26.71,0.49,-1.568,-0.683
CIV,2015,8.843,-0.44,29.172,1.151,-2.042,-0.944
CIV,2016,7.172,-0.856,31.118,0.649,-2.979,-1.723
CIV,2017,7.412,-1.998,32.595,0.556,-3.274,-2.03
CIV,2018,4.842,-3.904,35.317,0.624,-2.905,-1.569
CIV,2019,6.721,-2.234,37.216,0.806,-2.22,-0.747
CIV,2020,0.701,-3.128,46.315,2.415,-5.419,-3.589
CIV,2021,7.062,-3.946,50.165,4.159,-4.859,-2.916
CIV,2022,6.4,-7.589,56.035,5.208,-6.74,-4.547
CIV,2023,6.45,-8.167,57.528,4.389,-5.194,-2.627
CIV,2024,6.0,-4.171,59.253,3.46,-3.965,-1.303
CIV,2025,6.3,-3.557,58.129,3.0,-3.018,-0.235
CIV,2026,6.4,-2.079,56.446,2.2,-2.956,-0.575
CMR,1995,3.304,0.892,,25.805,,
CMR,1996,4.912,-2.553,,3.921,,
CMR,1997,5.314,-5.129,,4.783,,
CMR,1998,4.895,-1.33,67.759,3.177,,
CMR,1999,4.062,-4.411,68.37,1.832,,
CMR,2000,3.363,-2.132,75.881,1.245,1.545,4.856
CMR,2001,3.356,-3.175,62.182,4.45,0.861,3.444
CMR,2002,4.847,-3.552,56.6,2.817,1.507,3.833
CMR,2003,4.994,-3.75,51.521,0.63,0.56,2.51
CMR,2004,6.561,-2.213,51.728,0.25,-0.456,1.195
CMR,2005,1.218,-2.537,43.843,1.993,3.029,4.284
CMR,2006,3.524,0.925,18.354,4.906,28.214,29.012
CMR,2007,4.1,1.195,13.804,1.125,3.874,4.314
CMR,2008,2.858,-1.629,11.153,5.338,2.0,2.301
CMR,2009,2.619,-4.025,11.256,3.04,-0.041,0.207
CMR,2010,2.935,-3.113,13.989,1.279,-0.932,-0.693
CMR,2011,3.484,-2.446,15.047,2.955,-2.258,-1.949
CMR,2012,4.508,-3.168,14.874,2.384,-1.396,-1.063
CMR,2013,4.987,-3.345,17.472,2.05,-3.555,-3.207
CMR,2014,5.779,-3.852,20.707,1.855,-4.087,-3.702
CMR,2015,5.6,-3.643,31.62,2.678,-4.246,-3.879
CMR,2016,4.479,-3.069,32.108,0.873,-5.881,-5.159
CMR,2017,3.541,-2.632,36.539,0.641,-4.725,-3.895
CMR,2018,4.022,-3.524,38.335,1.064,-2.408,-1.513
CMR,2019,3.422,-4.273,41.597,2.456,-3.244,-2.247
CMR,2020,0.539,-3.701,44.858,2.451,-3.188,-2.347
CMR,2021,3.039,-3.985,47.154,2.262,-3.008,-2.04
CMR,2022,3.737,-3.387,45.579,6.252,-1.112,-0.35
CMR,2023,3.217,-4.098,43.154,7.386,-0.634,0.437
CMR,2024,3.562,-3.252,42.675,4.508,-0.598,0.402
CMR,2025,3.611,-2.78,39.866,3.4,-0.844,0.264
CMR,2026,4.018,-3.854,38.561,3.0,-1.24,-0.206
COD,1995,2.762,0.061,,541.801,,
COD,1996,-1.935,-0.116,,617.0,-0.562,0.116
COD,1997,-7.84,-0.695,,199.0,-1.056,-0.466
COD,1998,-3.875,-2.021,,29.145,-1.548,-0.639
COD,1999,-3.802,-0.588,,284.9,-1.348,-0.863
COD,2000,-8.136,1.027,134.982,550.0,-1.853,-1.377
COD,2001,-2.1,3.808,185.411,357.28,-1.273,-0.398
COD,2002,2.948,4.797,136.042,25.316,0.719,1.225
COD,2003,6.633,5.32,114.464,12.817,-4.242,-1.202
COD,2004,7.661,2.042,164.086,4.001,-1.093,-0.939
COD,2005,9.804,0.992,111.998,21.545,0.607,1.028
COD,2006,5.109,0.334,107.549,12.845,0.985,1.395
COD,2007,8.53,2.83,85.089,16.672,0.41,0.795
COD,2008,7.402,-0.622,80.301,17.966,-0.412,-0.076
COD,2009,0.565,-5.915,91.617,46.101,0.918,1.237
COD,2010,7.843,-9.719,31.796,23.461,-0.966,-0.688
COD,2011,7.593,-4.852,29.321,14.95,-0.964,-0.267
COD,2012,8.669,-4.198,25.128,0.857,1.708,2.28
COD,2013,9.624,-8.908,23.828,0.876,1.756,2.239
COD,2014,7.302,-4.492,22.774,1.24,4.36,4.692
COD,2015,6.36,-3.69,25.483,0.738,0.657,0.961
COD,2016,0.394,-3.871,32.979,3.193,-0.476,-0.217
COD,2017,3.658,-3.146,23.18,35.734,0.239,0.488
COD,2018,4.825,-3.481,19.288,29.266,-1.173,-0.778
COD,2019,4.485,-3.184,19.393,4.705,-2.632,-2.431
COD,2020,1.671,-2.121,24.856,11.358,-3.186,-2.96
COD,2021,1.726,-1.062,24.685,8.989,-1.403,-1.136
COD,2022,9.22,-5.114,22.603,9.266,-0.912,-0.552
COD,2023,8.498,-6.495,25.061,19.894,-1.731,-1.383
COD,2024,6.483,-4.075,19.31,17.653,-2.022,-1.524
COD,2025,4.692,-2.947,16.316,8.894,-2.579,-2.197
COD,2026,5.171,-2.459,13.836,7.153,-1.802,-1.403
COG,1995,3.965,-25.444,0.0,6.3,-6.38,5.884
COG,1996,3.495,-22.916,0.0,7.4,9.195,9.886
COG,1997,-1.004,-6.069,0.0,12.7,3.668,4.115
COG,1998,8.95,-10.743,0.0,2.2,-5.16,-4.976
COG,1999,-3.678,-8.716,0.0,3.0,-4.746,5.56
COG,2000,11.752,17.478,145.02,0.5,1.047,7.236
COG,2001,-4.823,-1.213,180.082,0.844,-0.706,6.191
COG,2002,0.985,5.772,163.513,2.985,-7.342,0.313
COG,2003,0.459,13.683,185.31,1.69,0.366,5.623
COG,2004,-0.197,13.201,122.591,3.67,3.326,8.079
COG,2005,9.211,6.067,99.752,2.466,13.403,17.909
COG,2006,7.986,13.87,94.725,4.658,15.957,20.199
COG,2007,-6.614,-24.0,93.757,2.595,8.986,11.387
COG,2008,6.306,7.462,69.598,6.02,23.897,26.397
COG,2009,11.637,-14.103,83.836,4.339,4.756,6.079
COG,2010,9.931,6.854,43.487,0.391,15.517,16.333
COG,2011,2.206,13.175,34.39,1.761,16.065,16.145
COG,2012,9.947,13.644,30.198,5.009,7.236,7.247
COG,2013,-0.712,10.77,33.937,4.631,-2.849,-2.651
COG,2014,6.717,1.042,42.323,0.912,-10.732,-10.55
COG,2015,-3.551,-38.986,74.184,3.168,-17.805,-17.159
COG,2016,-4.994,-45.252,84.635,3.191,-14.542,-12.699
COG,2017,-5.595,-6.434,88.479,0.449,-5.571,-4.009
COG,2018,-2.304,18.489,71.223,1.153,5.222,6.959
COG,2019,1.124,11.679,77.605,0.4,4.304,7.222
COG,2020,-6.268,12.561,102.514,1.373,-1.105,0.103
COG,2021,1.057,12.824,97.764,1.969,1.629,3.686
COG,2022,1.799,17.683,92.483,3.026,8.944,11.477
COG,2023,1.977,6.452,99.01,4.31,5.805,8.901
COG,2024,2.596,1.335,95.442,3.058,2.607,6.507
COG,2025,3.311,-1.445,91.401,3.3,3.535,6.973
COG,2026,3.166,-2.38,87.086,3.2,2.526,5.806
COL,1995,5.202,-4.16,,20.884,-0.999,0.928
COL,1996,2.056,-3.997,23.286,20.803,-2.495,-0.215
COL,1997,3.43,-4.511,25.263,18.476,-3.227,-1.065
COL,1998,0.57,-4.126,27.454,18.65,-3.864,-1.072
COL,1999,-4.204,0.65,33.983,10.876,-5.367,-2.213
COL,2000,2.925,0.852,37.988,9.218,-2.937,0.776
COL,2001,1.678,-1.066,41.095,7.958,-2.709,1.505
COL,2002,2.504,-1.324,47.546,6.35,-3.452,0.295
COL,2003,3.918,-0.969,45.04,7.12,-2.702,1.289
COL,2004,5.333,-0.666,41.482,5.906,-1.311,1.387
COL,2005,4.447,-1.338,38.533,5.048,-0.021,2.062
COL,2006,6.717,-1.849,35.969,4.303,-0.993,1.692
COL,2007,6.738,-2.982,32.663,5.543,-0.82,1.846
COL,2008,3.283,-2.679,32.382,7.001,0.042,2.2
COL,2009,1.14,-1.907,35.387,4.193,-2.674,-1.052
COL,2010,4.495,-2.996,36.497,2.268,-3.303,-1.252
COL,2011,6.948,-2.906,35.783,3.415,-1.993,0.089
COL,2012,3.913,-3.14,33.967,3.174,0.155,1.821
COL,2013,5.134,-3.236,37.592,2.022,-1.021,0.947
COL,2014,4.499,-5.198,43.319,2.905,-1.744,-0.161
COL,2015,2.956,-6.372,50.375,4.991,-3.52,-1.715
COL,2016,2.087,-4.452,49.904,7.507,-2.274,-0.351
COL,2017,1.359,-3.182,49.449,4.312,-2.496,-0.497
COL,2018,2.564,-4.202,51.761,3.242,-4.668,-2.493
COL,2019,3.187,-4.584,50.972,3.521,-3.482,-1.011
COL,2020,-7.186,-3.428,65.274,2.527,-6.957,-4.39
COL,2021,10.801,-5.635,64.417,3.504,-7.085,-4.352
COL,2022,7.328,-6.041,61.3,10.184,-6.165,-2.359
COL,2023,0.712,-2.262,55.457,11.729,-3.224,0.567
COL,2024,1.744,-1.771,61.277,6.602,-4.728,-0.802
COL,2025,2.415,-2.256,59.724,4.693,-4.445,-0.236
COL,2026,2.625,-2.431,59.903,3.069,-3.269,0.505
COM,1995,5.638,-7.447,77.698,3.15,-4.129,-3.577
COM,1996,-0.51,-6.168,75.352,2.4,-3.426,-2.909
COM,1997,4.41,-6.216,70.885,1.5,-1.3,-0.742
COM,1998,0.025,-6.85,69.362,1.2,-2.003,-1.407
COM,1999,2.698,-3.657,64.48,1.1,-0.456,0.097
COM,2000,-1.007,-0.138,60.706,5.9,-1.138,-0.607
COM,2001,5.42,1.847,52.96,5.571,-2.128,-1.471
COM,2002,4.598,0.387,48.168,3.578,-2.146,-1.545
COM,2003,1.934,-0.926,44.447,3.713,-2.045,-1.444
COM,2004,3.1,-2.438,42.397,4.496,-0.98,-0.459
COM,2005,5.665,-3.375,39.894,3.007,-1.414,-0.972
COM,2006,-1.755,-3.248,38.479,3.389,-1.507,-1.083
COM,2007,0.804,-2.897,35.616,4.486,-1.179,-0.892
COM,2008,3.965,-6.059,33.217,4.816,-1.464,-1.049
COM,2009,3.241,-4.09,31.73,4.789,0.36,0.695
COM,2010,3.778,-0.255,30.459,3.899,4.204,4.512
COM,2011,4.144,-3.613,27.668,2.231,0.861,1.124
COM,2012,3.168,-3.246,25.073,5.91,1.962,2.213
COM,2013,4.466,-4.044,10.277,0.416,10.489,10.599
COM,2014,2.107,-3.778,11.823,-0.008,-0.328,-0.268
COM,2015,1.147,-0.256,14.274,0.941,2.598,2.683
COM,2016,3.32,-4.371,16.162,0.802,-5.52,-5.433
COM,2017,3.816,-2.248,18.934,0.092,-0.098,-0.03
COM,2018,3.642,-2.978,17.022,1.702,-1.347,-1.252
COM,2019,1.761,-3.455,21.229,3.701,-4.295,-4.131
COM,2020,-0.196,-1.809,24.315,0.8,-0.516,-0.266
COM,2021,2.0,-0.32,26.276,-0.015,-2.814,-2.51
COM,2022,2.603,-0.455,28.184,12.444,-4.174,-3.975
COM,2023,2.995,-1.981,28.652,8.482,-1.338,-0.964
COM,2024,3.338,-6.554,30.824,5.048,-3.503,-3.229
COM,2025,3.776,-4.158,32.513,2.22,-2.395,-2.117
COM,2026,4.324,-4.163,34.857,2.2,-2.887,-2.622
CPV,1995,7.492,-10.806,,8.41,-11.131,-10.907
CPV,1996,6.694,-5.734,,6.01,-11.215,-9.434
CPV,1997,7.639,-4.88,79.323,8.574,-10.182,-8.441
CPV,1998,8.413,-8.948,72.938,4.399,-3.162,-0.858
CPV,1999,11.86,-11.91,66.357,4.344,-10.871,-10.664
CPV,2000,7.267,-8.652,71.943,-2.403,-15.532,-13.838
CPV,2001,6.138,-7.553,62.158,3.674,-5.029,-4.55
CPV,2002,5.3,-7.975,64.658,1.918,-6.139,-5.053
CPV,2003,7.502,-8.206,65.582,1.188,-3.627,-2.55
CPV,2004,4.927,-10.493,67.847,-1.891,-2.979,-1.378
CPV,2005,5.81,-2.439,66.713,0.434,-4.693,-3.416
CPV,2006,9.118,-4.12,66.203,4.842,-4.316,-3.274
CPV,2007,15.2,-11.871,59.601,4.4,-0.863,0.1
CPV,2008,7.039,-12.513,57.493,6.774,-1.415,-0.388
CPV,2009,-1.504,-13.408,58.788,1.005,-5.32,-4.54
CPV,2010,1.836,-11.332,73.515,2.074,-9.597,-8.291
CPV,2011,3.925,-14.848,71.56,4.473,-6.976,-5.692
CPV,2012,1.084,-11.466,82.937,2.543,-9.364,-7.804
CPV,2013,0.632,-4.442,93.476,1.506,-8.49,-6.873
CPV,2014,0.697,-8.272,105.589,-0.238,-6.934,-5.197
CPV,2015,0.936,-2.902,115.571,0.143,-4.157,-1.801
CPV,2016,4.281,-3.441,115.403,-1.436,-2.728,-0.457
CPV,2017,4.551,-6.952,112.759,0.783,-2.635,-0.333
CPV,2018,3.705,-4.773,112.001,1.275,-2.364,-0.131
CPV,2019,6.95,0.201,109.419,1.106,-1.617,0.576
CPV,2020,-20.805,-15.341,143.783,0.605,-9.287,-6.666
CPV,2021,7.034,-12.124,149.063,1.863,-7.512,-5.322
CPV,2022,17.439,-3.454,124.026,7.93,-4.146,-1.962
CPV,2023,4.043,-2.125,114.039,3.717,-0.268,1.867
CPV,2024,5.992,-0.264,113.744,1.0,-2.363,-0.152
CPV,2025,4.973,-2.221,109.607,1.5,-1.772,0.298
CPV,2026,4.914,-2.406,103.886,2.0,-0.91,1.248
CRI,1995,4.154,-3.222,,23.186,-3.684,0.856
CRI,1996,1.35,-2.357,33.685,17.512,-4.322,0.597
CRI,1997,5.476,-3.642,30.559,13.248,-3.39,0.872
CRI,1998,7.155,-3.584,40.691,11.66,-2.965,0.761
CRI,1999,4.215,-4.865,38.984,10.045,-2.881,1.581
CRI,2000,3.869,-4.559,38.85,10.961,-3.684,0.529
CRI,2001,3.491,-3.218,39.644,11.256,-3.471,1.088
CRI,2002,3.417,-5.186,41.438,9.167,-4.992,0.002
CRI,2003,4.317,-5.208,40.566,9.448,-3.432,1.416
CRI,2004,4.425,-3.626,41.002,12.315,-3.415,1.361
CRI,2005,3.977,-4.29,37.321,13.798,-2.091,2.021
CRI,2006,7.327,-4.132,33.037,11.471,-1.043,2.718
CRI,2007,8.215,-5.575,26.975,9.357,0.558,3.58
CRI,2008,4.738,-8.378,24.007,13.425,0.182,2.281
CRI,2009,-0.873,-1.823,26.026,7.843,-3.251,-1.208
CRI,2010,5.36,-3.224,28.09,5.663,-4.956,-2.928
CRI,2011,4.403,-5.297,29.513,4.878,-3.91,-1.831
CRI,2012,4.883,-5.105,33.741,4.496,-4.215,-2.229
CRI,2013,2.495,-4.772,35.076,5.231,-5.246,-2.766
CRI,2014,3.542,-4.716,37.436,4.519,-5.454,-2.967
CRI,2015,3.652,-3.404,39.786,0.802,-5.522,-2.871
CRI,2016,4.204,-2.137,44.056,-0.017,-5.094,-2.366
CRI,2017,4.158,-3.617,47.064,1.626,-5.879,-2.902
CRI,2018,2.616,-2.991,51.839,2.221,-5.66,-2.249
CRI,2019,2.418,-1.19,56.431,2.096,-6.684,-2.628
CRI,2020,-4.273,-1.045,66.912,0.725,-8.38,-3.749
CRI,2021,7.936,-3.176,67.628,1.727,-5.086,-0.277
CRI,2022,4.551,-3.282,62.985,8.275,-2.805,2.07
CRI,2023,5.112,-1.432,61.119,0.525,-3.252,1.551
CRI,2024,4.321,-1.354,59.753,-0.412,-3.783,1.06
CRI,2025,3.443,-1.78,59.661,2.16,-3.226,1.339
CRI,2026,3.434,-1.912,58.982,3.0,-2.827,1.458
CYP,1995,9.924,-2.065,46.749,2.612,-0.712,0.237
CYP,1996,1.247,-4.67,48.828,2.582,-2.956,-1.639
CYP,1997,2.641,-4.384,53.479,3.308,-4.821,-3.375
CYP,1998,6.111,2.846,54.986,2.338,-3.851,-1.841
CYP,1999,4.999,-1.622,55.663,1.136,-4.054,-1.986
CYP,2000,5.965,-4.899,55.978,4.858,-2.24,0.078
CYP,2001,3.952,-3.037,57.524,1.988,-2.107,-0.459
CYP,2002,3.723,-3.444,61.01,2.781,-4.131,-1.937
CYP,2003,2.624,-2.042,63.005,3.978,-5.907,-3.263
CYP,2004,5.026,-4.548,64.687,1.896,-3.712,-1.375
CYP,2005,4.853,-5.315,64.029,2.026,-2.224,0.441
CYP,2006,4.714,-6.287,59.031,2.252,-1.041,1.323
CYP,2007,5.096,-10.65,53.15,2.171,3.228,5.371
CYP,2008,3.648,-14.741,44.126,4.384,0.866,3.101
CYP,2009,-2.016,-6.688,52.821,0.18,-5.433,-3.427
CYP,2010,2.282,-10.622,55.34,2.559,-4.684,-3.207
CYP,2011,0.417,-2.205,64.806,3.482,-5.65,-4.066
CYP,2012,-3.447,-3.741,79.152,3.088,-5.551,-2.915
CYP,2013,-6.587,-1.514,102.652,0.38,-5.16,-1.879
CYP,2014,-1.777,-4.001,112.991,-0.268,-8.796,-5.713
CYP,2015,3.418,-0.269,111.554,-1.541,-0.766,2.152
CYP,2016,6.574,-3.951,106.809,-1.216,0.451,2.927
CYP,2017,5.752,-5.016,96.375,0.683,2.129,4.481
CYP,2018,6.272,-3.881,100.657,0.78,-3.363,-1.13
CYP,2019,5.877,-5.513,92.293,0.547,1.031,3.104
CYP,2020,-3.219,-9.698,113.602,-1.102,-5.575,-3.576
CYP,2021,11.385,-5.368,96.48,2.248,-1.643,-0.046
CYP,2022,7.367,-5.385,80.954,8.079,2.648,3.885
CYP,2023,2.611,-9.465,73.631,3.942,2.014,3.235
CYP,2024,3.43,-6.83,65.385,2.265,4.513,5.735
CYP,2025,2.545,-7.265,60.282,2.272,3.838,5.19
CYP,2026,2.663,-7.839,55.019,2.0,3.524,4.806
CZE,1995,,-2.26,13.476,,-12.278,-12.019
CZE,1996,4.525,-6.078,11.506,8.759,-2.976,-2.518
CZE,1997,-0.596,-5.702,12.124,8.596,-3.136,-2.775
CZE,1998,-0.393,-1.867,13.877,10.698,-4.139,-3.694
CZE,1999,1.378,-2.232,15.088,2.135,-3.08,-2.575
CZE,2000,4.011,-4.37,16.895,3.775,-3.547,-3.401
CZE,2001,2.917,-4.803,22.597,4.663,-5.757,-5.422
CZE,2002,1.513,-5.043,25.703,1.903,-6.345,-6.015
CZE,2003,3.301,-5.669,28.062,0.119,-6.875,-6.457
CZE,2004,4.736,-3.705,28.289,2.76,-2.405,-1.807
CZE,2005,6.375,-2.09,27.678,1.857,-3.061,-2.408
CZE,2006,6.623,-2.454,27.565,2.534,-2.186,-1.562
CZE,2007,5.489,-4.592,27.346,2.853,-0.678,-0.054
CZE,2008,2.612,-1.864,28.155,6.359,-1.999,-1.357
CZE,2009,-4.798,-2.261,33.43,1.019,-5.456,-4.527
CZE,2010,2.715,-3.515,36.7,1.473,-4.144,-3.13
CZE,2011,1.772,-2.071,39.402,1.917,-2.712,-1.654
CZE,2012,-0.771,-1.537,43.835,3.288,-3.918,-2.766
CZE,2013,-0.042,-0.522,44.141,1.438,-1.299,-0.213
CZE,2014,2.245,0.18,41.546,0.344,-2.093,-1.004
CZE,2015,4.959,0.446,39.469,0.309,-0.666,0.245
CZE,2016,2.581,1.759,36.232,0.684,0.685,1.463
CZE,2017,5.174,1.541,33.782,2.451,1.46,2.091
CZE,2018,2.83,0.392,31.678,2.149,0.882,1.456
CZE,2019,3.566,0.332,29.552,2.848,0.283,0.769
CZE,2020,-5.305,1.759,36.883,3.161,-5.65,-5.07
CZE,2021,4.029,-2.056,40.692,3.84,-4.951,-4.36
CZE,2022,2.847,-4.685,42.52,15.1,-3.069,-2.554
CZE,2023,-0.055,-0.111,42.449,10.661,-3.781,-3.238
CZE,2024,1.112,1.755,42.988,2.435,-2.21,-0.949
CZE,2025,1.62,-0.075,44.219,2.481,-2.564,-1.303
CZE,2026,1.792,-0.61,45.583,2.0,-2.085,-0.824
DEU,1995,1.512,-1.069,55.288,1.733,-9.437,-6.349
DEU,1996,1.028,-0.485,58.11,1.274,-3.638,-0.585
DEU,1997,1.858,-0.344,59.207,1.507,-3.027,-0.001
DEU,1998,2.103,-0.498,59.809,0.596,-2.65,0.385
DEU,1999,2.127,-1.157,60.349,0.647,-1.866,0.925
DEU,2000,2.881,-1.524,59.239,1.413,-1.714,1.06
DEU,2001,1.633,-0.173,58.062,1.9,-3.125,-0.524
DEU,2002,-0.229,1.954,59.823,1.326,-4.086,-1.457
DEU,2003,-0.536,1.499,63.344,1.074,-3.83,-1.211
DEU,2004,1.171,4.514,64.965,1.78,-3.421,-0.9
DEU,2005,0.883,4.651,67.12,1.928,-3.371,-0.929
DEU,2006,3.862,5.81,66.397,1.775,-1.755,0.628
DEU,2007,2.887,6.672,63.687,2.271,0.155,2.554
DEU,2008,0.91,5.6,65.16,2.754,-0.263,2.069
DEU,2009,-5.548,5.803,72.336,0.246,-3.175,-0.831
DEU,2010,4.147,5.742,81.009,1.119,-4.42,-2.289
DEU,2011,3.764,6.29,78.458,2.482,-0.84,1.155
DEU,2012,0.469,7.188,79.804,2.159,-0.054,1.78
DEU,2013,0.386,6.708,77.435,1.607,0.122,1.555
DEU,2014,2.172,7.233,74.52,0.769,0.731,1.96
DEU,2015,1.656,8.105,71.216,0.68,0.915,1.997
DEU,2016,2.289,8.907,68.282,0.367,1.134,2.066
DEU,2017,2.713,8.067,64.026,1.702,1.338,2.171
DEU,2018,1.116,8.428,60.809,1.935,1.885,2.609
DEU,2019,0.993,7.878,58.701,1.354,1.328,1.919
DEU,2020,-4.1,6.32,68.035,0.371,-4.381,-3.918
DEU,2021,3.67,6.92,68.077,3.212,-3.167,-2.703
DEU,2022,1.367,3.845,64.997,8.666,-2.147,-1.585
DEU,2023,-0.264,5.562,62.878,6.03,-2.48,-1.837
DEU,2024,-0.232,5.729,63.888,2.489,-2.759,-1.903
DEU,2025,-0.05,5.247,65.381,2.086,-2.953,-2.131
DEU,2026,0.922,4.972,66.976,1.946,-3.472,-2.494
DJI,1995,-3.481,37.029,,4.886,-5.131,-4.647
DJI,1996,-3.732,35.798,,3.513,-1.766,-1.275
DJI,1997,-1.216,35.833,,2.52,-2.858,-2.494
DJI,1998,0.114,33.531,,2.205,-3.592,-3.344
DJI,1999,2.919,35.048,,-0.401,-5.197,-4.827
DJI,2000,0.713,19.632,,1.184,-3.974,-3.641
DJI,2001,1.793,43.219,,1.891,-3.606,-3.397
DJI,2002,3.234,51.503,,1.404,-4.565,-4.298
DJI,2003,3.186,47.968,,1.59,-4.134,-3.886
DJI,2004,2.779,30.372,,2.439,-3.669,-3.426
DJI,2005,3.111,30.488,,3.281,-1.178,-0.871
DJI,2006,4.825,4.767,,3.514,0.261,0.58
DJI,2007,5.017,-25.755,,5.896,-1.881,-1.591
DJI,2008,5.806,-33.329,,8.73,0.623,0.871
DJI,2009,1.616,18.67,29.532,5.551,-3.883,-3.566
DJI,2010,4.147,49.499,27.884,2.485,-1.045,-0.752
DJI,2011,7.293,-1.812,25.682,5.242,-1.185,-0.944
DJI,2012,4.842,-23.333,25.05,4.221,-2.042,-1.738
DJI,2013,5.001,-30.751,24.573,1.063,-0.337,-0.104
DJI,2014,7.193,23.893,26.856,1.342,-6.918,-6.692
DJI,2015,7.309,29.46,40.26,-0.522,-15.544,-15.138
DJI,2016,7.123,-1.0,45.923,2.403,-0.758,0.064
DJI,2017,5.458,-4.795,47.99,0.577,-0.211,0.848
DJI,2018,4.774,14.712,47.462,0.139,-1.983,-0.734
DJI,2019,5.545,18.258,41.125,3.318,-0.982,0.314
DJI,2020,1.202,11.652,42.058,1.779,-2.577,-1.942
DJI,2021,4.407,-6.601,40.278,1.181,-3.055,-2.899
DJI,2022,5.167,18.399,38.298,5.172,-1.484,-0.736
DJI,2023,7.372,18.072,35.437,1.447,-3.457,-3.288
DJI,2024,6.513,22.069,33.254,2.114,-4.51,-4.217
DJI,2025,6.008,11.63,31.24,1.648,-3.05,-1.73
DJI,2026,5.51,10.937,28.045,1.86,-2.669,-1.518
DMA,1995,3.03,,57.424,1.293,-2.88,-1.003
DMA,1996,3.105,,53.682,1.701,-1.59,0.377
DMA,1997,2.185,,47.745,2.415,-2.24,-0.182
DMA,1998,3.774,,56.274,0.956,-5.99,-3.997
DMA,1999,0.355,,61.819,1.236,-9.176,-6.057
DMA,2000,2.34,-17.938,68.858,0.848,-8.661,-4.705
DMA,2001,-0.063,-15.325,98.505,1.556,-6.544,-2.488
DMA,2002,-2.829,-14.212,97.875,0.17,-4.071,0.051
DMA,2003,6.353,-15.489,94.918,1.453,0.85,4.523
DMA,2004,3.051,-16.028,86.163,2.394,-0.673,3.77
DMA,2005,0.656,-20.887,82.009,1.682,0.947,5.166
DMA,2006,4.659,-12.774,77.362,2.593,2.928,4.743
DMA,2007,6.354,-20.635,71.765,3.238,1.798,3.709
DMA,2008,7.121,-28.347,64.358,6.36,0.7,2.409
DMA,2009,-1.17,-22.712,62.507,0.006,-0.309,1.032
DMA,2010,0.673,-15.917,66.829,2.81,-3.383,-1.848
DMA,2011,-0.224,-7.658,69.681,1.063,-4.402,-2.869
DMA,2012,-1.059,-17.333,73.107,1.357,-5.414,-3.414
DMA,2013,-1.0,-9.914,73.927,-0.046,-2.883,-0.84
DMA,2014,4.754,-6.831,72.127,0.807,-5.545,-3.955
DMA,2015,-2.732,-7.082,68.873,-0.852,11.379,13.262
DMA,2016,2.764,-8.988,76.538,0.142,11.593,13.228
DMA,2017,-6.619,-11.029,84.011,0.296,-3.266,-1.222
DMA,2018,3.548,-46.653,85.631,0.989,-18.692,-16.745
DMA,2019,5.502,-38.132,97.678,1.505,-8.719,-6.249
DMA,2020,-16.605,-36.965,112.458,-0.727,-7.53,-5.409
DMA,2021,6.892,-33.516,108.501,1.571,-8.222,-5.6
DMA,2022,5.584,-26.97,104.306,7.707,-7.209,-4.314
DMA,2023,4.712,-34.196,99.924,4.208,-4.516,-1.965
DMA,2024,4.55,-32.337,101.036,1.892,-2.891,0.162
DMA,2025,4.22,-30.597,97.784,2.244,-2.686,0.371
DMA,2026,3.264,-23.296,95.168,2.0,-2.206,0.657
DNK,1995,3.039,1.003,71.454,2.038,-3.504,0.14
DNK,1996,2.9,1.648,68.316,2.092,-2.397,0.76
DNK,1997,3.166,1.315,64.388,1.933,-1.219,1.969
DNK,1998,2.324,-0.149,60.319,1.314,-0.283,2.709
DNK,1999,2.971,2.53,56.789,2.041,1.064,3.847
DNK,2000,3.72,1.991,53.553,2.751,1.792,4.204
DNK,2001,0.954,3.644,50.096,2.269,1.125,2.894
DNK,2002,0.454,2.997,50.32,2.397,0.252,2.02
DNK,2003,0.441,3.925,48.162,1.961,0.139,1.65
DNK,2004,2.778,4.035,46.215,0.937,2.235,3.423
DNK,2005,2.357,4.052,39.36,1.726,5.202,6.059
DNK,2006,3.82,3.18,33.191,1.844,5.286,5.868
DNK,2007,0.987,1.292,29.483,1.657,5.308,5.619
DNK,2008,-0.417,2.865,35.539,3.638,3.462,3.429
DNK,2009,-4.978,3.586,43.049,1.042,-2.746,-2.532
DNK,2010,1.584,6.415,46.123,2.198,-2.521,-2.143
DNK,2011,1.313,6.346,49.986,2.656,-1.766,-1.406
DNK,2012,-0.005,6.064,48.711,2.354,-3.202,-2.934
DNK,2013,1.393,7.368,47.77,0.522,-0.944,-0.755
DNK,2014,1.278,8.402,48.712,0.352,1.428,1.67
DNK,2015,2.101,7.957,44.55,0.226,-0.895,-0.511
DNK,2016,3.076,7.088,41.692,0.017,0.302,0.491
DNK,2017,3.056,7.323,40.153,1.058,1.689,1.52
DNK,2018,1.859,6.307,38.539,0.709,0.81,0.394
DNK,2019,1.713,7.446,38.335,0.729,4.283,3.954
DNK,2020,-1.781,7.226,46.278,0.333,0.363,0.051
DNK,2021,7.38,8.678,40.487,1.944,4.098,3.68
DNK,2022,1.541,11.658,34.077,8.534,3.444,3.105
DNK,2023,2.495,9.836,33.589,3.353,3.306,2.463
DNK,2024,3.677,13.022,27.993,1.268,4.5,3.758
DNK,2025,2.9,12.581,26.562,1.936,1.203,0.403
DNK,2026,1.845,12.425,26.112,2.1,0.549,-0.251
DOM,1995,5.7,-1.099,,12.536,,
DOM,1996,5.961,-1.166,,5.399,,
DOM,1997,8.9,-0.814,13.848,8.297,-0.641,0.088
DOM,1998,6.706,-1.561,13.249,4.832,-0.289,0.353
DOM,1999,5.957,-1.939,15.977,6.471,-0.788,-0.122
DOM,2000,4.652,-4.223,16.707,7.723,-0.859,-0.111
DOM,2001,2.469,-2.894,20.351,8.884,-0.728,0.048
DOM,2002,4.487,-2.928,21.487,5.223,-2.277,-1.183
DOM,2003,-1.349,4.815,48.15,27.45,-4.242,-2.622
DOM,2004,2.586,4.628,34.346,51.461,-3.599,-1.826
DOM,2005,9.432,-1.316,38.322,4.19,-0.714,0.515
DOM,2006,9.171,-3.388,36.022,7.573,-1.687,-0.401
DOM,2007,7.418,-4.916,32.907,6.144,0.281,1.402
DOM,2008,3.268,-9.382,33.629,10.644,-3.43,-1.91
DOM,2009,1.003,-4.77,36.763,1.442,-2.896,-1.054
DOM,2010,8.401,-7.47,37.352,6.33,-2.975,-1.136
DOM,2011,3.192,-7.514,39.108,8.459,-3.068,-1.037
DOM,2012,2.776,-6.549,42.404,3.694,-6.265,-4.391
DOM,2013,4.935,-4.1,46.809,4.831,-4.413,-2.183
DOM,2014,7.111,-3.234,45.022,2.999,-2.76,-0.4
DOM,2015,6.988,-1.802,44.812,0.837,-0.033,2.287
DOM,2016,6.72,-1.077,46.685,1.614,-3.109,-0.572
DOM,2017,3.934,-0.168,49.48,3.28,-3.124,-0.548
DOM,2018,7.104,-1.553,50.798,3.564,-2.175,0.431
DOM,2019,4.893,-1.331,53.456,1.811,-3.457,-0.718
DOM,2020,-7.929,-1.691,71.812,3.781,-7.936,-4.683
DOM,2021,14.012,-2.825,62.821,8.243,-2.92,0.175
DOM,2022,5.238,-5.754,59.578,8.812,-3.249,-0.399
DOM,2023,2.192,-3.658,60.511,4.786,-3.28,-0.121
DOM,2024,4.952,-3.344,58.792,3.302,-3.087,0.296
DOM,2025,4.021,-3.278,58.239,4.301,-3.161,0.548
DOM,2026,4.788,-3.397,57.081,3.998,-2.986,0.795
DZA,1995,3.848,-4.9,95.866,29.8,-1.298,1.561
DZA,1996,3.8,2.449,90.676,18.7,2.698,5.888
DZA,1997,1.1,6.598,79.561,5.7,2.192,5.817
DZA,1998,5.1,-1.74,79.89,4.95,-3.52,0.087
DZA,1999,3.2,0.038,69.676,2.6,-1.831,1.684
DZA,2000,3.8,15.386,53.406,0.3,8.913,12.538
DZA,2001,3.0,11.883,50.003,4.2,3.152,6.368
DZA,2002,5.394,7.086,47.312,1.433,0.215,3.014
DZA,2003,6.503,11.987,38.224,4.261,7.217,9.221
DZA,2004,4.531,12.094,32.69,3.968,6.363,7.65
DZA,2005,5.361,19.789,25.366,1.382,11.431,12.365
DZA,2006,2.869,23.52,22.473,2.311,12.869,13.636
DZA,2007,3.135,21.476,12.794,3.679,4.628,5.443
DZA,2008,2.452,19.098,7.637,4.855,7.786,8.313
DZA,2009,1.156,0.273,8.922,5.741,-6.529,-6.187
DZA,2010,4.815,6.838,9.513,3.911,-1.347,-1.096
DZA,2011,2.993,9.07,8.478,4.5,-1.058,-0.822
DZA,2012,2.433,5.411,8.583,8.916,-4.036,-3.798
DZA,2013,2.597,0.363,6.478,3.255,-0.788,-0.546
DZA,2014,4.086,-3.949,6.853,2.917,-7.145,-6.949
DZA,2015,3.162,-14.555,7.731,4.784,-13.879,-13.653
DZA,2016,3.884,-14.645,18.094,6.398,-11.847,-11.61
DZA,2017,1.524,-11.753,24.015,5.591,-7.547,-6.745
DZA,2018,1.44,-8.68,34.493,4.27,-6.154,-5.705
DZA,2019,0.933,-8.746,40.882,1.952,-8.509,-8.015
DZA,2020,-5.017,-11.338,45.967,2.415,-10.518,-9.697
DZA,2021,3.805,-2.428,55.145,7.226,-6.317,-5.744
DZA,2022,3.636,8.446,48.068,9.267,-2.962,-1.821
DZA,2023,4.1,2.413,47.712,9.32,-5.524,-4.348
DZA,2024,3.536,-1.371,46.202,4.046,-12.243,-10.517
DZA,2025,3.496,-3.907,57.798,3.699,-14.38,-12.738
DZA,2026,3.004,-4.591,66.95,3.646,-13.101,-11.327
ECU,1995,2.253,-4.55,,22.886,-2.024,1.707
ECU,1996,1.732,-0.238,,24.4,-3.44,0.255
ECU,1997,4.328,-1.767,,30.6,-2.825,1.098
ECU,1998,3.267,-7.982,,36.1,-5.099,-1.372
ECU,1999,-4.739,4.86,,52.2,-4.825,2.311
ECU,2000,1.092,6.347,,96.1,-0.32,5.709
ECU,2001,4.206,-2.383,63.803,37.674,0.033,4.34
ECU,2002,4.928,-4.506,55.043,12.485,0.738,3.849
ECU,2003,2.885,-1.249,47.198,7.929,1.045,3.692
ECU,2004,6.832,-1.362,40.2,2.741,1.942,4.205
ECU,2005,5.399,1.177,35.758,2.17,0.661,2.664
ECU,2006,4.341,3.808,33.094,3.299,2.921,4.883
ECU,2007,1.902,3.784,29.648,2.276,2.658,4.387
ECU,2008,6.565,2.894,24.873,8.4,0.568,1.72
ECU,2009,1.091,0.521,19.667,5.16,-3.714,-3.133
ECU,2010,4.029,-2.322,18.436,3.554,-1.385,-0.78
ECU,2011,8.481,-0.507,18.607,4.475,-0.127,0.508
ECU,2012,5.783,-0.167,19.341,5.102,-2.835,-2.313
ECU,2013,7.211,-0.966,23.426,2.722,-8.165,-7.931
ECU,2014,4.226,-0.651,28.163,3.589,-8.106,-7.869
ECU,2015,0.12,-2.285,36.438,3.966,-6.866,-6.401
ECU,2016,-0.688,0.922,46.066,1.728,-10.292,-9.678
ECU,2017,5.97,-0.388,47.391,0.417,-5.772,-4.684
ECU,2018,1.044,-1.534,49.505,-0.224,-2.803,-1.396
ECU,2019,0.165,-0.507,52.064,0.266,-3.468,-1.924
ECU,2020,-9.245,2.091,63.551,-0.339,-7.376,-5.761
ECU,2021,9.422,2.741,61.756,0.133,-1.588,-1.42
ECU,2022,5.868,1.84,57.203,3.466,0.045,0.475
ECU,2023,1.988,1.83,54.332,2.216,-3.484,-2.617
ECU,2024,-1.959,5.818,55.039,1.547,-1.332,-0.183
ECU,2025,1.727,3.423,,1.337,,
ECU,2026,2.117,2.641,,1.461,,
EGY,1995,4.484,0.611,,9.361,,
EGY,1996,4.879,-0.259,,7.095,,
EGY,1997,5.919,0.149,,6.167,,
EGY,1998,7.543,-2.779,73.824,5.041,,
EGY,1999,6.11,-1.814,72.398,3.745,2.135,6.626
EGY,2000,5.383,-1.11,71.687,2.849,1.32,5.879
EGY,2001,3.524,-0.033,79.146,2.417,-1.07,2.672
EGY,2002,3.186,0.68,85.776,2.258,-6.768,-2.762
EGY,2003,3.193,2.281,97.095,3.412,-5.729,-1.421
EGY,2004,4.092,4.125,96.512,8.151,-5.762,-1.45
EGY,2005,4.472,3.092,98.263,8.703,-6.687,-2.297
EGY,2006,6.844,1.552,85.924,4.292,-7.355,-2.583
EGY,2007,7.088,1.656,76.268,10.882,-4.899,-0.59
EGY,2008,7.156,0.52,66.761,11.742,-6.049,-2.377
EGY,2009,4.674,-2.231,69.45,16.161,-6.195,-3.196
EGY,2010,5.147,-1.877,69.59,11.658,-7.447,-3.159
EGY,2011,1.765,-2.457,72.83,11.056,-9.6,-4.756
EGY,2012,2.226,-3.445,69.862,8.692,-9.471,-4.68
EGY,2013,3.302,-2.108,79.812,6.916,-12.279,-5.616
EGY,2014,2.93,-0.854,80.874,10.093,-10.723,-4.031
EGY,2015,4.36,-3.468,83.754,10.988,-10.37,-3.908
EGY,2016,4.34,-5.643,91.586,10.212,-11.796,-4.084
EGY,2017,4.19,-5.832,97.8,23.534,-9.898,-2.381
EGY,2018,5.327,-2.266,87.949,20.851,-8.975,-0.401
EGY,2019,5.549,-3.427,80.092,13.875,-7.595,1.288
EGY,2020,3.576,-2.919,86.222,5.7,-7.469,1.188
EGY,2021,3.252,-4.355,89.903,4.5,-6.955,1.071
EGY,2022,6.651,-3.483,88.534,8.5,-5.745,0.463
EGY,2023,3.76,-1.196,95.93,24.392,-5.768,1.051
EGY,2024,2.399,-5.431,90.925,33.302,-7.118,1.705
EGY,2025,3.757,-5.81,86.589,19.651,-12.128,2.294
EGY,2026,4.288,-3.659,85.093,12.472,-10.083,2.599
ERI,1995,2.325,10.333,,11.983,-22.935,-22.312
ERI,1996,9.136,3.04,,10.288,-18.403,-17.352
ERI,1997,7.9,6.815,,3.739,-5.648,-4.364
ERI,1998,1.966,-26.641,,9.467,-40.349,-38.89
ERI,1999,0.187,-33.315,,8.397,-59.742,-57.223
ERI,2000,-12.355,-21.079,219.102,19.947,-25.408,-22.082
ERI,2001,8.755,-24.775,238.566,14.625,-9.616,-5.575
ERI,2002,3.005,-0.07,243.438,16.877,-13.288,-8.831
ERI,2003,-2.656,-2.348,263.987,22.669,6.235,10.322
ERI,2004,1.452,-0.869,193.512,25.111,-7.651,-3.643
ERI,2005,2.574,0.432,205.371,12.506,-30.971,-26.929
ERI,2006,-0.969,-4.631,199.046,7.707,-15.48,-11.308
ERI,2007,1.427,-7.897,201.28,9.409,-19.822,-15.716
ERI,2008,-19.436,-7.642,259.667,22.168,-37.976,-32.421
ERI,2009,12.179,-11.319,207.054,33.852,-22.156,-17.615
ERI,2010,10.853,-11.42,201.787,10.297,-16.516,-12.33
ERI,2011,25.71,12.796,171.569,5.887,-5.502,-2.065
ERI,2012,1.886,12.441,171.577,6.035,-5.215,-1.943
ERI,2013,-10.456,2.278,232.428,6.274,-7.624,-5.647
ERI,2014,30.934,17.689,204.483,8.36,-0.122,1.474
ERI,2015,-20.621,22.392,271.409,28.483,-2.766,-0.779
ERI,2016,7.391,13.433,251.228,-5.577,-1.435,0.73
ERI,2017,-10.015,24.756,290.386,-13.306,-5.736,-3.626
ERI,2018,13.032,15.514,267.092,-14.401,5.224,6.661
ERI,2019,3.836,12.988,260.393,1.3,2.717,4.479
ESP,1995,4.122,-1.194,61.586,4.674,-6.793,-2.383
ESP,1996,2.421,-0.796,65.442,3.599,-5.866,-1.352
ESP,1997,3.865,-0.667,64.286,1.877,-3.859,0.216
ESP,1998,4.469,-1.623,62.355,1.764,-2.627,1.01
ESP,1999,4.745,-3.203,60.853,2.235,-1.24,1.855
ESP,2000,5.053,-4.236,57.841,3.484,-1.161,1.646
ESP,2001,3.919,-4.316,54.052,2.825,-0.455,2.035
ESP,2002,2.761,-3.661,51.237,3.59,-0.317,1.946
ESP,2003,2.937,-3.821,47.687,3.103,-0.375,1.638
ESP,2004,3.11,-5.418,45.333,3.054,-0.095,1.656
ESP,2005,3.552,-7.195,42.395,3.384,1.231,2.716
ESP,2006,4.046,-8.796,39.019,3.561,2.122,3.375
ESP,2007,3.533,-9.351,35.698,2.843,1.883,2.954
ESP,2008,0.766,-8.791,39.609,4.131,-4.56,-3.526
ESP,2009,-3.768,-3.977,53.079,-0.239,-11.237,-9.923
ESP,2010,0.094,-3.558,60.266,2.043,-9.487,-7.967
ESP,2011,-0.638,-2.614,69.528,3.05,-9.695,-7.738
ESP,2012,-2.866,0.156,89.56,2.436,-11.497,-8.962
ESP,2013,-1.428,2.081,100.0,1.53,-7.492,-4.525
ESP,2014,1.521,1.78,104.418,-0.19,-6.073,-3.09
ESP,2015,4.062,2.046,102.442,-0.629,-5.265,-2.675
ESP,2016,2.915,3.147,101.967,-0.337,-4.265,-1.885
ESP,2017,2.894,2.793,101.144,2.036,-3.096,-0.866
ESP,2018,2.394,1.877,99.718,1.736,-2.576,-0.399
ESP,2019,1.961,2.129,97.579,0.78,-3.04,-1.001
ESP,2020,-10.941,0.789,119.179,-0.337,-10.025,-7.999
ESP,2021,6.685,0.773,115.594,3.008,-6.658,-4.723
ESP,2022,6.182,0.35,109.404,8.323,-4.64,-2.54
ESP,2023,2.673,2.655,105.034,3.4,-3.515,-1.731
ESP,2024,3.151,3.024,101.82,2.867,-3.153,-1.337
ESP,2025,2.501,2.419,100.571,2.217,-2.689,-0.493
ESP,2026,1.817,2.229,99.017,1.958,-2.4,0.082
EST,1995,2.155,-4.04,8.659,29.003,-0.257,0.168
EST,1996,4.943,-8.346,7.298,19.742,-0.931,-0.526
EST,1997,13.05,-10.904,6.033,9.311,2.979,3.361
EST,1998,4.34,-8.459,5.398,8.782,0.648,1.044
EST,1999,-0.425,-4.267,5.933,3.098,-3.42,-3.08
EST,2000,10.088,-5.41,5.114,3.932,-0.112,-0.038
EST,2001,5.881,-7.105,4.933,5.626,0.399,0.405
EST,2002,6.933,-11.063,5.66,3.588,0.293,0.291
EST,2003,7.596,-12.867,5.599,1.387,1.665,1.376
EST,2004,6.801,-11.92,5.159,3.038,2.286,2.093
EST,2005,9.523,-8.677,4.733,4.117,1.065,0.86
EST,2006,9.763,-14.925,4.717,4.444,2.706,2.449
EST,2007,7.571,-14.859,3.908,6.745,2.503,2.149
EST,2008,-5.125,-8.656,4.673,10.606,-2.922,-3.346
EST,2009,-14.63,2.55,7.976,0.199,-3.428,-3.652
EST,2010,2.45,1.783,7.99,2.741,-1.088,-1.232
EST,2011,7.607,1.31,7.597,5.08,0.086,-0.052
EST,2012,3.672,-1.879,11.147,4.219,-0.856,-0.921
EST,2013,1.757,-0.14,11.435,3.247,-0.664,-0.713
EST,2014,3.323,0.583,11.563,0.476,0.415,0.385
EST,2015,1.838,1.475,10.79,0.068,-0.242,-0.287
EST,2016,3.093,0.978,10.239,0.8,-0.618,-0.676
EST,2017,5.635,1.685,9.434,3.651,-1.066,-1.086
EST,2018,3.7,0.553,8.507,3.412,-1.146,-1.162
EST,2019,3.727,2.011,9.047,2.268,-0.109,-0.118
EST,2020,-2.884,-2.526,19.096,-0.634,-5.424,-5.395
EST,2021,7.154,-3.608,18.419,4.487,-2.569,-2.551
EST,2022,0.06,-3.894,19.112,19.447,-1.075,-1.012
EST,2023,-3.023,-1.737,20.184,9.116,-3.139,-2.968
EST,2024,-0.261,-1.131,23.619,3.733,-1.685,-1.407
EST,2025,0.74,-2.569,25.405,5.769,-2.692,-2.43
EST,2026,1.825,-2.362,27.298,3.871,-2.894,-2.586
ETH,1995,6.121,2.458,146.579,13.354,-2.757,-1.015
ETH,1996,13.533,0.302,132.798,0.919,-3.928,-2.228
ETH,1997,2.84,-0.264,80.26,-6.42,-1.764,-0.119
ETH,1998,-4.185,-0.537,89.288,3.6,-3.645,-2.087
ETH,1999,6.294,-7.027,97.781,7.941,-8.539,-6.8
ETH,2000,9.838,-2.473,93.633,0.662,-8.88,-7.209
ETH,2001,7.4,-1.352,97.325,-8.238,-3.76,-2.185
ETH,2002,1.6,-4.011,107.363,1.654,-5.764,-4.266
ETH,2003,-2.1,-1.212,103.691,17.762,-5.592,-3.945
ETH,2004,11.7,-3.777,103.104,3.221,-2.651,-1.416
ETH,2005,12.6,-7.374,78.239,11.656,-4.122,-3.18
ETH,2006,11.5,-11.71,79.631,13.558,-3.788,-2.994
ETH,2007,11.8,-6.156,55.704,17.245,-3.567,-2.871
ETH,2008,11.2,-5.643,56.056,44.371,-2.882,-2.429
ETH,2009,10.0,-8.164,29.96,8.479,-0.932,-0.551
ETH,2010,10.6,-4.471,39.436,8.134,-1.321,-0.909
ETH,2011,11.4,-0.674,44.565,33.232,-1.607,-1.236
ETH,2012,8.7,-6.559,39.358,24.132,-1.172,-0.873
ETH,2013,9.9,-5.939,44.104,8.071,-1.931,-1.592
ETH,2014,10.3,-7.916,44.152,7.404,-2.582,-2.225
ETH,2015,10.4,-11.476,50.743,9.569,-1.947,-1.536
ETH,2016,8.0,-10.908,51.803,6.628,-2.3,-1.839
ETH,2017,10.21,-8.457,55.278,10.687,-3.243,-2.793
ETH,2018,7.703,-6.525,58.449,13.833,-3.029,-2.503
ETH,2019,9.037,-5.328,54.699,15.81,-2.533,-2.031
ETH,2020,6.057,-4.6,53.697,20.354,-2.764,-2.365
ETH,2021,6.265,-3.192,53.772,26.794,-2.767,-2.214
ETH,2022,6.362,-4.316,46.927,33.938,-4.159,-3.533
ETH,2023,7.171,-2.924,38.737,30.219,-2.599,-1.974
ETH,2024,8.051,-4.202,32.297,21.746,-1.989,-1.403
ETH,2025,6.612,-4.757,41.806,21.541,-1.7,-0.539
ETH,2026,7.107,-3.225,37.018,12.197,-1.95,-0.698
FIN,1995,4.233,3.832,55.204,0.398,-5.976,-5.203
FIN,1996,3.662,3.518,55.363,1.063,-3.37,-2.018
FIN,1997,6.398,4.753,52.235,1.217,-1.325,0.396
FIN,1998,5.454,4.708,46.843,1.349,1.537,3.064
FIN,1999,4.389,4.846,44.021,1.31,1.596,2.965
FIN,2000,5.754,7.161,42.447,2.952,6.729,7.619
FIN,2001,2.64,7.676,40.897,2.665,4.892,5.356
FIN,2002,1.687,7.821,40.129,2.007,3.975,3.967
FIN,2003,2.012,4.315,42.697,1.29,2.34,2.265
FIN,2004,4.005,5.604,42.577,0.147,2.158,2.085
FIN,2005,2.778,2.877,39.87,0.774,2.589,2.545
FIN,2006,4.019,3.931,38.005,1.275,3.925,3.728
FIN,2007,5.313,4.029,33.906,1.583,5.115,4.777
FIN,2008,0.784,2.543,32.563,3.916,4.18,3.649
FIN,2009,-8.076,1.996,41.534,1.634,-2.484,-2.852
FIN,2010,3.168,1.362,50.113,1.686,-2.575,-2.511
FIN,2011,2.389,-1.551,52.024,3.324,-1.013,-0.991
FIN,2012,-1.523,-2.23,57.856,3.162,-2.155,-1.939
FIN,2013,-0.98,-1.883,60.812,2.216,-2.522,-2.421
FIN,2014,-0.478,-1.357,64.813,1.209,-2.995,-2.841
FIN,2015,0.467,-0.908,68.764,-0.156,-2.427,-2.286
FIN,2016,2.572,-1.969,68.649,0.389,-1.677,-1.392
FIN,2017,3.303,-0.656,66.581,0.839,-0.607,-0.36
FIN,2018,1.193,-1.611,65.278,1.169,-1.13,-0.94
FIN,2019,1.35,-0.138,65.241,1.137,-0.929,-0.791
FIN,2020,-2.491,0.423,75.415,0.383,-5.532,-5.461
FIN,2021,2.676,0.33,73.247,2.066,-2.693,-2.741
FIN,2022,0.763,-2.416,74.034,7.172,-0.174,-0.224
FIN,2023,-0.947,-0.525,77.302,4.34,-2.995,-3.1
FIN,2024,-0.134,0.305,82.53,0.975,-4.211,-4.273
FIN,2025,0.96,-0.505,86.441,1.974,-3.51,-3.179
FIN,2026,1.405,-0.557,88.011,2.0,-2.94,-2.227
FJI,1995,2.6,-1.463,49.094,2.183,0.779,3.498
FJI,1996,4.8,0.813,50.321,3.01,-3.456,-0.847
FJI,1997,-2.4,-2.649,54.395,3.393,-4.505,-1.532
FJI,1998,1.3,-0.416,37.919,5.743,5.397,9.405
FJI,1999,8.7,-2.393,34.721,1.983,1.167,3.496
FJI,2000,-1.7,-3.824,35.921,1.099,-1.33,1.082
FJI,2001,1.9,-4.422,41.934,4.264,-4.501,-1.995
FJI,2002,3.2,0.749,44.538,0.722,-3.68,-1.168
FJI,2003,0.8,-4.077,46.444,4.22,-3.458,-1.03
FJI,2004,5.4,-11.065,45.894,2.827,-0.982,1.416
FJI,2005,-1.3,-5.615,45.318,2.303,-1.179,1.173
FJI,2006,1.9,-13.972,50.325,2.483,-0.757,1.72
FJI,2007,-0.9,-9.586,46.437,4.811,0.357,3.431
FJI,2008,1.0,-13.365,47.932,7.726,1.559,4.36
FJI,2009,-1.4,-2.068,51.501,3.655,-2.764,0.388
FJI,2010,3.0,-3.845,53.355,3.689,-1.295,2.074
FJI,2011,2.7,-4.671,50.977,7.282,-0.719,2.974
FJI,2012,1.411,-0.998,48.625,3.416,-0.683,2.731
FJI,2013,4.734,-8.83,47.399,2.909,-0.079,3.14
FJI,2014,5.604,-5.552,46.207,0.519,-3.484,-0.492
FJI,2015,4.501,-3.257,44.275,1.375,-3.907,-0.863
FJI,2016,2.446,-3.538,44.556,3.863,-5.699,-2.852
FJI,2017,5.353,-6.647,43.427,3.348,-2.094,0.461
FJI,2018,3.812,-8.422,45.768,4.081,-4.376,-1.837
FJI,2019,-0.581,-12.824,48.954,1.773,-3.613,-0.857
FJI,2020,-17.04,-13.693,63.625,-2.595,-8.066,-4.782
FJI,2021,-4.881,-15.792,83.252,0.156,-13.664,-9.718
FJI,2022,19.793,-17.229,91.167,4.32,-12.134,-8.466
FJI,2023,7.524,-7.719,83.302,2.3,-7.186,-3.286
FJI,2024,3.663,-6.711,80.04,4.5,-3.511,0.496
FJI,2025,2.59,-7.048,78.181,3.2,-4.39,-0.334
FJI,2026,2.847,-7.674,78.225,3.1,-4.164,-0.349
FRA,1995,2.457,0.46,57.802,1.769,-5.105,-2.221
FRA,1996,1.347,1.211,60.595,2.079,-3.894,-0.781
FRA,1997,2.515,3.157,61.985,1.27,-3.708,-0.686
FRA,1998,3.466,3.126,62.103,0.673,-2.39,0.5
FRA,1999,3.261,3.895,61.42,0.577,-1.545,1.125
FRA,2000,4.364,1.103,59.721,1.815,-1.316,1.269
FRA,2001,1.846,1.583,59.324,1.784,-1.416,1.2
FRA,2002,1.12,1.155,61.255,1.937,-3.175,-0.536
FRA,2003,0.994,0.84,65.363,2.172,-4.095,-1.564
FRA,2004,2.519,0.535,66.877,2.335,-3.555,-1.041
FRA,2005,1.988,0.104,68.188,1.888,-3.505,-1.066
FRA,2006,2.929,0.254,65.4,1.892,-2.656,-0.282
FRA,2007,2.486,-0.102,65.479,1.605,-2.99,-0.521
FRA,2008,0.265,-0.697,69.819,3.161,-3.501,-0.866
FRA,2009,-2.732,-0.55,84.057,0.102,-7.383,-5.142
FRA,2010,1.843,-0.629,86.279,1.738,-7.159,-4.866
FRA,2011,2.485,-0.858,88.748,2.287,-5.299,-2.814
FRA,2012,0.221,-2.132,91.74,2.217,-5.169,-2.706
FRA,2013,0.915,-0.609,94.546,0.989,-4.936,-2.733
FRA,2014,1.02,-0.913,96.14,0.611,-4.571,-2.468
FRA,2015,0.986,-0.325,96.943,0.089,-3.887,-1.954
FRA,2016,0.728,-0.528,98.126,0.307,-3.763,-1.929
FRA,2017,2.286,-0.547,98.722,1.166,-3.365,-1.635
FRA,2018,1.587,-0.698,98.49,2.099,-2.322,-0.609
FRA,2019,2.076,0.597,98.104,1.298,-2.392,-0.918
FRA,2020,-7.593,-2.053,114.831,0.527,-8.93,-7.665
FRA,2021,6.827,0.277,112.703,2.066,-6.584,-5.217
FRA,2022,2.624,-1.172,111.286,5.904,-4.737,-2.861
FRA,2023,1.116,-0.995,109.733,5.663,-5.447,-3.721
FRA,2024,1.067,0.396,113.105,2.317,-5.786,-3.939
FRA,2025,0.641,0.19,116.301,1.299,-5.461,-3.394
FRA,2026,1.015,-0.183,119.122,1.641,-5.942,-3.68
FSM,1995,,-9.164,53.912,,-0.451,2.599
FSM,1996,-3.35,-19.142,43.393,2.796,2.337,4.915
FSM,1997,-6.249,-31.124,47.173,2.667,2.621,4.954
FSM,1998,2.923,-25.161,42.134,1.633,-3.269,-1.632
FSM,1999,1.113,-21.055,35.874,1.919,-5.175,-3.872
FSM,2000,4.306,-14.708,27.144,1.839,-3.485,-2.69
FSM,2001,2.094,-17.534,23.784,1.317,-5.463,-5.205
FSM,2002,0.26,-10.155,24.304,-0.159,7.205,7.435
FSM,2003,1.551,-6.052,24.93,-0.245,2.618,2.823
FSM,2004,-3.223,-18.764,25.739,1.745,-15.552,-15.346
FSM,2005,2.378,-10.231,25.004,4.087,-5.631,-5.452
FSM,2006,-0.271,-15.739,25.404,4.396,-5.445,-5.269
FSM,2007,-1.728,-10.847,26.037,3.639,-3.548,-3.365
FSM,2008,-2.601,-19.074,29.174,6.572,-1.553,-1.32
FSM,2009,1.069,-21.404,31.124,8.154,1.881,2.172
FSM,2010,2.044,-17.863,29.369,3.618,0.465,0.747
FSM,2011,3.775,-19.447,28.599,3.851,-0.58,-0.242
FSM,2012,-1.67,-13.703,27.291,6.302,0.895,1.225
FSM,2013,-3.661,-10.05,27.941,2.138,2.894,3.312
FSM,2014,-2.587,6.168,28.37,0.724,11.232,11.604
FSM,2015,4.509,4.516,25.969,0.034,10.482,10.848
FSM,2016,0.985,7.268,24.573,-0.916,7.37,7.681
FSM,2017,2.256,10.449,23.923,0.098,14.477,14.731
FSM,2018,0.494,21.438,21.041,1.04,24.676,24.938
FSM,2019,3.363,16.098,19.744,2.209,19.539,19.833
FSM,2020,-1.976,-5.802,21.48,0.964,6.423,6.706
FSM,2021,3.1,2.257,16.956,1.772,4.443,4.685
FSM,2022,-2.906,8.918,15.074,5.02,17.43,17.575
FSM,2023,0.482,3.65,12.863,6.21,9.227,9.372
FSM,2024,0.719,-0.355,10.924,5.439,7.706,7.836
FSM,2025,1.085,-1.332,9.176,4.967,5.889,5.999
FSM,2026,1.509,-3.962,7.301,2.954,0.949,1.05
GAB,1995,4.974,8.797,73.36,9.647,2.643,10.646
GAB,1996,3.625,14.655,64.549,0.69,2.115,8.116
GAB,1997,5.738,9.367,57.04,3.973,1.407,7.298
GAB,1998,3.478,-12.999,87.585,1.449,-13.113,-5.959
GAB,1999,-8.943,7.862,73.086,-1.935,1.114,7.523
GAB,2000,-1.883,18.549,72.497,0.504,11.132,16.65
GAB,2001,2.15,10.3,80.979,2.136,4.067,12.322
GAB,2002,-0.249,6.34,81.07,0.164,3.724,7.812
GAB,2003,2.247,11.764,70.241,2.105,7.752,11.499
GAB,2004,0.69,11.903,60.301,0.408,6.993,10.673
GAB,2005,3.899,20.944,41.7,1.171,7.977,10.566
GAB,2006,-3.633,14.606,34.884,-1.406,8.672,10.868
GAB,2007,6.487,22.061,39.237,5.029,8.062,10.055
GAB,2008,-3.03,24.597,20.053,5.263,10.994,12.642
GAB,2009,-1.196,6.597,25.992,1.885,6.77,8.202
GAB,2010,7.375,17.054,21.295,1.447,2.698,4.059
GAB,2011,7.092,14.305,21.425,1.262,1.41,2.512
GAB,2012,5.251,11.51,21.442,2.683,6.204,7.273
GAB,2013,5.517,8.312,31.113,0.48,-3.069,-1.514
GAB,2014,4.435,6.107,34.063,4.512,5.98,7.595
GAB,2015,3.879,0.98,44.703,-0.143,-1.117,0.909
GAB,2016,2.091,-5.414,64.495,2.086,-4.71,-2.386
GAB,2017,0.473,-0.706,62.926,2.652,-1.699,0.827
GAB,2018,0.909,7.144,62.342,4.777,-0.212,2.196
GAB,2019,3.848,4.6,59.778,2.022,2.127,4.402
GAB,2020,-1.838,-0.496,83.04,1.703,-2.19,1.173
GAB,2021,1.468,3.463,72.945,1.077,-1.927,0.935
GAB,2022,3.038,10.923,65.589,4.25,-0.89,1.68
GAB,2023,2.446,5.382,70.586,3.634,1.793,4.793
GAB,2024,3.074,4.507,73.403,1.164,-3.866,-0.766
GAB,2025,2.774,2.178,79.236,1.516,-5.852,-2.386
GAB,2026,2.603,0.605,83.926,1.966,-6.247,-2.588
GBR,1995,2.386,-0.381,43.653,2.63,-4.988,-2.951
GBR,1996,2.582,-0.264,43.714,2.425,-3.647,-1.624
GBR,1997,4.925,-0.14,44.132,1.825,-2.01,0.117
GBR,1998,3.403,-0.282,41.97,1.557,-0.213,1.763
GBR,1999,3.058,-2.115,40.41,1.329,0.76,2.462
GBR,2000,4.342,-1.831,37.686,0.796,1.395,3.054
GBR,2001,2.573,-1.773,34.958,1.234,0.336,1.82
GBR,2002,1.796,-1.973,35.434,1.259,-1.957,-0.585
GBR,2003,3.152,-1.823,36.764,1.362,-3.215,-1.806
GBR,2004,2.458,-2.302,39.802,1.344,-3.164,-1.697
GBR,2005,2.733,-1.998,41.0,2.057,-3.15,-1.552
GBR,2006,2.381,-3.12,42.058,2.329,-2.759,-1.147
GBR,2007,2.625,-3.729,43.174,2.323,-2.654,-0.963
GBR,2008,-0.249,-3.862,50.827,3.602,-5.087,-3.536
GBR,2009,-4.621,-3.068,64.915,2.165,-10.057,-8.583
GBR,2010,2.233,-2.761,75.86,3.298,-9.219,-6.684
GBR,2011,1.138,-1.63,81.425,4.464,-7.378,-4.577
GBR,2012,1.509,-3.146,84.483,2.828,-7.449,-5.089
GBR,2013,1.8,-4.644,85.316,2.565,-5.344,-3.944
GBR,2014,3.195,-5.022,87.094,1.461,-5.529,-3.695
GBR,2015,2.223,-4.948,87.867,0.04,-4.594,-3.081
GBR,2016,1.922,-5.448,87.825,0.66,-3.312,-1.687
GBR,2017,2.657,-3.493,86.723,2.683,-2.491,-0.667
GBR,2018,1.405,-3.927,86.345,2.478,-2.27,-0.582
GBR,2019,1.624,-2.688,85.657,1.791,-2.472,-1.028
GBR,2020,-10.297,-2.934,105.84,0.851,-13.173,-12.034
GBR,2021,8.576,-0.437,105.131,2.588,-7.725,-5.58
GBR,2022,4.839,-2.102,99.614,9.067,-4.556,-0.912
GBR,2023,0.397,-3.509,100.354,7.303,-6.054,-3.65
GBR,2024,1.101,-3.366,101.227,2.53,-5.749,-3.786
GBR,2025,1.077,-3.684,103.894,3.125,-4.422,-1.89
GBR,2026,1.407,-3.683,105.399,2.248,-3.736,-1.089
GEO,1995,2.6,-17.7,,,-4.888,-2.725
GEO,1996,10.5,-12.17,,,-5.91,-4.461
GEO,1997,10.327,-12.722,,7.161,-6.632,-4.857
GEO,1998,3.02,-12.379,,3.564,-3.963,-1.502
GEO,1999,2.898,-9.688,,19.144,-4.703,-2.134
GEO,2000,1.865,-5.595,58.516,4.024,-1.921,0.813
GEO,2001,4.769,-5.953,52.984,4.688,-0.707,1.005
GEO,2002,5.487,-6.21,50.264,5.579,-0.186,1.727
GEO,2003,11.228,-9.316,54.552,4.785,-0.548,1.367
GEO,2004,5.796,-6.76,44.277,5.656,3.592,4.987
GEO,2005,9.588,-10.556,35.322,8.247,2.145,3.15
GEO,2006,9.42,-14.93,28.279,9.161,3.284,4.015
GEO,2007,12.579,-19.048,22.536,9.245,0.809,1.367
GEO,2008,2.419,-21.364,26.346,9.999,-1.922,-1.307
GEO,2009,-3.651,-10.31,33.649,1.728,-6.365,-5.439
GEO,2010,6.942,-9.648,31.448,7.11,-4.477,-3.546
GEO,2011,7.949,-11.91,27.687,8.543,-0.808,0.296
GEO,2012,6.579,-11.144,28.123,-0.944,-0.71,0.199
GEO,2013,5.134,-5.455,28.942,-0.512,-1.248,-0.433
GEO,2014,4.091,-9.931,30.335,3.069,-1.779,-0.996
GEO,2015,3.351,-11.607,36.015,4.004,-1.163,-0.208
GEO,2016,3.45,-12.211,39.465,2.135,-1.49,-0.388
GEO,2017,5.161,-7.942,38.894,6.035,-0.452,0.713
GEO,2018,6.062,-6.659,38.221,2.615,-0.803,0.344
GEO,2019,5.38,-5.992,40.049,4.853,-1.825,-0.596
GEO,2020,-6.291,-12.432,59.559,5.202,-9.158,-7.612
GEO,2021,10.644,-10.307,49.094,9.567,-5.972,-4.655
GEO,2022,10.96,-4.421,39.169,11.898,-2.199,-1.155
GEO,2023,7.832,-5.551,38.923,2.488,-2.329,-0.851
GEO,2024,9.429,-4.416,36.095,1.11,-2.295,-0.68
GEO,2025,5.977,-4.376,35.849,3.624,-2.564,-0.759
GEO,2026,5.0,-4.71,35.28,3.227,-2.349,-0.606
GHA,1995,4.233,-0.918,47.556,59.317,-4.521,-2.774
GHA,1996,4.765,-1.846,42.871,44.487,-5.613,-3.483
GHA,1997,5.797,-2.379,45.151,24.825,-6.142,-3.603
GHA,1998,5.01,-2.816,37.59,19.208,-5.271,-2.461
GHA,1999,4.529,-5.033,51.661,12.471,-5.644,-3.394
GHA,2000,3.596,-3.13,74.463,25.113,-3.98,-0.959
GHA,2001,3.828,-3.26,57.769,32.932,-3.637,-1.178
GHA,2002,4.617,-0.691,54.061,14.846,-2.726,-0.893
GHA,2003,5.112,0.541,49.299,26.626,-1.994,0.519
GHA,2004,5.404,-2.713,38.364,12.666,-2.024,-0.25
GHA,2005,6.23,-4.182,31.695,15.095,-1.874,-0.393
GHA,2006,5.817,-3.36,17.291,11.683,-3.108,-1.719
GHA,2007,4.074,-5.9,21.061,10.729,-4.915,-3.624
GHA,2008,9.003,-8.241,23.186,16.505,-5.557,-3.994
GHA,2009,5.681,-3.767,25.39,13.139,-5.046,-3.069
GHA,2010,7.778,-6.094,32.924,6.698,-7.128,-4.913
GHA,2011,13.955,-6.604,31.221,7.676,-5.465,-3.489
GHA,2012,8.422,-8.8,35.473,7.072,-8.357,-5.743
GHA,2013,7.241,-9.076,42.93,11.666,-9.117,-5.585
GHA,2014,2.856,-6.757,50.111,15.486,-7.812,-3.35
GHA,2015,2.121,-5.711,53.896,17.153,-4.007,0.938
GHA,2016,3.373,-5.06,55.942,17.455,-6.746,-1.496
GHA,2017,8.129,-3.316,56.984,12.372,-3.966,1.198
GHA,2018,6.2,-3.037,61.976,9.837,-6.791,-1.351
GHA,2019,6.508,-2.232,58.344,7.208,-7.519,-1.975
GHA,2020,0.514,-2.534,72.337,9.918,-17.443,-11.167
GHA,2021,5.076,-2.713,79.179,9.976,-12.032,-4.771
GHA,2022,3.818,-2.302,85.743,31.921,-11.76,-4.323
GHA,2023,3.128,-1.601,76.37,39.21,-3.366,-0.319
GHA,2024,5.685,1.596,70.508,22.875,-7.679,-3.711
GHA,2025,4.026,1.644,66.437,17.171,-2.763,1.477
GHA,2026,4.793,1.333,62.652,9.383,-1.979,1.5
GIN,1995,4.68,-5.297,66.534,5.554,-1.071,-0.04
GIN,1996,4.462,-6.216,67.677,2.986,-2.201,-1.227
GIN,1997,5.182,-4.61,67.868,1.937,0.066,1.248
GIN,1998,3.644,-6.395,75.938,5.103,2.461,3.497
GIN,1999,3.812,-5.326,92.251,4.554,-1.299,-0.179
GIN,2000,2.503,-3.045,91.492,6.766,-2.421,-1.148
GIN,2001,3.658,0.326,90.436,5.377,-3.23,-2.023
GIN,2002,5.165,-0.008,82.61,2.96,-3.373,-2.049
GIN,2003,1.249,-0.049,81.572,11.036,-4.655,-3.039
GIN,2004,2.34,-1.83,86.866,17.463,-3.846,-1.846
GIN,2005,2.997,-0.83,97.915,31.358,-1.055,0.949
GIN,2006,2.497,-3.125,95.222,34.702,-2.129,0.34
GIN,2007,6.512,-7.298,60.8,22.861,1.281,2.847
GIN,2008,4.142,-6.582,58.463,18.367,0.385,2.102
GIN,2009,-1.538,-5.64,61.332,4.682,-4.868,-3.44
GIN,2010,4.219,-6.397,71.141,15.466,-9.661,-8.267
GIN,2011,5.614,-16.344,53.85,21.351,-0.921,0.548
GIN,2012,5.913,-19.704,26.867,15.227,23.717,25.023
GIN,2013,3.946,-12.513,33.967,11.887,-3.857,-3.005
GIN,2014,3.697,-14.393,35.158,9.712,-3.014,-2.046
GIN,2015,3.826,-12.543,44.389,8.151,-6.531,-5.707
GIN,2016,10.821,-30.656,43.009,8.174,-0.084,1.012
GIN,2017,10.3,-6.745,41.884,8.914,-1.985,-1.074
GIN,2018,6.358,-18.497,39.267,9.826,-0.974,-0.151
GIN,2019,5.617,-15.505,38.576,9.471,-0.169,0.298
GIN,2020,4.704,-16.236,47.929,10.602,-3.0,-2.329
GIN,2021,5.583,4.139,42.88,12.597,-1.635,-1.146
GIN,2022,3.972,-4.883,40.591,10.499,-0.431,0.037
GIN,2023,6.242,-8.208,37.343,7.831,-1.761,-1.31
GIN,2024,6.073,-19.126,47.841,8.112,-3.088,-1.965
GIN,2025,7.086,-15.956,39.597,3.5,-2.772,-1.488
GIN,2026,10.609,-5.019,35.098,3.0,-2.716,-1.527
GMB,1995,3.32,-1.742,,6.981,,
GMB,1996,2.906,-5.548,,1.099,,
GMB,1997,1.417,-0.493,,2.781,,
GMB,1998,6.5,-0.999,,1.114,,
GMB,1999,6.399,-1.18,,3.807,,
GMB,2000,5.525,-3.435,73.25,0.851,-0.091,1.824
GMB,2001,5.753,-3.297,75.23,4.492,-2.523,-0.655
GMB,2002,-3.247,-3.683,93.875,8.61,0.059,2.157
GMB,2003,6.874,-4.626,91.694,17.032,-1.732,0.794
GMB,2004,7.046,-2.72,81.303,14.287,-1.766,1.239
GMB,2005,-2.352,-6.283,82.596,4.959,-3.332,0.518
GMB,2006,-0.556,-4.296,87.344,2.056,-3.194,-0.079
GMB,2007,3.043,-5.18,38.023,5.37,0.275,2.835
GMB,2008,6.256,-7.563,39.528,4.451,-0.454,0.957
GMB,2009,6.666,-7.783,38.868,4.554,-1.648,0.271
GMB,2010,5.908,-10.049,42.949,5.049,-2.928,-1.156
GMB,2011,-8.13,-7.437,49.241,4.796,-3.028,-0.699
GMB,2012,5.242,-4.478,49.492,4.645,-2.848,-0.177
GMB,2013,2.873,-6.738,58.244,5.241,-5.106,-2.465
GMB,2014,-1.407,-7.339,71.086,6.262,-3.937,-0.244
GMB,2015,4.058,-9.888,69.369,6.808,-5.375,-0.599
GMB,2016,1.943,-9.221,79.338,7.225,-6.224,-1.159
GMB,2017,4.823,-7.374,86.979,8.049,-4.349,-0.03
GMB,2018,7.235,-9.491,83.596,6.521,-3.923,-0.844
GMB,2019,6.222,-6.149,82.967,7.116,-2.746,0.385
GMB,2020,0.591,-5.783,85.888,5.931,-2.369,0.81
GMB,2021,5.256,-4.176,83.113,7.37,-4.766,-1.752
GMB,2022,5.493,-4.226,83.863,11.513,-5.006,-2.846
GMB,2023,4.798,-5.396,75.747,16.966,-3.519,-1.458
GMB,2024,5.816,-5.61,72.946,11.564,-3.894,-0.986
GMB,2025,5.913,-4.903,67.475,9.288,-1.35,1.633
GMB,2026,5.028,-3.159,63.104,6.7,-0.369,2.239
GNB,1995,4.016,-4.523,,45.133,2.45,4.229
GNB,1996,3.747,-6.004,,50.933,3.478,5.411
GNB,1997,5.994,-4.676,94.333,49.065,-2.556,-0.445
GNB,1998,-22.446,-3.556,109.103,8.071,-5.954,-3.574
GNB,1999,16.815,-2.192,109.897,-2.092,-4.065,-1.598
GNB,2000,1.1,2.725,217.139,8.61,-2.801,0.365
GNB,2001,4.786,-3.875,204.442,3.252,-1.826,2.22
GNB,2002,3.654,-3.28,197.471,3.302,-3.704,-1.588
GNB,2003,-0.286,-2.523,183.384,-3.474,-5.628,-3.495
GNB,2004,1.172,-1.574,201.959,0.821,-5.92,-3.273
GNB,2005,6.56,-1.635,203.651,3.358,-4.96,-3.054
GNB,2006,2.667,-6.22,190.407,1.953,-4.574,-3.653
GNB,2007,2.56,-4.072,163.97,4.627,-8.774,-7.07
GNB,2008,4.525,-3.024,148.815,10.445,-0.735,0.987
GNB,2009,2.448,-5.393,148.258,-1.637,2.679,3.839
GNB,2010,5.605,-7.529,61.726,1.071,-0.225,-0.079
GNB,2011,8.085,-1.208,45.619,5.055,-1.354,-1.236
GNB,2012,-1.713,-7.925,47.388,2.061,-2.123,-2.098
GNB,2013,3.256,-4.345,49.645,0.779,-1.673,-1.604
GNB,2014,0.965,0.494,60.115,-1.032,-2.436,-1.956
GNB,2015,6.134,1.824,56.347,1.481,-3.161,-2.486
GNB,2016,5.307,1.358,59.095,2.707,-5.341,-4.654
GNB,2017,4.789,0.263,51.783,-0.186,-1.321,-0.845
GNB,2018,3.761,-3.484,59.068,0.381,-4.764,-4.138
GNB,2019,4.5,-8.544,65.129,0.286,-3.861,-2.801
GNB,2020,1.5,-2.558,77.592,1.463,-9.638,-8.125
GNB,2021,6.2,-0.819,78.797,3.274,-5.882,-4.276
GNB,2022,4.6,-8.628,80.69,7.917,-6.056,-4.698
GNB,2023,5.2,-8.593,79.39,7.164,-8.152,-5.526
GNB,2024,4.7,-8.677,82.286,3.704,-7.262,-3.932
GNB,2025,5.1,-5.512,79.393,2.0,-3.149,-0.183
GNB,2026,5.0,-4.644,76.728,2.0,-3.139,-0.272
GNQ,1995,26.51,-73.215,136.874,19.872,-123.416,-117.68
GNQ,1996,52.678,-124.557,91.186,4.541,-6.355,-2.728
GNQ,1997,147.973,-27.304,46.261,3.017,3.214,4.578
GNQ,1998,24.815,-90.323,59.233,7.936,-7.651,-5.936
GNQ,1999,26.395,-29.488,60.478,0.372,-0.191,0.899
GNQ,2000,110.505,-30.391,36.627,4.836,-2.667,-2.219
GNQ,2001,60.023,-48.795,25.477,8.739,14.909,15.486
GNQ,2002,19.621,-53.927,19.447,7.582,17.594,17.867
GNQ,2003,14.455,-5.044,6.775,7.324,7.854,7.878
GNQ,2004,30.391,7.655,4.538,4.237,13.912,13.994
GNQ,2005,8.21,16.805,2.849,5.637,18.547,18.597
GNQ,2006,6.501,19.213,1.22,4.465,21.795,21.816
GNQ,2007,15.282,16.66,0.754,2.798,17.16,17.174
GNQ,2008,17.799,7.85,0.488,4.652,14.614,14.642
GNQ,2009,1.343,-9.732,4.337,5.71,-6.475,-6.426
GNQ,2010,-8.924,-20.244,7.894,5.346,-4.533,-4.291
GNQ,2011,6.524,-5.675,7.17,4.799,0.835,1.11
GNQ,2012,8.313,-1.125,7.097,3.442,-7.239,-6.96
GNQ,2013,-4.133,-2.397,6.272,3.179,-4.403,-4.055
GNQ,2014,0.415,-4.251,12.56,4.296,-7.541,-7.076
GNQ,2015,-9.11,-17.741,31.657,1.695,-15.097,-14.707
GNQ,2016,-8.816,-25.982,41.139,1.398,-10.917,-10.507
GNQ,2017,-5.668,-7.814,36.235,0.746,-2.59,-2.167
GNQ,2018,-6.237,-2.684,40.569,1.346,0.522,1.166
GNQ,2019,-5.482,-7.541,43.189,1.244,1.824,2.686
GNQ,2020,-4.791,-0.79,49.386,4.766,-1.771,-0.433
GNQ,2021,0.86,4.211,42.293,-0.094,2.653,3.689
GNQ,2022,3.224,2.095,29.759,4.869,11.667,12.687
GNQ,2023,-5.089,-1.264,36.266,2.51,2.387,3.475
GNQ,2024,1.861,-2.354,36.201,3.162,-1.235,-0.28
GNQ,2025,-4.204,-1.712,35.074,4.0,-0.776,0.386
GNQ,2026,,-2.43,36.493,3.5,-2.067,-0.832
GRC,1995,2.1,-2.38,100.387,8.788,-9.868,0.977
GRC,1996,1.382,-3.574,103.724,7.873,-8.351,2.149
GRC,1997,3.603,-3.837,102.599,5.441,-6.248,2.345
GRC,1998,3.437,-2.714,100.785,4.517,-6.485,1.48
GRC,1999,2.659,-3.721,102.843,2.141,-6.024,1.86
GRC,2000,4.138,-6.149,108.854,2.897,-4.215,2.894
GRC,2001,4.65,-7.109,110.535,3.642,-5.642,0.846
GRC,2002,4.683,-6.433,107.871,3.921,-6.197,-0.468
GRC,2003,5.797,-6.47,104.259,3.45,-8.047,-3.014
GRC,2004,5.378,-5.673,105.493,3.02,-9.053,-4.146
GRC,2005,1.183,-7.515,109.859,3.486,-6.33,-1.528
GRC,2006,6.443,-11.041,105.334,3.314,-6.045,-1.554
GRC,2007,3.507,-14.128,104.637,2.989,-6.807,-2.241
GRC,2008,0.058,-14.679,110.907,4.23,-10.315,-5.434
GRC,2009,-4.119,-11.018,128.482,1.347,-15.424,-10.314
GRC,2010,-5.694,-10.066,147.846,4.704,-11.424,-5.316
GRC,2011,-9.877,-10.141,175.076,3.118,-10.5,-2.833
GRC,2012,-8.331,-2.595,164.278,1.035,-6.937,-1.517
GRC,2013,-2.272,-2.609,180.51,-0.854,-4.059,0.105
GRC,2014,0.792,-2.51,182.824,-1.394,-4.292,-0.277
GRC,2015,-0.228,-1.487,180.001,-1.094,-3.031,0.551
GRC,2016,-0.032,-2.374,183.675,0.013,0.28,3.497
GRC,2017,1.473,-2.568,182.623,1.138,1.055,4.192
GRC,2018,2.065,-3.556,189.553,0.774,0.778,4.144
GRC,2019,2.277,-2.211,183.691,0.517,-0.086,2.886
GRC,2020,-9.196,-7.238,209.927,-1.262,-10.337,-7.382
GRC,2021,8.654,-6.984,197.806,0.574,-7.441,-4.988
GRC,2022,5.744,-10.678,178.441,9.3,-2.456,0.032
GRC,2023,2.332,-6.701,165.154,4.155,-1.315,2.068
GRC,2024,2.272,-6.932,150.891,2.997,-0.315,2.94
GRC,2025,2.03,-6.538,142.169,2.44,-0.484,2.468
GRC,2026,1.755,-5.902,137.926,2.078,-0.587,2.363
GRD,1995,2.196,,43.082,3.027,-0.461,1.115
GRD,1996,4.386,,43.869,2.032,-3.019,-1.277
GRD,1997,4.916,,41.428,1.245,-4.94,-3.11
GRD,1998,11.808,,40.271,1.405,-2.394,-1.173
GRD,1999,6.981,,34.484,0.574,-1.701,0.064
GRD,2000,5.063,,41.626,2.142,-2.071,-0.351
GRD,2001,-2.024,,44.608,1.671,-6.053,-4.068
GRD,2002,3.438,,79.09,1.067,-13.897,-10.348
GRD,2003,9.464,,79.562,2.155,-2.814,1.1
GRD,2004,-0.647,,94.694,2.313,-0.575,3.112
GRD,2005,13.273,,87.312,3.476,0.901,2.491
GRD,2006,-3.993,,92.923,4.252,-5.228,-3.763
GRD,2007,6.124,,89.056,3.859,-5.907,-4.24
GRD,2008,0.948,,83.913,8.033,-3.718,-2.007
GRD,2009,-6.613,,91.094,-0.309,-4.402,-2.179
GRD,2010,-0.511,,96.216,3.437,-4.071,-1.91
GRD,2011,0.765,,102.782,3.033,-4.857,-2.402
GRD,2012,-1.155,,101.501,2.411,-5.441,-2.031
GRD,2013,2.351,,105.437,-0.044,-7.25,-3.939
GRD,2014,7.342,-9.082,99.34,-0.983,-4.197,-0.654
GRD,2015,6.445,-10.617,90.1,-0.515,-0.8,2.54
GRD,2016,3.74,-8.849,81.568,1.644,2.691,5.561
GRD,2017,4.439,-11.464,70.403,0.912,3.014,5.679
GRD,2018,4.361,-12.758,68.536,0.806,4.589,6.597
GRD,2019,0.677,-10.329,62.7,0.598,4.97,6.821
GRD,2020,-13.757,-16.106,89.493,-0.742,-4.545,-2.56
GRD,2021,4.687,-14.372,86.554,1.221,0.313,2.1
GRD,2022,7.321,-12.054,78.795,2.561,0.95,2.565
GRD,2023,4.716,-18.381,75.218,2.715,8.012,9.503
GRD,2024,3.6,-18.658,73.184,1.407,6.678,9.986
GRD,2025,3.892,-15.761,71.394,1.255,-8.849,-4.353
GRD,2026,3.314,-11.892,66.511,1.996,-3.308,-1.256
GTM,1995,4.4,-4.071,,8.414,-0.528,0.531
GTM,1996,2.8,-3.012,,11.06,0.037,1.204
GTM,1997,4.1,-3.73,,9.231,-0.79,-0.001
GTM,1998,4.6,-5.629,,6.61,-2.291,-1.138
GTM,1999,3.7,-5.889,,5.212,-2.962,-1.569
GTM,2000,2.5,-5.791,17.999,5.976,-1.877,-0.575
GTM,2001,3.104,-6.138,19.11,7.294,-2.003,-0.526
GTM,2002,3.839,-5.754,17.362,8.134,-1.032,0.291
GTM,2003,2.56,-4.416,19.803,5.602,-2.469,-1.232
GTM,2004,3.138,-4.662,20.553,7.573,-1.048,0.262
GTM,2005,3.276,-4.403,20.017,9.111,-1.67,-0.312
GTM,2006,5.351,-4.868,20.86,6.561,-1.878,-0.541
GTM,2007,6.338,-5.098,20.779,6.822,-1.403,0.045
GTM,2008,3.294,-3.861,19.57,11.351,-1.57,-0.247
GTM,2009,0.477,0.19,22.78,1.862,-3.12,-1.709
GTM,2010,2.884,-1.848,24.006,3.95,-3.277,-1.8
GTM,2011,4.164,-3.332,23.769,6.197,-2.804,-1.322
GTM,2012,2.975,-3.701,24.557,3.8,-2.416,-0.876
GTM,2013,3.695,-4.225,25.035,4.341,-2.164,-0.586
GTM,2014,4.444,-3.301,24.651,3.423,-1.921,-0.45
GTM,2015,4.092,-1.244,24.803,2.388,-1.472,0.128
GTM,2016,2.678,0.965,24.939,4.45,-1.11,0.429
GTM,2017,3.08,1.197,25.077,4.423,-1.384,0.136
GTM,2018,3.407,0.886,26.414,3.752,-1.881,-0.342
GTM,2019,4.018,2.361,26.414,3.701,-2.236,-0.605
GTM,2020,-1.786,5.049,31.491,3.212,-4.91,-3.188
GTM,2021,8.033,2.167,30.609,4.263,-1.162,0.564
GTM,2022,4.2,1.252,29.009,6.882,-1.695,-0.039
GTM,2023,3.527,3.117,27.202,6.209,-1.251,0.381
GTM,2024,3.689,2.678,26.477,2.869,-1.007,0.613
GTM,2025,4.1,2.251,27.232,2.972,-2.499,-0.825
GTM,2026,3.8,1.466,27.684,4.272,-2.526,-0.863
GUY,1995,5.055,-4.255,,12.222,,
GUY,1996,7.956,-2.124,,7.092,,
GUY,1997,6.185,-5.136,101.335,3.556,-1.698,2.772
GUY,1998,-1.707,-6.088,108.037,4.568,-2.67,1.173
GUY,1999,2.986,-1.373,97.104,7.533,-0.469,3.101
GUY,2000,-1.345,-4.656,97.23,6.112,-2.273,2.123
GUY,2001,2.26,-4.695,104.646,2.648,-3.708,0.437
GUY,2002,1.149,-3.194,105.078,5.36,-2.419,1.241
GUY,2003,-0.652,-2.854,95.617,5.979,-4.81,-2.12
GUY,2004,1.566,-1.153,91.77,4.67,-2.88,-0.528
GUY,2005,-1.942,-5.704,90.741,6.925,-6.54,-4.414
GUY,2006,5.127,-8.643,74.498,6.677,-6.163,-4.301
GUY,2007,7.02,-5.907,46.993,12.2,-3.353,-1.976
GUY,2008,1.977,-9.323,47.598,8.102,-2.775,-1.484
GUY,2009,3.319,-5.635,51.691,2.952,-2.499,-1.501
GUY,2010,4.371,-6.504,52.52,4.302,-1.879,-0.797
GUY,2011,5.437,-9.421,51.189,4.408,-2.134,-1.15
GUY,2012,5.039,-7.431,44.297,2.391,-3.111,-2.48
GUY,2013,3.653,-9.941,41.054,1.909,-2.163,-1.616
GUY,2014,1.686,-6.676,38.284,0.684,-3.876,-3.307
GUY,2015,0.687,-3.44,41.825,-0.865,-0.749,-0.158
GUY,2016,3.807,1.453,43.844,0.827,-3.212,-2.615
GUY,2017,3.734,-4.887,42.894,1.944,-3.135,-2.463
GUY,2018,4.441,-28.974,47.033,1.272,-2.519,-1.914
GUY,2019,5.353,-68.779,43.562,2.092,-2.517,-1.968
GUY,2020,43.48,-17.334,51.082,1.232,-7.782,-7.263
GUY,2021,20.06,-24.802,41.169,3.321,-6.939,-6.466
GUY,2022,63.334,25.853,24.832,6.477,-5.112,-4.82
GUY,2023,33.769,9.929,26.65,4.519,-5.784,-5.434
GUY,2024,43.569,24.607,24.267,2.455,-7.353,-7.024
GUY,2025,10.315,8.931,27.695,3.557,-4.951,-4.489
GUY,2026,22.951,14.891,28.372,4.361,-4.421,-3.868
HKG,1995,2.374,-6.266,,9.034,-0.273,
HKG,1996,4.258,-2.505,,6.324,2.02,
HKG,1997,5.1,-4.358,,5.818,6.318,
HKG,1998,-5.883,1.485,,2.827,-1.801,
HKG,1999,2.507,6.426,,-3.967,0.762,
HKG,2000,7.663,4.391,,-3.723,-0.587,
HKG,2001,0.561,6.136,,-1.61,-4.836,
HKG,2002,1.657,7.893,,-3.046,-4.773,
HKG,2003,3.056,10.82,,-2.587,-3.172,
HKG,2004,8.7,9.965,1.925,-0.367,1.605,
HKG,2005,7.388,11.918,1.709,0.914,0.971,0.28
HKG,2006,7.033,12.68,1.417,2.0,3.833,1.963
HKG,2007,6.465,13.022,1.19,2.035,7.336,5.727
HKG,2008,2.128,15.053,0.991,4.303,0.086,-2.646
HKG,2009,-2.459,9.88,0.662,0.579,1.532,-0.418
HKG,2010,6.768,6.996,0.618,2.293,4.136,2.299
HKG,2011,4.815,5.571,0.573,5.305,3.77,1.894
HKG,2012,1.7,1.579,0.543,4.054,3.143,1.329
HKG,2013,3.102,1.519,0.517,4.338,1.008,-0.676
HKG,2014,2.762,1.391,0.065,4.424,3.592,3.597
HKG,2015,2.388,3.317,0.062,2.991,0.595,0.591
HKG,2016,2.175,3.958,0.059,2.409,4.387,3.572
HKG,2017,3.796,4.569,0.055,1.494,5.493,4.705
HKG,2018,2.847,3.739,0.052,2.406,2.35,0.957
HKG,2019,-1.672,5.888,0.267,2.883,-0.583,-2.246
HKG,2020,-6.545,6.993,0.997,0.251,-9.229,-11.143
HKG,2021,6.454,11.798,1.938,1.569,0.008,-2.726
HKG,2022,-3.684,10.215,4.276,1.881,-6.575,-9.794
HKG,2023,3.214,8.503,6.328,2.097,-5.65,-7.988
HKG,2024,2.541,12.955,9.274,1.73,-6.053,-7.359
HKG,2025,1.522,11.427,11.806,1.9,-4.72,-5.98
HKG,2026,1.863,10.961,14.314,2.2,-3.226,-4.525
HND,1995,6.189,-3.265,65.378,29.432,-0.244,2.187
HND,1996,1.871,-3.717,64.643,23.845,0.127,2.515
HND,1997,4.598,-2.96,70.841,20.2,0.08,2.563
HND,1998,3.59,-2.014,67.421,13.668,2.893,5.288
HND,1999,-0.736,-3.76,75.758,11.664,1.381,3.784
HND,2000,7.291,-7.155,65.758,11.048,1.508,3.467
HND,2001,2.723,-6.325,63.417,9.666,-3.119,-1.534
HND,2002,3.754,-3.622,64.248,7.702,-5.015,-4.952
HND,2003,4.547,-6.792,67.757,7.671,-5.093,-4.913
HND,2004,6.232,-7.735,60.906,8.114,-2.475,-2.617
HND,2005,6.051,-3.002,55.606,8.809,-0.033,-0.32
HND,2006,6.567,-3.725,39.202,5.578,-1.355,-1.851
HND,2007,6.188,-9.092,24.022,6.936,-0.254,-0.943
HND,2008,4.232,-15.446,22.323,11.403,-0.267,-1.318
HND,2009,-2.432,-3.842,23.79,5.496,-4.865,-5.764
HND,2010,3.731,-5.112,21.816,4.699,-3.371,-4.063
HND,2011,3.836,-8.008,24.77,6.762,-2.943,-3.196
HND,2012,4.129,-8.591,27.086,5.196,-3.483,-3.596
HND,2013,2.792,-9.595,37.317,5.162,-5.73,-5.566
HND,2014,3.058,-6.994,35.227,6.129,-2.897,-2.63
HND,2015,3.84,-4.703,38.517,3.158,-0.781,0.02
HND,2016,3.893,-3.166,39.621,2.725,-0.397,0.219
HND,2017,4.843,-1.254,41.499,3.934,-0.408,0.205
HND,2018,3.845,-6.617,42.623,4.347,0.197,0.804
HND,2019,2.56,-2.643,43.5,4.366,0.089,0.844
HND,2020,-8.965,2.872,53.716,3.468,-4.585,-3.671
HND,2021,12.565,-5.502,51.03,4.481,-3.177,-2.144
HND,2022,4.144,-6.739,48.69,9.09,1.665,2.671
HND,2023,3.583,-3.895,44.936,6.663,-1.013,0.376
HND,2024,3.6,-4.642,42.615,4.606,-0.806,0.466
HND,2025,3.3,-4.293,43.049,4.74,-1.459,0.184
HND,2026,3.4,-4.135,43.529,4.16,-1.012,-0.117
HRV,1995,6.634,-6.324,,1.963,-4.23,-2.677
HRV,1996,5.874,-4.261,,3.644,-4.406,-3.171
HRV,1997,6.645,-11.251,,3.709,-4.934,-3.143
HRV,1998,1.862,-6.101,23.329,6.709,-6.36,-4.613
HRV,1999,-0.936,-6.312,30.007,4.014,-11.11,-9.212
HRV,2000,3.749,-1.408,35.434,4.605,-9.197,-7.284
HRV,2001,3.108,-2.177,36.589,4.26,-4.792,-2.82
HRV,2002,5.804,-6.387,36.453,2.534,-4.898,-3.531
HRV,2003,5.568,-8.94,37.845,2.399,-5.028,-3.695
HRV,2004,4.172,-5.961,39.957,2.144,-6.093,-4.697
HRV,2005,4.326,-7.303,40.901,2.995,-3.242,-1.851
HRV,2006,5.084,-7.929,38.372,3.288,-2.009,-0.76
HRV,2007,5.048,-7.94,37.078,2.659,-2.28,-1.033
HRV,2008,1.968,-10.968,38.915,5.803,-2.338,-0.917
HRV,2009,-6.814,-6.491,47.914,2.225,-7.151,-5.351
HRV,2010,-1.332,-2.156,56.801,1.083,-6.464,-4.472
HRV,2011,-0.1,-1.723,63.132,2.21,-7.532,-5.218
HRV,2012,-2.252,-1.763,68.853,3.353,-5.461,-2.788
HRV,2013,-0.126,-1.049,79.48,2.326,-5.524,-2.84
HRV,2014,-0.555,0.294,83.224,0.22,-5.195,-2.305
HRV,2015,2.322,2.55,82.768,-0.256,-3.529,-0.439
HRV,2016,3.461,2.094,79.256,-0.63,-1.041,1.785
HRV,2017,3.281,3.364,76.171,1.302,0.799,3.2
HRV,2018,2.903,1.117,72.847,1.557,0.235,2.285
HRV,2019,3.1,2.456,70.884,0.791,2.314,4.334
HRV,2020,-8.312,-1.328,86.469,-0.03,-7.234,-5.447
HRV,2021,12.634,0.545,78.201,2.724,-2.548,-1.151
HRV,2022,7.286,-3.468,68.544,10.67,0.14,1.361
HRV,2023,3.302,0.411,61.836,8.393,-0.855,0.443
HRV,2024,3.815,-1.239,57.647,4.017,-2.143,-0.973
HRV,2025,3.13,-0.677,55.902,3.704,-2.356,-1.108
HRV,2026,2.737,-0.648,55.465,2.574,-1.946,-0.793
HTI,1995,9.892,-0.807,,30.2,,
HTI,1996,4.143,-0.8,,20.584,,
HTI,1997,2.705,-0.205,26.234,11.606,0.373,0.767
HTI,1998,2.182,0.243,24.012,6.591,0.211,0.588
HTI,1999,2.71,-0.611,24.146,2.794,-1.544,-1.073
HTI,2000,0.87,-0.585,32.455,6.446,-1.357,-0.967
HTI,2001,-0.343,-1.171,28.754,15.489,-1.548,-1.204
HTI,2002,1.052,-0.492,31.951,6.555,-1.8,-1.532
HTI,2003,3.481,-0.914,37.794,22.238,-2.236,-1.701
HTI,2004,-1.318,-0.931,30.449,25.71,-1.343,-0.927
HTI,2005,3.072,0.425,29.709,14.111,-0.829,-0.225
HTI,2006,1.769,-0.919,32.163,12.972,-0.909,-0.426
HTI,2007,4.707,-0.897,24.436,6.913,-1.545,-1.129
HTI,2008,2.658,-1.953,33.921,12.511,-1.799,-1.414
HTI,2009,5.89,-1.053,19.411,5.597,-1.996,-1.656
HTI,2010,-5.652,-0.859,24.902,2.921,-1.497,-1.207
HTI,2011,5.098,-2.512,22.293,5.242,-1.43,-1.214
HTI,2012,0.502,-3.277,24.057,5.699,-2.712,-2.511
HTI,2013,4.325,-3.763,25.111,5.299,-3.976,-3.773
HTI,2014,1.723,-7.251,21.354,3.155,-3.641,-3.41
HTI,2015,2.563,-5.109,23.889,5.317,-1.472,-1.375
HTI,2016,1.812,-1.7,24.386,11.435,0.117,0.294
HTI,2017,2.51,-2.161,22.516,10.61,-0.316,-0.176
HTI,2018,1.668,-2.881,24.113,11.416,-1.126,-0.947
HTI,2019,-1.685,-1.14,26.53,17.308,-1.995,-1.721
HTI,2020,-3.343,0.51,22.321,22.945,-2.111,-1.862
HTI,2021,-1.798,0.417,28.863,15.941,-2.347,-1.993
HTI,2022,-1.682,-2.481,29.506,27.576,-1.754,-1.45
HTI,2023,-1.864,-3.482,28.464,44.1,0.768,1.053
HTI,2024,-4.2,-0.553,14.945,25.844,6.71,6.931
HTI,2025,-1.0,0.438,11.773,27.153,-0.115,-0.066
HTI,2026,1.0,-0.222,10.335,22.652,-0.539,-0.339
HUN,1995,2.541,-3.482,83.868,28.303,-8.571,-0.51
HUN,1996,0.101,-3.815,71.168,23.455,-4.36,3.068
HUN,1997,2.978,-4.052,62.196,18.295,-5.539,1.611
HUN,1998,3.848,-7.055,60.422,14.227,-7.413,-1.276
HUN,1999,3.086,-7.876,60.297,9.973,-5.267,0.823
HUN,2000,4.409,-8.493,55.638,9.788,-3.038,1.714
HUN,2001,4.062,-5.819,52.205,9.151,-3.996,-0.025
HUN,2002,4.73,-6.341,55.557,5.261,-8.794,-5.231
HUN,2003,3.939,-7.995,58.174,4.665,-7.191,-3.512
HUN,2004,4.963,-8.537,58.907,6.75,-6.597,-2.665
HUN,2005,4.3,-7.195,60.579,3.562,-7.787,-4.042
HUN,2006,3.934,-7.46,64.489,3.904,-9.269,-5.668
HUN,2007,0.332,-7.375,65.58,7.952,-5.085,-1.352
HUN,2008,0.993,-7.482,71.801,6.056,-3.785,-0.184
HUN,2009,-6.74,-1.318,78.188,4.198,-4.759,-0.793
HUN,2010,1.068,-0.263,80.174,4.872,-4.436,-0.686
HUN,2011,1.917,0.321,80.468,3.929,-5.22,-1.493
HUN,2012,-1.339,1.136,78.364,5.661,-2.331,1.865
HUN,2013,2.032,3.084,77.22,1.713,-2.598,1.656
HUN,2014,4.334,0.881,76.491,-0.229,-2.773,0.966
HUN,2015,3.66,2.165,75.724,-0.066,-2.003,1.314
HUN,2016,2.439,4.372,74.646,0.397,-1.792,1.196
HUN,2017,4.124,1.785,72.002,2.354,-2.455,0.121
HUN,2018,5.606,0.243,68.816,2.839,-2.046,0.212
HUN,2019,5.077,-0.64,64.988,3.373,-2.024,0.13
HUN,2020,-4.339,-0.945,78.687,3.305,-7.487,-5.318
HUN,2021,7.223,-4.105,76.215,5.105,-7.11,-5.032
HUN,2022,4.27,-8.491,73.858,14.62,-6.172,-3.904
HUN,2023,-0.843,0.315,72.966,17.14,-6.748,-3.154
HUN,2024,0.512,2.228,73.453,3.707,-4.915,-0.767
HUN,2025,1.403,1.036,73.508,4.92,-4.592,-0.44
HUN,2026,2.55,1.138,73.449,3.551,-4.209,-0.825
IDN,1995,8.22,-2.784,,9.415,0.641,1.845
IDN,1996,7.818,-2.657,,7.981,0.962,1.985
IDN,1997,4.7,-1.458,,6.237,-1.034,0.451
IDN,1998,-13.127,3.469,,58.447,-1.893,0.893
IDN,1999,0.791,3.4,,20.47,-0.959,2.263
IDN,2000,4.979,4.452,87.437,3.688,-1.87,1.444
IDN,2001,3.643,3.954,73.702,11.466,-1.763,3.103
IDN,2002,4.499,3.676,62.339,11.908,-0.576,3.848
IDN,2003,4.78,3.175,55.643,6.791,-1.077,1.907
IDN,2004,5.031,1.882,51.328,6.062,-0.26,2.242
IDN,2005,5.693,0.513,42.612,10.464,0.462,2.623
IDN,2006,5.501,2.406,35.848,13.099,0.451,2.628
IDN,2007,6.345,1.446,38.121,6.319,-0.953,0.905
IDN,2008,7.442,0.022,30.252,9.871,0.054,1.687
IDN,2009,4.702,1.837,26.483,4.804,-1.644,-0.084
IDN,2010,6.378,0.702,26.363,5.137,-1.242,0.045
IDN,2011,6.17,0.189,23.106,5.345,-0.704,0.487
IDN,2012,6.03,-2.66,22.955,3.979,-1.586,-0.42
IDN,2013,5.557,-3.19,24.884,6.41,-1.956,-0.771
IDN,2014,5.007,-3.088,24.645,6.399,-1.805,-0.542
IDN,2015,4.876,-2.035,27.013,6.36,-2.724,-1.37
IDN,2016,5.033,-1.819,27.955,3.53,-2.561,-1.087
IDN,2017,5.07,-1.595,29.396,3.807,-2.264,-0.67
IDN,2018,5.174,-2.939,30.423,3.291,-1.69,0.048
IDN,2019,5.019,-2.706,30.563,2.822,-2.091,-0.35
IDN,2020,-2.066,-0.419,39.747,2.031,-6.075,-4.041
IDN,2021,3.703,0.296,41.14,1.561,-4.405,-2.382
IDN,2022,5.307,1.002,40.141,4.139,-2.307,-0.335
IDN,2023,5.049,-0.149,39.601,3.713,-1.907,0.199
IDN,2024,5.03,-0.634,40.189,2.3,-2.292,-0.086
IDN,2025,4.653,-1.485,40.99,1.683,-2.591,-0.481
IDN,2026,4.674,-1.596,40.976,2.512,-2.569,-0.286
IND,1995,7.574,-1.637,70.876,9.96,-6.814,-3.45
IND,1996,7.55,-1.144,67.133,9.433,-6.705,-3.279
IND,1997,4.05,-1.323,69.008,6.845,-8.276,-4.871
IND,1998,6.184,-0.958,69.284,13.126,-9.742,-6.219
IND,1999,8.846,-1.024,71.267,3.425,-8.701,-4.874
IND,2000,3.841,-0.569,74.941,3.817,-8.409,-4.145
IND,2001,4.824,0.7,80.11,4.442,-11.033,-6.447
IND,2002,3.804,1.232,84.304,4.997,-11.072,-6.229
IND,2003,7.86,2.317,85.883,4.096,-11.428,-6.498
IND,2004,7.923,-0.348,84.89,3.997,-9.221,-4.214
IND,2005,7.923,-1.207,82.378,3.679,-7.493,-2.486
IND,2006,8.061,-1.017,77.941,6.736,-6.38,-1.486
IND,2007,7.661,-1.293,75.455,5.919,-4.586,0.264
IND,2008,3.087,-2.328,74.368,9.212,-9.171,-4.411
IND,2009,7.862,-2.864,72.77,10.607,-9.701,-5.051
IND,2010,8.498,-2.857,67.702,9.368,-8.795,-4.497
IND,2011,5.241,-4.29,68.648,8.112,-8.349,-4.003
IND,2012,5.456,-4.806,67.985,10.049,-7.55,-3.191
IND,2013,6.386,-1.737,67.713,9.383,-7.0,-2.439
IND,2014,7.41,-1.314,67.102,5.833,-7.071,-2.574
IND,2015,7.996,-1.05,69.049,4.908,-7.205,-2.684
IND,2016,8.256,-0.625,68.943,4.525,-7.12,-2.519
IND,2017,6.795,-1.835,69.669,3.587,-6.227,-1.496
IND,2018,6.454,-2.116,70.392,3.414,-6.376,-1.671
IND,2019,3.871,-0.866,75.04,4.769,-7.694,-3.001
IND,2020,-5.778,0.898,88.427,6.165,-12.864,-7.256
IND,2021,9.69,-1.222,83.487,5.506,-9.448,-4.262
IND,2022,7.609,-2.002,82.173,6.653,-8.969,-3.882
IND,2023,9.191,-0.716,81.231,5.361,-7.916,-2.985
IND,2024,6.46,-0.793,81.286,4.668,-7.377,-2.302
IND,2025,6.198,-0.946,80.391,4.238,-6.858,-1.584
IND,2026,6.265,-1.408,79.605,4.092,-7.157,-1.84
IRL,1995,9.593,2.478,78.522,2.518,-2.074,2.669
IRL,1996,9.092,2.666,69.833,2.18,-0.197,3.795
IRL,1997,10.747,2.348,61.578,1.253,1.373,4.738
IRL,1998,8.765,0.363,51.414,2.13,2.071,5.111
IRL,1999,10.53,-0.115,46.57,2.412,3.537,5.629
IRL,2000,9.403,0.614,36.412,5.303,4.855,6.464
IRL,2001,5.306,0.179,33.578,3.998,0.959,2.032
IRL,2002,5.9,0.247,30.89,4.686,-0.519,0.607
IRL,2003,3.014,0.492,29.832,4.0,0.346,1.438
IRL,2004,6.789,-0.098,28.103,2.31,1.298,2.26
IRL,2005,5.739,-3.54,26.06,2.201,1.57,2.429
IRL,2006,4.988,-5.353,23.653,2.674,2.775,3.513
IRL,2007,5.31,-6.511,23.948,2.889,0.268,0.889
IRL,2008,-4.484,-6.255,42.514,3.119,-7.031,-6.335
IRL,2009,-5.096,-4.667,61.765,-1.676,-13.873,-12.43
IRL,2010,1.683,-1.287,86.135,-1.636,-32.108,-29.917
IRL,2011,1.65,-1.681,109.428,1.213,-13.45,-11.028
IRL,2012,-0.399,-3.355,118.73,1.892,-8.402,-5.187
IRL,2013,2.192,2.395,117.494,0.538,-6.267,-2.797
IRL,2014,9.336,2.062,101.276,0.301,-3.513,-0.256
IRL,2015,24.616,6.133,73.962,-0.05,-1.971,0.324
IRL,2016,1.223,-1.243,72.64,-0.183,-0.761,1.419
IRL,2017,10.049,1.143,65.234,0.259,-0.297,1.571
IRL,2018,7.545,4.291,61.472,0.7,0.094,1.628
IRL,2019,5.041,-20.724,55.924,0.885,0.409,1.648
IRL,2020,7.158,-7.07,57.007,-0.459,-4.879,-3.89
IRL,2021,16.255,12.165,52.564,2.413,-1.4,-0.674
IRL,2022,8.62,8.762,43.149,8.074,1.65,2.247
IRL,2023,-5.53,8.092,43.283,5.201,1.479,1.93
IRL,2024,1.221,17.158,41.113,1.323,4.378,4.748
IRL,2025,2.261,11.598,36.681,1.908,1.692,2.106
IRL,2026,2.113,11.042,34.346,1.662,1.596,1.957
IRN,1995,2.401,2.922,,49.32,-3.211,
IRN,1996,6.351,3.311,35.81,23.918,-0.915,
IRN,1997,1.35,1.202,37.683,16.544,-2.209,
IRN,1998,2.08,-1.044,36.159,18.454,-6.138,
IRN,1999,2.003,2.395,27.118,20.24,-0.621,
IRN,2000,5.846,3.407,22.152,12.292,6.614,
IRN,2001,2.392,1.808,25.607,11.538,0.024,0.304
IRN,2002,8.079,2.702,28.531,15.827,-3.517,-3.226
IRN,2003,8.639,0.515,26.788,15.573,-3.364,-3.11
IRN,2004,4.337,0.763,25.714,15.324,-2.985,-2.818
IRN,2005,3.19,6.738,22.177,10.252,-2.95,-2.743
IRN,2006,5.0,7.558,18.236,12.0,-5.884,-5.695
IRN,2007,8.156,9.031,16.062,18.414,-2.869,-2.638
IRN,2008,0.251,5.365,12.374,25.304,-5.14,-4.945
IRN,2009,1.007,2.152,13.278,10.816,-3.817,-3.683
IRN,2010,5.798,5.32,14.757,12.299,-0.973,-0.888
IRN,2011,2.646,9.355,12.259,25.309,-0.759,-0.671
IRN,2012,-3.747,5.538,13.562,29.31,-0.577,-0.499
IRN,2013,-1.522,5.861,11.758,32.853,-0.831,-0.753
IRN,2014,4.985,2.945,12.587,14.532,-1.047,-0.966
IRN,2015,-1.425,0.303,37.023,11.146,-1.5,-1.403
IRN,2016,8.815,2.89,47.904,6.843,-1.773,-1.349
IRN,2017,2.759,3.064,45.044,8.235,-1.614,-0.953
IRN,2018,-1.838,7.884,42.944,26.916,-1.64,-0.733
IRN,2019,-3.071,-0.684,46.555,34.787,-4.483,-3.45
IRN,2020,3.33,-1.867,48.343,36.458,-5.216,-4.218
IRN,2021,4.72,3.852,42.404,40.187,-3.197,-2.161
IRN,2022,3.777,3.775,36.926,45.75,-2.828,-1.967
IRN,2023,5.045,2.789,33.517,40.692,-3.815,-2.746
IRN,2024,3.478,2.739,36.848,32.6,-4.108,-2.359
IRN,2025,0.309,0.9,39.933,43.327,-5.467,-3.04
IRN,2026,1.104,1.301,41.871,42.5,-5.387,-2.998
IRQ,2001,1.767,1.961,,,,
IRQ,2002,-8.204,-1.834,,,,
IRQ,2003,-36.657,-10.652,,,,
IRQ,2004,53.386,-8.309,344.317,,-35.398,-34.907
IRQ,2005,1.675,13.549,227.344,36.959,4.069,3.92
IRQ,2006,5.638,3.447,143.165,53.231,10.721,10.729
IRQ,2007,1.889,-0.337,117.085,30.835,9.98,9.488
IRQ,2008,8.228,15.197,74.168,2.668,-0.856,-0.981
IRQ,2009,3.379,-7.058,87.375,-2.801,-14.914,-14.761
IRQ,2010,6.403,2.759,53.533,2.43,-4.179,-3.692
IRQ,2011,7.546,11.4,40.719,5.604,4.744,5.461
IRQ,2012,13.936,6.44,34.782,6.089,4.094,4.458
IRQ,2013,7.628,6.858,31.987,1.879,-6.062,-5.702
IRQ,2014,0.738,6.757,27.565,2.236,-5.631,-5.374
IRQ,2015,2.537,-3.934,48.335,1.393,-12.83,-12.198
IRQ,2016,16.172,-4.009,60.301,0.458,-14.449,-13.748
IRQ,2017,-1.509,1.402,55.874,0.2,-1.521,-0.523
IRQ,2018,2.633,10.462,44.363,0.351,7.685,8.989
IRQ,2019,5.588,6.152,41.712,-0.199,0.834,1.811
IRQ,2020,-12.409,-5.62,72.455,0.574,-12.815,-11.646
IRQ,2021,1.428,6.088,54.715,6.042,-0.377,0.11
IRQ,2022,7.713,15.782,38.974,4.987,8.098,8.555
IRQ,2023,0.92,7.536,42.078,4.416,-1.141,-0.494
IRQ,2024,0.336,1.991,42.907,2.578,-1.492,-0.884
IRQ,2025,-1.503,1.49,50.216,2.5,-4.182,-3.067
IRQ,2026,1.439,1.51,56.045,2.7,-6.365,-5.088
ISL,1995,0.117,0.182,58.07,1.655,-2.87,-0.173
ISL,1996,4.567,-2.452,55.575,2.252,-1.517,0.883
ISL,1997,5.772,-2.353,52.048,1.796,0.039,2.303
ISL,1998,7.363,-7.199,43.953,1.703,-0.565,1.986
ISL,1999,4.035,-7.116,76.593,3.22,1.319,3.248
ISL,2000,4.985,-10.197,75.796,5.12,1.446,2.919
ISL,2001,4.013,-4.255,83.383,6.396,-0.281,0.738
ISL,2002,0.56,1.209,82.16,5.177,-2.274,-1.345
ISL,2003,2.143,-4.888,85.068,2.062,-2.324,-1.213
ISL,2004,7.802,-10.048,80.861,3.152,0.287,1.314
ISL,2005,6.125,-15.708,68.931,4.0,5.007,5.445
ISL,2006,6.317,-22.711,70.651,6.674,6.449,5.736
ISL,2007,8.455,-13.576,68.404,5.066,5.599,4.838
ISL,2008,2.21,-20.791,110.357,12.68,-12.138,-13.462
ISL,2009,-7.664,-8.913,128.773,12.006,-8.58,-6.117
ISL,2010,-2.833,-6.095,133.141,5.394,-6.663,-4.185
ISL,2011,1.846,-4.727,138.176,3.99,-6.53,-4.218
ISL,2012,1.064,-3.579,133.925,5.195,-2.625,0.32
ISL,2013,4.552,6.252,121.96,3.885,-1.248,1.877
ISL,2014,1.687,4.403,115.299,2.035,0.295,3.775
ISL,2015,4.437,5.626,97.323,1.631,-0.395,3.21
ISL,2016,6.304,8.097,82.471,1.693,12.549,15.461
ISL,2017,4.195,4.221,71.742,1.768,0.978,3.95
ISL,2018,4.889,4.258,63.247,2.677,0.955,3.076
ISL,2019,1.861,6.547,66.528,3.006,-1.593,0.468
ISL,2020,-6.94,1.096,77.512,2.848,-8.895,-6.78
ISL,2021,5.033,-2.819,74.915,4.458,-8.478,-6.241
ISL,2022,8.979,-2.377,67.534,8.307,-3.993,-0.863
ISL,2023,5.646,0.84,61.991,8.74,-2.293,0.582
ISL,2024,0.517,-2.53,59.077,5.859,-3.484,-0.978
ISL,2025,2.003,-1.949,52.854,3.489,-1.635,0.237
ISL,2026,2.4,-1.161,49.799,2.654,-1.389,0.336
ISR,1995,9.654,-4.703,,10.043,,
ISR,1996,5.91,-4.646,,11.277,,
ISR,1997,3.702,-3.048,,9.001,,
ISR,1998,4.036,-0.971,,5.435,,
ISR,1999,3.337,-1.267,,5.194,,
ISR,2000,8.609,-1.457,77.146,1.125,-0.798,3.394
ISR,2001,0.276,-1.43,81.047,1.116,-4.052,0.547
ISR,2002,-0.09,-0.863,87.128,5.687,-8.209,-0.767
ISR,2003,1.461,0.582,89.542,0.67,-5.021,-1.039
ISR,2004,4.678,1.45,88.182,-0.414,-3.397,1.188
ISR,2005,4.229,2.957,85.175,1.329,-2.739,1.991
ISR,2006,5.608,3.955,77.474,2.107,-0.945,3.134
ISR,2007,6.065,3.042,70.686,0.516,-0.431,3.609
ISR,2008,3.209,0.999,70.15,4.594,-3.492,1.149
ISR,2009,1.238,3.163,72.468,3.317,-6.518,-2.172
ISR,2010,5.534,3.381,68.94,2.694,-3.714,-0.258
ISR,2011,5.519,1.541,67.098,3.45,-3.427,0.018
ISR,2012,2.538,0.379,66.788,1.708,-4.452,-1.419
ISR,2013,4.085,2.975,65.93,1.526,-4.056,-1.067
ISR,2014,3.776,4.213,64.724,0.476,-2.285,-0.229
ISR,2015,2.238,5.222,63.03,-0.632,-1.208,0.53
ISR,2016,4.46,3.76,61.565,-0.545,-1.785,0.072
ISR,2017,4.347,3.636,59.642,0.242,-1.128,0.793
ISR,2018,4.004,3.002,59.948,0.807,-3.549,-1.38
ISR,2019,3.71,3.205,59.092,0.842,-3.776,-1.912
ISR,2020,-2.022,4.024,71.106,-0.587,-10.703,-8.897
ISR,2021,9.388,3.274,67.8,1.492,-3.371,-0.756
ISR,2022,6.263,3.329,60.47,4.395,0.319,3.558
ISR,2023,1.827,3.748,61.614,4.208,-5.069,-2.411
ISR,2024,0.872,3.135,67.878,3.071,-8.291,-5.105
ISR,2025,3.25,2.779,69.083,2.693,-5.714,-3.043
ISR,2026,3.6,2.912,69.341,1.982,-4.385,-1.552
ITA,1995,2.887,2.073,119.088,5.387,-7.199,3.08
ITA,1996,1.525,2.939,118.896,3.985,-6.608,3.733
ITA,1997,1.926,2.596,116.491,1.849,-2.98,5.648
ITA,1998,1.804,1.651,113.887,2.031,-2.986,4.484
ITA,1999,1.678,0.8,113.059,1.651,-1.775,4.327
ITA,2000,3.882,-0.272,108.743,2.58,-2.42,3.41
ITA,2001,2.006,0.154,108.513,2.324,-3.181,2.56
ITA,2002,0.27,-0.496,105.947,2.612,-2.88,2.297
ITA,2003,0.067,-0.785,105.141,2.813,-3.226,1.495
ITA,2004,1.474,-0.48,104.742,2.257,-3.461,0.962
ITA,2005,0.762,-0.88,106.176,2.207,-4.099,0.198
ITA,2006,1.799,-1.469,106.253,2.229,-3.605,0.596
ITA,2007,1.462,-1.362,103.454,2.025,-1.326,3.169
ITA,2008,-1.023,-2.723,105.788,3.492,-2.584,2.075
ITA,2009,-5.305,-1.822,116.121,0.765,-5.057,-0.873
ITA,2010,1.529,-3.223,118.737,1.62,-4.161,-0.07
ITA,2011,0.695,-2.742,119.106,2.935,-3.524,0.89
ITA,2012,-3.125,-0.201,125.87,3.315,-2.985,1.966
ITA,2013,-1.818,1.03,131.816,1.245,-2.875,1.746
ITA,2014,-0.001,1.754,134.755,0.234,-2.819,1.56
ITA,2015,0.886,1.243,134.746,0.108,-2.459,1.479
ITA,2016,1.236,2.461,134.195,-0.05,-2.405,1.338
ITA,2017,1.604,2.439,133.689,1.326,-2.509,1.096
ITA,2018,0.827,2.501,134.138,1.243,-2.192,1.289
ITA,2019,0.429,3.157,133.823,0.634,-1.45,1.738
ITA,2020,-8.868,3.761,154.288,-0.145,-9.379,-6.101
ITA,2021,8.931,2.1,145.735,1.941,-8.879,-5.596
ITA,2022,4.821,-1.725,138.279,8.736,-8.109,-4.177
ITA,2023,0.715,0.138,134.579,5.903,-7.239,-3.738
ITA,2024,0.726,1.13,135.286,1.089,-3.446,0.293
ITA,2025,0.44,0.907,137.28,1.707,-3.261,0.583
ITA,2026,0.835,0.882,138.48,1.959,-2.84,1.136
JAM,1995,2.521,-1.51,,19.91,1.574,9.006
JAM,1996,0.236,-1.929,,26.405,-5.383,4.429
JAM,1997,-1.641,-3.955,,9.658,-6.555,1.511
JAM,1998,-1.21,-3.799,,8.632,-5.88,4.729
JAM,1999,0.981,-2.434,82.748,5.951,-3.503,8.135
JAM,2000,0.776,-4.053,91.809,8.07,-0.803,10.063
JAM,2001,1.281,-8.253,108.005,6.881,-4.894,6.879
JAM,2002,0.675,-11.051,118.408,6.992,-6.725,6.063
JAM,2003,3.667,-8.201,123.201,10.131,-5.565,10.505
JAM,2004,1.324,-4.93,119.935,13.521,-4.673,10.237
JAM,2005,0.894,-9.538,124.663,15.099,-3.306,9.852
JAM,2006,2.899,-9.901,117.119,8.52,-4.865,7.083
JAM,2007,1.444,-15.76,114.476,9.287,-3.799,7.872
JAM,2008,-0.818,-20.33,127.022,22.026,-7.512,4.938
JAM,2009,-3.411,-9.313,141.929,9.576,-11.125,6.188
JAM,2010,-1.435,-7.086,141.4,12.616,-6.333,4.62
JAM,2011,1.426,-13.634,139.465,7.522,-6.403,3.17
JAM,2012,-0.501,-9.754,143.895,6.892,-4.077,5.399
JAM,2013,0.224,-9.546,138.736,9.36,0.119,7.636
JAM,2014,0.575,-8.037,137.892,8.275,-0.496,7.474
JAM,2015,0.869,-3.039,121.878,3.681,-0.289,7.152
JAM,2016,1.498,-0.308,113.695,2.35,-0.194,7.6
JAM,2017,0.679,-2.694,101.225,4.378,0.452,7.462
JAM,2018,1.827,-1.501,94.386,3.74,1.181,7.473
JAM,2019,0.97,-1.914,94.26,3.91,0.915,7.114
JAM,2020,-9.92,-1.13,109.685,5.21,-3.105,3.516
JAM,2021,4.601,1.017,94.204,5.882,0.918,6.82
JAM,2022,5.222,-0.8,77.044,10.347,0.283,5.78
JAM,2023,2.605,2.946,73.355,6.471,0.039,5.722
JAM,2024,-0.8,0.998,69.183,5.548,0.258,5.975
JAM,2025,2.1,0.872,64.601,5.0,0.009,5.16
JAM,2026,1.6,-0.322,62.211,5.04,-0.416,4.235
JOR,1995,5.951,-3.826,117.826,2.353,-1.717,3.168
JOR,1996,1.913,-3.145,116.49,6.501,-3.245,1.121
JOR,1997,3.741,0.397,108.974,3.038,-2.974,1.229
JOR,1998,3.206,0.173,110.804,3.079,-5.396,-1.298
JOR,1999,3.237,4.812,109.0,0.598,-2.693,1.617
JOR,2000,4.2,0.315,99.259,0.674,-3.995,0.779
JOR,2001,4.987,-0.269,94.41,1.768,-2.77,1.141
JOR,2002,6.584,5.032,94.884,1.835,-4.437,-1.184
JOR,2003,3.98,10.691,88.788,1.627,-2.517,0.8
JOR,2004,8.257,0.332,81.525,3.365,-1.089,1.43
JOR,2005,8.822,-17.298,72.959,3.491,-5.359,-2.709
JOR,2006,8.515,-10.928,66.304,6.255,-3.82,-1.153
JOR,2007,8.373,-16.007,64.252,4.744,-5.031,-2.324
JOR,2008,7.383,-9.075,54.24,13.972,-4.797,-2.562
JOR,2009,5.024,-5.075,57.965,-0.742,-8.842,-6.683
JOR,2010,2.315,-6.946,59.437,4.848,-7.814,-5.814
JOR,2011,2.737,-10.026,62.069,4.16,-9.818,-7.833
JOR,2012,2.429,-14.892,70.521,4.515,-14.329,-11.793
JOR,2013,2.61,-10.169,75.584,4.828,-10.067,-7.113
JOR,2014,3.384,-7.083,75.013,2.896,-8.475,-5.018
JOR,2015,2.497,-8.995,78.423,-0.878,-8.389,-5.15
JOR,2016,1.994,-9.656,77.432,-0.777,-3.657,-0.768
JOR,2017,2.474,-10.557,75.657,3.325,-3.567,-0.73
JOR,2018,1.919,-6.831,74.302,4.463,-4.613,-1.4
JOR,2019,1.751,-1.737,78.015,0.758,-5.834,-2.267
JOR,2020,-1.103,-5.732,87.95,0.334,-9.069,-4.948
JOR,2021,3.656,-8.03,98.232,1.347,-7.461,-3.218
JOR,2022,2.428,-8.131,97.879,4.229,-6.95,-2.682
JOR,2023,3.104,-3.577,96.961,2.084,-7.637,-2.95
JOR,2024,2.489,-5.759,95.9,0.161,-8.262,-2.785
JOR,2025,2.6,-5.539,92.551,3.617,-5.319,0.254
JOR,2026,2.9,-5.825,88.621,2.585,-4.558,0.959
JPN,1995,2.631,1.991,92.526,-0.088,-4.296,-3.125
JPN,1996,3.134,1.4,98.054,0.138,-4.869,-3.671
JPN,1997,0.981,2.117,104.971,1.699,-3.526,-2.331
JPN,1998,-1.27,2.809,116.02,0.652,-10.047,-8.732
JPN,1999,-0.334,2.465,129.501,-0.347,-6.749,-5.42
JPN,2000,2.765,2.628,135.609,-0.687,-7.282,-5.953
JPN,2001,0.386,1.97,145.124,-0.694,-6.2,-4.901
JPN,2002,0.042,2.609,154.096,-0.897,-7.336,-6.036
JPN,2003,1.535,3.085,160.021,-0.263,-7.433,-6.181
JPN,2004,2.186,3.721,169.49,-0.01,-5.314,-4.214
JPN,2005,1.804,3.521,174.595,-0.288,-4.438,-3.61
JPN,2006,1.372,3.792,174.143,0.256,-3.029,-2.391
JPN,2007,1.484,4.633,172.951,0.046,-2.901,-2.193
JPN,2008,-1.224,2.792,180.851,1.382,-4.11,-3.264
JPN,2009,-5.693,2.745,198.807,-1.331,-9.693,-8.679
JPN,2010,4.098,3.838,205.879,-0.742,-9.076,-8.0
JPN,2011,0.024,2.084,219.162,-0.277,-8.986,-7.784
JPN,2012,1.375,0.951,226.093,-0.049,-8.196,-6.973
JPN,2013,2.005,0.882,229.451,0.332,-7.611,-6.48
JPN,2014,0.296,0.751,233.281,2.758,-5.616,-4.506
JPN,2015,1.561,3.07,228.278,0.799,-3.678,-2.631
JPN,2016,0.754,3.953,232.421,-0.124,-3.6,-2.532
JPN,2017,1.675,4.128,231.321,0.486,-3.099,-2.164
JPN,2018,0.643,3.528,232.38,0.989,-2.471,-1.678
JPN,2019,-0.402,3.446,236.381,0.468,-3.045,-2.364
JPN,2020,-4.169,2.967,258.369,-0.027,-9.075,-8.435
JPN,2021,2.697,3.894,253.652,-0.235,-6.128,-5.542
JPN,2022,0.935,2.108,248.309,2.496,-4.243,-3.838
JPN,2023,1.486,3.762,239.971,3.269,-2.261,-2.048
JPN,2024,0.084,4.793,236.66,2.739,-2.48,-2.095
JPN,2025,0.554,3.39,234.858,2.363,-2.851,-2.444
JPN,2026,0.579,3.31,233.73,1.714,-3.078,-2.409
KAZ,1995,-8.2,-1.281,,176.379,,
KAZ,1996,0.5,-3.57,,39.18,,
KAZ,1997,1.7,-3.606,,17.401,,
KAZ,1998,-1.9,-5.534,,7.132,,
KAZ,1999,2.7,-1.014,,8.323,,
KAZ,2000,9.8,2.003,,13.154,,
KAZ,2001,13.499,-6.272,,8.373,,
KAZ,2002,9.799,-4.158,17.592,5.959,1.924,2.208
KAZ,2003,9.3,-0.884,14.962,6.379,3.996,3.685
KAZ,2004,9.599,0.777,11.392,6.995,3.287,2.74
KAZ,2005,9.7,0.628,8.104,7.412,6.078,5.599
KAZ,2006,10.702,-1.016,6.677,8.612,7.653,7.195
KAZ,2007,8.9,-4.547,4.092,10.795,5.134,4.183
KAZ,2008,3.3,0.965,6.766,17.156,1.227,1.54
KAZ,2009,1.2,-0.117,10.227,7.302,-1.328,-1.417
KAZ,2010,7.3,1.809,10.683,7.102,1.47,1.816
KAZ,2011,7.5,7.303,10.161,8.38,5.811,5.708
KAZ,2012,5.0,1.264,12.125,5.128,4.431,3.783
KAZ,2013,5.9,1.913,12.603,5.82,4.946,4.418
KAZ,2014,4.3,-1.288,14.496,6.577,2.482,2.014
KAZ,2015,1.0,-5.412,21.882,6.75,-6.259,-5.887
KAZ,2016,0.9,-5.073,19.677,14.565,-4.503,-4.279
KAZ,2017,3.9,-2.054,19.869,7.458,-4.266,-5.229
KAZ,2018,4.1,-0.984,20.259,6.008,2.58,1.786
KAZ,2019,4.5,-3.869,19.944,5.28,-0.57,-0.765
KAZ,2020,-2.6,-6.462,26.357,6.761,-7.037,-7.681
KAZ,2021,4.1,-1.359,25.1,8.002,-4.966,-4.361
KAZ,2022,3.2,2.854,23.524,14.986,0.105,0.82
KAZ,2023,5.1,-3.608,22.982,14.522,-1.523,-0.56
KAZ,2024,4.756,-1.3,24.804,8.676,-1.622,-0.785
KAZ,2025,4.881,-3.565,25.371,9.922,-3.149,-2.473
KAZ,2026,4.257,-3.669,27.879,9.378,-3.412,-2.68
KEN,1995,4.287,-1.779,,1.554,-0.23,3.495
KEN,1996,4.479,0.364,,6.814,-0.49,2.461
KEN,1997,0.411,0.345,,11.322,-0.907,1.515
KEN,1998,2.983,1.364,38.498,5.416,-0.028,1.934
KEN,1999,2.199,5.689,38.409,5.779,0.843,2.84
KEN,2000,0.347,-1.095,43.122,9.975,0.381,2.459
KEN,2001,3.979,-1.713,41.276,5.732,-0.528,1.453
KEN,2002,0.481,-0.618,42.01,1.966,-1.295,0.854
KEN,2003,2.949,0.619,43.792,9.805,-0.728,1.155
KEN,2004,4.635,-0.578,40.755,11.795,0.502,1.984
KEN,2005,5.665,-1.046,37.412,9.912,-0.193,1.467
KEN,2006,5.854,-1.688,37.066,6.032,-0.432,1.317
KEN,2007,6.851,-2.882,34.195,4.271,-0.954,0.679
KEN,2008,0.232,-4.775,34.254,15.114,-1.952,-0.369
KEN,2009,3.307,-3.856,35.961,10.537,-3.124,-1.574
KEN,2010,8.058,-5.22,36.695,4.084,-3.673,-1.984
KEN,2011,5.121,-8.204,35.687,14.022,-3.639,-1.931
KEN,2012,4.569,-7.474,37.616,9.378,-5.288,-3.529
KEN,2013,3.798,-7.847,39.756,5.717,-5.246,-3.226
KEN,2014,5.02,-9.325,41.281,6.878,-5.753,-3.426
KEN,2015,4.968,-6.282,45.832,6.582,-6.682,-4.215
KEN,2016,4.214,-5.397,50.399,6.318,-7.469,-4.661
KEN,2017,3.816,-7.003,53.866,7.985,-7.396,-4.199
KEN,2018,5.671,-5.411,56.449,4.69,-6.936,-3.462
KEN,2019,5.114,-5.241,59.085,5.24,-7.415,-3.8
KEN,2020,-0.273,-4.748,67.965,5.29,-8.134,-4.209
KEN,2021,7.59,-5.228,68.232,6.109,-7.196,-3.105
KEN,2022,4.86,-5.025,67.8,7.648,-6.057,-1.683
KEN,2023,5.556,-3.97,73.04,7.675,-5.685,-0.923
KEN,2024,4.509,-3.71,65.59,4.496,-5.508,-0.418
KEN,2025,4.81,-3.898,68.344,4.063,-5.378,-0.039
KEN,2026,4.889,-4.205,70.241,4.868,-4.972,0.505
KGZ,1995,-5.424,-15.722,,42.174,-13.517,-13.096
KGZ,1996,7.085,-23.308,,31.947,-9.095,-7.881
KGZ,1997,9.915,-7.833,,23.435,-9.308,-7.614
KGZ,1998,2.122,-22.33,,10.457,-11.969,-9.876
KGZ,1999,3.656,-14.808,,35.901,-13.528,-10.581
KGZ,2000,5.443,-4.316,123.303,19.688,-10.697,-8.521
KGZ,2001,5.322,-1.546,108.207,6.92,-6.747,-5.086
KGZ,2002,-0.017,2.825,107.941,2.134,-5.9,-4.29
KGZ,2003,7.03,10.129,108.23,2.975,-5.169,-3.656
KGZ,2004,7.027,6.08,92.666,4.111,-4.892,-3.539
KGZ,2005,-0.176,3.798,85.661,4.339,-3.789,-2.239
KGZ,2006,3.103,-2.472,73.355,5.552,-2.095,-1.215
KGZ,2007,8.543,-5.077,57.744,10.23,1.277,1.923
KGZ,2008,7.566,-13.768,49.012,24.52,1.924,2.673
KGZ,2009,2.886,-4.314,58.494,6.837,0.378,1.178
KGZ,2010,-0.472,-6.615,59.699,7.968,-5.947,-5.125
KGZ,2011,5.956,-7.734,50.056,16.636,-4.705,-3.741
KGZ,2012,-0.088,-15.451,50.478,2.768,-5.862,-4.919
KGZ,2013,10.915,-13.853,47.125,6.614,-3.699,-2.857
KGZ,2014,4.024,-17.0,53.597,7.534,-3.068,-2.309
KGZ,2015,3.876,-15.852,67.087,6.503,-2.517,-1.697
KGZ,2016,4.336,-11.625,59.073,0.389,-5.79,-4.888
KGZ,2017,4.74,-6.197,58.786,3.175,-3.733,-2.864
KGZ,2018,3.459,-12.054,54.818,1.543,-0.59,0.433
KGZ,2019,4.601,-11.452,48.848,1.136,-0.074,0.761
KGZ,2020,-7.149,4.516,63.643,6.323,-3.062,-2.127
KGZ,2021,5.507,-7.984,56.201,11.908,-0.707,0.028
KGZ,2022,8.968,-41.922,46.822,13.91,-0.294,0.735
KGZ,2023,9.013,-44.921,41.95,10.797,1.586,2.641
KGZ,2024,9.04,-31.149,36.645,5.021,1.868,2.744
KGZ,2025,6.823,-8.525,38.475,6.967,-3.397,-2.244
KGZ,2026,5.266,-7.507,39.525,5.73,-2.821,-1.388
KHM,1995,5.979,-4.71,,10.077,,
KHM,1996,5.898,-7.038,30.131,7.147,-7.531,-7.391
KHM,1997,4.007,1.301,31.41,10.503,-3.704,-3.611
KHM,1998,4.682,-5.495,37.158,12.899,-5.354,-5.229
KHM,1999,12.705,-4.809,34.647,1.996,-3.793,-3.626
KHM,2000,10.712,-2.598,34.852,-0.826,-4.763,-4.615
KHM,2001,7.39,-0.932,33.509,-0.117,-4.946,-4.813
KHM,2002,6.265,-2.157,37.83,-0.036,-6.073,-5.914
KHM,2003,10.284,-3.286,39.782,1.027,-5.694,-5.524
KHM,2004,9.458,-1.969,38.744,3.925,-3.231,-3.026
KHM,2005,13.303,-3.406,31.67,6.349,-0.342,-0.151
KHM,2006,10.943,-0.562,26.729,6.143,-0.15,-0.004
KHM,2007,10.398,-1.409,25.068,7.668,0.62,0.79
KHM,2008,7.476,-5.63,22.954,24.997,0.428,0.588
KHM,2009,4.075,-8.249,23.682,-0.663,-3.978,-3.811
KHM,2010,5.077,-7.125,23.402,3.997,-3.09,-2.901
KHM,2011,7.287,-6.427,23.795,5.48,-3.757,-3.543
KHM,2012,7.65,-6.799,24.861,2.933,-3.567,-3.333
KHM,2013,7.857,-6.506,24.397,2.943,-2.011,-1.755
KHM,2014,8.0,-6.484,24.174,3.856,-1.245,-0.988
KHM,2015,7.207,-6.525,23.264,1.229,-0.647,-0.421
KHM,2016,7.906,-6.391,21.79,3.027,-0.292,-0.022
KHM,2017,8.075,-5.975,22.641,2.902,-0.763,-0.521
KHM,2018,8.776,-8.725,21.089,2.448,0.278,0.529
KHM,2019,7.937,-7.993,20.835,1.957,2.188,2.434
KHM,2020,-3.556,-2.493,25.227,2.939,-2.528,-2.261
KHM,2021,3.09,-29.584,25.942,2.923,-5.177,-4.91
KHM,2022,5.103,-19.008,25.043,5.331,-0.288,-0.02
KHM,2023,4.998,1.281,25.732,2.132,-2.77,-2.503
KHM,2024,6.018,-1.693,26.622,0.873,-3.098,-2.832
KHM,2025,4.005,2.261,29.077,1.003,-3.231,-3.061
KHM,2026,3.407,1.058,30.668,3.246,-3.047,-2.857
KIR,1995,2.752,-8.717,12.269,4.1,-5.143,-5.024
KIR,1996,-0.052,-20.349,11.017,-1.667,-20.246,-20.133
KIR,1997,1.177,5.185,10.716,2.554,5.919,6.336
KIR,1998,4.442,21.325,9.808,3.668,14.583,14.751
KIR,1999,-3.914,2.351,11.841,1.755,-1.811,-1.66
KIR,2000,6.743,-3.29,12.693,0.377,-0.029,0.112
KIR,2001,-3.144,-9.554,17.01,6.002,-10.875,-10.765
KIR,2002,1.447,-11.404,13.265,3.176,3.128,3.264
KIR,2003,-1.575,-8.724,12.315,1.633,-8.933,-8.827
KIR,2004,-0.609,-7.172,13.623,-0.74,-19.202,-19.091
KIR,2005,1.292,-25.04,12.115,-0.351,-9.957,-9.845
KIR,2006,5.777,-8.61,12.871,-0.997,-12.271,-12.167
KIR,2007,3.055,-1.814,11.114,3.578,-12.473,-12.372
KIR,2008,-2.985,-3.5,13.853,13.665,-15.829,-15.739
KIR,2009,0.537,-11.647,10.275,9.816,-8.564,-8.443
KIR,2010,1.226,0.117,9.43,-3.9,-7.796,-7.708
KIR,2011,3.264,-8.823,8.802,1.497,-17.555,-17.479
KIR,2012,5.804,1.748,8.135,-3.046,-5.426,-5.426
KIR,2013,7.731,-5.007,8.86,-1.488,11.757,11.798
KIR,2014,1.264,27.943,8.975,2.104,34.973,35.097
KIR,2015,11.265,29.311,18.795,0.572,42.518,42.654
KIR,2016,7.088,9.302,21.231,1.917,20.102,20.218
KIR,2017,3.749,31.618,20.159,0.356,34.085,34.235
KIR,2018,3.479,32.64,18.983,0.564,5.182,5.397
KIR,2019,3.264,39.996,18.959,-1.813,10.822,11.054
KIR,2020,-1.468,32.163,20.978,2.553,3.573,3.805
KIR,2021,8.48,7.094,17.347,2.054,-10.767,-10.568
KIR,2022,4.566,-12.021,16.316,5.346,-18.308,-18.121
KIR,2023,2.652,-1.772,11.416,9.25,0.128,0.288
KIR,2024,5.267,-2.025,9.916,2.488,-22.0,-21.856
KIR,2025,3.9,-0.599,8.771,4.636,-15.058,-14.929
KIR,2026,3.222,-0.887,16.393,3.5,-16.67,-16.554
KNA,1995,3.462,,,3.0,0.899,2.684
KNA,1996,5.897,,50.666,2.048,-2.267,0.1
KNA,1997,7.327,,67.222,8.675,-2.333,-0.133
KNA,1998,1.024,,79.031,3.684,-5.128,-2.63
KNA,1999,3.943,,89.185,3.351,-11.119,-8.074
KNA,2000,9.714,,96.477,2.11,-13.334,-9.442
KNA,2001,5.309,,105.175,2.138,-10.866,-6.614
KNA,2002,1.37,,119.717,2.078,-11.713,-6.333
KNA,2003,-3.936,,140.684,2.268,-5.657,0.22
KNA,2004,3.996,,153.13,2.25,-6.598,-0.639
KNA,2005,9.734,,130.097,3.374,-3.449,2.871
KNA,2006,3.15,,140.348,8.487,-1.368,4.882
KNA,2007,0.601,,135.402,4.481,-1.03,5.222
KNA,2008,11.179,,123.408,5.3,-1.569,4.543
KNA,2009,-3.379,,129.068,2.058,-1.227,4.801
KNA,2010,0.044,,134.901,0.851,-4.145,1.965
KNA,2011,1.617,,127.074,5.835,1.597,7.198
KNA,2012,-0.517,,121.359,0.816,4.319,9.624
KNA,2013,5.706,,91.499,1.107,10.93,14.421
KNA,2014,7.587,0.697,69.336,0.248,8.516,10.977
KNA,2015,0.717,-8.108,62.191,-2.302,5.659,7.637
KNA,2016,3.91,-12.075,57.366,-0.688,3.763,5.33
KNA,2017,0.017,-10.24,53.33,0.696,1.679,3.076
KNA,2018,2.053,-5.847,53.911,-1.036,1.796,3.124
KNA,2019,4.05,-4.788,54.281,-0.331,-0.702,0.491
KNA,2020,-14.561,-10.838,67.963,-1.177,-3.057,-1.697
KNA,2021,-1.676,-3.353,69.092,1.206,5.406,6.628
KNA,2022,10.523,-11.38,60.2,2.669,-4.154,-2.914
KNA,2023,4.3,-11.593,55.929,3.557,-0.276,0.92
KNA,2024,1.536,-15.098,52.191,1.044,-10.62,-9.442
KNA,2025,1.964,-13.068,60.203,1.748,-8.541,-7.338
KNA,2026,2.201,-12.783,64.566,2.044,-6.71,-4.604
KOR,1995,9.736,-1.745,8.485,4.481,2.16,2.59
KOR,1996,7.99,-3.875,7.811,4.925,2.299,2.685
KOR,1997,6.282,-1.832,9.694,4.439,2.315,2.718
KOR,1998,-4.939,10.109,13.817,7.514,1.091,1.701
KOR,1999,11.617,4.227,15.759,0.813,1.145,2.105
KOR,2000,9.202,1.703,16.087,2.259,3.905,2.53
KOR,2001,4.726,0.381,16.625,4.067,2.42,1.433
KOR,2002,7.744,0.626,16.444,2.762,3.229,2.037
KOR,2003,3.075,1.552,19.102,3.515,1.509,0.489
KOR,2004,5.184,3.561,21.603,3.591,0.086,-0.656
KOR,2005,4.358,1.257,24.917,2.754,0.955,0.45
KOR,2006,5.245,0.191,27.043,2.242,1.185,0.569
KOR,2007,5.842,0.858,26.346,2.535,2.494,1.758
KOR,2008,3.004,0.16,25.856,4.674,1.581,1.135
KOR,2009,0.82,3.366,28.791,2.756,0.239,-0.427
KOR,2010,6.982,2.343,28.275,2.939,1.606,0.897
KOR,2011,3.688,1.273,31.7,4.026,1.721,1.023
KOR,2012,2.548,3.654,33.536,2.187,1.631,1.197
KOR,2013,3.291,5.385,36.004,1.301,0.789,0.366
KOR,2014,3.215,5.335,37.876,1.275,0.573,0.163
KOR,2015,2.92,6.829,38.843,0.706,0.497,0.181
KOR,2016,3.172,6.202,39.144,0.972,1.563,1.29
KOR,2017,3.433,4.399,38.011,1.944,2.077,1.75
KOR,2018,3.176,4.246,37.854,1.476,2.424,2.032
KOR,2019,2.314,3.408,39.73,0.383,0.351,-0.136
KOR,2020,-0.7,4.351,45.915,0.537,-2.105,-2.558
KOR,2021,4.613,4.388,47.988,2.498,-0.019,-0.399
KOR,2022,2.728,1.435,49.798,5.09,-1.492,-1.729
KOR,2023,1.404,1.785,50.697,3.597,-0.671,-0.745
KOR,2024,2.025,5.297,52.488,2.322,-0.635,-0.726
KOR,2025,1.027,3.5,54.453,1.839,-0.403,-0.426
KOR,2026,1.447,3.63,55.731,1.8,-0.451,-0.413
KWT,1995,1.669,18.45,34.907,,13.578,14.607
KWT,1996,0.598,22.568,26.452,,26.115,27.016
KWT,1997,2.493,25.943,24.265,,31.37,32.182
KWT,1998,3.654,8.537,25.622,,21.335,22.182
KWT,1999,-1.789,16.809,25.49,,29.881,30.544
KWT,2000,4.69,38.899,21.374,,54.285,54.891
KWT,2001,0.213,23.85,23.019,,47.102,47.795
KWT,2002,3.014,11.165,21.268,,32.738,33.376
KWT,2003,17.326,19.674,17.246,,28.662,29.181
KWT,2004,10.24,26.221,13.855,,33.904,30.949
KWT,2005,10.609,37.21,10.202,,39.881,36.552
KWT,2006,7.515,44.612,7.793,,28.6,24.51
KWT,2007,5.992,36.049,7.047,,37.509,32.642
KWT,2008,2.48,40.871,5.376,,21.561,16.171
KWT,2009,-7.076,26.692,6.653,,31.462,23.201
KWT,2010,-2.371,32.044,6.161,,31.873,22.958
KWT,2011,9.628,42.937,4.641,,38.591,30.541
KWT,2012,6.626,45.458,3.602,,40.349,31.81
KWT,2013,1.149,40.302,3.092,,40.014,29.811
KWT,2014,0.501,33.438,3.429,2.901,29.153,16.341
KWT,2015,0.593,3.501,4.604,3.276,15.183,-3.773
KWT,2016,2.926,-4.626,9.884,2.947,11.461,-9.021
KWT,2017,-4.712,7.962,19.619,1.56,13.926,-5.101
KWT,2018,2.743,14.344,14.262,0.556,16.332,-0.693
KWT,2019,2.264,12.678,10.517,1.092,11.603,-5.796
KWT,2020,-4.817,4.364,10.23,2.102,-1.877,-24.336
KWT,2021,2.261,25.18,7.192,3.424,8.308,-8.66
KWT,2022,5.859,34.313,2.944,3.981,28.181,11.653
KWT,2023,-3.641,31.403,3.166,3.642,26.275,5.304
KWT,2024,-2.804,29.463,3.036,2.899,21.584,-1.084
KWT,2025,1.866,22.72,7.354,2.471,23.579,-4.808
KWT,2026,3.129,19.324,10.77,2.165,23.01,-5.961
LAO,1995,7.045,-3.464,,19.075,,
LAO,1996,6.892,-6.26,,19.147,,
LAO,1997,6.907,-5.738,,19.544,,
LAO,1998,4.279,-5.679,,90.141,,
LAO,1999,4.028,-6.805,,128.409,,
LAO,2000,6.429,1.459,,8.369,-3.576,-3.238
LAO,2001,4.772,-12.26,94.725,7.809,-3.683,-3.4
LAO,2002,6.809,-9.34,95.308,10.633,-2.85,-2.457
LAO,2003,6.179,-11.589,90.148,15.489,-3.885,-3.419
LAO,2004,7.187,-13.873,80.653,10.467,-1.811,-1.091
LAO,2005,6.94,-15.668,73.203,7.167,-2.542,-1.735
LAO,2006,8.954,-9.264,60.007,6.546,-1.482,-0.931
LAO,2007,7.851,-10.386,55.93,4.662,-1.123,-0.615
LAO,2008,7.822,-15.608,51.723,7.629,-1.858,-1.412
LAO,2009,7.373,-17.769,51.823,0.141,-3.096,-2.716
LAO,2010,8.018,-16.482,49.315,5.983,-1.469,-1.021
LAO,2011,7.986,-15.264,43.005,7.569,-1.429,-0.892
LAO,2012,7.805,-7.337,46.103,4.255,-2.344,-1.662
LAO,2013,8.026,-7.834,49.493,6.371,-4.031,-3.154
LAO,2014,7.612,-14.507,53.534,4.129,-3.132,-2.414
LAO,2015,7.27,-15.727,53.052,1.277,-5.57,-4.806
LAO,2016,7.023,-8.708,54.474,1.597,-5.06,-4.164
LAO,2017,6.892,-7.387,57.198,0.825,-5.509,-4.747
LAO,2018,6.248,-9.095,60.588,2.04,-4.465,-3.339
LAO,2019,4.652,-7.03,69.129,3.323,-3.203,-1.874
LAO,2020,-0.435,-1.645,75.972,5.104,-5.367,-4.05
LAO,2021,2.061,2.329,92.858,3.754,-0.669,0.275
LAO,2022,2.252,-3.034,130.728,22.959,0.059,1.541
LAO,2023,3.658,2.701,115.601,31.23,-0.012,0.747
LAO,2024,4.299,3.347,96.446,23.132,2.344,5.959
LAO,2025,2.523,-0.058,91.38,9.369,-0.873,2.804
LAO,2026,1.952,0.006,87.599,6.983,0.479,3.022
LBN,1995,6.493,-9.764,,10.282,-13.641,-3.099
LBN,1996,4.038,-10.266,,8.879,-25.689,-12.52
LBN,1997,10.19,-32.419,,7.748,-24.55,-9.99
LBN,1998,3.9,-29.917,,4.549,-17.27,-4.31
LBN,1999,-0.8,-19.38,,0.241,-16.718,-2.719
LBN,2000,1.1,-17.602,148.076,-0.356,-23.945,-7.584
LBN,2001,3.9,-19.689,163.082,-0.367,-21.025,-4.551
LBN,2002,3.4,-27.407,163.117,1.759,-16.188,0.406
LBN,2003,1.7,-29.126,171.308,1.268,-13.967,2.625
LBN,2004,7.5,-17.991,169.547,1.672,-9.832,2.463
LBN,2005,2.687,-11.275,178.926,-1.426,-8.573,1.95
LBN,2006,1.547,-5.218,183.291,4.092,-10.572,2.624
LBN,2007,9.314,-6.444,169.301,4.058,-10.928,1.712
LBN,2008,9.066,-14.743,161.487,10.698,-9.856,1.486
LBN,2009,10.235,-19.884,144.499,1.215,-8.098,2.769
LBN,2010,7.974,-18.146,136.829,3.962,-7.466,2.722
LBN,2011,0.867,-13.834,134.386,4.986,-5.945,3.467
LBN,2012,2.541,-23.438,131.051,6.573,-8.434,-0.198
LBN,2013,3.811,-25.511,135.403,5.559,-8.823,-0.729
LBN,2014,2.466,-26.23,138.401,1.128,-6.217,2.492
LBN,2015,0.453,-17.108,140.841,-3.761,-7.484,1.447
LBN,2016,1.563,-20.477,146.403,-0.807,-8.884,0.434
LBN,2017,0.913,-22.881,149.979,4.485,-8.654,0.757
LBN,2018,-1.853,-24.348,155.081,6.058,-11.3,-1.445
LBN,2019,-6.801,-21.752,172.1,2.891,-10.515,-0.465
LBN,2020,-24.597,-11.125,148.709,84.88,-7.146,-4.136
LBN,2021,2.016,-23.034,360.851,154.759,-1.979,-0.917
LBN,2022,1.0,-29.355,246.473,171.195,-6.495,-5.974
LBN,2023,-0.7,-23.903,192.083,221.343,-0.105,0.53
LBN,2024,-7.5,-18.206,164.127,45.243,0.362,1.084
LBR,1999,,,,1.982,,
LBR,2000,,-12.237,468.08,5.3,-0.081,0.075
LBR,2001,2.758,-9.667,465.171,12.149,-0.939,-0.819
LBR,2002,4.431,-2.751,463.616,14.16,-1.574,-1.412
LBR,2003,-28.974,-14.017,600.117,10.33,0.356,0.563
LBR,2004,3.971,-6.158,543.399,3.555,-0.556,-0.487
LBR,2005,5.856,2.218,488.458,6.945,-0.506,-0.467
LBR,2006,8.48,-7.355,450.955,9.514,4.231,4.25
LBR,2007,13.103,-1.569,366.805,11.391,2.277,2.345
LBR,2008,6.105,-30.167,235.281,17.49,-2.702,-2.566
LBR,2009,5.192,-13.159,132.157,7.427,-1.4,-1.249
LBR,2010,6.351,1.069,25.397,7.291,1.163,1.277
LBR,2011,7.7,-2.478,22.519,8.487,-4.392,-4.33
LBR,2012,8.42,-20.875,20.504,6.832,-2.858,-2.854
LBR,2013,8.836,-8.813,20.612,7.578,1.29,1.386
LBR,2014,0.695,-34.313,24.332,9.858,-4.92,-4.679
LBR,2015,0.007,-28.498,24.771,7.742,-3.737,-3.428
LBR,2016,-1.63,-22.961,28.608,8.844,-3.828,-3.54
LBR,2017,2.469,-22.278,31.839,12.435,-7.136,-6.701
LBR,2018,1.242,-21.324,37.13,23.547,-4.703,-3.86
LBR,2019,-2.516,-19.634,48.55,26.969,-4.925,-3.862
LBR,2020,-2.967,-16.401,58.67,16.953,-4.021,-2.735
LBR,2021,5.011,-17.766,53.28,7.816,-2.504,-1.633
LBR,2022,4.811,-19.007,54.308,7.593,-5.332,-4.391
LBR,2023,4.587,-26.278,58.808,10.094,-7.071,-6.091
LBR,2024,4.819,-21.074,56.474,8.215,-2.693,-1.592
LBR,2025,5.334,-18.215,56.498,8.173,-3.466,-2.164
LBR,2026,5.529,-16.889,55.619,7.403,-2.207,-0.843
LBY,1995,-15.431,2.811,,8.342,3.797,4.791
LBY,1996,1.759,-0.218,,3.996,11.319,12.241
LBY,1997,-2.635,-0.29,,3.586,-2.105,-1.251
LBY,1998,-0.676,-1.804,,3.719,-2.363,-1.512
LBY,1999,-0.189,2.641,,2.574,5.692,6.406
LBY,2000,4.042,13.262,,-2.907,13.64,13.64
LBY,2001,2.626,6.419,,-8.839,0.067,0.419
LBY,2002,-3.727,-7.035,,-9.863,6.991,6.991
LBY,2003,16.145,-7.872,,-2.057,6.166,6.166
LBY,2004,5.845,20.647,,1.252,11.312,11.312
LBY,2005,10.619,35.669,,2.658,30.381,30.381
LBY,2006,0.278,46.748,,1.465,29.091,29.091
LBY,2007,6.23,43.724,,6.211,28.363,28.363
LBY,2008,-0.162,42.72,,10.401,27.677,27.677
LBY,2009,-4.4,15.436,,2.448,-5.459,-5.459
LBY,2010,5.027,19.339,,2.458,11.469,11.469
LBY,2011,-50.339,6.587,,15.902,-11.45,-11.45
LBY,2012,86.827,25.757,,6.072,24.613,24.613
LBY,2013,-17.998,0.013,,2.594,-16.299,-16.299
LBY,2014,-23.043,-33.112,,2.433,-30.508,-30.508
LBY,2015,-0.843,-18.894,,10.012,-28.492,-28.492
LBY,2016,-1.491,-9.425,,25.854,-29.29,-29.29
LBY,2017,32.492,6.573,,25.804,-11.062,-11.062
LBY,2018,7.941,14.702,,13.972,9.393,9.393
LBY,2019,-11.196,6.7,,-2.87,11.93,11.93
LBY,2020,-29.456,-10.212,,1.468,-22.273,-22.273
LBY,2021,28.335,16.135,,2.868,14.828,14.828
LBY,2022,-8.252,23.175,,4.51,23.595,23.595
LBY,2023,10.156,18.27,,2.373,8.216,8.216
LBY,2024,-0.636,6.933,,2.126,0.152,0.152
LBY,2025,17.304,10.399,,2.29,0.207,0.207
LBY,2026,4.285,8.738,,2.29,0.172,0.172
LCA,1995,1.749,-4.751,22.703,5.863,-0.133,0.455
LCA,1996,2.922,-7.338,23.924,0.925,-0.573,0.09
LCA,1997,-0.694,-9.77,26.625,-0.006,-1.101,-0.379
LCA,1998,6.286,-6.863,29.079,3.202,2.219,3.114
LCA,1999,2.67,-12.047,28.795,2.415,1.613,2.559
LCA,2000,0.049,-17.845,32.805,4.848,-1.171,0.189
LCA,2001,-3.409,-18.843,38.012,5.273,-3.072,-1.448
LCA,2002,0.417,-17.633,47.653,-0.256,-3.026,-1.398
LCA,2003,4.264,-20.946,44.692,1.034,-3.17,-1.156
LCA,2004,7.268,-14.882,48.774,1.46,-2.585,-0.299
LCA,2005,-0.411,-15.515,50.426,3.911,-6.005,-3.433
LCA,2006,6.462,-29.348,47.954,3.564,-5.005,-2.734
LCA,2007,1.944,-18.455,48.196,2.823,-1.592,0.718
LCA,2008,4.881,-24.429,46.898,5.55,-0.72,1.583
LCA,2009,-1.885,-8.48,50.237,-0.157,-2.627,-0.3
LCA,2010,0.509,-12.666,52.23,3.25,-4.106,-1.594
LCA,2011,4.863,-14.304,54.941,2.769,-5.351,-2.864
LCA,2012,-0.379,-10.025,60.18,4.178,-7.547,-4.722
LCA,2013,-2.222,-6.531,61.236,1.469,-4.775,-1.693
LCA,2014,1.302,-2.429,61.854,3.517,-3.057,0.063
LCA,2015,-0.24,-0.477,60.551,-0.984,-2.333,0.836
LCA,2016,3.806,-6.338,60.214,-3.078,-0.777,2.315
LCA,2017,3.38,-1.908,59.919,0.104,-1.13,1.856
LCA,2018,2.887,1.472,60.282,2.555,-1.026,1.941
LCA,2019,-0.7,3.326,62.114,0.539,-3.511,-0.492
LCA,2020,-24.362,-18.939,94.982,-1.755,-11.439,-7.613
LCA,2021,11.6,-11.296,81.868,2.41,-4.796,-1.669
LCA,2022,20.387,-3.562,73.432,6.373,-1.65,1.245
LCA,2023,2.21,-1.567,74.846,4.077,-2.621,0.745
LCA,2024,3.793,-1.364,73.97,-0.448,-1.297,2.08
LCA,2025,3.035,-0.978,73.634,0.693,-2.123,1.431
LCA,2026,2.431,-0.911,73.838,1.709,-2.772,0.781
LKA,1995,6.051,-6.511,77.807,7.675,-7.11,-2.431
LKA,1996,12.162,-5.311,76.227,15.937,-6.892,-1.687
LKA,1997,10.291,-2.863,70.147,9.565,-5.71,-0.638
LKA,1998,-1.646,-1.85,74.243,9.371,-6.786,-2.378
LKA,1999,2.879,-3.508,77.695,4.692,-5.584,-0.993
LKA,2000,8.418,-5.329,79.202,6.176,-7.778,-3.151
LKA,2001,-1.948,-0.932,84.364,14.158,-8.48,-3.004
LKA,2002,3.727,-1.166,96.301,9.551,-6.904,-0.884
LKA,2003,5.94,-0.329,86.45,8.969,-6.152,-0.349
LKA,2004,5.445,-2.654,86.499,9.014,-6.323,-1.48
LKA,2005,6.242,-2.097,76.589,11.009,-5.933,-1.792
LKA,2006,7.668,-4.484,74.29,9.939,-5.913,-1.576
LKA,2007,6.797,-3.66,71.849,15.895,-5.808,-1.493
LKA,2008,5.95,-8.063,68.782,22.356,-5.93,-1.858
LKA,2009,3.539,-0.432,72.75,3.503,-8.328,-2.914
LKA,2010,8.016,-1.833,68.731,6.214,-6.728,-1.409
LKA,2011,8.669,-6.814,69.428,6.73,-6.009,-1.248
LKA,2012,8.632,-5.655,67.504,7.547,-5.439,-0.895
LKA,2013,4.052,-3.3,69.457,6.884,-5.005,-0.537
LKA,2014,6.378,-2.409,69.561,2.784,-5.992,-1.942
LKA,2015,4.206,-2.212,76.334,2.224,-6.639,-2.081
LKA,2016,5.054,-1.981,75.0,3.985,-4.997,-0.23
LKA,2017,6.461,-2.447,72.26,6.58,-5.098,0.014
LKA,2018,2.31,-2.963,83.585,4.273,-4.956,0.596
LKA,2019,-0.22,-2.071,82.594,4.304,-7.519,-1.854
LKA,2020,-4.625,-1.406,96.881,4.569,-13.358,-7.093
LKA,2021,4.207,-3.707,102.669,5.954,-11.683,-5.731
LKA,2022,-7.349,-0.989,115.942,45.214,-10.223,-3.718
LKA,2023,-2.33,2.937,110.376,17.365,-8.323,0.632
LKA,2024,5.009,1.764,99.434,1.242,-5.64,2.173
LSO,1995,4.067,-17.07,62.832,9.962,5.132,4.087
LSO,1996,4.767,-22.561,71.638,9.058,2.114,-1.162
LSO,1997,3.269,-27.568,65.671,8.55,0.267,-2.358
LSO,1998,1.333,-15.359,79.415,7.775,-11.788,-13.48
LSO,1999,1.438,-23.161,82.969,8.644,-15.302,-15.29
LSO,2000,3.953,-4.375,88.48,6.131,-0.948,0.848
LSO,2001,3.296,6.199,108.678,6.919,-2.762,-1.115
LSO,2002,2.419,6.335,79.62,12.562,-2.437,-0.062
LSO,2003,4.245,-2.96,52.633,7.166,0.889,2.402
LSO,2004,2.069,4.999,49.433,5.023,6.055,7.552
LSO,2005,3.326,4.759,40.968,3.438,4.459,5.455
LSO,2006,4.201,13.962,43.729,6.073,11.57,14.116
LSO,2007,4.201,16.405,49.621,8.012,10.752,13.136
LSO,2008,3.76,14.714,47.027,10.715,8.096,8.837
LSO,2009,0.362,-3.756,35.87,7.38,-4.157,-3.323
LSO,2010,5.1,-13.353,33.81,3.495,-1.486,-0.93
LSO,2011,5.061,-18.158,36.171,5.037,-9.846,-9.12
LSO,2012,5.146,-12.577,39.846,6.051,4.564,5.347
LSO,2013,1.772,-9.265,41.192,4.865,-2.583,-1.784
LSO,2014,2.068,-8.062,41.507,5.37,3.157,3.795
LSO,2015,3.248,-6.781,45.812,3.218,-1.38,-0.5
LSO,2016,1.877,-10.192,41.45,6.597,-9.428,-8.633
LSO,2017,-2.734,-6.962,40.992,4.448,-2.016,-1.038
LSO,2018,-1.465,-6.955,48.191,4.752,-4.409,-3.223
LSO,2019,-2.912,-6.335,58.219,5.187,-5.719,-4.28
LSO,2020,-5.264,-5.687,54.69,4.978,1.183,2.716
LSO,2021,1.897,-9.051,57.959,6.048,-4.95,-3.594
LSO,2022,1.978,-13.96,64.552,8.272,-6.408,-4.621
LSO,2023,1.98,-0.261,61.511,6.343,7.32,9.261
LSO,2024,2.62,0.475,59.752,6.102,8.866,9.958
LSO,2025,1.517,-5.629,59.729,4.266,6.046,7.746
LSO,2026,1.444,-5.151,60.364,5.096,4.438,6.392
LTU,1995,,-9.113,,,-3.996,
LTU,1996,5.239,-8.562,,23.092,-4.213,
LTU,1997,8.35,-9.661,,8.735,-1.699,
LTU,1998,7.673,-11.505,21.695,5.369,-5.574,
LTU,1999,-1.087,-10.839,28.002,1.443,-8.249,
LTU,2000,3.361,-5.847,23.485,1.094,-3.98,-2.814
LTU,2001,6.635,-4.679,22.882,1.549,-3.615,-2.861
LTU,2002,6.531,-5.138,22.127,0.336,-1.793,-0.912
LTU,2003,10.532,-6.8,20.368,-1.077,-1.266,-0.408
LTU,2004,6.318,-7.593,18.615,1.154,-1.528,-0.816
LTU,2005,8.185,-7.387,17.643,2.672,-0.505,0.071
LTU,2006,7.301,-10.642,17.298,3.757,-0.448,0.047
LTU,2007,11.1,-15.329,15.889,5.818,-0.999,-0.614
LTU,2008,2.18,-13.234,14.589,11.092,-3.271,-2.863
LTU,2009,-14.503,2.031,27.903,4.161,-9.313,-8.181
LTU,2010,0.274,0.22,36.705,1.191,-6.994,-5.31
LTU,2011,6.343,-3.703,37.463,4.124,-9.011,-7.305
LTU,2012,4.376,-1.579,39.902,3.164,-3.157,-1.15
LTU,2013,4.079,1.693,38.852,1.164,-2.627,-0.779
LTU,2014,3.769,3.596,40.713,0.242,-0.667,1.074
LTU,2015,2.845,-2.506,42.57,-0.677,-0.207,1.469
LTU,2016,2.614,-1.008,39.973,0.678,0.26,1.772
LTU,2017,4.705,1.027,39.336,3.718,0.454,1.742
LTU,2018,4.832,0.356,33.341,2.531,0.591,1.634
LTU,2019,4.723,3.756,35.586,2.242,0.263,1.239
LTU,2020,0.048,7.208,45.889,1.062,-7.16,-6.419
LTU,2021,6.361,1.449,43.297,4.625,-0.979,-0.489
LTU,2022,2.516,-6.099,38.063,18.858,-0.707,-0.411
LTU,2023,0.428,1.099,37.34,8.685,-0.69,-0.107
LTU,2024,2.726,2.473,38.223,0.852,-1.283,-0.45
LTU,2025,2.787,1.966,41.837,3.462,-2.993,-2.001
LTU,2026,2.459,1.72,45.298,2.774,-2.643,-1.485
LUX,1995,1.432,12.022,10.282,1.9,2.714,1.624
LUX,1996,1.515,11.566,10.168,1.156,2.369,1.249
LUX,1997,5.937,9.978,10.062,1.371,2.655,1.574
LUX,1998,6.492,8.556,9.51,0.972,2.983,1.877
LUX,1999,8.421,10.771,8.394,1.021,3.242,2.489
LUX,2000,8.442,12.654,7.494,3.782,5.551,4.442
LUX,2001,3.074,8.275,7.623,2.404,5.623,4.294
LUX,2002,3.225,7.609,7.448,2.056,2.031,0.922
LUX,2003,2.62,7.145,7.435,2.528,0.276,-0.611
LUX,2004,4.231,7.074,7.83,3.244,-1.392,-2.132
LUX,2005,2.483,6.938,7.95,3.761,-0.211,-0.86
LUX,2006,6.016,6.642,8.205,2.962,1.905,1.14
LUX,2007,8.099,6.549,8.092,2.655,4.354,3.37
LUX,2008,-0.302,6.129,14.627,4.092,3.367,2.16
LUX,2009,-3.239,5.785,15.285,0.007,-0.213,-0.715
LUX,2010,3.76,5.778,19.09,2.795,-0.258,-0.531
LUX,2011,1.045,5.64,18.503,3.728,0.65,0.334
LUX,2012,1.65,4.991,20.849,2.888,0.504,0.288
LUX,2013,3.171,3.935,22.407,1.699,0.841,0.681
LUX,2014,2.623,4.095,21.863,0.694,1.332,1.087
LUX,2015,2.268,5.604,21.133,0.059,1.304,1.062
LUX,2016,4.978,7.401,19.598,0.043,1.89,1.647
LUX,2017,1.317,6.443,21.802,2.113,1.367,1.145
LUX,2018,1.611,8.313,20.87,2.018,3.175,2.967
LUX,2019,2.749,8.528,22.339,1.65,2.679,2.472
LUX,2020,-0.51,4.918,24.533,0.008,-3.093,-3.325
LUX,2021,6.93,6.416,24.185,3.474,1.002,0.73
LUX,2022,-1.095,9.514,24.902,8.149,0.184,-0.106
LUX,2023,-0.694,11.234,25.024,2.927,-0.79,-1.291
LUX,2024,1.032,13.776,25.981,2.252,1.031,0.396
LUX,2025,1.574,8.759,26.353,2.229,-0.785,-0.942
LUX,2026,2.215,7.774,27.183,2.127,-1.28,-1.302
LVA,1995,-2.084,-0.308,,25.0,,
LVA,1996,2.3,-4.824,,17.6,,
LVA,1997,9.171,-5.433,,8.074,,
LVA,1998,6.55,-9.309,9.815,4.295,-0.658,0.03
LVA,1999,2.818,-7.426,14.834,2.114,-3.542,-2.847
LVA,2000,5.841,-4.822,15.094,2.633,-2.565,-1.577
LVA,2001,6.461,-7.666,17.825,2.526,-2.026,-1.094
LVA,2002,7.665,-6.687,15.383,1.963,-2.588,-1.772
LVA,2003,8.429,-8.138,15.424,2.94,-1.666,-0.868
LVA,2004,8.725,-12.777,15.322,6.187,-1.036,-0.299
LVA,2005,11.615,-12.288,12.507,6.89,-1.064,-0.489
LVA,2006,12.825,-21.921,10.657,6.571,-0.481,0.02
LVA,2007,10.415,-21.809,8.997,10.081,0.627,0.969
LVA,2008,-3.389,-12.877,19.319,15.253,-3.286,-2.896
LVA,2009,-16.04,7.872,37.641,3.259,-7.135,-5.976
LVA,2010,-3.661,1.733,48.182,-1.224,-6.56,-5.118
LVA,2011,3.036,-3.52,46.808,4.222,-3.385,-1.867
LVA,2012,7.305,-3.871,44.371,2.285,0.182,1.764
LVA,2013,2.096,-2.892,41.774,0.011,-0.581,0.918
LVA,2014,2.095,-1.466,43.079,0.69,-1.743,-0.205
LVA,2015,3.783,-0.105,38.279,0.213,-1.573,0.262
LVA,2016,2.552,1.78,41.734,0.099,-0.515,0.745
LVA,2017,3.399,1.472,40.33,2.894,-0.853,0.289
LVA,2018,4.31,-0.394,38.304,2.554,-0.765,0.214
LVA,2019,0.675,-0.172,37.911,2.747,-0.394,0.496
LVA,2020,-3.469,3.039,44.037,0.081,-3.848,-2.948
LVA,2021,6.943,-4.067,45.874,3.239,-5.714,-4.919
LVA,2022,1.807,-5.468,44.429,17.245,-3.944,-3.4
LVA,2023,2.854,-3.901,44.647,9.058,-3.378,-2.796
LVA,2024,-0.442,-2.107,47.363,1.349,-1.823,-0.898
LVA,2025,2.002,-2.519,48.322,2.36,-3.633,-2.548
LVA,2026,2.482,-2.445,48.31,2.417,-2.99,-1.652
MAC,2001,,,0.0,,3.263,3.263
MAC,2002,8.91,31.529,0.0,-2.638,2.662,2.662
MAC,2003,11.641,30.617,0.0,-1.56,4.799,4.799
MAC,2004,26.631,32.955,0.0,0.978,7.798,7.798
MAC,2005,8.075,23.653,0.0,4.397,8.315,8.315
MAC,2006,13.391,14.893,0.0,5.153,9.741,9.741
MAC,2007,14.476,21.685,0.0,5.568,16.377,16.377
MAC,2008,3.392,15.562,0.0,8.609,17.479,17.479
MAC,2009,1.274,27.547,0.0,1.172,13.365,13.365
MAC,2010,25.123,38.92,0.0,2.81,19.405,19.405
MAC,2011,21.616,40.383,0.0,5.805,24.671,24.671
MAC,2012,9.242,38.834,0.0,6.103,23.981,23.981
MAC,2013,10.753,39.335,0.0,5.507,26.986,26.986
MAC,2014,-2.048,32.706,0.0,6.045,24.16,24.16
MAC,2015,-21.515,23.342,0.0,4.56,13.817,13.817
MAC,2016,-0.679,26.524,0.0,2.369,11.415,11.415
MAC,2017,9.86,30.765,0.0,1.227,13.274,13.274
MAC,2018,6.406,32.878,0.0,3.006,13.326,13.326
MAC,2019,-2.563,33.542,0.0,2.752,14.44,14.44
MAC,2020,-54.336,14.805,0.0,0.811,-21.41,-21.41
MAC,2021,23.535,8.734,0.0,0.028,-12.891,-12.891
MAC,2022,-19.609,13.904,0.0,1.044,-36.92,-36.92
MAC,2023,75.062,31.395,0.0,0.939,-9.127,
MAC,2024,8.808,31.72,0.0,0.738,2.127,
MAC,2025,3.594,30.01,0.0,0.864,4.077,
MAC,2026,3.522,28.889,0.0,1.34,5.648,
MAR,1995,-6.328,-4.418,72.22,6.287,-2.539,2.113
MAR,1996,13.46,-1.4,65.335,2.817,0.868,5.113
MAR,1997,-2.012,-1.893,67.956,1.096,1.499,5.754
MAR,1998,7.979,-2.044,64.52,2.71,1.47,5.577
MAR,1999,0.529,-2.235,63.363,0.792,3.206,7.187
MAR,2000,1.593,-3.411,64.86,1.832,-1.973,2.216
MAR,2001,7.552,1.865,60.435,0.643,-3.79,0.095
MAR,2002,3.316,3.231,59.372,2.81,-4.369,-1.013
MAR,2003,6.317,2.825,56.929,1.118,-3.745,-0.586
MAR,2004,4.802,1.495,54.431,1.474,-3.313,-0.295
MAR,2005,2.978,1.577,54.767,1.09,-5.455,-2.572
MAR,2006,7.76,1.901,50.642,3.234,-1.8,1.027
MAR,2007,2.706,-0.059,47.066,1.972,-0.116,2.617
MAR,2008,5.923,-4.632,41.991,3.754,0.626,2.969
MAR,2009,4.244,-4.923,42.622,-0.219,-1.629,0.524
MAR,2010,3.816,-4.042,45.276,0.989,-3.932,-1.866
MAR,2011,5.246,-7.279,48.555,0.979,-6.075,-4.02
MAR,2012,3.01,-8.789,52.282,1.293,-6.632,-4.372
MAR,2013,4.535,-6.806,57.076,1.809,-4.702,-2.317
MAR,2014,2.669,-5.514,58.564,0.522,-4.78,-2.22
MAR,2015,4.345,-1.961,58.394,1.559,-4.593,-1.983
MAR,2016,0.521,-3.75,60.084,1.535,-4.486,-1.968
MAR,2017,5.058,-3.163,60.261,0.806,-3.303,-0.876
MAR,2018,3.066,-4.883,60.458,1.6,-3.521,-1.177
MAR,2019,2.891,-3.421,60.27,0.197,-3.88,-1.426
MAR,2020,-7.178,-1.166,72.245,0.688,-7.147,-4.649
MAR,2021,8.155,-2.344,69.351,1.366,-5.924,-3.801
MAR,2022,1.527,-3.557,71.532,6.641,-5.378,-3.236
MAR,2023,3.403,-0.618,69.475,6.137,-4.456,-2.322
MAR,2024,3.186,-1.45,70.028,0.935,-4.055,-1.861
MAR,2025,3.905,-1.951,68.938,2.152,-3.892,-1.297
MAR,2026,3.746,-2.245,67.698,2.252,-3.402,-0.94
MDA,1995,-1.428,-5.87,79.48,30.216,-2.583,1.511
MDA,1996,-5.9,-11.324,87.492,23.506,-7.423,-4.309
MDA,1997,1.6,-14.257,89.049,11.773,-7.471,-3.243
MDA,1998,-6.5,-19.728,159.41,7.696,-1.522,3.096
MDA,1999,-3.4,-5.793,150.739,39.262,-2.639,4.397
MDA,2000,2.1,-7.47,89.099,31.206,-3.546,2.699
MDA,2001,6.1,-1.808,85.38,9.641,-0.345,3.84
MDA,2002,7.8,-1.191,80.342,5.219,-1.179,0.977
MDA,2003,6.6,-6.57,68.059,11.667,0.47,2.57
MDA,2004,7.4,-1.776,49.335,12.426,0.593,2.503
MDA,2005,7.5,-7.556,40.421,11.851,1.441,2.69
MDA,2006,4.8,-11.337,34.984,12.707,-0.419,0.597
MDA,2007,3.0,-15.248,28.275,12.382,0.148,1.336
MDA,2008,7.8,-16.112,22.195,12.704,-0.871,0.294
MDA,2009,-6.0,-8.923,32.612,0.006,-6.383,-4.988
MDA,2010,7.1,-6.901,25.475,7.358,-2.178,-1.532
MDA,2011,5.818,-10.121,24.201,7.65,-2.05,-1.368
MDA,2012,-0.59,-7.391,31.333,4.558,-1.931,-1.272
MDA,2013,9.044,-5.163,29.974,4.569,-1.565,-1.124
MDA,2014,5.0,-6.044,35.363,5.058,-1.603,-1.13
MDA,2015,-0.7,-5.951,42.096,9.628,-1.93,-1.181
MDA,2016,4.6,-3.614,39.678,6.358,-1.564,-0.425
MDA,2017,4.2,-5.837,34.86,6.506,-0.65,0.463
MDA,2018,4.1,-10.77,31.8,3.59,-0.853,-0.046
MDA,2019,3.6,-9.421,28.792,4.846,-1.466,-0.67
MDA,2020,-8.3,-7.69,36.633,3.771,-5.317,-4.462
MDA,2021,13.9,-12.408,33.639,5.099,-2.617,-1.815
MDA,2022,-4.6,-15.852,35.038,28.722,-3.24,-2.243
MDA,2023,1.2,-11.31,34.943,13.447,-5.13,-3.339
MDA,2024,0.5,-16.093,38.132,4.683,-3.893,-2.517
MDA,2025,0.6,-14.48,36.285,7.96,-5.112,-3.681
MDA,2026,2.55,-13.75,35.341,5.871,-5.575,-4.144
MDG,1995,1.679,-7.191,95.837,49.036,-5.088,-0.886
MDG,1996,2.154,-3.095,98.716,19.761,-3.971,-0.18
MDG,1997,3.693,-4.734,89.74,4.492,-1.997,0.532
MDG,1998,3.917,-6.573,108.46,6.21,-5.308,-2.996
MDG,1999,4.699,-5.248,104.115,7.189,-2.421,-0.587
MDG,2000,4.457,-5.627,90.212,11.57,-2.353,-0.398
MDG,2001,5.98,-2.575,82.144,7.917,-3.614,-1.962
MDG,2002,-12.408,-8.914,86.693,16.499,-4.092,-2.288
MDG,2003,9.785,-5.146,85.862,-1.704,-3.322,-1.42
MDG,2004,5.257,-7.878,81.896,13.956,-4.232,-1.702
MDG,2005,4.756,-12.531,74.366,18.364,-2.475,-0.203
MDG,2006,5.399,-9.155,32.226,10.766,-5.711,-3.632
MDG,2007,5.711,-9.886,28.21,10.288,-2.308,-1.334
MDG,2008,6.713,-15.636,31.01,9.297,-1.723,-1.028
MDG,2009,-3.979,-18.172,34.857,8.954,-2.261,-1.578
MDG,2010,0.619,-8.949,32.341,9.247,-0.76,-0.051
MDG,2011,1.578,-6.728,29.947,9.483,-2.043,-1.315
MDG,2012,3.011,-7.463,30.435,5.714,-2.237,-1.627
MDG,2013,2.3,-6.505,36.243,5.826,-3.403,-2.824
MDG,2014,3.339,-0.269,37.848,6.08,-1.961,-1.49
MDG,2015,3.132,-1.626,44.062,7.404,-2.85,-2.157
MDG,2016,3.993,0.482,40.281,6.056,-1.107,-0.368
MDG,2017,3.933,-0.422,40.13,8.59,-2.103,-1.408
MDG,2018,3.194,0.716,42.896,8.598,-1.338,-0.569
MDG,2019,4.411,-2.289,41.253,5.623,-1.421,-0.723
MDG,2020,-7.138,-5.375,52.084,4.188,-3.957,-3.225
MDG,2021,4.651,-4.928,49.538,5.819,-2.827,-2.184
MDG,2022,4.156,-5.361,49.972,8.157,-5.46,-4.909
MDG,2023,4.203,-4.055,52.697,9.861,-4.195,-3.49
MDG,2024,4.2,-5.352,50.408,7.64,-2.792,-2.166
MDG,2025,3.94,-6.529,51.274,8.43,-3.879,-2.918
MDG,2026,4.206,-6.569,52.517,7.22,-4.041,-2.999
MDV,1995,7.377,-3.902,,5.488,-5.662,-5.907
MDV,1996,9.084,-1.412,,6.244,-2.013,-1.787
MDV,1997,10.405,-5.32,38.112,7.579,-1.461,-2.05
MDV,1998,9.789,-3.153,39.261,-1.41,-2.251,-2.431
MDV,1999,7.232,-10.435,38.948,2.956,-3.028,-2.947
MDV,2000,4.737,-6.421,39.017,-1.178,-3.893,-3.668
MDV,2001,1.45,-7.653,41.845,0.673,-3.966,-3.585
MDV,2002,6.098,-4.297,44.279,0.927,-3.967,-3.552
MDV,2003,14.153,-2.975,37.606,-2.803,-3.445,-3.184
MDV,2004,6.031,-9.971,34.674,6.339,-2.257,-1.828
MDV,2005,-11.223,-23.467,43.196,2.46,-7.807,-7.342
MDV,2006,23.606,-19.171,36.78,3.5,-4.524,-3.92
MDV,2007,7.123,-14.212,35.824,6.795,-3.158,-2.835
MDV,2008,8.98,-26.863,38.958,12.041,-9.925,-9.398
MDV,2009,-8.158,-9.647,48.387,4.53,-17.933,-16.205
MDV,2010,6.835,-7.322,52.748,6.15,-13.58,-11.754
MDV,2011,8.573,-14.819,51.863,11.273,-8.13,-6.516
MDV,2012,2.364,-6.645,57.123,10.891,-6.905,-4.57
MDV,2013,6.963,-4.303,55.949,3.997,-3.487,-1.698
MDV,2014,7.801,-3.656,55.065,2.448,-2.418,-0.756
MDV,2015,3.972,-7.451,54.844,1.371,-6.516,-4.446
MDV,2016,6.572,-23.474,61.88,0.801,-9.928,-8.236
MDV,2017,7.055,-20.695,63.752,2.272,-3.021,-1.69
MDV,2018,8.668,-27.837,70.653,1.367,-5.169,-3.543
MDV,2019,7.298,-26.07,77.203,1.326,-6.543,-4.975
MDV,2020,-32.909,-35.072,155.665,-1.594,-23.696,-21.114
MDV,2021,37.508,-8.651,123.372,0.213,-14.179,-11.582
MDV,2022,13.826,-16.273,111.623,2.601,-11.158,-7.545
MDV,2023,4.726,-21.288,122.953,2.605,-13.228,-9.357
MDV,2024,5.134,-17.927,133.951,1.445,-13.968,-9.791
MDV,2025,4.469,-14.414,140.795,2.008,-15.158,-11.357
MDV,2026,4.339,-10.646,144.11,4.036,-14.493,-10.599
MEX,1995,-5.91,-0.415,,35.061,-2.278,1.59
MEX,1996,6.218,-0.58,42.537,34.35,-3.655,0.173
MEX,1997,7.199,-1.464,39.12,20.597,-3.476,-0.04
MEX,1998,6.185,-2.869,39.708,15.917,-4.491,-1.951
MEX,1999,2.755,-2.218,41.667,16.566,-4.489,-1.512
MEX,2000,5.029,-2.527,38.455,9.486,-2.685,0.327
MEX,2001,-0.451,-2.197,37.315,6.366,-2.573,1.128
MEX,2002,-0.237,-1.529,39.866,5.037,-2.181,0.807
MEX,2003,1.186,-0.527,42.133,4.55,-2.244,0.612
MEX,2004,3.565,-0.465,38.906,4.694,-1.346,1.366
MEX,2005,2.113,-0.624,36.841,3.99,-1.434,1.269
MEX,2006,4.805,-0.317,35.777,3.633,-1.226,1.363
MEX,2007,2.078,-0.845,35.529,3.969,-1.458,1.022
MEX,2008,0.943,-1.407,40.605,5.13,-0.681,1.97
MEX,2009,-6.295,-0.751,41.667,5.296,-3.935,-0.991
MEX,2010,4.971,-0.34,40.155,4.155,-3.804,-1.163
MEX,2011,3.444,-0.858,41.167,3.404,-3.204,-0.685
MEX,2012,3.553,-1.41,40.815,4.111,-3.566,-0.878
MEX,2013,0.852,-2.394,44.066,3.804,-3.559,-0.912
MEX,2014,2.504,-1.821,47.093,4.019,-4.371,-1.684
MEX,2015,2.702,-2.599,50.973,2.719,-3.859,-1.166
MEX,2016,1.772,-2.273,55.003,2.82,-2.681,0.341
MEX,2017,1.872,-1.797,52.521,6.042,-1.034,2.546
MEX,2018,1.972,-2.064,52.202,4.898,-2.139,1.536
MEX,2019,-0.393,-0.297,51.869,3.635,-2.266,2.139
MEX,2020,-8.354,2.397,58.456,3.398,-4.29,0.095
MEX,2021,6.048,-0.347,56.695,5.693,-3.747,0.587
MEX,2022,3.711,-1.207,53.82,7.897,-4.324,0.726
MEX,2023,3.295,-0.313,52.771,5.526,-4.299,1.498
MEX,2024,1.454,-0.323,58.425,4.723,-5.721,0.199
MEX,2025,-0.26,-0.492,60.664,3.538,-4.024,1.561
MEX,2026,1.37,-1.13,61.145,3.174,-3.27,1.918
MHL,1997,,-12.271,8.73,,7.908,14.067
MHL,1998,-0.641,-11.173,18.148,,13.534,18.377
MHL,1999,-1.312,-12.167,26.054,,9.007,12.834
MHL,2000,2.653,-13.268,27.294,,7.836,9.59
MHL,2001,7.144,-4.811,32.711,,7.832,9.06
MHL,2002,3.535,5.939,37.165,,5.12,5.549
MHL,2003,-1.612,-0.722,43.713,,10.543,11.209
MHL,2004,-0.684,3.543,46.795,2.014,-1.598,-0.97
MHL,2005,1.789,6.255,45.753,3.489,-22.283,-21.608
MHL,2006,0.185,-2.907,44.355,5.26,0.235,0.876
MHL,2007,3.68,2.28,42.227,2.627,0.266,0.864
MHL,2008,-7.578,1.006,44.06,14.669,3.684,4.584
MHL,2009,3.653,-11.829,41.197,0.48,1.512,2.105
MHL,2010,5.559,-18.107,38.83,1.77,3.513,4.067
MHL,2011,-0.502,-0.621,35.918,5.352,2.133,2.959
MHL,2012,-1.279,-4.085,37.556,4.34,-0.762,0.03
MHL,2013,3.788,-8.997,33.353,1.851,-0.231,0.399
MHL,2014,-1.285,-0.484,34.943,1.098,3.195,3.598
MHL,2015,1.89,11.415,33.875,-2.237,2.812,3.212
MHL,2016,2.523,9.919,29.214,-1.507,3.876,4.254
MHL,2017,3.563,-0.907,26.532,0.05,4.376,4.676
MHL,2018,5.484,-2.03,24.687,0.802,2.553,2.843
MHL,2019,10.469,-31.172,25.127,-0.11,-1.804,-1.545
MHL,2020,-2.777,14.907,21.669,-0.658,2.539,2.813
MHL,2021,1.197,22.695,20.056,2.247,0.181,0.402
MHL,2022,-1.096,10.047,19.808,2.775,0.681,0.895
MHL,2023,-3.926,16.819,18.669,7.441,0.688,0.837
MHL,2024,2.75,16.861,16.679,5.363,0.589,0.823
MHL,2025,2.527,14.938,15.256,3.264,0.51,0.724
MHL,2026,4.07,11.218,14.187,2.918,0.072,0.266
MKD,1995,-1.1,-5.83,,16.374,,
MKD,1996,1.2,-7.14,,2.467,,
MKD,1997,1.351,-7.57,,1.294,-0.352,1.662
MKD,1998,3.381,-8.253,,0.544,-1.594,0.174
MKD,1999,4.348,-2.522,29.834,-1.279,0.027,1.438
MKD,2000,4.539,-1.791,45.561,6.608,2.375,4.048
MKD,2001,-3.067,-6.694,45.214,5.199,-5.882,-4.155
MKD,2002,1.493,-8.927,40.464,1.07,-5.242,-3.858
MKD,2003,2.223,-3.881,36.461,0.856,-0.072,0.947
MKD,2004,4.674,-7.914,34.58,-0.449,0.374,1.234
MKD,2005,4.724,-2.436,36.669,0.524,0.213,1.06
MKD,2006,5.137,-0.428,30.586,3.215,-0.508,0.429
MKD,2007,6.473,-6.925,23.532,2.251,0.577,1.359
MKD,2008,5.472,-12.792,20.642,8.332,-0.928,-0.296
MKD,2009,-0.359,-6.776,23.729,-0.739,-2.628,-2.038
MKD,2010,3.359,-2.029,24.273,1.508,-2.411,-1.685
MKD,2011,2.34,-2.509,27.728,3.905,-2.474,-1.726
MKD,2012,-0.456,-3.164,33.662,3.317,-3.807,-2.904
MKD,2013,2.925,-1.646,34.04,2.785,-3.836,-2.918
MKD,2014,3.629,-0.356,38.036,-0.282,-4.195,-3.23
MKD,2015,3.856,-1.752,37.998,-0.3,-3.475,-2.32
MKD,2016,2.848,-2.615,39.721,-0.239,-2.702,-1.557
MKD,2017,1.082,-0.78,39.383,1.352,-2.734,-1.373
MKD,2018,2.881,0.208,40.425,1.458,-1.755,-0.59
MKD,2019,3.91,-2.972,40.448,0.766,-1.968,-0.797
MKD,2020,-4.688,-2.93,50.846,1.2,-8.048,-6.848
MKD,2021,4.511,-2.78,52.75,3.231,-5.317,-4.071
MKD,2022,2.758,-6.051,50.449,14.205,-5.23,-4.11
MKD,2023,2.073,0.381,50.827,9.362,-4.614,-3.175
MKD,2024,2.756,-2.306,54.834,3.5,-4.447,-2.554
MKD,2025,3.2,-2.16,52.915,3.4,-5.036,-3.011
MKD,2026,3.2,-2.139,54.448,2.2,-4.498,-2.511
MLI,1995,2.997,-3.054,,11.643,,
MLI,1996,7.281,-7.119,,6.452,,
MLI,1997,4.797,-5.607,,-0.673,,
MLI,1998,2.926,-5.43,,4.068,,
MLI,1999,6.245,-6.306,,-1.163,,
MLI,2000,-0.061,-8.672,90.522,-0.777,-2.643,-1.882
MLI,2001,15.376,-8.861,77.498,5.184,-2.798,-2.224
MLI,2002,3.106,-2.046,42.643,5.03,-3.094,-2.416
MLI,2003,9.119,-5.894,44.15,-1.299,-1.187,-0.5
MLI,2004,1.56,-6.871,42.434,-3.123,-2.36,-1.761
MLI,2005,6.535,-7.115,46.626,6.39,-2.764,-2.21
MLI,2006,4.662,-3.258,18.066,1.552,27.783,28.213
MLI,2007,3.494,-5.563,18.535,1.414,-2.784,-2.429
MLI,2008,4.773,-13.542,20.098,9.177,-1.97,-1.65
MLI,2009,4.679,-10.9,21.855,2.376,-3.707,-3.381
MLI,2010,5.413,-10.719,25.289,1.196,-2.568,-2.167
MLI,2011,3.24,-5.057,23.965,2.956,-3.417,-2.839
MLI,2012,-0.836,-2.193,25.39,5.301,-0.956,-0.439
MLI,2013,2.295,-2.887,26.382,-0.58,-2.372,-1.877
MLI,2014,7.085,-4.708,26.907,0.892,-2.886,-2.298
MLI,2015,6.172,-5.323,30.661,1.433,-1.822,-1.229
MLI,2016,5.852,-7.242,37.221,-1.802,-3.945,-3.27
MLI,2017,5.305,-7.285,38.226,2.388,-2.862,-2.028
MLI,2018,4.746,-4.899,37.524,1.912,-4.742,-3.856
MLI,2019,4.756,-7.457,40.725,-3.03,-1.684,-0.656
MLI,2020,-1.235,-2.174,47.334,0.481,-5.42,-4.19
MLI,2021,3.053,-7.605,51.561,3.808,-4.913,-3.542
MLI,2022,3.475,-7.654,50.342,9.734,-4.75,-3.278
MLI,2023,4.657,-7.602,51.881,2.059,-3.573,-2.012
MLI,2024,4.4,-6.112,51.83,3.221,-2.554,-0.844
MLI,2025,4.9,-5.062,51.731,3.0,-3.127,-1.653
MLI,2026,5.1,-1.603,50.469,2.0,-3.0,-1.184
MLT,1995,,-4.889,45.303,3.973,,
MLT,1996,,-5.294,51.462,1.964,,
MLT,1997,,-2.758,60.795,3.924,,
MLT,1998,,-2.685,66.362,3.686,,
MLT,1999,,-1.518,69.768,2.294,,
MLT,2000,,-5.182,64.417,3.037,-5.828,-1.507
MLT,2001,-0.756,-1.562,70.046,2.514,-6.503,-2.531
MLT,2002,2.74,0.999,65.051,2.614,-5.618,-1.544
MLT,2003,3.694,-1.231,68.626,1.931,-9.042,-5.478
MLT,2004,0.407,-5.434,70.39,2.726,-4.279,-0.559
MLT,2005,2.882,-8.176,70.151,2.522,-2.828,0.973
MLT,2006,2.335,-9.363,64.545,2.576,-2.461,1.266
MLT,2007,5.038,-3.856,62.037,0.697,-2.053,1.438
MLT,2008,4.409,-1.034,61.526,4.684,-4.055,-0.755
MLT,2009,-1.395,-6.423,66.045,1.84,-3.114,0.086
MLT,2010,6.197,-4.479,65.033,2.041,-2.221,0.762
MLT,2011,0.992,-0.195,68.938,2.513,-2.986,0.131
MLT,2012,4.101,1.631,65.611,3.227,-3.305,-0.373
MLT,2013,6.292,2.505,64.945,0.979,-2.186,0.571
MLT,2014,7.632,8.315,60.745,0.771,-1.485,1.141
MLT,2015,9.62,2.639,55.048,1.176,-0.838,1.426
MLT,2016,4.078,-0.551,53.149,0.9,1.095,3.128
MLT,2017,12.971,18.929,45.558,1.261,3.404,5.083
MLT,2018,7.189,13.341,41.443,1.741,1.858,3.277
MLT,2019,4.086,17.897,39.249,1.523,0.722,1.98
MLT,2020,-3.359,16.01,48.596,0.787,-8.719,-7.531
MLT,2021,13.301,9.377,49.602,0.706,-6.958,-5.952
MLT,2022,4.269,-0.755,49.315,6.13,-5.223,-4.327
MLT,2023,6.797,6.403,47.661,5.564,-4.577,-3.526
MLT,2024,5.968,6.083,48.584,2.441,-3.79,-2.527
MLT,2025,3.9,6.191,49.34,2.084,-3.348,-2.024
MLT,2026,3.9,6.054,49.986,1.907,-3.196,-1.825
MMR,1998,,-21.497,225.728,47.286,-4.894,-3.474
MMR,1999,8.432,-13.772,163.059,26.795,-4.462,-3.054
MMR,2000,12.418,-8.264,177.953,4.254,-6.026,-4.53
MMR,2001,12.468,-6.858,283.454,-19.791,-6.338,-4.864
MMR,2002,9.928,-1.59,206.257,21.916,-4.008,-2.754
MMR,2003,13.196,1.192,157.991,47.469,-4.239,-3.151
MMR,2004,15.318,2.27,136.959,8.005,-4.617,-3.524
MMR,2005,13.567,5.245,128.709,6.886,-3.486,-2.367
MMR,2006,13.307,7.323,111.546,16.551,-3.422,-2.381
MMR,2007,12.5,2.749,83.703,34.437,-3.518,-2.494
MMR,2008,7.558,-3.166,64.712,20.911,-2.726,-1.593
MMR,2009,4.385,-3.08,61.042,3.692,-3.551,-2.217
MMR,2010,5.247,4.766,58.845,5.924,-5.398,-3.99
MMR,2011,5.471,-1.904,54.028,6.829,-4.821,-3.411
MMR,2012,6.486,-1.835,51.911,0.36,-2.697,-1.295
MMR,2013,7.899,-1.197,48.52,6.382,-1.532,-0.227
MMR,2014,8.2,-4.186,37.308,5.739,-1.065,0.175
MMR,2015,5.862,-5.603,38.402,10.043,-4.326,-3.222
MMR,2016,6.759,-4.684,35.701,6.767,-2.525,-1.256
MMR,2017,6.136,-6.055,41.878,4.035,-3.424,-1.987
MMR,2018,6.277,-1.303,38.749,7.279,-2.767,-1.272
MMR,2019,6.562,-2.238,38.295,9.074,-4.695,-3.187
MMR,2020,-9.032,-0.452,48.719,2.248,-6.565,-4.788
MMR,2021,-11.995,-2.4,59.243,9.601,-2.526,-0.058
MMR,2022,4.017,-3.351,55.648,28.006,-2.783,-0.491
MMR,2023,0.997,-2.2,57.936,25.488,-5.223,-2.821
MMR,2024,-1.122,-1.189,61.295,26.5,-5.32,-2.741
MMR,2025,1.904,-2.4,62.6,30.0,-5.71,-2.955
MMR,2026,2.052,-4.1,62.458,20.0,-5.425,-2.485
MNE,2000,,,,29.864,,
MNE,2001,1.1,-13.628,,23.729,,
MNE,2002,1.9,-11.505,76.708,19.701,-1.439,-0.463
MNE,2003,2.5,-6.865,40.897,7.502,-4.05,-3.062
MNE,2004,4.4,-7.176,45.372,3.099,-2.45,-0.901
MNE,2005,4.2,-16.626,38.568,3.446,-1.414,-0.276
MNE,2006,8.6,-31.654,36.692,2.116,4.331,5.431
MNE,2007,6.8,-40.07,31.758,3.365,8.431,9.47
MNE,2008,7.2,-49.471,34.185,9.0,-2.296,-1.529
MNE,2009,-5.8,-27.732,43.689,3.551,-6.712,-5.86
MNE,2010,2.7,-20.31,45.007,0.383,-4.869,-3.864
MNE,2011,3.2,-14.777,48.572,3.452,-6.734,-5.276
MNE,2012,-2.724,-15.28,56.87,4.146,-5.843,-3.966
MNE,2013,3.549,-11.391,58.654,2.204,-4.491,-2.371
MNE,2014,1.784,-12.41,63.36,-0.71,-0.698,1.568
MNE,2015,3.39,-10.991,68.76,1.549,-5.961,-3.601
MNE,2016,2.949,-16.235,66.39,-0.272,-6.178,-4.018
MNE,2017,4.716,-16.085,66.207,2.381,-6.812,-4.427
MNE,2018,5.078,-17.001,71.885,2.609,-6.213,-4.049
MNE,2019,4.063,-14.276,78.793,0.363,-1.718,0.493
MNE,2020,-15.307,-26.052,107.348,-0.258,-10.898,-8.183
MNE,2021,13.043,-9.201,85.627,2.415,-1.708,0.645
MNE,2022,6.407,-12.931,70.552,13.039,-4.082,-2.493
MNE,2023,6.338,-11.363,60.468,8.585,0.857,2.69
MNE,2024,3.04,-17.433,62.642,3.335,-2.797,-0.744
MNE,2025,3.2,-15.232,60.325,3.332,-3.378,-1.295
MNE,2026,3.2,-13.951,62.905,2.855,-3.301,-1.152
MNG,1995,6.376,1.779,,0.218,-4.968,-4.692
MNG,1996,2.235,-2.737,,46.831,-6.883,-6.355
MNG,1997,3.897,6.275,,30.032,-8.093,-5.824
MNG,1998,3.34,-6.711,,9.59,-12.337,-11.163
MNG,1999,3.07,-5.707,,7.487,-9.908,-8.307
MNG,2000,1.146,-6.145,,11.363,-5.821,-4.335
MNG,2001,4.639,-4.866,,6.255,-4.327,-3.141
MNG,2002,5.267,-7.53,,1.067,-4.736,-3.473
MNG,2003,7.357,-6.184,,5.06,-3.382,-2.418
MNG,2004,9.425,3.163,,8.247,-1.618,-0.635
MNG,2005,6.507,3.468,,12.708,2.435,3.115
MNG,2006,8.163,10.901,40.937,4.345,7.585,8.034
MNG,2007,8.757,4.056,36.113,9.643,2.639,3.013
MNG,2008,7.819,-12.284,30.992,27.974,-4.521,-4.217
MNG,2009,-2.069,-7.456,48.536,7.594,-5.199,-4.749
MNG,2010,7.313,-12.324,30.975,8.231,0.425,0.859
MNG,2011,17.291,-43.345,32.653,8.792,-4.014,-3.731
MNG,2012,12.32,-43.825,43.692,13.886,-6.244,-5.489
MNG,2013,11.649,-37.608,49.423,10.568,-0.927,0.483
MNG,2014,7.885,-15.821,43.963,12.949,-3.725,-1.474
MNG,2015,2.41,-8.162,50.547,6.783,-5.043,-1.85
MNG,2016,1.49,-6.273,78.678,0.771,-15.295,-11.174
MNG,2017,5.637,-10.064,86.898,4.278,-3.716,0.411
MNG,2018,7.745,-16.709,76.539,6.808,2.854,6.067
MNG,2019,5.602,-15.216,66.837,7.32,1.003,3.278
MNG,2020,-4.558,-5.067,83.392,3.735,-9.24,-6.733
MNG,2021,1.637,-13.793,67.728,7.359,-3.045,-1.121
MNG,2022,5.033,-13.434,64.489,15.153,0.672,2.153
MNG,2023,7.422,0.597,45.873,10.348,2.733,4.299
MNG,2024,4.864,-9.285,44.363,6.799,1.406,2.757
MNG,2025,6.043,-11.053,42.573,9.519,0.955,2.559
MNG,2026,5.899,-10.158,43.318,9.1,-1.13,0.552
MOZ,1995,2.123,-15.162,,47.668,-2.457,-1.212
MOZ,1996,10.696,-13.923,,48.491,-2.073,-1.034
MOZ,1997,11.815,-8.977,,7.36,-1.809,-0.867
MOZ,1998,10.369,-13.937,,1.487,-1.075,-0.373
MOZ,1999,11.817,-13.596,94.676,2.874,-0.314,0.09
MOZ,2000,0.766,-11.75,95.818,12.713,-1.26,-1.139
MOZ,2001,12.852,-11.493,99.766,9.061,-4.434,-4.026
MOZ,2002,9.668,-14.606,63.351,16.769,-3.364,-2.46
MOZ,2003,7.218,-12.403,63.157,13.455,-2.636,-1.794
MOZ,2004,8.205,-6.038,50.767,12.634,-3.168,-2.431
MOZ,2005,6.312,-8.576,60.084,6.428,-2.059,-1.448
MOZ,2006,9.911,-7.944,40.029,13.245,-3.034,-2.462
MOZ,2007,7.649,-7.272,31.181,10.404,-2.191,-1.734
MOZ,2008,6.878,-8.879,32.755,14.511,-1.898,-1.497
MOZ,2009,5.929,-9.998,39.329,3.781,-4.346,-3.943
MOZ,2010,6.68,-14.717,38.551,12.426,-3.404,-2.714
MOZ,2011,7.134,-22.769,34.155,11.171,-4.336,-3.493
MOZ,2012,7.995,-40.687,36.679,2.598,-3.45,-2.578
MOZ,2013,6.571,-39.978,49.482,4.266,-2.463,-1.695
MOZ,2014,7.703,-35.806,63.403,2.555,-9.753,-8.736
MOZ,2015,7.393,-36.818,86.034,3.56,-6.555,-5.379
MOZ,2016,4.697,-31.866,124.808,18.387,-5.064,-2.636
MOZ,2017,2.638,-19.492,103.792,15.785,-1.986,0.964
MOZ,2018,3.485,-29.467,105.525,3.167,-5.701,-1.326
MOZ,2019,2.318,-16.138,98.262,5.687,1.704,4.916
MOZ,2020,-1.22,-26.521,119.966,0.93,-6.192,-3.424
MOZ,2021,2.377,-21.251,104.336,6.62,-5.233,-2.682
MOZ,2022,4.364,-36.435,100.259,10.369,-5.219,-2.28
MOZ,2023,5.437,-10.91,90.758,6.996,-4.231,-0.38
MOZ,2024,1.852,-11.597,96.625,3.202,-6.379,-2.262
MOZ,2025,2.524,-41.251,101.076,4.9,-5.579,-1.16
MOZ,2026,3.524,-37.114,104.159,5.4,-4.505,-0.469
MRT,1995,9.82,0.347,,6.544,,
MRT,1996,5.819,-0.156,,4.681,,
MRT,1997,-4.045,-1.534,,4.625,,
MRT,1998,2.778,-0.866,,8.032,,
MRT,1999,3.673,-1.518,,4.074,,
MRT,2000,-3.918,-5.486,55.527,3.254,,
MRT,2001,-0.799,-7.484,63.465,4.715,,
MRT,2002,1.381,1.969,59.452,3.896,,
MRT,2003,6.928,-8.548,22.936,5.152,,
MRT,2004,4.733,-21.887,22.015,10.368,-3.056,-1.153
MRT,2005,8.566,-29.863,71.059,12.126,-3.158,-1.093
MRT,2006,18.333,3.681,38.003,6.241,2.05,3.519
MRT,2007,-1.969,-9.374,61.5,7.254,-1.382,-0.367
MRT,2008,-0.331,-9.328,57.236,7.45,-3.321,-1.994
MRT,2009,0.098,-10.407,54.344,2.137,-3.592,-2.282
MRT,2010,2.62,-6.336,43.947,6.262,-0.451,0.518
MRT,2011,4.173,-3.826,38.839,5.686,0.074,0.851
MRT,2012,4.47,-18.802,39.317,4.902,1.666,2.298
MRT,2013,4.151,-17.214,40.734,4.131,-0.662,0.06
MRT,2014,4.275,-22.231,49.542,3.772,-2.64,-1.847
MRT,2015,5.376,-15.467,59.888,0.486,-2.443,-1.554
MRT,2016,1.261,-11.019,57.554,1.472,0.132,0.905
MRT,2017,6.271,-9.978,55.664,2.269,0.531,1.445
MRT,2018,4.773,-13.057,59.182,3.053,3.227,4.374
MRT,2019,3.146,-10.529,57.687,2.306,2.648,3.559
MRT,2020,-0.429,-6.809,56.489,2.382,2.784,3.721
MRT,2021,0.737,-8.573,54.45,3.558,2.598,3.44
MRT,2022,6.796,-14.89,50.457,9.553,-3.095,-2.313
MRT,2023,6.507,-8.784,47.453,4.949,-2.466,-1.758
MRT,2024,4.566,-5.766,44.92,2.285,-0.125,0.89
MRT,2025,4.445,-5.106,45.72,3.5,-1.268,-0.277
MRT,2026,3.714,-4.775,47.031,4.0,-1.112,-0.086
MUS,1995,4.288,-0.492,,6.026,,
MUS,1996,5.588,0.741,,6.553,,
MUS,1997,5.687,-2.064,,6.831,,
MUS,1998,6.072,0.076,,6.808,,
MUS,1999,2.611,-2.702,,6.882,,
MUS,2000,8.192,-0.694,56.944,4.217,-4.193,-0.74
MUS,2001,3.214,5.652,58.184,5.391,-5.318,-1.913
MUS,2002,1.627,4.867,62.955,6.414,-4.891,-1.53
MUS,2003,5.984,1.548,66.947,2.686,-4.555,-0.982
MUS,2004,4.299,-1.661,59.421,4.71,-4.22,-0.724
MUS,2005,1.453,-4.725,58.292,4.937,-4.2,-0.806
MUS,2006,4.514,-8.589,55.307,8.914,-3.864,-0.512
MUS,2007,5.727,-5.122,48.808,8.825,-2.921,0.656
MUS,2008,5.387,-9.592,48.759,9.723,-2.628,1.032
MUS,2009,3.315,-7.086,56.837,2.524,-3.315,0.196
MUS,2010,4.377,-9.919,54.392,2.924,-2.957,0.09
MUS,2011,4.078,-13.175,54.865,6.532,-2.997,-0.317
MUS,2012,3.496,-6.997,51.05,3.86,-1.631,0.875
MUS,2013,3.36,-6.104,53.483,3.535,-3.123,-0.876
MUS,2014,3.827,-5.278,55.966,3.224,-2.89,-0.668
MUS,2015,3.691,-3.473,59.42,1.275,-3.281,-1.183
MUS,2016,3.862,-3.901,59.265,0.999,-2.59,-0.441
MUS,2017,3.938,-4.464,58.706,3.675,-1.546,0.676
MUS,2018,4.007,-3.769,68.086,3.231,-2.323,0.357
MUS,2019,2.891,-4.977,83.665,0.454,-8.454,-5.572
MUS,2020,-14.547,-8.884,80.395,2.52,-9.142,-6.802
MUS,2021,3.404,-13.096,74.166,4.039,-3.512,-1.355
MUS,2022,8.7,-11.112,73.908,10.785,-2.812,-0.512
MUS,2023,4.993,-5.141,76.432,7.045,-4.204,-1.723
MUS,2024,4.7,-6.498,82.87,3.599,-6.448,-3.58
MUS,2025,3.0,-4.848,83.398,3.6,-3.354,-0.677
MUS,2026,3.0,-5.957,82.715,3.6,-2.205,0.405
MWI,1995,13.83,-2.287,,83.148,,
MWI,1996,9.979,-2.647,,37.733,,
MWI,1997,6.587,-4.247,,9.137,,
MWI,1998,1.061,-0.102,,29.779,,
MWI,1999,3.541,-3.633,,44.759,,
MWI,2000,0.775,-1.727,,29.597,,
MWI,2001,-4.076,-1.435,,22.7,,
MWI,2002,1.76,-9.608,101.505,14.745,-4.47,-2.456
MWI,2003,5.706,-7.315,84.741,9.577,-2.602,1.074
MWI,2004,5.42,-7.414,74.661,11.424,-2.613,1.232
MWI,2005,3.269,-9.432,70.933,15.466,-1.629,1.387
MWI,2006,4.7,-12.373,17.91,13.918,-0.048,2.427
MWI,2007,9.6,-5.84,18.948,7.942,-2.556,-1.1
MWI,2008,7.64,-10.724,23.524,8.716,-2.924,-1.611
MWI,2009,8.328,-7.244,23.487,8.416,-2.969,-1.429
MWI,2010,6.874,-6.096,19.312,7.409,0.625,2.069
MWI,2011,4.854,-6.117,19.983,7.621,-2.85,-1.311
MWI,2012,1.886,-6.94,28.606,21.296,-1.454,-0.437
MWI,2013,5.2,-6.499,35.347,28.279,-3.727,-1.178
MWI,2014,5.7,-6.994,33.515,23.775,-3.083,-0.01
MWI,2015,2.95,-12.214,35.455,21.86,-4.169,-1.874
MWI,2016,2.27,-13.105,37.08,21.727,-4.902,-1.845
MWI,2017,4.0,-15.529,39.975,11.541,-5.15,-2.385
MWI,2018,4.392,-12.044,40.808,9.215,-4.346,-1.6
MWI,2019,5.448,-12.611,41.187,9.378,-4.549,-1.498
MWI,2020,1.013,-13.828,53.858,8.639,-8.033,-4.84
MWI,2021,4.558,-15.235,66.546,9.343,-8.342,-4.31
MWI,2022,0.921,-17.616,75.496,20.839,-9.321,-4.614
MWI,2023,1.892,-17.334,86.123,28.799,-7.841,-2.931
MWI,2024,1.8,-21.817,74.38,32.162,-8.096,-1.518
MWI,2025,3.5,-14.726,72.957,24.213,-8.944,-1.964
MWI,2026,4.3,-13.129,73.366,11.51,-7.61,0.887
MYS,1995,9.83,-8.947,38.166,3.468,3.103,5.298
MYS,1996,10.002,-4.062,32.769,3.479,3.27,5.152
MYS,1997,7.327,-5.439,29.62,2.655,4.84,6.407
MYS,1998,-7.359,12.117,33.636,5.293,-0.627,1.055
MYS,1999,6.131,14.621,34.363,2.731,-3.003,-1.456
MYS,2000,8.671,8.309,32.518,1.551,-6.053,-4.555
MYS,2001,0.518,7.211,38.065,1.427,-4.361,-2.924
MYS,2002,5.391,6.546,39.532,1.793,-3.96,-2.353
MYS,2003,5.789,11.149,41.393,1.074,-4.597,-4.499
MYS,2004,6.783,11.099,41.96,1.42,-3.353,-2.919
MYS,2005,4.976,13.764,40.778,3.039,-2.833,-1.44
MYS,2006,5.584,15.362,39.662,3.621,-2.602,-1.643
MYS,2007,6.299,14.663,39.348,2.027,-2.571,-1.873
MYS,2008,4.832,16.295,39.361,5.429,-3.405,-2.043
MYS,2009,-1.514,14.829,50.408,0.597,-5.88,-4.892
MYS,2010,7.528,9.941,51.212,1.72,-4.319,-3.047
MYS,2011,5.293,10.741,51.898,3.183,-3.568,-1.985
MYS,2012,5.474,5.094,53.788,1.655,-3.103,-2.325
MYS,2013,4.694,3.435,55.656,2.105,-3.478,-2.14
MYS,2014,6.007,4.327,55.373,3.143,-2.628,-0.906
MYS,2015,5.007,2.987,56.971,2.104,-2.546,-0.933
MYS,2016,4.45,2.393,55.787,2.076,-2.603,-0.759
MYS,2017,5.813,2.791,54.395,3.799,-2.412,-0.616
MYS,2018,4.843,2.231,55.646,0.969,-2.645,-0.758
MYS,2019,4.413,3.498,57.083,0.663,-2.008,-0.038
MYS,2020,-5.457,4.166,67.693,-1.139,-4.902,-3.098
MYS,2021,3.315,3.886,69.162,2.477,-6.032,-3.992
MYS,2022,8.862,3.19,65.5,3.379,-4.562,-2.516
MYS,2023,3.555,1.547,69.749,2.489,-3.973,-2.085
MYS,2024,5.114,1.7,70.391,1.834,-3.952,-2.004
MYS,2025,4.1,1.643,70.082,2.431,-3.363,-1.278
MYS,2026,3.8,1.777,69.838,2.223,-3.43,-1.067
NAM,1995,4.115,4.456,17.991,11.123,-1.744,-0.779
NAM,1996,3.196,2.928,18.725,8.704,-3.702,-2.383
NAM,1997,4.216,2.198,17.717,9.679,-2.381,-0.663
NAM,1998,3.291,4.224,19.574,6.617,-2.759,-0.616
NAM,1999,3.366,-0.722,21.797,9.382,-1.879,0.223
NAM,2000,3.497,4.859,20.859,10.215,-0.788,1.025
NAM,2001,2.393,0.295,24.393,10.212,-2.014,-0.304
NAM,2002,6.68,2.528,22.187,12.716,-1.378,0.593
NAM,2003,3.477,5.342,27.146,7.215,-4.474,-2.299
NAM,2004,6.632,6.688,29.179,4.137,-2.672,-0.496
NAM,2005,4.67,4.498,26.897,2.282,-0.309,2.011
NAM,2006,3.948,14.043,26.136,4.961,3.41,5.674
NAM,2007,3.646,8.566,19.364,6.548,6.007,7.735
NAM,2008,2.65,-0.108,19.097,9.095,3.48,4.666
NAM,2009,0.296,-3.554,15.851,9.452,-0.405,0.85
NAM,2010,6.039,-3.975,16.328,4.875,-4.981,-3.852
NAM,2011,5.091,-6.903,27.45,5.006,-7.087,-5.92
NAM,2012,5.062,-8.6,24.628,6.722,-3.102,-1.675
NAM,2013,5.615,-8.153,26.113,5.601,-4.69,-3.215
NAM,2014,6.093,-9.43,27.572,5.348,-6.444,-4.983
NAM,2015,4.264,-13.62,42.09,3.396,-8.301,-6.619
NAM,2016,0.034,-16.502,45.833,6.727,-9.303,-6.846
NAM,2017,-1.027,-4.425,43.829,6.147,-4.994,-2.008
NAM,2018,1.06,-3.553,48.744,4.294,-5.094,-1.867
NAM,2019,-0.839,-1.765,57.568,3.721,-5.491,-1.812
NAM,2020,-8.101,2.987,64.297,2.209,-8.07,-3.945
NAM,2021,3.604,-11.233,69.604,3.62,-8.682,-4.427
NAM,2022,5.399,-12.772,69.433,6.077,-6.33,-1.909
NAM,2023,4.443,-15.267,67.16,5.88,-3.144,1.765
NAM,2024,3.712,-15.37,67.701,4.24,-3.589,1.57
NAM,2025,3.783,-15.565,63.863,3.792,-5.236,-0.269
NAM,2026,3.706,-13.764,63.599,4.525,-4.734,-0.091
NER,1995,2.454,-6.605,69.377,10.858,-3.188,-1.266
NER,1996,0.1,-4.538,63.507,5.339,-0.36,1.012
NER,1997,1.527,-5.818,69.101,2.93,-2.387,-1.146
NER,1998,9.975,-5.774,61.284,4.571,-2.231,-0.995
NER,1999,-0.222,-5.419,63.348,-2.061,-4.274,-3.007
NER,2000,-1.209,-4.67,82.104,2.704,-2.828,-1.468
NER,2001,7.269,-3.782,73.982,3.936,-2.588,-1.168
NER,2002,4.92,-5.972,69.035,2.505,-2.213,-1.037
NER,2003,2.184,-6.48,60.604,-1.476,-2.175,-1.29
NER,2004,0.362,-6.174,55.05,0.245,-2.764,-2.352
NER,2005,7.335,-7.127,49.46,7.81,-1.528,-1.088
NER,2006,5.933,-6.62,18.283,0.04,31.045,31.243
NER,2007,3.144,-6.153,17.83,0.054,-0.747,-0.488
NER,2008,7.733,-8.986,14.17,11.31,1.111,1.28
NER,2009,1.963,-18.097,15.936,0.455,-3.927,-3.759
NER,2010,8.581,-14.507,15.078,0.944,-0.985,-0.831
NER,2011,2.356,-16.369,14.747,2.93,-2.194,-1.946
NER,2012,10.542,-10.854,18.13,0.465,-0.83,-0.604
NER,2013,5.311,-11.274,19.554,2.285,-1.932,-1.704
NER,2014,6.644,-12.068,22.086,-0.89,-6.125,-5.825
NER,2015,4.393,-15.347,29.87,0.961,-6.747,-6.283
NER,2016,5.741,-11.417,32.827,0.179,-4.464,-3.78
NER,2017,5.001,-11.397,36.507,0.19,-4.117,-3.393
NER,2018,7.007,-12.681,37.01,2.753,-3.008,-2.058
NER,2019,6.143,-12.173,39.787,-2.52,-3.558,-2.571
NER,2020,3.55,-13.192,44.971,2.898,-4.816,-3.771
NER,2021,1.361,-14.066,51.338,3.838,-6.099,-4.967
NER,2022,11.862,-16.174,50.599,4.226,-6.772,-5.533
NER,2023,2.375,-13.878,51.888,3.701,-5.374,-3.99
NER,2024,10.3,-5.522,47.168,9.072,-4.267,-2.461
NER,2025,6.587,-3.767,43.394,4.7,-3.019,-1.355
NER,2026,6.7,-4.749,42.19,3.2,-2.979,-1.376
NGA,1995,1.872,-1.95,34.039,,3.55,6.057
NGA,1996,4.052,2.031,25.206,29.291,4.748,6.47
NGA,1997,2.886,0.294,24.136,10.673,1.599,3.342
NGA,1998,2.496,-2.024,22.265,7.862,-4.892,-2.965
NGA,1999,0.522,0.88,64.938,6.618,-1.958,3.19
NGA,2000,5.518,10.951,57.6,6.938,4.065,8.123
NGA,2001,6.667,3.388,53.097,18.869,-3.222,0.794
NGA,2002,14.604,1.152,43.266,12.883,1.342,3.223
NGA,2003,9.503,3.294,42.085,14.033,-2.195,1.907
NGA,2004,10.442,12.92,35.488,15.001,5.488,6.867
NGA,2005,7.008,21.533,18.94,17.856,4.908,6.775
NGA,2006,6.726,16.391,9.404,8.218,8.759,9.436
NGA,2007,7.318,10.381,8.116,5.401,-1.116,-0.488
NGA,2008,7.199,8.69,7.276,11.583,5.697,6.33
NGA,2009,8.353,4.586,8.617,12.542,-5.326,-4.675
NGA,2010,11.259,3.505,9.393,13.735,-4.171,-3.543
NGA,2011,4.887,2.54,17.431,10.834,0.432,1.274
NGA,2012,4.279,3.719,17.577,12.246,-0.129,0.845
NGA,2013,5.394,3.65,18.289,8.463,-2.662,-1.675
NGA,2014,6.31,0.157,18.156,8.052,-2.429,-1.459
NGA,2015,2.653,-3.123,21.024,9.009,-3.799,-2.67
NGA,2016,-1.617,1.254,24.469,15.697,-4.644,-3.363
NGA,2017,0.806,3.61,25.355,16.502,-5.415,-4.06
NGA,2018,1.923,1.727,28.695,12.095,-4.315,-2.261
NGA,2019,2.208,-2.884,30.192,11.396,-4.657,-2.768
NGA,2020,-1.794,-3.698,35.625,13.246,-5.575,-3.201
NGA,2021,3.647,-0.738,36.789,16.953,-5.481,-2.985
NGA,2022,3.252,0.214,40.435,18.847,-5.422,-3.185
NGA,2023,2.86,1.655,48.673,24.66,-4.186,-0.381
NGA,2024,3.426,9.144,52.9,33.242,-3.367,-0.837
NGA,2025,3.039,6.879,52.522,26.451,-4.482,-0.774
NGA,2026,2.725,5.186,51.596,36.994,-4.526,-0.657
NIC,1995,5.912,-17.449,,11.118,,
NIC,1996,6.344,-19.144,,11.651,,
NIC,1997,3.967,-19.152,86.405,9.189,,
NIC,1998,3.712,-14.814,86.47,13.046,,
NIC,1999,7.036,-19.119,99.826,11.212,,
NIC,2000,4.102,-18.314,95.219,11.547,2.154,4.265
NIC,2001,2.961,-15.375,87.476,7.357,0.341,2.992
NIC,2002,0.754,-15.01,110.385,3.75,2.069,5.41
NIC,2003,2.521,-13.257,109.54,5.302,1.296,4.258
NIC,2004,5.351,-11.866,84.048,8.47,1.695,3.211
NIC,2005,4.244,-12.396,66.608,9.599,1.716,3.129
NIC,2006,3.805,-13.08,51.156,9.14,1.363,2.445
NIC,2007,5.076,-16.259,30.916,11.127,1.879,2.483
NIC,2008,3.436,-17.068,25.999,19.826,0.267,0.479
NIC,2009,-3.293,-8.455,29.258,3.687,-0.896,-0.457
NIC,2010,4.41,-8.875,30.347,5.455,0.692,0.941
NIC,2011,6.317,-11.908,28.794,8.082,0.591,1.013
NIC,2012,6.496,-11.724,27.852,7.194,0.223,0.865
NIC,2013,4.927,-12.569,28.835,7.136,-0.299,-0.035
NIC,2014,4.785,-8.028,28.69,6.036,-0.893,-0.542
NIC,2015,4.792,-9.873,28.911,3.997,-1.637,-1.157
NIC,2016,4.563,-8.483,30.923,3.524,-1.924,-1.278
NIC,2017,4.631,-7.16,34.654,3.851,-1.755,-0.847
NIC,2018,-3.363,-1.797,39.091,4.947,-4.346,-3.305
NIC,2019,-2.897,5.932,44.204,5.376,-1.122,0.158
NIC,2020,-2.237,3.758,49.16,3.682,-2.57,-1.385
NIC,2021,10.454,-2.785,48.433,4.928,-1.257,-0.106
NIC,2022,3.55,-2.905,45.919,10.47,0.647,1.881
NIC,2023,4.428,8.213,42.261,8.443,2.334,3.825
NIC,2024,3.588,4.143,39.118,4.636,2.447,4.003
NIC,2025,3.2,5.726,38.423,4.0,0.858,2.502
NIC,2026,3.1,3.938,38.639,4.0,0.907,2.528
NLD,1995,3.132,5.685,73.03,1.349,-8.724,-4.462
NLD,1996,3.416,4.762,71.246,1.446,-1.906,2.319
NLD,1997,4.246,5.999,65.696,1.858,-1.601,2.359
NLD,1998,4.654,2.967,62.68,1.782,-1.335,2.365
NLD,1999,5.038,3.499,58.601,2.037,0.283,3.564
NLD,2000,4.228,1.737,52.155,2.347,1.136,3.751
NLD,2001,2.328,2.269,49.414,5.113,-0.468,1.794
NLD,2002,0.246,2.322,48.693,3.854,-2.23,-0.184
NLD,2003,0.098,5.134,49.804,2.225,-3.192,-1.332
NLD,2004,2.013,7.632,50.095,1.383,-1.825,-0.046
NLD,2005,2.029,6.631,49.58,1.492,-0.515,1.142
NLD,2006,3.539,8.14,44.96,1.652,0.029,1.514
NLD,2007,3.882,5.314,42.741,1.588,-0.26,1.178
NLD,2008,2.127,3.937,54.352,2.213,-0.004,1.446
NLD,2009,-3.67,3.542,56.29,0.971,-5.101,-3.81
NLD,2010,1.317,6.634,58.897,0.931,-5.277,-4.028
NLD,2011,1.777,7.26,61.167,2.471,-4.42,-3.088
NLD,2012,-0.977,7.809,65.69,2.818,-3.837,-2.634
NLD,2013,-0.032,8.269,67.161,2.556,-2.861,-1.603
NLD,2014,1.612,8.862,67.166,0.321,-2.242,-1.089
NLD,2015,2.121,4.879,63.799,0.218,-1.778,-0.755
NLD,2016,2.425,7.316,60.883,0.113,0.227,1.165
NLD,2017,2.783,8.129,55.986,1.294,1.316,2.124
NLD,2018,2.26,8.995,51.522,1.598,1.474,2.183
NLD,2019,2.3,6.841,47.597,2.672,1.782,2.359
NLD,2020,-3.877,5.584,53.348,1.106,-3.608,-3.081
NLD,2021,6.278,10.018,50.431,2.827,-2.198,-1.787
NLD,2022,5.007,6.615,48.345,11.622,0.012,0.436
NLD,2023,0.073,9.854,45.098,4.118,-0.358,0.098
NLD,2024,0.98,9.94,43.235,3.223,-1.055,-0.496
NLD,2025,1.413,10.354,43.292,2.762,-1.898,-1.286
NLD,2026,1.416,10.46,44.386,2.344,-2.749,-2.047
NOR,1995,4.156,3.194,32.738,2.46,2.961,1.494
NOR,1996,5.028,6.453,28.446,1.263,6.008,4.712
NOR,1997,5.285,5.872,25.757,2.567,7.352,6.211
NOR,1998,2.669,-0.394,23.574,2.252,3.066,2.045
NOR,1999,2.072,5.339,24.959,2.366,5.715,4.289
NOR,2000,3.319,14.631,28.668,3.086,15.046,13.445
NOR,2001,2.067,15.771,27.233,3.004,13.173,11.328
NOR,2002,1.378,12.43,33.945,1.287,9.027,6.994
NOR,2003,0.945,12.166,43.078,2.488,7.205,5.395
NOR,2004,4.015,12.644,43.829,0.454,10.835,8.949
NOR,2005,2.685,16.447,42.327,1.532,14.721,12.844
NOR,2006,2.461,16.609,52.587,2.329,17.881,15.765
NOR,2007,2.914,12.566,49.515,0.713,17.038,14.218
NOR,2008,0.482,16.137,47.545,3.754,18.531,15.454
NOR,2009,-1.94,11.314,42.544,2.197,10.195,7.851
NOR,2010,0.787,11.636,42.952,2.419,10.871,8.819
NOR,2011,1.106,13.227,29.611,1.285,13.273,11.227
NOR,2012,2.718,13.533,30.908,0.697,13.68,11.866
NOR,2013,1.016,11.222,31.427,2.12,10.608,8.71
NOR,2014,2.048,11.823,29.661,2.042,8.572,6.305
NOR,2015,1.857,8.994,34.334,2.171,5.987,3.436
NOR,2016,1.165,5.219,37.938,3.55,4.036,1.535
NOR,2017,2.464,6.313,38.257,1.875,4.957,2.568
NOR,2018,0.829,8.954,39.413,2.765,7.814,5.674
NOR,2019,1.124,3.792,40.558,2.168,6.522,4.453
NOR,2020,-1.278,1.103,46.112,1.287,-2.559,-4.571
NOR,2021,3.909,14.885,41.641,3.484,10.286,9.056
NOR,2022,3.246,29.631,36.111,5.764,25.453,24.191
NOR,2023,0.072,17.38,44.212,5.518,16.571,14.161
NOR,2024,2.1,17.127,42.719,3.145,12.782,9.973
NOR,2025,2.137,15.898,42.72,2.599,13.176,11.285
NOR,2026,1.72,15.076,42.523,2.2,11.274,9.838
NPL,1995,3.468,-1.861,,7.677,,
NPL,1996,5.338,-4.383,,7.179,,
NPL,1997,5.261,-0.624,,8.101,,
NPL,1998,2.943,-0.823,,8.326,,
NPL,1999,4.483,3.538,,11.379,,
NPL,2000,6.116,5.593,50.788,3.393,-1.481,-0.781
NPL,2001,5.629,6.705,50.766,2.435,-2.354,-1.707
NPL,2002,0.12,3.403,51.815,2.896,-2.464,-1.596
NPL,2003,3.945,2.125,52.974,4.743,-0.338,0.677
NPL,2004,4.683,2.368,51.324,3.963,-0.144,0.654
NPL,2005,3.479,1.751,45.133,4.539,0.245,0.952
NPL,2006,3.365,1.865,42.869,7.963,0.235,0.828
NPL,2007,3.412,-0.117,37.885,6.203,-0.671,-0.055
NPL,2008,6.105,2.403,36.757,6.677,-0.291,0.313
NPL,2009,4.533,3.655,39.462,12.624,-2.237,-1.61
NPL,2010,4.816,-2.071,35.391,9.565,-0.672,0.029
NPL,2011,3.422,-0.834,32.425,9.566,-0.717,0.024
NPL,2012,4.67,4.188,34.515,8.305,-1.166,-0.403
NPL,2013,3.525,2.864,31.899,9.873,1.574,2.241
NPL,2014,6.011,3.998,27.551,9.039,1.347,1.849
NPL,2015,3.976,4.381,25.73,7.834,0.577,0.922
NPL,2016,0.433,5.459,24.957,9.924,1.168,1.463
NPL,2017,8.977,-0.323,24.989,4.497,-2.689,-2.401
NPL,2018,7.622,-7.098,31.088,4.13,-5.833,-5.401
NPL,2019,6.657,-6.929,34.03,4.624,-4.987,-4.488
NPL,2020,-2.37,-1.013,43.307,6.148,-5.364,-4.731
NPL,2021,4.838,-7.701,43.285,3.579,-3.979,-3.219
NPL,2022,5.631,-12.564,42.73,6.371,-3.123,-2.252
NPL,2023,1.953,-0.882,47.124,7.73,-5.834,-4.507
NPL,2024,3.101,3.829,47.867,5.423,-2.731,-1.347
NPL,2025,4.047,0.656,49.358,4.863,-3.975,-2.451
NPL,2026,5.483,-2.77,49.78,4.952,-4.157,-2.724
NRU,2005,-0.356,,,8.662,,
NRU,2006,8.329,,,19.302,,
NRU,2007,-22.185,,,5.601,,
NRU,2008,20.381,53.407,,1.035,,
NRU,2009,-5.652,64.134,246.684,22.422,0.367,
NRU,2010,-0.16,47.865,242.498,-1.968,0.093,
NRU,2011,14.395,28.824,188.939,-3.37,2.733,
NRU,2012,25.279,34.403,123.079,0.262,8.116,
NRU,2013,3.648,51.567,126.892,-1.105,1.711,
NRU,2014,16.423,29.012,112.522,0.275,29.562,
NRU,2015,2.698,-19.63,82.201,9.784,10.741,
NRU,2016,4.363,4.194,61.223,8.141,18.89,
NRU,2017,-6.011,12.41,77.972,4.464,16.17,
NRU,2018,-1.219,7.595,71.056,1.07,29.559,
NRU,2019,8.487,4.6,59.57,4.094,30.988,
NRU,2020,1.982,2.526,56.269,0.931,42.809,
NRU,2021,7.207,3.788,20.521,2.007,44.486,
NRU,2022,2.952,1.858,22.379,1.146,24.266,
NRU,2023,0.646,1.261,20.466,4.782,19.387,
NRU,2024,1.76,5.246,17.585,11.574,30.112,
NRU,2025,1.954,2.286,15.203,7.326,10.84,
NRU,2026,1.632,2.159,13.244,4.26,11.66,
NZL,1995,4.893,-3.952,43.482,3.755,3.697,9.873
NZL,1996,4.075,-4.721,37.258,2.286,2.575,7.867
NZL,1997,2.449,-5.204,34.643,1.187,1.235,5.676
NZL,1998,0.407,-2.782,34.476,1.265,-0.479,3.468
NZL,1999,4.486,-5.002,31.996,-0.114,-1.115,2.339
NZL,2000,4.215,-3.342,30.025,2.615,0.17,3.391
NZL,2001,2.521,-0.822,28.16,2.626,1.286,3.651
NZL,2002,4.704,-2.127,26.396,2.677,2.55,4.617
NZL,2003,4.427,-2.483,24.718,1.754,3.683,5.635
NZL,2004,4.841,-4.594,22.505,2.29,4.492,6.229
NZL,2005,3.216,-7.142,20.781,3.037,5.13,6.411
NZL,2006,2.814,-7.189,18.401,3.365,4.619,5.437
NZL,2007,3.497,-6.854,16.31,2.376,3.597,4.174
NZL,2008,-0.169,-7.749,18.97,3.959,1.469,1.838
NZL,2009,-1.038,-2.172,24.274,2.116,-1.812,-1.453
NZL,2010,1.724,-2.283,29.601,2.302,-5.511,-4.879
NZL,2011,1.654,-2.794,34.677,4.028,-4.96,-4.155
NZL,2012,2.57,-3.926,35.662,1.06,-2.191,-1.285
NZL,2013,2.171,-3.168,34.547,1.134,-1.287,-0.505
NZL,2014,3.807,-3.129,34.151,1.228,-0.336,0.304
NZL,2015,3.606,-2.818,34.167,0.293,0.365,1.005
NZL,2016,3.969,-2.052,33.341,0.646,0.977,1.618
NZL,2017,3.341,-2.867,31.098,1.851,1.357,1.974
NZL,2018,3.477,-4.236,28.08,1.598,1.27,1.885
NZL,2019,3.021,-2.859,31.814,1.62,-2.496,-1.876
NZL,2020,-1.311,-1.07,43.241,1.715,-4.346,-3.669
NZL,2021,5.69,-6.025,47.523,3.941,-3.5,-2.747
NZL,2022,2.856,-9.245,46.887,7.172,-4.158,-3.364
NZL,2023,1.811,-6.936,46.983,5.733,-3.543,-2.743
NZL,2024,-0.483,-6.03,51.154,2.923,-4.383,-3.139
NZL,2025,1.372,-4.916,55.292,2.013,-5.184,-3.556
NZL,2026,2.722,-4.704,58.43,1.99,-3.966,-2.283
OMN,1995,4.831,-5.17,21.88,-1.131,-3.9,-3.543
OMN,1996,2.889,1.174,21.219,0.496,2.218,2.552
OMN,1997,6.178,-1.076,20.769,-0.36,4.773,5.098
OMN,1998,2.704,-19.45,30.925,0.429,-4.371,-4.322
OMN,1999,0.298,-2.583,28.925,0.512,0.303,0.8
OMN,2000,6.193,14.063,21.739,-1.197,12.16,12.443
OMN,2001,4.613,8.901,22.452,-0.841,7.545,7.449
OMN,2002,-0.784,7.365,15.882,-0.286,5.314,4.97
OMN,2003,-2.195,5.875,13.034,0.185,5.92,4.051
OMN,2004,1.992,3.18,14.526,0.757,5.43,4.732
OMN,2005,2.78,14.583,8.388,1.861,11.209,10.454
OMN,2006,4.67,13.299,7.563,3.204,12.226,11.029
OMN,2007,4.98,5.097,4.44,5.892,10.489,9.15
OMN,2008,8.95,7.23,3.199,12.56,14.656,13.595
OMN,2009,5.982,-0.901,5.805,3.537,-0.271,-1.172
OMN,2010,2.472,7.595,5.462,3.256,4.946,4.16
OMN,2011,2.894,11.444,4.442,4.061,8.239,7.825
OMN,2012,8.863,8.991,4.586,2.941,4.073,2.928
OMN,2013,5.227,5.88,4.661,1.331,2.778,2.249
OMN,2014,1.292,4.63,4.039,1.197,-1.577,-1.866
OMN,2015,5.017,-13.763,13.857,0.142,-13.474,-14.075
OMN,2016,5.046,-16.555,29.338,0.888,-19.622,-20.013
OMN,2017,0.304,-13.614,40.106,1.458,-10.459,-11.089
OMN,2018,1.288,-4.873,44.691,0.704,-6.719,-5.214
OMN,2019,-1.129,-4.918,52.464,0.472,-4.83,-4.634
OMN,2020,-3.38,-16.549,67.902,-0.395,-15.673,-12.993
OMN,2021,2.582,-5.538,61.873,1.664,-3.173,-0.963
OMN,2022,7.986,3.971,41.673,2.512,10.531,11.154
OMN,2023,1.187,2.489,37.488,0.952,6.869,7.456
OMN,2024,1.674,2.177,35.515,0.591,6.313,6.653
OMN,2025,2.33,-1.467,35.446,1.5,1.243,1.563
OMN,2026,3.645,-2.52,33.915,2.0,1.084,1.265
PAK,1995,5.062,-2.192,52.329,13.029,-3.898,-0.738
PAK,1996,6.599,-4.039,52.534,10.774,-4.333,-0.555
PAK,1997,1.703,-3.532,52.775,11.816,-3.865,0.107
PAK,1998,3.494,-1.681,53.816,7.808,-4.462,0.019
PAK,1999,4.182,-1.933,60.737,5.732,-3.069,1.369
PAK,2000,3.908,-0.216,61.673,3.596,-3.212,1.549
PAK,2001,3.638,0.335,65.148,4.398,-2.455,1.691
PAK,2002,2.623,2.886,60.531,3.54,-2.637,1.43
PAK,2003,5.167,3.618,56.326,3.102,-0.118,3.03
PAK,2004,7.691,1.385,50.609,4.569,-1.291,1.287
PAK,2005,7.997,-1.015,47.878,9.275,-2.287,0.151
PAK,2006,5.664,-3.026,46.189,7.918,-2.786,-0.339
PAK,2007,5.111,-3.678,44.209,7.777,-4.234,-0.931
PAK,2008,4.445,-6.819,49.475,11.996,-5.938,-2.066
PAK,2009,1.063,-4.95,54.569,19.561,-4.531,-0.194
PAK,2010,2.265,-2.006,56.716,10.108,-5.415,-1.525
PAK,2011,3.204,0.093,56.151,13.658,-6.234,-2.696
PAK,2012,3.196,-1.863,58.364,11.004,-7.743,-3.764
PAK,2013,3.856,-0.965,59.231,7.361,-7.481,-3.524
PAK,2014,3.556,-1.153,58.783,8.621,-4.369,-0.263
PAK,2015,3.812,-0.939,59.063,4.526,-4.739,-0.454
PAK,2016,4.072,-1.582,62.065,2.864,-3.923,-0.063
PAK,2017,4.609,-3.617,62.142,4.775,-5.171,-1.379
PAK,2018,6.096,-5.389,66.321,4.7,-5.673,-1.846
PAK,2019,3.12,-4.184,78.712,6.802,-7.789,-3.015
PAK,2020,-0.943,-1.481,80.805,10.739,-7.032,-1.52
PAK,2021,5.77,-0.809,74.749,8.896,-6.041,-1.117
PAK,2022,6.18,-4.663,77.318,12.153,-7.838,-3.043
PAK,2023,-0.218,-0.97,78.229,29.181,-7.702,-0.886
PAK,2024,2.497,-0.454,70.072,23.411,-6.775,0.951
PAK,2025,2.649,-0.056,73.643,5.126,-5.618,2.117
PAK,2026,3.553,-0.363,71.914,7.739,-5.086,1.62
PAN,1995,1.752,-5.332,76.671,0.939,2.306,7.047
PAN,1996,7.371,-1.928,65.034,1.264,2.483,5.096
PAN,1997,6.48,-4.506,60.194,1.255,1.245,3.83
PAN,1998,7.332,-8.334,58.138,0.628,-1.115,1.241
PAN,1999,3.878,-9.071,55.149,1.3,-0.648,1.86
PAN,2000,2.737,-5.394,53.586,1.446,2.049,4.985
PAN,2001,0.558,-1.451,57.822,0.314,-0.417,2.597
PAN,2002,2.247,-0.826,56.982,0.998,-0.963,1.897
PAN,2003,4.226,-3.988,56.476,0.058,-2.273,1.281
PAN,2004,7.508,-6.612,58.781,0.475,-4.332,-1.0
PAN,2005,7.181,-6.171,59.33,2.86,-2.212,1.331
PAN,2006,8.541,-2.422,54.74,2.458,0.514,4.082
PAN,2007,12.111,-5.344,47.44,4.169,3.122,5.818
PAN,2008,9.856,-8.773,40.033,8.759,0.375,2.824
PAN,2009,1.243,-0.755,39.067,2.409,-0.901,1.225
PAN,2010,5.828,-10.23,38.109,3.491,-1.677,0.519
PAN,2011,11.314,-12.566,35.644,5.876,-1.956,-0.167
PAN,2012,9.779,-8.914,34.044,5.698,-1.314,0.016
PAN,2013,6.903,-8.641,33.738,4.027,-2.383,-0.66
PAN,2014,5.067,-12.905,34.733,2.623,-3.214,-1.644
PAN,2015,5.733,-8.648,34.25,0.137,-2.297,-0.724
PAN,2016,4.953,-7.511,33.618,0.74,-1.888,-0.301
PAN,2017,5.591,-5.81,33.572,0.876,-1.923,-0.355
PAN,2018,3.685,-7.887,35.593,0.762,-2.881,-1.221
PAN,2019,3.282,-5.054,39.863,-0.355,-2.895,-1.309
PAN,2020,-17.668,0.675,61.493,-1.55,-10.198,-7.994
PAN,2021,15.836,-1.155,54.404,1.631,-6.476,-4.549
PAN,2022,10.809,-0.621,52.702,2.86,-3.979,-2.257
PAN,2023,7.595,-4.484,51.494,1.486,-3.922,-1.374
PAN,2024,2.9,-0.873,56.619,0.794,-7.317,-4.469
PAN,2025,4.0,-0.951,58.105,0.525,-3.948,-0.524
PAN,2026,4.0,-1.77,58.272,2.0,-3.497,-0.451
PER,1995,7.411,-8.999,,11.131,,
PER,1996,2.799,-6.823,,11.549,,
PER,1997,6.476,-5.983,,8.547,,
PER,1998,-0.392,-6.193,,7.255,,
PER,1999,1.495,-2.833,,3.469,,
PER,2000,2.695,-3.064,44.909,3.759,-2.116,0.4
PER,2001,0.617,-2.351,43.841,1.975,-2.154,0.128
PER,2002,5.454,-2.031,45.463,0.192,-1.404,0.765
PER,2003,4.165,-1.592,49.376,2.261,-1.622,0.557
PER,2004,4.959,0.094,46.738,3.662,-1.033,1.061
PER,2005,6.285,1.563,40.359,1.618,-0.436,1.565
PER,2006,7.529,3.331,34.94,2.001,2.029,3.956
PER,2007,8.518,1.488,31.87,1.779,3.348,5.181
PER,2008,9.127,-4.357,28.032,5.788,2.476,3.885
PER,2009,1.096,-0.519,28.256,2.935,-1.483,-0.366
PER,2010,8.332,-2.387,25.116,1.529,-0.016,1.025
PER,2011,6.327,-1.97,23.012,3.369,2.043,3.066
PER,2012,6.14,-2.782,20.636,3.656,2.07,2.984
PER,2013,5.853,-4.721,19.904,2.807,0.754,1.703
PER,2014,2.382,-4.219,20.501,3.245,-0.189,0.727
PER,2015,3.252,-4.535,23.882,3.548,-2.036,-1.132
PER,2016,3.953,-2.154,24.248,3.593,-2.146,-1.217
PER,2017,2.519,-0.836,25.137,2.804,-2.827,-1.828
PER,2018,3.969,-1.146,25.941,1.317,-1.964,-0.834
PER,2019,2.24,-0.611,26.889,2.136,-1.388,-0.216
PER,2020,-10.869,0.915,34.875,1.827,-8.301,-6.9
PER,2021,13.361,-2.066,36.104,3.979,-2.53,-1.233
PER,2022,2.809,-4.129,33.995,7.871,-1.404,-0.049
PER,2023,-0.403,0.686,32.952,6.269,-2.823,-1.359
PER,2024,3.333,2.192,32.766,2.351,-3.599,-2.144
PER,2025,2.84,1.693,33.695,1.667,-2.537,-0.849
PER,2026,2.61,1.323,34.714,1.927,-2.311,-0.88
PHL,1995,4.625,-2.339,60.849,6.908,-0.016,4.202
PHL,1996,5.86,-4.176,53.074,8.294,0.537,4.514
PHL,1997,5.186,-4.623,56.891,5.598,0.367,4.03
PHL,1998,-0.514,2.075,50.773,9.369,-1.309,2.588
PHL,1999,3.346,-3.357,54.218,6.2,-2.288,1.362
PHL,2000,4.383,-2.663,59.203,6.545,-3.274,0.854
PHL,2001,3.049,-2.217,59.471,5.396,-3.494,1.165
PHL,2002,3.716,-0.334,65.184,2.757,-3.707,0.618
PHL,2003,5.087,0.327,71.393,2.223,-3.491,1.33
PHL,2004,6.569,1.71,71.082,4.799,-2.807,2.121
PHL,2005,4.942,1.853,64.674,6.64,-1.625,3.424
PHL,2006,5.316,5.455,57.189,5.448,-0.046,4.563
PHL,2007,6.519,5.175,50.168,2.914,-0.285,3.271
PHL,2008,4.344,0.08,50.01,8.211,0.016,3.272
PHL,2009,1.448,4.797,49.805,4.24,-2.569,0.599
PHL,2010,7.335,3.445,47.587,3.738,-2.254,0.653
PHL,2011,3.858,2.409,45.434,4.745,-0.377,2.096
PHL,2012,6.897,2.653,45.691,3.158,-0.219,2.291
PHL,2013,6.751,4.01,43.863,2.592,0.371,2.74
PHL,2014,6.348,3.616,40.299,3.594,1.323,3.477
PHL,2015,6.348,2.371,39.688,0.69,0.145,2.108
PHL,2016,7.149,-0.376,37.376,1.234,-0.744,1.036
PHL,2017,6.931,-0.652,38.13,2.853,-0.752,0.876
PHL,2018,6.341,-2.559,37.147,5.31,-1.484,0.169
PHL,2019,6.119,-0.809,36.973,2.392,-1.502,0.068
PHL,2020,-9.518,3.201,51.644,2.393,-5.544,-3.726
PHL,2021,5.715,-1.508,57.005,3.927,-6.231,-4.427
PHL,2022,7.581,-4.516,57.389,5.821,-5.476,-3.493
PHL,2023,5.519,-2.834,56.484,5.978,-4.374,-2.103
PHL,2024,5.692,-3.794,57.06,3.213,-4.001,-1.417
PHL,2025,5.476,-3.424,58.142,2.609,-3.882,-1.238
PHL,2026,5.76,-3.158,58.087,2.876,-2.907,-0.236
PLW,2000,,-50.632,37.107,,-13.426,
PLW,2001,7.346,-32.645,34.609,-0.726,-16.684,
PLW,2002,4.715,-30.054,33.895,-0.273,-12.699,
PLW,2003,-2.128,-27.593,34.842,0.647,-3.167,
PLW,2004,3.472,-34.774,34.241,0.537,-4.816,
PLW,2005,2.885,-27.015,30.468,3.558,1.382,
PLW,2006,0.23,-28.184,28.629,4.239,0.143,
PLW,2007,0.686,-21.269,33.663,3.02,-2.078,
PLW,2008,-5.553,-23.078,32.043,9.931,-1.706,
PLW,2009,-6.195,-13.719,36.599,4.683,-2.136,
PLW,2010,-3.027,-12.196,34.455,1.094,-1.274,
PLW,2011,4.545,-16.871,30.59,2.633,1.287,
PLW,2012,2.061,-19.389,30.755,5.439,0.983,
PLW,2013,-1.392,-18.0,27.42,2.845,0.545,
PLW,2014,4.212,-22.796,27.536,3.962,3.593,
PLW,2015,8.57,-13.397,21.69,2.199,5.079,
PLW,2016,1.666,-16.097,23.741,-1.336,3.515,
PLW,2017,-3.421,-22.851,26.911,1.101,4.756,
PLW,2018,-0.418,-18.636,29.541,2.441,6.185,
PLW,2019,0.301,-30.43,30.489,0.438,-0.36,
PLW,2020,-5.996,-43.805,52.079,0.702,-13.021,
PLW,2021,-11.925,-43.758,69.945,-0.481,-9.94,
PLW,2022,-0.782,-49.103,68.848,13.184,-5.838,
PLW,2023,1.367,-49.124,76.773,12.417,1.022,
PLW,2024,7.139,-34.574,69.673,3.61,4.38,
PLW,2025,5.741,-30.521,64.66,2.527,2.295,
PLW,2026,3.505,-25.999,60.735,3.827,2.109,
PNG,1995,-3.446,12.826,36.566,17.281,1.077,4.035
PNG,1996,6.599,2.554,37.797,11.632,2.055,4.648
PNG,1997,-6.343,-6.261,43.918,3.943,0.673,3.37
PNG,1998,4.682,-5.63,45.731,13.59,-0.165,2.81
PNG,1999,1.856,-2.26,41.757,14.932,-1.936,1.155
PNG,2000,-2.494,4.428,42.333,15.596,0.304,3.343
PNG,2001,-0.123,4.921,47.664,9.298,-1.329,1.504
PNG,2002,-0.159,1.409,48.432,11.799,-1.75,0.91
PNG,2003,9.046,1.455,40.42,14.709,0.188,3.845
PNG,2004,0.578,-0.263,37.176,2.159,2.025,3.929
PNG,2005,4.252,8.518,31.562,1.781,2.849,4.373
PNG,2006,2.537,-1.157,25.98,2.368,5.337,6.59
PNG,2007,7.815,2.47,22.157,0.911,6.899,8.262
PNG,2008,-0.296,5.427,21.555,10.767,2.734,3.992
PNG,2009,6.8,-10.969,21.716,6.913,-5.483,-4.04
PNG,2010,10.128,-9.852,17.286,5.102,3.062,4.01
PNG,2011,1.108,-9.605,16.278,4.441,2.215,3.204
PNG,2012,4.657,-19.981,19.124,4.537,-1.19,-0.171
PNG,2013,3.825,-23.907,24.89,4.96,-6.87,-5.778
PNG,2014,13.544,12.382,26.895,5.222,-6.265,-4.632
PNG,2015,6.576,11.165,29.931,5.996,-4.55,-2.819
PNG,2016,5.492,13.638,33.74,6.674,-4.746,-2.827
PNG,2017,3.535,15.895,32.484,5.422,-2.475,-0.372
PNG,2018,-0.279,13.623,36.676,4.412,-2.58,-0.247
PNG,2019,4.48,14.377,38.215,3.892,-4.976,-2.436
PNG,2020,-3.167,14.358,48.68,4.872,-8.852,-6.235
PNG,2021,-0.511,12.575,52.576,4.483,-6.843,-4.389
PNG,2022,5.707,14.43,48.189,5.253,-5.253,-2.944
PNG,2023,3.815,9.022,53.659,2.299,-4.343,-1.847
PNG,2024,3.744,14.546,53.7,0.586,-3.657,-1.242
PNG,2025,4.57,10.703,51.994,5.517,-2.611,-0.041
PNG,2026,3.5,11.537,50.233,4.6,-1.311,1.3
POL,1995,6.728,0.611,48.576,27.875,-4.377,1.316
POL,1996,6.239,-2.073,43.024,19.9,-4.824,-0.299
POL,1997,7.086,-3.636,42.564,14.9,-4.592,-0.093
POL,1998,4.982,-3.991,38.562,11.8,-4.24,-0.257
POL,1999,4.524,-7.404,39.233,7.3,-2.292,0.639
POL,2000,4.26,-6.008,36.275,10.1,-3.984,-0.986
POL,2001,1.205,-3.107,37.037,5.5,-4.713,-1.618
POL,2002,1.443,-2.776,41.426,1.9,-4.786,-1.929
POL,2003,3.523,-2.504,46.237,0.735,-5.996,-3.058
POL,2004,5.091,-5.955,45.012,3.538,-4.999,-2.297
POL,2005,3.261,-3.305,46.474,2.21,-3.926,-1.47
POL,2006,6.202,-4.652,47.098,1.197,-3.527,-1.167
POL,2007,6.76,-6.689,44.428,2.472,-1.879,0.295
POL,2008,4.384,-6.752,46.559,4.342,-3.595,-1.488
POL,2009,2.615,-3.975,49.701,3.785,-7.236,-4.79
POL,2010,3.169,-5.152,53.748,2.59,-7.43,-4.93
POL,2011,5.255,-5.123,54.78,4.226,-4.974,-2.432
POL,2012,1.512,-4.09,54.472,3.727,-3.795,-1.115
POL,2013,0.684,-1.973,56.859,1.117,-4.246,-1.703
POL,2014,3.92,-2.97,51.13,0.105,-3.662,-1.694
POL,2015,4.432,-1.324,51.056,-0.924,-2.595,-0.844
POL,2016,3.031,-1.072,54.129,-0.677,-2.383,-0.679
POL,2017,5.152,-1.194,50.444,1.969,-1.486,0.075
POL,2018,6.246,-1.964,48.234,1.767,-0.245,1.179
POL,2019,4.581,-0.276,45.211,2.268,-0.734,0.625
POL,2020,-2.036,2.417,56.585,3.435,-6.853,-5.563
POL,2021,6.927,-1.297,53.014,5.129,-1.746,-0.652
POL,2022,5.255,-2.288,48.786,14.212,-3.434,-1.907
POL,2023,0.139,1.78,49.718,11.472,-5.29,-3.21
POL,2024,2.852,0.136,55.282,3.723,-6.581,-4.274
POL,2025,3.237,-0.293,60.731,4.286,-6.159,-3.625
POL,2026,3.101,-0.697,64.317,3.384,-5.299,-2.609
PRI,1995,4.549,,,1.915,,
PRI,1996,2.314,,,3.312,,
PRI,1997,4.88,,,1.886,,
PRI,1998,6.518,,,0.059,,
PRI,1999,4.413,,,0.671,,
PRI,2000,3.272,,,3.077,,
PRI,2001,9.468,,,0.583,,
PRI,2002,2.17,,,0.19,,
PRI,2003,2.341,,,1.388,,
PRI,2004,1.987,,,2.536,,
PRI,2005,-1.987,,,5.611,,
PRI,2006,-1.41,,33.447,5.184,,
PRI,2007,-1.162,,36.897,4.228,,
PRI,2008,-1.844,,40.764,5.21,,
PRI,2009,-1.952,,46.508,0.278,,
PRI,2010,-0.413,,48.339,2.474,,
PRI,2011,-0.359,,49.997,2.899,,
PRI,2012,0.029,,53.732,1.346,,
PRI,2013,-0.307,,52.308,1.061,,
PRI,2014,-1.19,,54.546,0.566,-3.073,-0.953
PRI,2015,-1.049,,52.736,-0.751,-2.116,-0.24
PRI,2016,-1.264,,49.877,-0.294,-1.844,0.377
PRI,2017,-2.885,,51.211,1.752,-1.116,1.139
PRI,2018,-4.362,,52.453,1.272,0.025,2.282
PRI,2019,1.676,,48.836,0.084,1.899,4.019
PRI,2020,-4.181,,50.226,-0.497,-0.551,1.545
PRI,2021,0.386,,48.879,2.41,-0.257,1.724
PRI,2022,3.568,,16.728,6.018,1.794,2.489
PRI,2023,0.564,,16.663,3.478,0.328,1.301
PRI,2024,1.0,,17.745,1.593,-0.53,0.381
PRI,2025,-0.8,,18.724,2.093,-0.411,0.388
PRI,2026,-0.1,,19.546,1.94,-0.381,0.383
PRT,1995,2.307,-0.112,62.215,3.969,-5.143,-0.581
PRT,1996,3.504,-4.49,63.312,2.936,-4.632,-0.463
PRT,1997,4.401,-6.109,58.716,1.89,-3.654,-0.305
PRT,1998,4.808,-7.548,55.616,2.215,-4.304,-1.589
PRT,1999,3.907,-8.868,55.406,2.17,-2.988,-0.411
PRT,2000,3.816,-10.796,54.193,2.805,-3.398,-0.873
PRT,2001,1.944,-10.449,57.38,4.41,-4.783,-2.28
PRT,2002,0.771,-8.383,60.044,3.701,-3.782,-1.253
PRT,2003,-0.931,-6.634,63.897,3.237,-5.616,-3.254
PRT,2004,1.789,-7.957,67.099,2.51,-5.969,-3.689
PRT,2005,0.782,-9.585,72.249,2.13,-6.106,-3.812
PRT,2006,1.625,-10.26,73.679,3.046,-4.087,-1.584
PRT,2007,2.507,-9.62,72.728,2.422,-2.936,-0.338
PRT,2008,0.319,-11.838,75.643,2.652,-3.699,-0.975
PRT,2009,-3.122,-10.356,87.799,-0.903,-9.873,-7.157
PRT,2010,1.738,-10.257,100.075,1.391,-11.383,-8.668
PRT,2011,-1.714,-6.103,114.024,3.554,-7.654,-3.832
PRT,2012,-4.051,-1.489,128.604,2.776,-6.171,-1.9
PRT,2013,-0.984,1.534,130.841,0.44,-5.099,-0.928
PRT,2014,0.741,0.343,132.453,-0.16,-7.303,-2.955
PRT,2015,1.59,0.505,131.023,0.508,-4.354,-0.069
PRT,2016,2.004,1.421,131.18,0.636,-1.936,1.95
PRT,2017,3.315,1.484,126.029,1.556,-2.963,0.654
PRT,2018,2.946,0.752,121.112,1.168,-0.349,2.876
PRT,2019,2.746,0.78,116.11,0.3,0.083,2.902
PRT,2020,-8.205,-0.689,134.096,-0.121,-5.812,-3.067
PRT,2021,5.559,-0.663,123.878,0.941,-2.871,-0.593
PRT,2022,6.986,-2.024,111.232,8.103,-0.319,1.482
PRT,2023,2.613,0.553,97.733,5.264,1.192,3.092
PRT,2024,1.928,2.154,94.927,2.67,0.699,2.512
PRT,2025,1.96,1.699,91.791,1.949,0.518,2.422
PRT,2026,1.667,1.546,87.939,2.083,0.111,2.065
PRY,1995,6.823,-2.399,17.557,13.387,2.78,3.502
PRY,1996,1.574,-0.707,16.791,9.798,2.432,2.983
PRY,1997,4.243,-5.506,17.963,6.95,3.005,3.475
PRY,1998,0.068,1.425,22.138,11.554,4.279,4.954
PRY,1999,-1.366,1.57,32.015,6.751,2.671,3.372
PRY,2000,-2.314,-2.79,33.58,8.984,-0.547,0.445
PRY,2001,-0.834,-0.376,37.097,7.314,0.074,1.158
PRY,2002,-0.021,8.613,50.537,10.472,-1.893,-0.732
PRY,2003,4.321,0.221,37.508,14.239,0.062,1.068
PRY,2004,4.057,-0.102,36.045,4.31,0.766,1.615
PRY,2005,2.133,-0.629,28.285,6.823,0.713,1.544
PRY,2006,4.807,1.244,20.966,9.565,1.425,2.117
PRY,2007,5.422,4.362,16.812,8.144,1.142,1.722
PRY,2008,6.496,0.36,16.041,10.186,1.791,2.211
PRY,2009,-0.261,1.741,14.939,2.606,-0.826,-0.432
PRY,2010,11.095,-1.137,12.976,4.636,0.068,0.523
PRY,2011,4.286,-0.678,11.052,8.244,0.977,1.18
PRY,2012,-0.708,-1.818,12.312,3.692,-1.581,-1.404
PRY,2013,8.293,0.866,13.495,2.662,-1.322,-1.072
PRY,2014,5.301,-0.787,15.589,5.028,-0.271,0.021
PRY,2015,2.957,-0.211,18.613,3.132,-0.437,0.037
PRY,2016,4.268,4.601,19.39,4.082,-0.374,0.189
PRY,2017,4.81,3.357,19.847,3.614,-0.439,0.144
PRY,2018,3.204,-0.233,22.331,3.972,-1.014,-0.342
PRY,2019,-0.402,-0.578,25.768,2.757,-2.497,-1.669
PRY,2020,-0.82,1.873,36.899,1.768,-5.719,-4.654
PRY,2021,4.017,-1.108,37.501,4.788,-3.392,-2.298
PRY,2022,0.176,-7.155,40.528,9.766,-2.638,-1.405
PRY,2023,4.999,-0.564,41.06,4.632,-3.809,-2.149
PRY,2024,4.0,-3.943,45.244,3.835,-2.141,-0.145
PRY,2025,3.8,-2.356,43.906,3.713,-1.624,0.477
PRY,2026,3.5,-2.711,42.676,3.55,-1.34,0.774
QAT,1995,0.361,-27.601,50.204,3.009,-5.779,-2.12
QAT,1996,4.229,-27.269,57.837,6.966,-8.728,-4.039
QAT,1997,27.745,-30.859,54.382,2.731,-9.404,-5.117
QAT,1998,10.253,-25.459,76.565,2.863,-7.001,-0.247
QAT,1999,3.767,0.813,81.846,2.187,-4.353,1.218
QAT,2000,6.946,9.175,51.599,1.556,4.622,8.897
QAT,2001,4.5,23.728,59.225,1.724,4.481,8.906
QAT,2002,6.873,19.778,47.666,0.24,7.891,11.255
QAT,2003,3.987,24.261,38.788,2.26,6.711,9.045
QAT,2004,19.225,24.638,30.061,6.814,17.691,19.39
QAT,2005,7.792,16.762,19.126,8.966,9.803,10.969
QAT,2006,28.082,16.133,13.947,11.709,8.395,9.322
QAT,2007,18.191,15.079,9.365,13.739,10.343,11.028
QAT,2008,17.494,23.614,11.357,15.068,9.489,9.986
QAT,2009,13.063,7.244,35.98,-4.87,14.129,15.306
QAT,2010,17.746,20.009,30.425,-2.389,4.6,5.841
QAT,2011,11.302,31.068,33.474,1.981,5.236,6.688
QAT,2012,4.73,33.185,32.118,1.829,8.554,10.004
QAT,2013,5.556,30.424,30.883,3.143,19.27,20.546
QAT,2014,5.334,23.959,24.912,4.244,13.352,14.525
QAT,2015,4.753,8.502,35.547,0.939,18.447,19.935
QAT,2016,3.064,-5.45,46.707,2.689,-9.203,-7.718
QAT,2017,-1.498,3.989,51.569,0.604,-6.82,-5.424
QAT,2018,1.235,9.083,52.177,0.1,2.26,3.729
QAT,2019,0.688,2.415,62.087,-0.9,0.999,2.709
QAT,2020,-3.558,-2.068,72.614,-2.523,-2.134,0.191
QAT,2021,1.627,14.644,58.396,2.277,0.243,2.013
QAT,2022,4.185,26.778,42.565,4.96,10.374,11.735
QAT,2023,1.369,17.114,43.672,3.086,5.482,6.93
QAT,2024,2.366,17.212,40.839,1.073,0.698,2.001
QAT,2025,2.41,10.802,40.496,1.231,0.04,1.303
QAT,2026,5.618,10.335,39.306,1.369,1.057,2.251
ROU,1995,7.138,-4.42,,32.272,-3.32,-1.963
ROU,1996,3.948,-6.584,,38.809,-4.738,-3.066
ROU,1997,-6.053,-5.35,,154.763,-5.187,-1.407
ROU,1998,-4.818,-6.798,,59.097,-5.329,-0.708
ROU,1999,-1.15,-4.022,,45.804,-3.579,1.645
ROU,2000,2.921,-2.596,29.558,45.667,-3.988,0.831
ROU,2001,5.218,-3.182,27.409,34.454,-3.201,0.599
ROU,2002,5.703,-2.675,27.383,22.498,-2.595,0.383
ROU,2003,2.341,-4.677,24.88,15.37,-2.286,-0.19
ROU,2004,10.428,-7.58,21.329,11.855,-3.393,-2.291
ROU,2005,4.668,-8.751,17.767,8.995,-0.69,0.413
ROU,2006,8.029,-10.503,12.691,6.591,-1.36,-0.721
ROU,2007,7.234,-13.56,12.431,4.834,-3.046,-2.502
ROU,2008,9.307,-11.455,13.004,7.846,-4.605,-4.006
ROU,2009,-5.517,-4.644,22.451,5.584,-6.858,-5.878
ROU,2010,-3.906,-5.13,30.164,6.113,-6.22,-4.984
ROU,2011,4.496,-4.718,32.597,5.795,-4.135,-2.745
ROU,2012,1.904,-4.641,36.167,3.339,-2.385,-0.706
ROU,2013,0.279,-1.121,39.262,4.002,-2.443,-0.785
ROU,2014,4.116,-0.322,40.474,1.076,-1.759,-0.279
ROU,2015,3.157,-0.65,39.354,-0.596,-1.348,-0.049
ROU,2016,2.86,-2.085,39.548,-1.555,-2.497,-1.21
ROU,2017,8.195,-3.185,37.107,1.344,-2.856,-1.712
ROU,2018,6.121,-4.605,36.167,4.631,-2.738,-1.434
ROU,2019,3.923,-4.85,36.533,3.825,-4.552,-3.457
ROU,2020,-3.674,-5.069,49.26,2.646,-9.542,-8.23
ROU,2021,5.546,-7.192,51.532,5.046,-6.701,-5.238
ROU,2022,3.965,-9.522,51.721,13.8,-5.833,-3.784
ROU,2023,2.404,-6.625,52.142,10.397,-5.609,-3.746
ROU,2024,0.856,-8.273,57.244,5.584,-8.647,-6.638
ROU,2025,1.597,-7.568,61.64,4.608,-7.834,-5.482
ROU,2026,2.759,-7.409,65.654,3.095,-7.64,-5.13
RUS,1995,-4.1,2.215,,197.3,,
RUS,1996,-3.581,2.448,,47.752,,
RUS,1997,1.376,-0.193,51.519,14.761,,
RUS,1998,-5.319,0.025,135.193,27.686,-7.424,-3.152
RUS,1999,6.347,10.901,92.379,85.746,-3.587,1.888
RUS,2000,10.054,16.309,55.868,20.799,3.107,7.106
RUS,2001,5.082,9.758,44.438,21.477,2.991,5.459
RUS,2002,4.746,7.424,37.577,15.789,0.673,2.59
RUS,2003,7.356,7.178,28.334,13.663,1.35,2.796
RUS,2004,7.145,9.247,20.828,10.889,4.575,5.635
RUS,2005,6.397,10.32,14.851,12.685,7.597,8.342
RUS,2006,8.165,8.702,9.804,9.669,7.804,8.319
RUS,2007,8.55,5.181,8.033,9.007,5.585,5.584
RUS,2008,5.247,5.842,7.446,14.111,4.549,4.737
RUS,2009,-7.821,3.852,9.918,11.647,-5.889,-6.197
RUS,2010,4.512,4.13,10.105,6.849,-3.194,-3.079
RUS,2011,3.995,4.753,10.34,8.44,1.432,1.709
RUS,2012,4.024,3.253,11.167,5.075,0.382,0.655
RUS,2013,1.755,1.461,12.348,6.754,-1.162,-0.825
RUS,2014,0.736,2.807,15.136,7.823,-1.07,-0.677
RUS,2015,-1.973,4.996,15.286,15.534,-3.386,-3.136
RUS,2016,0.194,1.911,14.849,7.042,-3.67,-3.235
RUS,2017,1.827,2.043,14.311,3.683,-1.469,-0.96
RUS,2018,2.806,6.998,13.62,2.878,2.923,3.425
RUS,2019,2.198,3.872,13.748,4.47,1.93,2.2
RUS,2020,-2.654,2.377,19.156,3.382,-3.989,-3.746
RUS,2021,5.866,6.832,16.524,6.694,0.776,1.112
RUS,2022,-1.436,10.356,18.48,13.75,-1.559,-1.298
RUS,2023,4.083,2.4,19.487,5.859,-2.512,-2.27
RUS,2024,4.1,2.882,20.303,8.444,-2.247,-1.54
RUS,2025,1.456,1.855,21.383,9.265,-1.014,0.11
RUS,2026,0.865,1.761,22.547,5.492,-1.155,-0.015
RWA,1995,24.541,3.911,100.754,55.967,-2.041,-0.01
RWA,1996,11.596,-0.534,83.447,13.193,-5.006,-3.593
RWA,1997,14.9,-2.905,72.227,11.755,-2.221,-1.166
RWA,1998,8.34,-3.611,70.099,6.462,-2.591,-1.731
RWA,1999,3.308,-6.634,78.367,-2.419,-4.413,-3.524
RWA,2000,8.374,-4.606,85.991,3.908,-0.218,0.366
RWA,2001,8.486,-5.21,84.021,3.359,-1.801,-1.125
RWA,2002,13.174,-6.94,92.027,1.981,-2.032,-1.296
RWA,2003,2.219,-4.915,79.535,7.445,-1.233,-0.348
RWA,2004,7.438,-1.846,80.943,11.98,2.274,3.142
RWA,2005,9.407,-2.226,58.937,9.122,1.124,1.821
RWA,2006,9.204,-4.185,22.492,8.831,-0.029,0.595
RWA,2007,7.624,-2.096,22.098,9.081,-1.555,-1.062
RWA,2008,11.154,-4.675,18.28,15.44,0.825,1.271
RWA,2009,6.257,-6.672,18.492,10.343,0.259,0.613
RWA,2010,7.328,-6.518,18.816,2.319,-0.639,-0.228
RWA,2011,7.966,-6.928,18.717,5.664,-0.86,-0.458
RWA,2012,8.639,-9.681,19.086,6.285,-2.381,-1.975
RWA,2013,4.73,-7.482,26.662,4.218,-1.269,-0.431
RWA,2014,6.154,-11.343,29.14,1.771,-3.916,-3.146
RWA,2015,8.867,-12.68,33.075,2.535,-2.681,-1.844
RWA,2016,5.969,-15.306,41.07,5.72,-2.27,-1.304
RWA,2017,3.931,-9.46,45.634,4.823,-2.517,-1.481
RWA,2018,8.526,-10.114,49.236,1.355,-2.573,-1.397
RWA,2019,9.437,-11.894,53.643,2.417,-5.077,-3.794
RWA,2020,-3.371,-12.063,68.714,7.733,-9.543,-7.923
RWA,2021,10.861,-10.909,67.251,0.828,-7.0,-5.181
RWA,2022,8.152,-9.367,60.903,13.882,-5.735,-3.873
RWA,2023,8.255,-11.496,63.422,14.029,-5.04,-2.885
RWA,2024,8.891,-12.676,67.244,4.769,-6.568,-4.172
RWA,2025,7.109,-13.805,77.648,7.0,-6.29,-3.718
RWA,2026,7.476,-15.861,80.883,4.675,-3.305,-0.479
SAU,1995,0.312,-3.715,74.248,5.136,-5.123,-2.781
SAU,1996,3.305,0.429,75.206,0.27,-3.247,-0.6
SAU,1997,2.647,0.184,76.704,-0.246,-2.506,0.152
SAU,1998,2.804,-8.947,101.523,-0.422,-8.875,-7.494
SAU,1999,-0.633,0.254,102.992,-2.123,-5.991,-3.142
SAU,2000,4.718,7.555,86.702,-1.035,3.184,6.57
SAU,2001,0.345,5.08,93.148,-1.119,-3.906,-0.529
SAU,2002,-0.688,6.262,96.352,0.111,-5.907,-2.984
SAU,2003,8.769,12.997,81.564,0.479,1.199,3.82
SAU,2004,8.631,20.069,62.928,0.294,9.718,11.357
SAU,2005,5.945,27.419,37.342,0.573,17.987,18.769
SAU,2006,3.314,27.389,25.831,1.904,20.823,21.299
SAU,2007,2.214,23.913,17.115,4.976,11.784,10.822
SAU,2008,6.238,26.884,12.056,6.121,29.802,28.569
SAU,2009,-1.067,6.603,13.989,4.262,-5.383,-5.533
SAU,2010,5.04,14.088,8.426,3.698,4.392,4.73
SAU,2011,10.994,24.378,5.34,3.744,11.462,11.525
SAU,2012,5.409,23.41,3.012,2.866,11.838,11.63
SAU,2013,2.535,18.978,2.127,3.53,5.585,5.12
SAU,2014,3.811,10.47,1.541,2.236,-3.495,-4.191
SAU,2015,4.509,-7.863,5.668,1.206,-15.478,-17.452
SAU,2016,1.884,-3.672,12.676,2.069,-13.656,-16.525
SAU,2017,0.911,1.696,16.532,-0.838,-8.887,-11.266
SAU,2018,3.199,8.618,17.639,2.458,-5.454,-6.038
SAU,2019,1.098,4.585,21.558,-2.093,-4.203,-4.234
SAU,2020,-3.582,-3.479,30.997,3.445,-10.68,-12.479
SAU,2021,5.075,4.637,28.615,3.063,-2.241,-2.015
SAU,2022,7.486,13.563,23.816,2.474,2.504,2.367
SAU,2023,-0.755,3.291,26.235,2.327,-2.021,-2.037
SAU,2024,1.306,-0.524,29.874,1.688,-2.842,-2.74
SAU,2025,2.989,-4.015,34.849,1.992,-4.93,-4.468
SAU,2026,3.742,-4.251,38.531,2.0,-4.884,-4.193
SDN,1995,8.86,-22.041,239.021,68.375,-3.48,-2.461
SDN,1996,5.465,-12.964,220.877,86.764,-2.61,-1.656
SDN,1997,6.057,-10.725,167.671,47.169,-0.59,0.036
SDN,1998,8.242,-13.067,179.665,24.622,-0.561,0.107
SDN,1999,4.235,-7.16,160.488,17.166,-0.8,-0.052
SDN,2000,8.385,-3.942,143.248,7.121,-0.698,0.326
SDN,2001,10.867,-3.321,125.587,1.935,-0.767,-0.121
SDN,2002,5.941,-5.368,121.72,22.225,-0.685,0.385
SDN,2003,6.289,-4.395,117.353,6.489,0.768,2.078
SDN,2004,5.136,-3.071,97.804,9.658,0.156,1.336
SDN,2005,5.648,-7.028,75.477,8.506,-1.876,-0.87
SDN,2006,6.531,-14.351,63.706,7.199,-1.323,-0.377
SDN,2007,5.735,-6.052,53.692,14.754,-2.842,-2.093
SDN,2008,3.847,-5.543,55.756,14.297,0.491,1.295
SDN,2009,-2.768,-8.988,70.995,11.257,-3.796,-2.861
SDN,2010,3.858,-2.625,74.568,12.978,0.111,1.087
SDN,2011,-3.214,-3.992,78.113,18.097,-2.327,-1.27
SDN,2012,-17.005,-12.787,117.671,35.559,-7.368,-6.25
SDN,2013,1.955,-11.007,105.752,36.522,-5.761,-5.28
SDN,2014,4.661,-5.838,84.426,36.907,-4.718,-3.919
SDN,2015,4.906,-8.462,93.196,16.91,-3.869,-3.161
SDN,2016,4.7,-6.493,109.93,17.75,-3.918,-3.509
SDN,2017,0.768,-9.429,149.539,32.352,-6.069,-5.607
SDN,2018,-2.29,-13.928,209.809,63.293,-7.922,-7.686
SDN,2019,-2.5,-15.182,216.501,50.994,-10.76,-10.583
SDN,2020,-3.63,-16.577,278.332,163.258,-6.032,-6.006
SDN,2021,0.5,-7.456,189.636,359.092,-0.287,-0.245
SDN,2022,-2.5,-11.32,186.779,138.808,-2.145,-1.961
SDN,2023,-20.755,-3.753,259.645,77.249,-3.558,-3.529
SDN,2024,-23.363,-3.507,271.979,176.779,-2.5,-2.353
SDN,2025,-0.379,-3.627,251.981,100.012,-2.684,-2.41
SDN,2026,8.818,-8.563,207.396,63.217,-4.464,-4.114
SEN,1995,6.093,-5.365,,8.076,2.407,4.552
SEN,1996,1.874,-5.345,0.071,2.835,0.922,2.656
SEN,1997,2.717,-4.608,67.845,1.784,0.98,2.691
SEN,1998,5.972,-5.291,18.8,0.989,0.927,1.852
SEN,1999,5.978,-5.165,14.989,0.818,-0.615,0.432
SEN,2000,3.887,-5.452,57.514,0.754,0.782,1.843
SEN,2001,4.311,-3.78,53.209,3.053,-1.441,-0.806
SEN,2002,0.069,-4.619,51.993,2.398,0.191,1.01
SEN,2003,5.594,-4.99,42.883,-0.048,-0.516,0.361
SEN,2004,4.643,-5.097,37.999,0.515,0.184,1.063
SEN,2005,4.31,-6.154,36.13,1.707,-0.263,0.442
SEN,2006,2.331,-6.191,17.487,2.114,-3.665,-2.975
SEN,2007,2.827,-9.551,18.963,5.863,-2.798,-2.286
SEN,2008,3.703,-11.312,19.073,6.335,-3.531,-3.017
SEN,2009,2.752,-5.307,29.937,-2.248,-3.663,-3.067
SEN,2010,3.391,-3.522,34.6,1.228,-3.938,-3.184
SEN,2011,1.334,-6.504,32.877,3.404,-4.924,-3.689
SEN,2012,4.003,-8.759,34.489,1.417,-4.185,-2.991
SEN,2013,2.412,-8.264,36.86,0.71,-4.335,-3.124
SEN,2014,6.224,-6.981,42.366,-1.089,-3.896,-2.556
SEN,2015,6.367,-5.715,44.509,0.858,-3.663,-2.144
SEN,2016,6.356,-4.188,47.524,1.192,-3.272,-1.609
SEN,2017,7.407,-7.276,61.139,1.143,-2.968,-1.051
SEN,2018,6.209,-8.808,61.523,0.455,-3.663,-1.669
SEN,2019,4.614,-7.918,72.088,1.02,-9.878,-7.964
SEN,2020,1.342,-10.867,81.628,2.529,-9.282,-7.229
SEN,2021,6.54,-12.068,89.387,2.178,-11.492,-9.487
SEN,2022,3.998,-20.015,94.629,9.689,-12.567,-10.343
SEN,2023,4.3,-18.997,107.356,5.947,-12.276,-9.212
SEN,2024,6.679,-12.132,113.673,0.804,-11.731,-7.598
SEN,2025,8.445,-8.19,111.434,2.036,-7.252,-3.026
SEN,2026,4.089,-6.164,110.553,2.023,-5.027,-0.432
SGP,1995,7.175,16.497,69.823,1.725,4.804,
SGP,1996,7.471,14.627,71.272,1.379,1.983,
SGP,1997,8.316,15.57,70.787,2.023,5.663,
SGP,1998,-2.191,21.792,84.646,-0.271,2.414,
SGP,1999,5.718,17.204,85.32,0.024,5.204,
SGP,2000,9.038,11.072,82.256,1.348,4.593,
SGP,2001,-1.071,14.433,94.471,1.015,1.197,
SGP,2002,3.923,14.877,96.31,-0.392,2.232,
SGP,2003,4.548,24.302,99.131,0.487,0.678,
SGP,2004,9.94,19.311,95.691,1.672,2.06,
SGP,2005,7.366,23.26,92.663,0.473,2.556,
SGP,2006,9.007,26.893,86.524,0.966,2.16,
SGP,2007,9.022,27.143,87.789,2.11,7.12,
SGP,2008,1.863,15.083,97.853,6.635,3.589,
SGP,2009,0.128,16.393,101.689,0.589,-0.094,
SGP,2010,14.52,22.933,98.674,2.829,5.684,
SGP,2011,6.215,22.218,103.13,5.251,7.962,
SGP,2012,4.435,17.643,106.725,4.581,7.336,
SGP,2013,4.818,15.707,98.185,2.364,5.963,
SGP,2014,3.936,17.95,97.749,1.033,4.6,
SGP,2015,2.977,18.693,102.165,-0.522,2.86,
SGP,2016,3.748,18.006,106.306,-0.53,3.255,
SGP,2017,4.477,18.604,107.646,0.577,5.244,
SGP,2018,3.452,15.693,109.373,0.439,3.68,
SGP,2019,1.308,15.384,127.911,0.568,3.769,
SGP,2020,-3.815,17.501,148.205,-0.172,-6.734,
SGP,2021,9.757,19.798,141.73,2.316,1.126,
SGP,2022,4.108,18.422,154.303,6.131,1.208,
SGP,2023,1.821,17.688,172.798,4.834,3.468,
SGP,2024,4.388,17.541,174.299,2.39,4.426,
SGP,2025,2.012,17.15,174.94,1.342,3.05,
SGP,2026,1.879,17.0,175.62,1.5,2.978,
SLB,1995,10.089,-18.078,,9.612,3.191,
SLB,1996,1.61,-6.782,,11.773,3.732,
SLB,1997,-0.914,-3.94,25.93,8.065,2.136,4.268
SLB,1998,1.292,-1.218,39.486,12.355,5.04,5.196
SLB,1999,-0.486,2.832,41.959,7.953,-0.322,2.222
SLB,2000,-14.277,-7.27,44.303,6.928,-2.929,-0.778
SLB,2001,-7.957,-6.298,52.806,7.628,-2.396,-2.26
SLB,2002,-2.8,-4.232,65.723,9.366,-4.35,-3.575
SLB,2003,6.523,5.906,61.327,10.077,10.561,10.933
SLB,2004,6.667,15.364,58.211,6.916,17.032,17.969
SLB,2005,5.526,-6.051,44.674,7.53,13.39,14.114
SLB,2006,4.874,-7.803,42.305,11.235,12.96,13.493
SLB,2007,4.442,-12.89,33.019,7.654,15.311,18.286
SLB,2008,5.806,-10.948,28.926,17.338,1.938,2.785
SLB,2009,2.569,-8.078,18.865,7.166,2.351,2.875
SLB,2010,8.616,-17.02,22.948,0.905,6.017,6.364
SLB,2011,7.267,-1.948,18.344,7.418,6.225,6.506
SLB,2012,1.367,2.234,13.266,5.914,4.633,4.844
SLB,2013,5.237,-2.086,11.569,5.249,3.571,3.728
SLB,2014,1.186,-3.731,10.143,5.296,2.127,2.263
SLB,2015,1.678,-2.655,7.876,-0.569,0.808,0.92
SLB,2016,5.556,-3.726,7.535,0.497,-3.558,-3.46
SLB,2017,3.077,-4.284,8.77,0.503,-2.271,-2.153
SLB,2018,2.745,-2.964,7.948,3.6,1.488,1.569
SLB,2019,1.749,-9.51,7.819,2.22,-1.524,-1.371
SLB,2020,-3.383,-1.648,12.839,2.927,-2.438,-2.242
SLB,2021,2.564,-5.086,15.936,0.183,-1.859,-1.641
SLB,2022,2.403,-13.695,15.506,5.403,-2.508,-2.165
SLB,2023,2.66,-10.364,20.304,5.089,-3.805,-3.508
SLB,2024,2.535,-3.708,22.022,4.23,-3.083,-2.619
SLB,2025,2.715,-7.843,23.734,4.811,-3.149,-2.643
SLB,2026,2.828,-7.684,25.4,3.651,-3.132,-2.581
SLE,1995,-10.025,-5.827,,25.987,,
SLE,1996,-24.787,-6.879,,23.137,,
SLE,1997,-17.596,-2.779,,14.559,,
SLE,1998,-0.837,-2.128,,35.986,,
SLE,1999,-8.122,-6.386,,34.092,,
SLE,2000,3.807,-7.495,,-0.918,-1.944,0.772
SLE,2001,18.17,-5.671,113.486,2.568,-3.219,-1.108
SLE,2002,26.425,-3.68,99.765,0.121,-3.028,-0.526
SLE,2003,10.304,-3.734,99.762,3.991,-2.783,-0.581
SLE,2004,7.809,-4.234,93.249,12.922,-1.456,1.044
SLE,2005,6.721,-3.833,78.851,13.702,-1.167,0.868
SLE,2006,4.594,-3.022,61.875,10.533,-0.93,0.809
SLE,2007,3.731,-4.641,26.379,16.978,12.568,13.657
SLE,2008,3.847,-5.742,46.059,8.211,-2.217,-1.186
SLE,2009,1.313,-8.616,31.07,7.469,-1.51,-0.706
SLE,2010,10.077,-14.022,28.936,7.186,-3.09,-2.131
SLE,2011,7.108,-39.875,25.774,6.791,-2.785,-1.586
SLE,2012,6.745,-21.061,24.064,6.588,-3.413,-2.257
SLE,2013,9.428,-10.943,22.291,5.524,-1.744,-0.713
SLE,2014,-0.622,-7.25,26.848,4.639,-2.768,-2.017
SLE,2015,-3.083,-14.859,28.826,6.689,-2.865,-2.355
SLE,2016,4.675,-4.867,38.86,10.886,-5.414,-4.882
SLE,2017,3.941,-11.671,44.182,18.222,-5.611,-4.21
SLE,2018,3.405,-10.919,44.165,16.03,-3.573,-1.785
SLE,2019,5.503,-12.153,45.274,14.805,-1.953,-0.276
SLE,2020,-1.253,-4.795,46.366,13.447,-3.498,-1.66
SLE,2021,5.897,-5.52,47.062,11.874,-4.349,-2.654
SLE,2022,5.314,-6.35,53.981,27.209,-5.929,-4.099
SLE,2023,5.71,-9.479,49.873,47.716,-4.989,-2.648
SLE,2024,3.681,-5.459,43.002,28.429,-4.621,-1.993
SLE,2025,4.659,-4.766,44.334,12.948,-4.202,-0.274
SLE,2026,4.851,-4.445,44.607,10.439,-2.02,0.242
SLV,1995,4.733,-2.932,28.041,10.03,-0.177,1.576
SLV,1996,0.816,-1.763,28.548,9.79,-2.702,-0.8
SLV,1997,3.136,-0.956,27.791,4.49,-1.972,-0.282
SLV,1998,2.652,-0.829,25.652,2.549,-2.94,-1.317
SLV,1999,2.164,-2.121,27.995,0.513,-3.082,-1.541
SLV,2000,1.126,-3.653,29.551,2.274,-3.446,-1.721
SLV,2001,0.877,-1.224,37.842,3.745,-4.945,-3.316
SLV,2002,1.577,-3.199,43.8,1.869,-5.504,-3.567
SLV,2003,1.565,-5.302,45.962,2.121,-4.23,-1.912
SLV,2004,0.889,-4.677,46.813,4.452,-2.76,-0.323
SLV,2005,2.709,-4.229,46.286,4.69,-3.473,-0.901
SLV,2006,4.342,-4.785,52.559,4.035,-3.416,-0.573
SLV,2007,1.861,-7.151,52.197,4.58,-2.324,0.658
SLV,2008,2.128,-8.518,54.212,7.258,-3.8,-0.912
SLV,2009,-2.083,-1.774,65.778,0.537,-6.646,-3.629
SLV,2010,2.102,-2.888,66.794,1.179,-4.966,-2.213
SLV,2011,3.815,-5.481,65.598,5.129,-4.47,-1.917
SLV,2012,2.817,-5.797,69.994,1.73,-3.808,-1.3
SLV,2013,2.233,-6.905,69.655,0.758,-4.457,-1.757
SLV,2014,1.711,-5.371,71.791,1.141,-4.017,-1.316
SLV,2015,2.395,-3.216,73.464,-0.731,-3.632,-0.902
SLV,2016,2.544,-2.274,75.214,0.604,-3.104,-0.189
SLV,2017,2.25,-1.86,77.136,1.014,-2.528,0.674
SLV,2018,2.415,-3.302,76.961,1.088,-2.706,0.899
SLV,2019,2.433,-0.422,77.906,0.074,-3.07,0.616
SLV,2020,-7.893,1.11,95.365,-0.37,-8.179,-3.839
SLV,2021,11.91,-4.306,87.955,3.468,-5.53,-1.042
SLV,2022,2.797,-6.822,83.346,7.196,-2.674,1.989
SLV,2023,3.511,-1.369,84.684,4.047,-4.664,-0.123
SLV,2024,2.6,-1.389,87.584,1.0,-4.553,0.033
SLV,2025,2.479,-0.872,87.867,1.8,-3.376,1.902
SLV,2026,2.515,-0.831,86.503,1.8,-2.061,2.888
SMR,1998,7.52,,,,,
SMR,1999,8.998,,,,,
SMR,2000,2.203,,,,,
SMR,2001,5.539,,11.557,,,
SMR,2002,0.315,,17.211,,,
SMR,2003,3.9,,16.062,1.337,,
SMR,2004,4.565,,16.914,1.429,2.445,2.658
SMR,2005,2.426,,14.478,1.687,3.583,3.783
SMR,2006,3.826,,14.154,2.095,1.507,1.701
SMR,2007,7.103,,12.628,2.475,1.825,2.02
SMR,2008,-0.39,,15.489,4.096,0.176,0.387
SMR,2009,-10.158,,20.066,2.417,-2.461,-2.318
SMR,2010,-5.853,,19.964,2.413,-2.238,-2.155
SMR,2011,-8.56,,16.621,2.179,-4.049,-3.956
SMR,2012,-7.249,,17.242,2.827,-7.079,-6.998
SMR,2013,-0.814,,23.16,1.604,-7.741,-7.643
SMR,2014,-0.66,,21.01,1.113,1.064,1.292
SMR,2015,2.717,,19.307,0.146,-3.324,-3.075
SMR,2016,2.313,,21.385,0.644,-0.185,0.145
SMR,2017,0.267,-0.391,56.585,1.014,-3.486,-3.194
SMR,2018,1.482,-1.887,56.672,1.163,-1.556,-1.232
SMR,2019,2.023,2.034,56.214,0.473,-0.108,0.237
SMR,2020,-6.829,2.782,69.789,-0.133,-37.592,-36.64
SMR,2021,14.384,5.404,77.189,1.616,-16.418,-14.51
SMR,2022,7.898,15.519,71.339,5.325,0.424,1.715
SMR,2023,0.4,13.553,69.881,5.93,-0.733,1.533
SMR,2024,0.696,6.309,65.195,1.244,-1.849,0.263
SMR,2025,1.0,4.022,64.138,2.026,-1.712,0.399
SMR,2026,1.3,3.256,62.778,1.976,-1.116,0.83
SOM,2012,1.2,,,,,
SOM,2013,5.655,-6.34,,2.8,-0.113,-0.113
SOM,2014,2.747,-2.297,,1.3,-0.056,-0.056
SOM,2015,4.589,-2.145,,0.913,0.242,0.242
SOM,2016,-1.275,-5.521,,0.024,0.461,0.461
SOM,2017,9.5,-3.56,,3.957,0.374,0.374
SOM,2018,1.4,-3.178,,4.266,0.031,0.031
SOM,2019,2.824,-9.666,,4.709,0.276,0.276
SOM,2020,-2.752,-4.678,,4.113,0.287,0.307
SOM,2021,3.458,-7.055,,4.625,-0.882,-0.872
SOM,2022,2.727,-8.592,,6.779,0.024,0.031
SOM,2023,4.216,-9.781,,6.173,-0.427,-0.381
SOM,2024,4.0,-9.231,,5.529,0.154,0.216
SOM,2025,4.0,-7.588,,4.6,-0.562,-0.477
SOM,2026,4.1,-8.317,,4.0,-0.495,-0.407
SRB,1998,,,,30.0,,
SRB,1999,-10.326,,,41.1,,
SRB,2000,6.055,-1.708,200.635,70.0,-0.148,0.326
SRB,2001,6.779,1.853,95.891,80.744,0.325,0.943
SRB,2002,6.541,-3.534,68.42,8.868,-2.328,-2.072
SRB,2003,4.56,-6.463,64.446,2.901,-2.385,-1.556
SRB,2004,6.687,-12.208,57.583,10.602,0.061,1.191
SRB,2005,5.903,-7.825,50.133,16.253,1.021,2.339
SRB,2006,3.901,-8.857,37.041,10.732,-0.905,0.447
SRB,2007,7.832,-15.421,30.011,6.002,-0.802,-0.119
SRB,2008,5.161,-19.124,29.414,12.411,-4.255,-3.685
SRB,2009,-3.143,-5.665,32.63,8.117,-3.302,-2.597
SRB,2010,1.611,-5.771,38.198,6.143,-3.347,-2.337
SRB,2011,0.054,-7.792,42.01,11.137,-3.753,-2.561
SRB,2012,-0.444,-10.366,51.727,7.33,-6.107,-4.388
SRB,2013,0.452,-5.506,54.102,7.694,-4.789,-2.588
SRB,2014,-1.804,-5.36,63.474,2.082,-5.608,-2.956
SRB,2015,1.296,-3.316,67.078,1.392,-3.245,-0.355
SRB,2016,2.975,-2.816,64.978,1.122,-1.078,1.722
SRB,2017,2.363,-5.026,55.257,3.131,1.316,3.763
SRB,2018,4.649,-4.644,51.137,1.96,0.778,2.833
SRB,2019,4.75,-6.571,49.454,1.849,-0.004,1.917
SRB,2020,-0.95,-3.934,54.325,1.576,-6.913,-5.0
SRB,2021,7.949,-4.106,53.637,4.085,-3.156,-1.502
SRB,2022,2.631,-6.519,50.907,11.982,-0.141,1.294
SRB,2023,3.847,-2.345,45.667,12.372,-1.211,0.482
SRB,2024,3.878,-6.327,44.479,4.671,-1.726,0.146
SRB,2025,3.463,-5.763,44.388,4.023,-2.772,-0.7
SRB,2026,4.234,-5.733,44.144,3.341,-2.752,-0.712
SSD,2011,,18.02,0.0,,4.57,4.841
SSD,2012,-50.319,-15.911,8.906,42.357,-14.81,-14.036
SSD,2013,27.272,-3.89,17.587,-2.742,-3.45,-2.86
SSD,2014,1.556,-1.213,38.141,4.252,-9.176,-8.49
SSD,2015,-0.231,1.654,57.243,52.988,-16.023,-15.708
SSD,2016,-13.299,-0.254,150.48,346.054,-18.119,-17.798
SSD,2017,-5.794,-36.93,162.956,212.999,8.743,9.461
SSD,2018,-2.149,3.856,80.269,83.396,-1.097,-0.176
SSD,2019,0.856,2.177,43.1,49.288,0.844,1.419
SSD,2020,-6.494,7.93,48.982,23.984,-4.93,-4.498
SSD,2021,5.329,13.847,51.087,30.229,-9.298,-8.994
SSD,2022,-5.186,24.073,39.112,-3.21,2.047,3.426
SSD,2023,2.458,30.282,49.687,39.666,7.853,8.897
SSD,2024,-27.607,1.182,54.323,128.401,3.864,5.202
SSD,2025,-4.314,-11.434,63.173,65.739,1.999,3.589
SSD,2026,64.467,-1.365,35.184,8.294,1.863,2.557
STP,1995,2.0,-26.16,,36.8,,
STP,1996,1.5,-17.559,,42.047,,
STP,1997,0.996,-14.668,,69.049,,
STP,1998,2.5,-17.135,,42.105,,
STP,1999,2.5,-15.659,,11.011,,
STP,2000,0.448,-21.02,,11.011,51.517,
STP,2001,2.4,-22.521,418.38,9.219,-13.52,-9.609
STP,2002,2.377,-20.867,366.512,10.13,-10.423,-6.862
STP,2003,6.573,-15.875,329.366,9.793,-15.926,-12.998
STP,2004,3.832,-22.23,354.452,13.285,-25.115,-22.202
STP,2005,7.094,-20.892,334.172,17.152,26.812,29.365
STP,2006,9.116,-33.94,283.181,23.075,17.992,19.042
STP,2007,3.254,84.849,110.14,18.55,125.135,126.464
STP,2008,8.186,-17.611,60.673,31.991,13.648,14.498
STP,2009,3.302,-24.241,70.315,16.957,-18.024,-17.317
STP,2010,1.448,-23.589,82.992,13.339,-12.119,-11.66
STP,2011,1.999,-28.568,86.018,14.321,-13.025,-12.432
STP,2012,2.943,-23.877,86.318,10.638,-12.257,-11.587
STP,2013,5.12,-16.353,77.142,8.106,2.134,2.706
STP,2014,4.906,-24.527,67.427,6.988,-6.274,-5.474
STP,2015,1.54,-14.54,84.318,6.13,-7.6,-6.67
STP,2016,5.177,-7.183,81.689,5.407,-5.006,-4.488
STP,2017,4.113,-15.291,74.726,5.69,-3.107,-2.497
STP,2018,4.378,-12.952,71.493,7.873,-2.023,-1.599
STP,2019,2.0,-12.778,76.387,7.716,-0.066,0.653
STP,2020,2.6,-11.193,70.752,9.82,2.94,3.286
STP,2021,1.9,-13.056,59.228,8.138,-1.516,-1.304
STP,2022,0.2,-14.367,55.077,18.006,-2.241,-1.692
STP,2023,0.4,-12.501,44.687,21.184,-2.167,-1.439
STP,2024,0.9,-10.179,43.465,14.416,0.937,1.672
STP,2025,3.125,-5.108,37.301,9.598,2.562,3.64
STP,2026,4.83,-5.121,33.322,6.319,2.589,3.253
SUR,1995,11.3,6.317,16.258,24.162,1.166,1.577
SUR,1996,11.2,-5.145,11.77,2.84,3.42,3.908
SUR,1997,7.0,-6.965,16.781,6.081,-0.323,-0.297
SUR,1998,2.2,-11.543,21.644,11.248,-6.39,-6.389
SUR,1999,-0.9,-6.872,32.303,60.526,-4.918,-4.917
SUR,2000,-0.1,-0.701,48.438,29.557,-7.758,-7.675
SUR,2001,4.902,-24.068,37.198,34.366,3.49,3.982
SUR,2002,3.747,-13.638,37.408,15.516,-3.296,-2.574
SUR,2003,6.19,-5.05,31.493,23.001,-0.114,1.378
SUR,2004,7.305,-6.886,29.354,9.126,-1.202,-0.452
SUR,2005,4.919,-6.129,27.107,13.981,-3.391,-1.6
SUR,2006,5.767,7.844,22.536,11.281,0.592,1.997
SUR,2007,5.099,10.32,16.418,6.426,5.014,6.14
SUR,2008,4.149,8.583,14.774,14.667,2.393,2.987
SUR,2009,3.017,2.682,14.648,-0.3,2.028,3.198
SUR,2010,5.163,13.913,17.317,6.948,-0.154,0.654
SUR,2011,5.847,9.108,18.738,17.684,2.319,3.222
SUR,2012,2.697,3.044,20.096,5.009,-1.968,-1.063
SUR,2013,2.931,-3.557,27.902,1.916,-3.333,-2.092
SUR,2014,0.254,-7.419,25.208,3.384,-4.692,-3.867
SUR,2015,-3.414,-15.341,41.175,6.896,-7.555,-6.135
SUR,2016,-4.912,-4.838,75.395,55.501,-9.34,-6.844
SUR,2017,1.566,1.929,73.029,22.024,-7.079,-4.582
SUR,2018,4.948,-2.971,68.627,6.939,-5.249,-2.465
SUR,2019,1.168,-11.162,84.027,4.392,-20.225,-17.347
SUR,2020,-15.975,8.924,146.436,34.89,-11.954,-8.309
SUR,2021,-2.435,5.709,115.824,59.12,-5.689,-0.542
SUR,2022,2.406,2.102,116.944,52.448,-2.689,1.031
SUR,2023,2.54,4.296,98.234,51.583,-1.679,1.412
SUR,2024,3.049,-2.818,87.218,16.226,-2.431,0.326
SUR,2025,3.202,-33.931,86.588,8.717,-1.176,2.7
SUR,2026,3.718,-60.388,81.145,6.982,-0.878,3.0
SVK,1995,7.872,2.651,21.312,9.901,-3.428,-2.169
SVK,1996,6.941,-9.573,30.339,5.782,-9.721,-8.174
SVK,1997,4.445,-8.757,32.825,6.033,-6.235,-4.436
SVK,1998,3.826,-9.535,33.781,6.691,-5.276,-3.287
SVK,1999,-0.473,-4.461,47.0,10.461,-7.165,-4.381
SVK,2000,0.789,-3.085,50.498,12.161,-12.643,-9.546
SVK,2001,2.925,-7.993,51.199,7.144,-7.233,-4.111
SVK,2002,4.417,-7.615,45.367,3.489,-8.233,-5.264
SVK,2003,4.857,-4.925,43.524,8.417,-3.14,-1.471
SVK,2004,5.39,-5.872,41.877,7.451,-2.323,-0.877
SVK,2005,6.485,-7.317,34.877,2.779,-2.886,-1.755
SVK,2006,8.926,-7.027,31.434,4.266,-3.579,-2.691
SVK,2007,10.819,-4.798,30.337,1.9,-2.05,-1.1
SVK,2008,5.363,-6.361,28.613,3.95,-2.525,-1.606
SVK,2009,-5.505,-3.445,36.384,0.937,-8.155,-7.042
SVK,2010,6.791,-4.632,40.637,0.698,-7.477,-6.363
SVK,2011,2.562,-4.882,43.25,4.073,-4.313,-2.959
SVK,2012,1.569,0.928,51.674,3.732,-4.347,-2.761
SVK,2013,0.703,2.935,54.583,1.458,-2.872,-1.179
SVK,2014,2.708,1.739,53.347,-0.094,-3.096,-1.412
SVK,2015,5.177,-2.063,51.524,-0.331,-2.657,-1.173
SVK,2016,1.948,-1.454,52.047,-0.472,-2.563,-1.154
SVK,2017,2.875,-1.735,51.286,1.393,-0.976,0.233
SVK,2018,4.062,-1.633,49.188,2.531,-1.006,0.143
SVK,2019,2.276,-3.527,47.918,2.771,-1.206,-0.146
SVK,2020,-2.586,-0.466,58.305,2.013,-5.3,-4.301
SVK,2021,5.727,-4.831,60.061,2.825,-5.095,-4.215
SVK,2022,0.45,-9.618,57.571,12.127,-1.628,-0.853
SVK,2023,1.378,-1.685,55.997,10.963,-5.155,-4.543
SVK,2024,2.026,-2.776,58.017,3.154,-5.835,-4.923
SVK,2025,1.252,-1.906,60.104,3.663,-5.242,-4.105
SVK,2026,1.706,-1.547,64.26,2.852,-5.327,-4.037
SVN,1995,4.1,-0.453,18.228,13.572,-8.193,-6.586
SVN,1996,2.914,0.068,21.598,9.919,-1.155,0.509
SVN,1997,5.172,0.109,22.097,8.342,-2.368,-0.409
SVN,1998,3.064,-0.664,22.821,7.948,-2.394,-0.632
SVN,1999,5.268,-3.245,23.817,6.121,-3.043,-1.173
SVN,2000,3.498,-2.784,26.085,8.935,-3.772,-1.974
SVN,2001,2.829,0.04,26.324,8.38,-4.58,-2.763
SVN,2002,3.283,0.885,27.682,7.481,-2.474,-0.702
SVN,2003,3.195,-0.817,27.028,5.544,-2.664,-1.188
SVN,2004,4.546,-2.712,27.1,3.593,-1.981,-0.547
SVN,2005,3.854,-1.813,26.589,2.452,-1.379,-0.053
SVN,2006,5.909,-1.846,26.208,2.458,-1.258,-0.074
SVN,2007,7.139,-4.154,22.943,3.657,-0.077,0.965
SVN,2008,3.372,-5.345,21.894,5.647,-1.441,-0.739
SVN,2009,-7.59,-1.032,34.941,0.839,-5.872,-4.968
SVN,2010,1.112,-0.697,38.607,1.801,-5.556,-4.451
SVN,2011,0.655,-0.772,46.815,1.803,-6.686,-5.264
SVN,2012,-2.916,1.41,54.074,2.597,-4.197,-2.741
SVN,2013,-0.824,3.527,70.836,1.769,-11.227,-9.201
SVN,2014,2.763,5.327,81.133,0.199,-4.526,-1.682
SVN,2015,2.393,4.116,83.418,-0.526,-2.837,0.047
SVN,2016,3.035,5.284,79.43,-0.055,-1.999,0.675
SVN,2017,5.174,6.793,74.89,1.429,0.054,2.248
SVN,2018,4.379,6.51,71.007,1.739,0.896,2.706
SVN,2019,3.505,6.449,66.02,1.631,0.681,2.1
SVN,2020,-4.085,7.673,80.17,-0.055,-7.677,-6.29
SVN,2021,8.39,3.75,74.832,1.917,-4.611,-3.5
SVN,2022,2.699,-1.119,72.739,8.834,-3.014,-2.097
SVN,2023,2.113,4.47,68.394,7.447,-2.567,-1.926
SVN,2024,1.591,4.448,67.039,1.966,-0.892,-0.274
SVN,2025,1.8,3.63,67.987,2.592,-2.462,-1.339
SVN,2026,2.4,3.322,66.682,2.301,-2.368,-1.103
SWE,1995,4.094,3.123,68.693,2.465,-7.009,-4.627
SWE,1996,1.705,3.259,68.934,1.02,-3.107,-0.379
SWE,1997,3.065,3.794,67.701,1.818,-1.57,1.429
SWE,1998,4.246,3.501,65.4,1.008,0.822,3.402
SWE,1999,4.201,3.816,60.279,0.57,0.598,3.072
SWE,2000,4.631,3.815,50.438,1.295,3.108,5.194
SWE,2001,1.361,4.599,51.986,2.681,1.374,3.072
SWE,2002,2.278,4.352,49.84,1.936,-1.456,0.505
SWE,2003,1.881,5.801,49.445,2.318,-1.245,-0.017
SWE,2004,4.18,5.934,48.666,1.019,0.166,1.246
SWE,2005,2.793,5.951,48.897,0.835,2.082,3.078
SWE,2006,4.676,8.08,43.84,1.5,2.195,3.134
SWE,2007,3.225,8.07,39.199,1.679,3.368,4.055
SWE,2008,-0.923,7.754,37.952,3.347,1.873,2.388
SWE,2009,-4.256,5.926,41.192,1.938,-0.889,-0.427
SWE,2010,5.751,5.876,38.593,1.9,-0.144,0.217
SWE,2011,3.164,5.466,37.67,1.36,-0.407,0.065
SWE,2012,-0.414,5.496,37.992,0.937,-1.191,-0.931
SWE,2013,1.138,4.334,40.777,0.442,-1.63,-1.395
SWE,2014,2.296,3.287,45.686,0.209,-1.841,-1.704
SWE,2015,4.41,2.599,44.456,0.703,-0.272,-0.14
SWE,2016,2.35,1.876,42.786,1.14,0.86,0.921
SWE,2017,1.825,2.064,41.558,1.867,1.287,1.322
SWE,2018,1.903,2.224,39.81,2.035,0.671,0.71
SWE,2019,2.55,5.324,35.694,1.722,0.439,0.431
SWE,2020,-2.005,5.839,40.139,0.661,-3.175,-3.214
SWE,2021,5.938,6.688,36.685,2.652,-0.147,-0.153
SWE,2022,1.459,4.701,33.629,8.057,0.994,1.183
SWE,2023,-0.114,6.973,31.461,5.909,-0.841,-0.505
SWE,2024,0.974,7.431,32.642,2.004,-1.718,-1.424
SWE,2025,1.858,6.761,33.727,2.112,-1.447,-1.293
SWE,2026,2.168,6.02,33.859,2.0,-0.749,-0.629
SWZ,1995,4.826,-1.538,12.142,12.289,0.844,1.276
SWZ,1996,3.842,-2.842,11.198,6.425,-0.937,-0.446
SWZ,1997,3.103,-0.14,12.288,7.945,1.995,2.457
SWZ,1998,2.604,-5.192,15.152,7.51,1.019,1.521
SWZ,1999,2.951,-1.868,16.21,5.862,-1.197,-0.515
SWZ,2000,1.76,-2.639,17.712,9.911,-1.158,-0.648
SWZ,2001,1.055,0.584,21.037,7.489,-2.172,-1.429
SWZ,2002,4.38,2.319,16.714,11.869,-3.583,-2.502
SWZ,2003,3.88,4.068,17.154,7.276,-2.046,-1.02
SWZ,2004,3.624,2.574,14.557,3.47,-3.856,-2.946
SWZ,2005,5.999,-3.23,13.162,4.895,-1.613,-0.639
SWZ,2006,5.992,-5.974,14.245,5.195,8.418,9.096
SWZ,2007,4.435,-1.889,15.675,8.076,2.3,2.989
SWZ,2008,0.822,-7.02,14.188,12.657,1.536,2.435
SWZ,2009,1.565,-11.572,10.303,7.448,-2.915,-2.242
SWZ,2010,3.794,-8.748,13.829,4.509,-9.066,-8.451
SWZ,2011,2.247,-5.84,14.168,6.107,-3.763,-3.034
SWZ,2012,5.397,5.026,14.382,8.94,3.295,4.145
SWZ,2013,3.861,10.84,14.707,5.621,0.557,1.318
SWZ,2014,0.923,11.569,13.594,5.681,-1.126,-0.32
SWZ,2015,2.227,12.967,15.436,4.951,-6.017,-5.337
SWZ,2016,1.063,7.873,19.816,7.847,-8.992,-8.115
SWZ,2017,2.027,6.245,21.894,6.221,-6.837,-5.674
SWZ,2018,2.38,1.344,26.55,4.815,-9.536,-8.223
SWZ,2019,2.692,3.89,31.408,2.598,-6.687,-4.625
SWZ,2020,-1.56,7.064,38.653,3.872,-4.514,-2.362
SWZ,2021,10.683,2.62,37.008,3.719,-4.487,-2.67
SWZ,2022,0.476,-2.701,40.697,4.802,-4.571,-2.419
SWZ,2023,5.034,2.245,37.343,4.949,0.922,3.567
SWZ,2024,3.653,1.588,36.422,4.034,-1.902,1.127
SWZ,2025,5.124,-2.435,37.815,5.208,-5.381,-2.527
SWZ,2026,4.931,-2.905,39.018,4.819,-4.503,-1.561
SYC,1995,0.485,0.279,133.522,0.505,-2.58,7.119
SYC,1996,9.998,-10.42,146.661,-2.059,-9.692,0.371
SYC,1997,12.194,-11.741,143.013,1.804,-5.906,3.854
SYC,1998,2.467,-17.469,161.24,2.7,-16.67,-6.546
SYC,1999,1.872,-18.743,159.787,6.3,-10.264,-1.14
SYC,2000,4.253,-6.981,177.837,6.3,-14.74,-7.286
SYC,2001,-2.271,-24.597,199.787,6.0,-8.927,-1.642
SYC,2002,1.213,-14.519,195.86,0.2,-16.26,-8.643
SYC,2003,-5.887,-1.327,176.975,3.3,3.396,10.298
SYC,2004,-2.85,-7.187,163.226,3.9,0.437,6.894
SYC,2005,9.006,-18.939,144.064,0.858,0.422,6.83
SYC,2006,9.406,-13.161,135.071,-2.042,-2.538,2.792
SYC,2007,10.418,-10.773,143.997,4.289,-9.929,-3.362
SYC,2008,-2.096,-18.483,192.102,34.296,7.882,14.743
SYC,2009,-1.095,-14.837,106.125,35.986,4.839,13.509
SYC,2010,6.321,-19.38,82.224,-2.651,0.521,6.503
SYC,2011,5.684,-22.959,82.508,2.29,3.36,6.368
SYC,2012,3.82,-21.138,80.069,7.234,2.934,6.639
SYC,2013,6.403,-11.945,68.199,4.424,0.329,5.259
SYC,2014,4.717,-22.368,70.392,1.465,2.874,5.161
SYC,2015,8.913,-17.888,64.673,4.122,1.389,4.345
SYC,2016,12.118,-2.867,62.844,-1.087,0.018,3.404
SYC,2017,6.957,3.894,56.653,2.799,-1.671,1.069
SYC,2018,4.937,-2.352,51.258,3.731,-0.802,1.954
SYC,2019,5.513,-2.847,48.854,1.818,0.423,2.493
SYC,2020,-11.741,-12.521,77.371,0.968,-15.746,-13.187
SYC,2021,0.554,-10.259,71.248,9.95,-5.755,-2.909
SYC,2022,12.711,-7.089,60.008,2.634,-0.758,1.267
SYC,2023,2.259,-7.155,55.293,-0.882,-1.145,1.638
SYC,2024,3.0,-7.522,57.804,0.184,-1.469,1.54
SYC,2025,3.526,-8.858,59.32,1.726,-1.195,1.662
SYC,2026,3.496,-8.876,57.584,2.509,-0.934,1.858
SYR,1995,5.423,1.253,152.642,7.722,-3.808,-3.155
SYR,1996,2.966,-0.233,141.479,8.872,-2.826,-2.428
SYR,1997,-1.09,2.483,147.623,1.889,-1.781,-1.162
SYR,1998,5.554,0.802,151.225,-0.953,-2.812,-2.257
SYR,1999,-3.121,1.805,147.698,-3.7,-1.474,-0.813
SYR,2000,2.295,5.217,152.094,-3.9,-1.361,-0.736
SYR,2001,3.68,3.958,144.49,3.401,2.305,2.93
SYR,2002,5.897,4.922,132.427,-0.518,-2.023,-1.416
SYR,2003,-2.037,-7.664,133.37,5.797,-2.704,-2.005
SYR,2004,6.903,-3.099,113.047,4.433,-4.182,-3.314
SYR,2005,6.215,-2.245,50.71,7.24,-4.408,-3.253
SYR,2006,5.046,1.419,44.977,10.39,-1.12,-0.084
SYR,2007,5.675,-0.234,42.672,4.677,-2.987,-2.195
SYR,2008,4.477,-1.28,37.319,15.153,-2.864,-2.248
SYR,2009,5.912,-2.937,31.212,2.804,-2.892,-2.249
SYR,2010,3.44,-2.843,30.024,4.398,-7.79,-7.255
TCD,1995,-0.775,-8.027,,5.364,-3.124,-2.441
TCD,1996,2.115,-8.327,,11.331,-2.861,-2.75
TCD,1997,5.653,-8.579,,5.572,-2.579,-1.938
TCD,1998,6.952,-6.004,,4.259,-1.73,-1.176
TCD,1999,-0.683,-7.511,44.684,-8.447,-4.069,-3.447
TCD,2000,-0.88,-10.479,52.407,3.823,-4.681,-3.97
TCD,2001,11.658,-22.94,43.514,12.431,-3.535,-3.035
TCD,2002,8.491,-64.833,41.959,5.192,-4.079,-3.494
TCD,2003,14.722,-33.761,34.424,-1.753,-4.315,-3.908
TCD,2004,33.629,-11.676,25.157,-4.803,-1.84,-1.543
TCD,2005,8.307,-5.507,21.958,4.449,-0.053,0.175
TCD,2006,-0.518,-3.163,20.078,9.64,1.703,1.991
TCD,2007,4.356,6.347,17.643,-7.44,2.018,2.222
TCD,2008,3.108,3.226,15.663,8.333,2.817,2.941
TCD,2009,-1.338,-3.944,23.867,10.103,-8.444,-8.103
TCD,2010,13.794,-2.853,22.856,-2.11,-3.158,-2.737
TCD,2011,4.554,-0.156,22.323,2.029,1.746,2.191
TCD,2012,9.053,-1.97,19.94,7.517,0.328,0.634
TCD,2013,2.807,-3.748,22.279,0.223,-1.502,-1.117
TCD,2014,2.063,-2.332,29.503,-5.498,-3.227,-2.775
TCD,2015,3.311,-4.743,31.312,4.833,-3.294,-2.027
TCD,2016,-4.13,-4.614,40.274,-1.613,-1.517,0.046
TCD,2017,-1.628,-5.994,38.925,-0.912,-0.175,1.016
TCD,2018,5.741,-4.242,33.424,4.027,1.372,2.177
TCD,2019,5.389,-3.561,38.184,-0.971,-0.11,0.603
TCD,2020,-0.409,-3.017,41.072,4.474,1.224,1.914
TCD,2021,0.294,-1.973,41.563,-0.795,-1.3,-0.566
TCD,2022,4.11,4.876,32.228,5.832,3.826,4.876
TCD,2023,4.028,-0.744,32.603,4.11,-1.278,-0.152
TCD,2024,1.515,-1.328,33.8,5.706,-1.961,-0.683
TCD,2025,1.72,-3.384,33.884,3.908,-0.54,0.97
TCD,2026,3.173,-2.788,33.782,3.504,-1.793,-0.659
TGO,1995,19.691,-5.444,,15.797,-2.969,-1.217
TGO,1996,-3.871,-6.286,,4.596,-3.259,-1.623
TGO,1997,3.803,-4.688,,5.307,-0.983,0.411
TGO,1998,-2.263,-5.935,,0.975,-3.251,-1.844
TGO,1999,2.54,-5.372,,-0.053,-1.756,-0.317
TGO,2000,-0.97,-6.956,,1.567,-3.446,-2.068
TGO,2001,0.82,-8.465,,5.074,-0.716,0.509
TGO,2002,3.83,-6.091,,2.73,-0.28,0.829
TGO,2003,6.72,-5.686,,-0.932,1.435,2.514
TGO,2004,-0.98,-6.799,,0.677,0.61,1.725
TGO,2005,-4.67,-6.628,63.083,5.295,-1.666,-0.952
TGO,2006,2.65,-5.562,67.744,1.082,-1.945,-1.313
TGO,2007,1.249,-5.746,70.504,0.433,-1.833,-0.406
TGO,2008,4.036,-4.867,67.309,7.69,-0.591,-0.059
TGO,2009,5.454,-3.757,57.649,4.067,-2.626,-2.002
TGO,2010,5.854,-3.617,33.454,0.212,-1.662,-1.021
TGO,2011,5.823,-4.903,33.809,3.558,-4.475,-2.333
TGO,2012,6.303,-4.713,34.342,2.639,-4.635,-3.962
TGO,2013,5.824,-8.716,41.071,1.763,-5.083,-4.178
TGO,2014,5.633,-6.558,44.93,0.187,-7.115,-5.861
TGO,2015,5.468,-7.469,52.382,1.79,-7.036,-5.053
TGO,2016,5.734,-7.192,59.909,0.857,-7.025,-5.276
TGO,2017,4.008,-1.513,57.106,-0.215,-0.208,1.102
TGO,2018,4.795,-2.63,58.024,0.928,-0.591,1.211
TGO,2019,4.923,-0.793,54.933,0.687,1.666,3.762
TGO,2020,1.976,-0.281,62.211,1.831,-7.047,-4.694
TGO,2021,5.991,-2.241,64.863,4.548,-4.653,-2.494
TGO,2022,5.811,-3.486,67.408,7.616,-8.335,-5.872
TGO,2023,5.6,-2.885,67.96,5.3,-6.728,-3.95
TGO,2024,5.3,-2.932,70.619,3.3,-4.876,-2.164
TGO,2025,5.3,-3.056,69.5,2.3,-2.971,-0.45
TGO,2026,5.5,-3.031,67.675,1.953,-2.978,-0.6
THA,1995,8.12,-8.023,,5.796,3.054,
THA,1996,5.652,-8.027,15.193,5.825,2.749,
THA,1997,-2.754,-2.012,40.455,5.628,-1.681,
THA,1998,-7.634,12.529,49.881,7.96,-6.292,
THA,1999,4.572,9.811,56.585,0.239,-9.017,
THA,2000,4.455,7.368,57.826,1.697,-1.792,-0.591
THA,2001,3.444,4.24,57.469,1.612,-1.768,-0.519
THA,2002,6.149,3.466,54.902,0.659,-6.722,-5.383
THA,2003,7.189,3.134,47.501,1.818,1.978,3.074
THA,2004,6.289,1.596,46.266,2.809,1.106,2.365
THA,2005,4.188,-4.036,45.462,4.467,2.173,3.391
THA,2006,4.968,1.044,39.177,4.714,1.867,3.233
THA,2007,5.435,5.927,35.985,2.163,0.22,1.275
THA,2008,1.726,0.319,34.947,5.486,0.801,1.912
THA,2009,-0.691,7.877,42.364,-0.869,-2.214,-1.181
THA,2010,7.513,3.367,39.831,3.3,-1.07,0.032
THA,2011,0.84,2.542,39.116,3.811,0.094,1.285
THA,2012,7.243,-1.232,41.93,3.009,-0.86,0.349
THA,2013,2.687,-2.102,42.19,2.186,0.596,1.715
THA,2014,0.984,2.858,43.334,1.895,-0.7,0.424
THA,2015,3.134,6.916,42.559,-0.898,0.187,1.202
THA,2016,3.435,10.508,41.745,0.186,0.413,1.265
THA,2017,4.178,9.631,41.777,0.664,-0.417,0.525
THA,2018,4.223,5.62,41.941,1.067,0.203,1.224
THA,2019,2.115,7.033,41.063,0.706,0.427,1.443
THA,2020,-6.05,4.183,49.42,-0.846,-4.469,-3.501
THA,2021,1.543,-2.118,58.35,1.231,-6.744,-5.482
THA,2022,2.627,-3.463,60.547,6.076,-4.609,-3.289
THA,2023,2.006,1.437,62.321,1.229,-1.976,-0.812
THA,2024,2.53,2.107,63.201,0.398,-1.294,-0.094
THA,2025,1.8,1.179,64.513,0.693,-3.068,-1.763
THA,2026,1.6,1.241,66.002,0.884,-2.889,-1.552
TJK,1995,-12.498,-17.886,,612.481,,
TJK,1996,-4.368,-7.835,,418.472,,
TJK,1997,1.7,-4.011,,87.956,,
TJK,1998,5.3,-7.316,96.567,43.175,-5.088,-4.375
TJK,1999,3.699,-0.907,107.807,27.452,-4.03,-3.44
TJK,2000,8.3,-1.62,111.429,32.851,-4.514,-3.189
TJK,2001,10.2,-4.949,99.449,38.592,-2.115,-0.589
TJK,2002,9.1,-1.249,98.297,12.227,-2.4,-0.517
TJK,2003,10.2,-0.306,69.76,16.356,-1.745,-0.505
TJK,2004,10.6,-2.751,49.412,7.206,-2.317,-1.617
TJK,2005,6.7,-12.819,45.843,7.277,-2.827,-2.327
TJK,2006,7.0,-13.247,36.807,9.969,2.002,2.496
TJK,2007,7.8,-32.159,34.269,13.168,2.131,2.592
TJK,2008,7.9,-20.62,30.229,20.429,1.942,2.251
TJK,2009,3.9,-14.415,36.94,6.419,-0.201,0.301
TJK,2010,6.5,-10.3,36.838,6.463,-2.707,-2.216
TJK,2011,7.4,-6.337,35.512,12.422,0.604,1.122
TJK,2012,7.5,-8.975,32.462,5.796,0.407,0.967
TJK,2013,7.4,-10.402,29.292,5.035,-0.735,0.245
TJK,2014,6.7,-3.424,27.892,6.077,0.922,1.485
TJK,2015,6.0,-6.072,35.019,5.781,-1.963,-1.456
TJK,2016,6.9,-4.158,42.179,5.914,-2.911,-2.224
TJK,2017,7.1,2.11,46.3,7.31,-5.647,-5.211
TJK,2018,7.6,-4.891,46.585,3.843,-2.69,-1.609
TJK,2019,7.4,-2.232,43.495,7.79,-2.043,-1.205
TJK,2020,4.39,4.349,51.762,8.58,-4.339,-3.416
TJK,2021,9.4,8.233,42.097,8.974,-0.666,0.199
TJK,2022,8.0,15.579,32.501,6.641,-0.233,0.48
TJK,2023,8.25,4.927,30.937,3.652,-1.267,-0.557
TJK,2024,8.357,4.692,29.543,3.505,-2.5,-1.796
TJK,2025,6.694,0.863,28.436,4.336,-2.502,-1.84
TJK,2026,4.96,-2.083,28.167,5.5,-2.501,-1.832
TKM,1995,-7.2,0.0,,1005.261,,
TKM,1996,-6.7,0.044,,992.389,,
TKM,1997,-11.3,-12.648,84.865,83.722,-0.111,
TKM,1998,6.7,-19.099,107.915,16.771,0.627,
TKM,1999,16.499,-8.663,88.152,23.465,1.353,
TKM,2000,18.587,4.801,72.895,8.04,-0.302,
TKM,2001,20.391,0.967,45.068,11.632,0.422,
TKM,2002,15.768,3.918,31.963,8.753,0.101,
TKM,2003,17.095,1.557,22.367,5.587,2.173,
TKM,2004,14.692,0.338,15.092,5.885,0.804,
TKM,2005,13.04,2.979,9.012,10.708,0.471,
TKM,2006,10.967,9.161,5.587,8.157,3.072,
TKM,2007,11.057,9.094,4.047,6.259,2.285,
TKM,2008,14.747,9.678,4.706,14.539,5.85,
TKM,2009,6.133,-11.336,4.081,-2.672,4.106,
TKM,2010,16.026,-8.888,6.215,4.447,1.289,
TKM,2011,12.66,-0.746,10.019,5.277,2.4,
TKM,2012,7.209,-1.274,13.762,5.314,5.269,
TKM,2013,-1.754,-8.335,16.014,6.814,1.179,
TKM,2014,3.605,-7.311,12.304,6.009,0.687,
TKM,2015,2.159,-16.742,14.545,7.405,-0.556,
TKM,2016,-0.466,-22.621,18.52,3.594,-2.009,
TKM,2017,2.141,-13.553,19.98,8.041,-2.345,
TKM,2018,1.74,6.13,18.663,13.3,-0.178,
TKM,2019,-3.666,2.913,15.272,5.092,-0.341,
TKM,2020,-2.116,2.937,13.323,6.1,-0.137,
TKM,2021,-0.338,6.596,10.653,19.479,0.46,
TKM,2022,5.315,7.028,5.772,11.211,2.455,
TKM,2023,1.974,4.815,4.656,-1.588,0.75,
TKM,2024,2.264,3.134,4.621,4.798,0.318,
TKM,2025,2.255,1.996,4.504,7.038,0.175,
TKM,2026,2.345,0.644,4.366,8.0,-0.134,
TLS,2000,,-4.141,,,,
TLS,2001,16.348,-6.635,0.0,3.589,3.242,
TLS,2002,-6.701,-9.0,0.0,4.087,-7.639,-7.639
TLS,2003,-2.182,-8.99,0.0,8.017,-8.238,-8.238
TLS,2004,0.4,14.878,0.0,2.21,-7.479,-7.479
TLS,2005,2.988,56.7,0.0,1.612,-10.497,-10.497
TLS,2006,-4.119,119.782,0.0,5.232,41.032,41.032
TLS,2007,10.262,215.067,0.0,8.639,-29.932,-29.932
TLS,2008,11.391,314.906,0.0,7.427,-18.562,-18.562
TLS,2009,10.144,164.452,0.0,-0.209,-17.17,-17.17
TLS,2010,9.329,180.18,0.0,5.178,-19.793,-19.793
TLS,2011,5.956,212.852,0.0,13.174,-25.38,-25.38
TLS,2012,4.853,228.192,0.002,10.935,-38.689,-38.689
TLS,2013,3.068,171.382,0.456,9.451,-14.367,-14.367
TLS,2014,4.527,75.566,1.524,0.849,-37.522,-37.522
TLS,2015,2.48,12.804,2.95,0.646,-33.205,-33.205
TLS,2016,3.01,-33.191,4.705,-1.47,-55.749,-55.749
TLS,2017,-3.182,-17.89,6.705,0.523,-33.775,-33.702
TLS,2018,-0.467,-12.288,9.312,2.294,-26.905,-26.771
TLS,2019,2.667,21.875,9.506,0.892,-25.439,-25.271
TLS,2020,-8.492,23.811,10.091,0.488,-18.899,-18.82
TLS,2021,2.973,46.813,6.527,3.775,-20.149,-20.027
TLS,2022,3.953,12.718,7.899,7.005,-31.655,-31.381
TLS,2023,2.375,-8.526,12.446,8.42,-37.267,-36.878
TLS,2024,4.1,-26.293,13.229,2.063,-44.326,-43.972
TLS,2025,3.4,-21.222,13.852,0.382,-51.013,-50.657
TLS,2026,3.2,-23.61,13.639,1.666,-51.057,-50.702
TON,1995,7.93,-8.748,,-0.48,,
TON,1996,0.09,-4.893,,2.674,,
TON,1997,-0.636,-0.706,,0.568,,
TON,1998,2.306,-8.588,,2.868,,
TON,1999,2.296,-0.49,38.402,3.922,1.548,2.293
TON,2000,3.766,-4.957,43.562,4.932,1.349,1.884
TON,2001,1.46,-11.709,53.397,7.252,2.233,2.7
TON,2002,4.495,-7.758,60.662,9.988,2.589,3.167
TON,2003,0.056,-2.598,56.221,10.669,2.37,2.892
TON,2004,-1.885,-4.631,52.248,11.759,4.233,4.916
TON,2005,-0.416,-9.481,43.349,9.982,4.23,4.988
TON,2006,-2.194,-6.636,39.55,7.246,1.342,1.91
TON,2007,-2.5,-12.497,37.816,5.04,5.391,5.918
TON,2008,4.75,-6.189,34.005,9.616,2.139,2.776
TON,2009,-5.199,-18.147,39.727,5.481,6.85,7.648
TON,2010,0.803,-23.822,44.732,1.674,-1.217,-0.433
TON,2011,6.818,-20.249,51.853,6.02,-6.023,-5.173
TON,2012,2.377,-16.395,60.047,3.285,-1.737,-0.84
TON,2013,-1.122,-9.598,48.915,0.675,-1.301,-0.388
TON,2014,1.991,-6.255,47.356,2.286,6.38,7.274
TON,2015,1.114,-10.925,51.115,0.054,-2.748,-1.901
TON,2016,6.599,-7.48,49.382,-0.621,1.468,2.314
TON,2017,3.202,-7.132,44.718,7.201,3.579,4.395
TON,2018,0.688,-7.012,45.824,6.782,2.921,3.691
TON,2019,-0.208,-3.823,42.797,3.286,3.278,3.992
TON,2020,1.783,-5.739,42.552,0.423,5.246,5.963
TON,2021,0.363,-6.277,43.044,1.414,-0.869,-0.52
TON,2022,-2.31,-5.393,43.802,8.52,-0.687,-0.178
TON,2023,2.084,-5.925,43.948,10.176,6.14,6.808
TON,2024,2.073,-3.914,38.248,4.687,3.493,3.967
TON,2025,2.725,-6.947,44.128,3.57,-7.901,-7.449
TON,2026,2.341,-7.191,51.651,2.104,-9.492,-8.945
TTO,1995,3.81,5.42,51.099,5.272,0.169,4.738
TTO,1996,7.134,1.795,47.982,3.286,-0.46,3.915
TTO,1997,7.523,-10.513,46.531,3.662,0.114,4.279
TTO,1998,8.125,-10.468,43.402,5.603,-1.828,2.696
TTO,1999,8.025,0.442,43.372,3.414,-0.903,2.704
TTO,2000,6.901,6.562,40.587,3.524,0.175,4.842
TTO,2001,3.698,4.643,37.212,5.602,0.617,4.386
TTO,2002,7.152,0.835,37.232,4.142,-0.201,3.421
TTO,2003,13.878,8.59,31.807,3.781,1.901,5.504
TTO,2004,7.328,13.308,25.089,3.757,1.912,4.701
TTO,2005,5.895,24.004,20.66,6.878,2.465,4.936
TTO,2006,14.181,38.304,17.467,8.308,1.609,3.526
TTO,2007,4.255,23.551,16.881,7.875,3.243,5.052
TTO,2008,3.286,30.146,14.245,12.036,5.702,7.37
TTO,2009,-4.823,8.365,18.652,7.01,-4.883,-2.435
TTO,2010,3.461,18.526,17.404,10.537,0.136,2.387
TTO,2011,-0.192,18.257,27.301,5.091,-0.689,1.073
TTO,2012,4.63,14.243,22.061,9.28,-1.276,0.395
TTO,2013,3.345,19.507,21.925,5.189,-2.702,-1.177
TTO,2014,3.695,14.095,23.63,5.698,-4.336,-2.689
TTO,2015,-0.565,7.664,26.397,4.659,-7.373,-5.438
TTO,2016,-7.403,-3.286,34.699,3.069,-9.841,-7.529
TTO,2017,-4.819,5.909,40.071,1.884,-10.447,-7.687
TTO,2018,-0.986,6.806,41.471,1.019,-5.89,-2.948
TTO,2019,0.472,4.325,45.849,1.001,-3.707,-0.568
TTO,2020,-8.903,-6.462,60.302,0.599,-11.775,-8.321
TTO,2021,-0.912,10.875,60.536,2.061,-8.383,-5.268
TTO,2022,1.082,18.394,52.991,5.826,0.952,3.609
TTO,2023,1.427,13.326,59.321,4.629,-1.16,2.097
TTO,2024,1.427,6.983,64.502,0.477,-5.925,-2.249
TTO,2025,2.367,8.001,67.773,1.322,-3.424,0.345
TTO,2026,1.094,5.905,69.557,2.043,-4.292,-0.561
TUN,1995,2.671,-4.107,65.627,6.232,-4.527,-0.978
TUN,1996,6.855,-2.423,66.795,3.733,-5.179,-1.378
TUN,1997,5.725,-3.109,66.633,3.599,-3.704,-0.427
TUN,1998,4.963,-3.158,58.194,3.102,-2.838,0.148
TUN,1999,6.017,-2.179,61.925,2.768,-3.052,-0.111
TUN,2000,4.3,-4.717,62.859,2.77,-3.215,-0.341
TUN,2001,3.796,-5.292,52.155,1.945,-2.874,-0.217
TUN,2002,1.323,-3.923,51.625,2.714,-2.547,0.104
TUN,2003,4.702,-3.353,52.556,2.72,-2.644,-0.207
TUN,2004,6.236,-3.019,51.578,3.692,-2.1,0.327
TUN,2005,3.487,-1.721,49.977,1.962,-2.589,-0.171
TUN,2006,5.244,-2.547,45.715,4.143,-2.334,0.02
TUN,2007,6.71,-3.08,42.704,3.421,-2.466,-0.206
TUN,2008,4.238,-4.425,41.363,4.915,-0.619,1.351
TUN,2009,3.043,-3.44,40.299,3.541,-2.587,-0.67
TUN,2010,3.511,-5.342,38.803,4.361,-0.457,1.285
TUN,2011,-2.047,-8.04,43.336,3.24,-3.193,-1.436
TUN,2012,4.217,-8.688,49.04,4.612,-4.899,-3.183
TUN,2013,2.43,-9.175,45.628,5.316,-7.048,-5.263
TUN,2014,3.09,-9.327,50.733,4.626,-3.115,-1.339
TUN,2015,0.968,-9.144,52.401,4.437,-4.949,-3.117
TUN,2016,1.117,-9.708,58.908,3.629,-5.869,-3.784
TUN,2017,2.252,-9.676,67.099,5.309,-5.607,-3.393
TUN,2018,2.607,-10.799,72.908,7.308,-4.265,-1.785
TUN,2019,1.55,-8.085,67.297,6.722,-3.603,-1.008
TUN,2020,-8.975,-5.968,77.708,5.635,-9.057,-5.932
TUN,2021,4.736,-5.97,79.728,5.707,-7.597,-4.773
TUN,2022,2.674,-8.996,82.932,8.308,-6.908,-3.54
TUN,2023,0.039,-2.691,82.519,9.323,-7.021,-3.161
TUN,2024,1.357,-1.664,83.132,7.007,-5.915,-1.901
TUN,2025,1.43,-2.732,82.872,6.101,-5.433,-2.246
TUN,2026,1.417,-3.121,84.188,6.498,-5.241,-1.681
TUR,1995,7.19,-1.001,,89.566,,
TUR,1996,7.007,-0.973,,80.236,,
TUR,1997,7.528,-1.007,,85.653,,
TUR,1998,3.092,0.72,,84.721,,
TUR,1999,-3.263,-0.364,,64.87,,
TUR,2000,6.933,-3.632,51.318,55.035,-8.37,3.728
TUR,2001,-5.75,1.856,75.509,54.246,-11.668,4.589
TUR,2002,6.448,-0.263,71.506,45.134,-11.339,2.261
TUR,2003,5.763,-2.386,65.16,25.337,-7.572,4.145
TUR,2004,9.796,-3.488,57.158,8.599,-4.122,4.611
TUR,2005,8.992,-4.156,50.196,8.179,-0.749,4.334
TUR,2006,6.948,-5.642,44.225,9.597,-0.218,4.585
TUR,2007,5.044,-5.409,37.759,8.756,-1.376,3.185
TUR,2008,0.815,-5.036,37.748,10.444,-2.144,1.963
TUR,2009,-4.823,-1.744,43.212,6.251,-5.178,-0.876
TUR,2010,8.427,-5.739,39.511,8.566,-3.015,0.444
TUR,2011,11.2,-8.879,35.912,6.472,-0.354,2.132
TUR,2012,4.788,-4.762,32.227,8.892,-1.787,0.694
TUR,2013,8.486,-5.149,30.892,7.493,-1.212,1.061
TUR,2014,4.94,-3.416,28.277,8.855,-0.967,0.992
TUR,2015,6.084,-2.463,27.163,7.671,-0.512,1.329
TUR,2016,3.323,-2.55,27.747,7.775,-1.679,-0.286
TUR,2017,7.502,-4.091,27.777,11.144,-1.878,-0.552
TUR,2018,3.013,-1.831,29.86,16.332,-3.134,-1.704
TUR,2019,0.819,1.975,32.39,15.177,-4.782,-2.962
TUR,2020,1.86,-4.32,39.446,12.279,-4.721,-2.911
TUR,2021,11.439,-0.77,40.384,19.596,-3.049,-1.233
TUR,2022,5.533,-5.11,30.802,72.309,-1.119,0.047
TUR,2023,5.111,-3.529,29.263,53.859,-5.323,-3.568
TUR,2024,3.184,-0.758,25.971,58.506,-5.202,-3.062
TUR,2025,2.706,-1.192,26.673,35.928,-4.326,-1.681
TUR,2026,3.191,-1.213,27.101,22.801,-3.386,-0.582
TUV,2001,0.695,53.5,,1.531,,
TUV,2002,8.317,23.253,,5.051,,
TUV,2003,-4.351,-61.019,,2.914,,
TUV,2004,-1.888,-18.3,,2.369,-3.588,
TUV,2005,-3.746,-7.971,37.326,3.221,-12.755,-13.148
TUV,2006,1.301,27.982,37.454,4.19,-36.788,-37.245
TUV,2007,6.905,-16.162,32.371,2.285,-18.583,-23.582
TUV,2008,6.579,-25.849,19.72,10.443,-17.198,-18.23
TUV,2009,-5.62,-69.427,20.525,-0.283,-13.485,-17.05
TUV,2010,-2.468,-60.723,21.034,-1.853,-23.331,-27.86
TUV,2011,7.52,-84.658,19.071,0.5,-8.793,-11.968
TUV,2012,-2.853,-32.083,19.254,1.415,9.573,7.575
TUV,2013,3.805,2.834,17.775,2.02,26.031,25.729
TUV,2014,1.667,-0.481,16.374,1.124,3.259,-3.908
TUV,2015,9.379,-33.619,14.352,3.14,14.702,1.973
TUV,2016,4.865,29.851,11.476,3.492,27.444,22.603
TUV,2017,3.295,2.074,12.054,4.087,2.096,-1.513
TUV,2018,1.654,60.742,11.823,2.16,30.296,28.311
TUV,2019,13.389,-22.158,11.528,3.492,-1.065,-8.048
TUV,2020,-3.684,16.194,12.15,1.57,13.749,8.249
TUV,2021,-0.553,28.22,11.258,6.687,-13.511,-16.037
TUV,2022,-2.365,-0.24,5.745,12.184,-12.914,-17.698
TUV,2023,7.925,32.342,4.561,7.172,12.424,12.401
TUV,2024,3.316,3.252,3.868,1.165,-7.059,-7.024
TUV,2025,2.803,5.599,3.257,1.462,-1.874,-1.912
TUV,2026,2.323,0.924,3.601,2.044,-4.501,-4.538
TWN,1995,6.499,1.962,,3.666,-6.756,
TWN,1996,6.177,3.734,,3.077,-7.135,
TWN,1997,6.051,2.234,24.982,0.905,-7.473,
TWN,1998,4.205,1.118,23.687,1.684,-5.236,
TWN,1999,6.732,2.494,23.69,0.175,-2.348,
TWN,2000,6.314,2.485,26.227,1.248,-5.33,
TWN,2001,-1.402,5.708,30.126,-0.003,-5.588,
TWN,2002,5.484,7.919,29.779,-0.196,-5.242,
TWN,2003,4.225,8.904,32.15,-0.281,-4.333,
TWN,2004,6.952,4.976,33.446,1.608,-4.622,
TWN,2005,5.383,3.996,34.068,2.309,-2.497,
TWN,2006,5.77,5.992,33.297,0.6,-2.179,
TWN,2007,6.85,7.875,32.157,1.796,-2.223,
TWN,2008,0.799,5.962,33.353,3.53,-2.737,
TWN,2009,-1.614,10.404,36.711,-0.875,-6.196,
TWN,2010,10.245,8.266,36.89,0.966,-5.092,
TWN,2011,3.673,7.834,38.343,1.421,-4.034,
TWN,2012,2.221,8.661,39.205,1.935,-4.314,
TWN,2013,2.483,9.735,38.895,0.792,-3.242,
TWN,2014,4.719,11.321,37.488,1.194,-2.725,
TWN,2015,1.465,13.614,35.941,-0.306,-1.782,
TWN,2016,2.165,13.121,35.364,1.393,-2.193,
TWN,2017,3.662,14.04,34.458,0.622,-2.022,
TWN,2018,2.905,11.607,33.831,1.35,-1.866,
TWN,2019,3.055,10.71,32.612,0.559,-1.776,
TWN,2020,3.42,14.414,31.958,-0.238,-2.911,
TWN,2021,6.72,15.226,30.086,1.971,-2.063,
TWN,2022,2.684,13.257,29.483,2.947,-1.715,
TWN,2023,1.122,13.977,29.044,2.492,-2.5,
TWN,2024,4.299,15.711,26.165,2.181,-0.771,
TWN,2025,2.854,18.459,23.951,1.782,-0.841,
TWN,2026,2.499,19.563,22.036,1.562,-0.911,
TZA,1995,3.571,-9.241,,26.77,-2.117,0.938
TZA,1996,4.544,-5.232,,21.049,1.571,3.981
TZA,1997,3.525,-4.67,,16.138,-0.026,1.992
TZA,1998,3.708,-6.135,,12.778,0.133,1.384
TZA,1999,4.84,-6.599,,7.889,-1.139,0.302
TZA,2000,4.934,-3.213,,5.956,-0.73,0.558
TZA,2001,5.998,-2.45,50.77,5.147,-0.414,0.714
TZA,2002,7.164,-1.327,47.371,4.555,-0.727,0.144
TZA,2003,6.886,-1.131,44.376,4.429,-1.775,-1.067
TZA,2004,7.828,-3.211,44.522,4.138,-2.434,-1.692
TZA,2005,7.37,-5.282,46.091,4.359,-3.276,-2.395
TZA,2006,4.661,-7.114,34.462,7.251,-3.384,-2.508
TZA,2007,8.464,-8.393,23.761,7.028,-1.443,-0.559
TZA,2008,5.567,-7.654,21.743,10.276,-1.917,-1.154
TZA,2009,5.382,-7.435,24.013,12.144,-4.464,-3.821
TZA,2010,6.359,-7.381,27.553,7.192,-4.744,-4.067
TZA,2011,7.905,-10.389,28.383,12.691,-3.511,-2.774
TZA,2012,5.141,-11.565,30.046,16.001,-3.997,-3.032
TZA,2013,6.782,-10.708,32.68,7.87,-3.759,-2.564
TZA,2014,6.732,-9.799,36.409,6.132,-2.911,-1.557
TZA,2015,6.161,-7.738,39.524,5.588,-3.169,-1.713
TZA,2016,6.867,-4.221,39.797,5.17,-2.083,-0.606
TZA,2017,6.727,-2.842,40.109,5.319,-1.142,0.397
TZA,2018,7.028,-3.535,42.032,3.509,-2.01,-0.236
TZA,2019,6.915,-3.011,40.437,3.448,-2.059,-0.309
TZA,2020,4.535,-2.47,41.269,3.289,-2.557,-0.897
TZA,2021,4.838,-3.881,43.394,3.69,-3.546,-1.828
TZA,2022,4.665,-5.676,44.854,4.35,-3.916,-2.009
TZA,2023,5.064,-4.691,47.358,3.799,-3.631,-1.467
TZA,2024,5.436,-3.119,48.214,3.243,-3.027,-0.612
TZA,2025,6.02,-3.008,47.085,4.042,-2.888,-0.376
TZA,2026,6.294,-2.866,45.794,4.011,-2.781,-0.336
UGA,1995,9.174,-3.767,,6.787,,
UGA,1996,6.595,-2.742,,7.516,,
UGA,1997,4.62,-3.755,44.195,7.729,-0.829,0.007
UGA,1998,6.074,-4.419,45.093,5.834,-0.705,0.102
UGA,1999,7.953,-3.748,47.718,5.759,-1.237,-0.416
UGA,2000,3.941,-4.626,48.545,3.382,-0.624,0.186
UGA,2001,8.765,-3.718,51.352,1.922,-0.994,-0.09
UGA,2002,7.057,-1.804,54.711,-0.3,-2.068,-1.011
UGA,2003,6.159,-0.441,55.139,8.71,-0.969,0.323
UGA,2004,5.803,-0.016,48.966,3.666,0.343,1.625
UGA,2005,10.007,0.395,42.563,8.602,-0.17,0.916
UGA,2006,7.049,-2.26,27.758,7.219,-0.637,0.307
UGA,2007,8.064,-3.214,16.976,6.09,-0.815,0.089
UGA,2008,10.428,-5.459,15.654,12.044,-1.995,-1.104
UGA,2009,8.069,-4.348,14.793,13.017,-1.61,-0.838
UGA,2010,7.484,-6.522,18.355,3.983,-4.645,-3.943
UGA,2011,7.677,-7.59,17.959,18.659,-2.043,-1.325
UGA,2012,2.333,-5.351,19.491,14.011,-2.385,-1.371
UGA,2013,3.938,-5.417,22.08,5.467,-3.19,-2.125
UGA,2014,5.745,-6.232,24.768,4.29,-2.74,-1.53
UGA,2015,8.005,-5.476,28.022,3.692,-2.594,-1.181
UGA,2016,0.167,-2.633,31.333,5.169,-2.64,-0.582
UGA,2017,6.795,-4.752,33.64,5.576,-3.826,-1.77
UGA,2018,5.568,-6.107,34.887,2.549,-3.023,-1.228
UGA,2019,7.626,-6.947,37.537,2.137,-4.816,-2.71
UGA,2020,-1.15,-9.497,46.344,2.758,-7.76,-5.509
UGA,2021,5.515,-8.422,50.348,2.207,-7.443,-4.572
UGA,2022,6.186,-8.598,50.166,7.192,-5.962,-2.857
UGA,2023,4.905,-7.252,50.204,5.352,-4.863,-1.678
UGA,2024,6.293,-7.28,51.826,3.323,-5.849,-2.167
UGA,2025,6.119,-6.362,53.956,4.222,-6.704,-2.182
UGA,2026,7.632,-4.193,54.591,4.716,-5.353,-0.514
UKR,1995,-12.2,-3.01,,376.746,-4.721,-3.249
UKR,1996,-10.0,-2.569,,80.23,-3.093,-1.574
UKR,1997,-3.0,-2.574,28.892,15.886,-5.374,-3.625
UKR,1998,-1.9,-2.992,46.537,10.577,-2.688,-0.409
UKR,1999,-0.2,5.076,58.959,22.684,4.954,7.243
UKR,2000,5.9,4.581,43.79,28.203,-3.186,-0.177
UKR,2001,8.8,3.703,36.69,11.959,-3.031,-1.035
UKR,2002,5.3,7.494,33.58,0.757,-1.841,-0.531
UKR,2003,9.5,5.771,29.38,5.21,-0.893,0.097
UKR,2004,11.8,10.671,24.798,9.036,-4.415,-3.483
UKR,2005,3.1,2.943,17.741,13.52,-2.277,-1.525
UKR,2006,7.6,-1.5,14.801,9.076,-1.365,-0.733
UKR,2007,8.2,-3.68,12.267,12.843,-1.967,-1.459
UKR,2008,2.2,-7.039,20.413,25.201,-3.139,-2.625
UKR,2009,-15.1,-1.479,35.425,15.9,-6.272,-5.104
UKR,2010,4.1,-2.219,40.626,9.365,-5.772,-4.141
UKR,2011,5.466,-6.283,36.876,7.958,-2.762,-0.792
UKR,2012,0.239,-8.144,37.542,0.565,-4.307,-2.385
UKR,2013,-0.027,-9.011,40.519,-0.261,-4.784,-2.334
UKR,2014,-6.553,-3.833,70.317,12.1,-4.46,-1.153
UKR,2015,-9.773,1.721,79.331,48.684,-1.16,3.003
UKR,2016,2.441,-1.493,79.513,13.913,-2.459,1.636
UKR,2017,2.36,-2.183,71.62,14.443,-2.356,1.39
UKR,2018,3.488,-3.273,60.353,10.947,-2.124,1.161
UKR,2019,3.2,-2.734,50.452,7.886,-2.082,0.955
UKR,2020,-3.753,3.303,60.505,2.74,-5.918,-3.024
UKR,2021,3.446,-1.943,48.917,9.361,-3.972,-1.128
UKR,2022,-28.759,4.921,77.717,20.183,-15.602,-12.507
UKR,2023,5.324,-5.35,82.329,12.851,-19.608,-15.724
UKR,2024,3.511,-7.048,89.843,6.504,-17.233,-13.245
UKR,2025,2.0,-15.934,110.001,12.584,-18.822,-13.228
UKR,2026,4.5,-10.568,108.478,7.737,-9.688,-5.595
URY,1995,-1.448,,,42.248,,
URY,1996,5.578,,,28.342,,
URY,1997,5.496,,,19.819,,
URY,1998,4.519,,,10.808,,
URY,1999,-1.939,,24.125,5.66,-2.761,-1.143
URY,2000,-1.93,,30.487,4.775,-2.758,-0.881
URY,2001,-3.844,,39.41,4.357,-2.852,-0.639
URY,2002,-7.732,,90.097,13.968,-3.186,0.414
URY,2003,0.805,,91.915,19.379,-2.194,2.977
URY,2004,5.004,,73.676,9.169,-0.868,3.704
URY,2005,7.46,,66.173,4.699,-0.276,3.782
URY,2006,4.099,,61.055,6.386,-0.643,3.387
URY,2007,6.542,,52.811,8.115,-0.157,3.415
URY,2008,7.176,,46.214,7.878,-1.305,1.382
URY,2009,4.243,,46.176,7.068,-1.394,1.119
URY,2010,7.803,,40.853,6.694,-0.387,1.8
URY,2011,5.162,,41.259,8.092,-0.334,1.84
URY,2012,3.538,-3.641,49.812,8.099,-2.173,-0.115
URY,2013,4.638,-3.208,49.976,8.577,-1.722,0.419
URY,2014,3.239,-2.939,51.098,8.878,-2.6,-0.5
URY,2015,0.371,-0.253,57.76,8.66,-1.857,0.246
URY,2016,1.69,0.824,56.401,9.64,-2.681,-0.259
URY,2017,1.741,0.011,55.821,6.222,-2.51,-0.155
URY,2018,0.165,-0.46,57.889,7.606,-1.908,0.496
URY,2019,0.928,1.291,59.628,7.883,-2.737,-0.513
URY,2020,-7.357,-0.641,68.219,9.754,-4.663,-2.103
URY,2021,5.844,-2.433,64.079,7.75,-2.622,-0.628
URY,2022,4.486,-3.789,59.934,9.106,-2.521,-0.5
URY,2023,0.742,-3.385,64.002,5.866,-3.135,-0.995
URY,2024,3.108,-1.015,68.699,4.85,-3.201,-0.951
URY,2025,2.844,-1.457,68.529,5.525,-2.937,-0.719
URY,2026,2.6,-1.662,68.281,5.279,-2.703,-0.559
USA,1995,2.685,-1.487,,2.805,,
USA,1996,3.773,-1.546,,2.937,,
USA,1997,4.447,-1.641,,2.338,,
USA,1998,4.483,-2.373,,1.547,,
USA,1999,4.788,-2.976,,2.193,,
USA,2000,4.078,-3.921,,3.367,,
USA,2001,0.956,-3.724,53.331,2.817,-0.544,1.768
USA,2002,1.7,-4.173,55.723,1.596,-3.821,-1.717
USA,2003,2.796,-4.559,58.803,2.298,-4.771,-2.812
USA,2004,3.848,-5.205,66.277,2.668,-4.244,-2.351
USA,2005,3.483,-5.746,65.608,3.366,-3.075,-1.084
USA,2006,2.785,-5.911,64.343,3.222,-2.036,-0.074
USA,2007,2.004,-5.089,64.739,2.871,-2.913,-0.847
USA,2008,0.114,-4.716,73.59,3.815,-6.612,-4.589
USA,2009,-2.576,-2.623,86.787,-0.32,-13.177,-11.288
USA,2010,2.695,-2.871,95.347,1.637,-10.993,-8.966
USA,2011,1.564,-2.919,99.681,3.14,-9.716,-7.419
USA,2012,2.289,-2.573,103.244,2.073,-8.114,-5.905
USA,2013,2.118,-2.011,104.522,1.466,-4.561,-2.584
USA,2014,2.524,-2.102,104.429,1.615,-4.026,-2.056
USA,2015,2.946,-2.233,104.854,0.121,-3.53,-1.692
USA,2016,1.82,-2.107,106.78,1.267,-4.356,-2.374
USA,2017,2.458,-1.874,105.728,2.131,-4.794,-2.781
USA,2018,2.967,-2.129,107.041,2.439,-5.335,-3.101
USA,2019,2.584,-2.051,108.197,1.813,-5.805,-3.528
USA,2020,-2.163,-2.815,132.032,1.253,-14.147,-12.096
USA,2021,6.055,-3.665,124.716,4.679,-11.391,-9.116
USA,2022,2.512,-3.892,118.806,7.993,-3.698,-0.909
USA,2023,2.887,-3.266,118.998,4.128,-7.163,-3.94
USA,2024,2.796,-3.884,120.786,2.952,-7.262,-3.564
USA,2025,1.826,-3.729,122.464,2.988,-6.459,-2.614
USA,2026,1.744,-3.173,123.692,2.466,-5.49,-1.475
UVK,2000,,-3.656,,,-3.153,
UVK,2001,4.553,-7.425,,11.662,2.922,
UVK,2002,-0.441,-7.827,,2.694,3.395,3.395
UVK,2003,2.555,-8.667,,1.152,1.57,1.57
UVK,2004,0.605,-6.969,,-1.065,-4.619,-4.619
UVK,2005,4.51,-8.021,,-1.385,-2.286,-2.286
UVK,2006,3.594,-7.063,16.251,0.637,2.644,2.644
UVK,2007,8.348,-6.023,14.26,4.338,6.683,6.364
UVK,2008,1.815,-13.03,10.77,9.343,0.039,-0.425
UVK,2009,5.035,-10.351,6.897,-2.419,1.618,1.468
UVK,2010,4.941,-12.803,6.452,3.501,-1.009,-1.068
UVK,2011,6.32,-13.42,5.569,7.324,-1.036,-0.865
UVK,2012,1.712,-6.11,8.559,2.492,-2.674,-2.464
UVK,2013,5.34,-3.53,9.425,1.762,-3.42,-3.198
UVK,2014,3.349,-7.223,11.19,0.425,-2.65,-2.43
UVK,2015,5.916,-8.763,13.424,-0.528,-2.116,-1.851
UVK,2016,5.572,-7.974,14.472,0.24,-1.709,-1.495
UVK,2017,4.825,-5.484,16.379,1.495,-1.426,-1.205
UVK,2018,3.406,-7.626,17.137,1.098,-2.861,-2.641
UVK,2019,4.757,-5.673,17.669,2.658,-2.927,-2.662
UVK,2020,-5.341,-6.973,22.487,0.197,-7.811,-7.487
UVK,2021,10.746,-9.415,21.581,3.348,-1.244,-0.91
UVK,2022,4.278,-10.31,20.041,11.584,-0.74,-0.384
UVK,2023,4.069,-7.569,17.518,4.938,-0.236,0.163
UVK,2024,4.409,-8.974,16.911,1.621,-0.284,0.109
UVK,2025,4.0,-8.651,18.548,2.236,-2.055,-1.544
UVK,2026,4.0,-7.973,19.967,1.93,-1.992,-1.313
UZB,1995,-0.9,-0.157,,304.597,-1.77,
UZB,1996,1.7,-5.615,,53.961,-1.571,
UZB,1997,5.2,-3.168,15.333,70.857,-2.049,-1.762
UZB,1998,4.3,-0.542,18.001,28.981,-3.039,-2.493
UZB,1999,4.3,-0.762,18.382,29.103,-2.907,-2.429
UZB,2000,3.8,3.178,29.479,25.006,-3.657,-3.212
UZB,2001,4.2,1.269,44.838,27.251,-3.278,-2.885
UZB,2002,4.0,2.284,41.633,27.291,-6.315,-6.018
UZB,2003,4.2,5.057,31.412,12.494,-4.872,-4.621
UZB,2004,7.4,5.714,26.877,7.325,-3.741,-3.534
UZB,2005,7.0,6.39,21.012,10.703,-3.521,-3.331
UZB,2006,7.5,8.103,13.539,13.109,2.722,2.87
UZB,2007,9.5,6.464,9.555,11.154,3.554,3.675
UZB,2008,9.0,8.877,8.333,13.128,5.971,6.057
UZB,2009,8.1,4.196,7.301,12.298,1.819,1.88
UZB,2010,7.094,4.579,6.61,12.304,2.561,2.597
UZB,2011,7.525,4.622,6.331,12.447,5.11,5.128
UZB,2012,7.102,1.791,6.757,11.9,5.885,5.797
UZB,2013,7.297,1.798,6.228,11.7,2.151,2.037
UZB,2014,6.874,2.568,6.087,9.079,1.898,1.781
UZB,2015,7.219,1.046,6.721,8.464,-0.277,-0.403
UZB,2016,5.932,0.249,8.19,8.824,0.704,0.556
UZB,2017,4.395,2.12,17.264,13.876,1.044,0.827
UZB,2018,5.559,-6.122,17.455,17.524,1.639,1.271
UZB,2019,6.78,-5.01,25.375,14.526,-0.257,-0.281
UZB,2020,1.563,-4.557,33.673,12.868,-2.95,-2.959
UZB,2021,8.035,-6.332,31.725,10.849,-4.097,-4.299
UZB,2022,6.001,-3.159,30.529,11.447,-3.655,-3.729
UZB,2023,6.309,-7.599,32.181,9.957,-3.978,-3.692
UZB,2024,6.547,-4.991,32.65,9.626,-2.258,-1.634
UZB,2025,5.899,-4.963,32.971,8.792,-2.274,-1.487
UZB,2026,5.808,-4.787,32.862,7.17,-2.322,-1.434
VCT,1995,7.767,,47.591,2.391,1.102,2.461
VCT,1996,1.288,,41.167,4.413,1.585,2.832
VCT,1997,3.505,,39.334,0.499,-2.808,-1.409
VCT,1998,4.09,,39.851,2.105,-1.819,-0.345
VCT,1999,2.71,,53.43,1.013,-1.947,0.072
VCT,2000,1.639,,54.195,0.193,-0.816,1.402
VCT,2001,1.634,,51.904,1.876,-1.595,0.378
VCT,2002,4.936,,53.152,0.748,-1.999,-0.018
VCT,2003,6.182,,55.261,0.125,-2.505,-0.48
VCT,2004,3.729,,58.516,2.853,-2.708,-0.851
VCT,2005,2.234,,50.488,3.446,-4.299,-1.992
VCT,2006,6.527,,44.715,3.017,-3.123,-0.636
VCT,2007,3.122,,48.424,6.995,-3.069,-0.747
VCT,2008,0.508,,50.228,10.123,-1.293,0.488
VCT,2009,-1.145,,57.248,0.373,-2.851,-0.726
VCT,2010,-4.216,,61.098,0.761,-3.695,-1.546
VCT,2011,-0.614,,63.989,3.186,-3.497,-1.688
VCT,2012,1.074,,67.809,2.598,-1.8,-0.114
VCT,2013,2.968,,69.947,0.805,-5.811,-3.836
VCT,2014,1.042,-25.197,75.037,0.194,-2.82,-1.441
VCT,2015,2.769,-15.586,75.096,-1.726,-2.013,-0.216
VCT,2016,4.034,-13.086,79.445,-0.158,0.04,1.215
VCT,2017,1.499,-11.897,68.996,2.153,-1.562,0.316
VCT,2018,3.185,-10.304,69.396,2.324,-1.646,0.145
VCT,2019,0.719,-2.391,68.155,0.906,-3.452,-1.611
VCT,2020,-4.722,-15.909,79.97,-0.606,-5.923,-4.158
VCT,2021,2.197,-23.228,88.355,1.557,-7.19,-4.886
VCT,2022,5.043,-20.583,86.301,5.66,-9.348,-7.244
VCT,2023,5.8,-16.84,89.178,4.565,-11.928,-10.264
VCT,2024,4.8,-18.858,92.693,3.594,-12.464,-9.656
VCT,2025,4.7,-15.405,93.546,2.051,-7.743,-5.027
VCT,2026,2.9,-12.924,90.116,2.003,-0.634,1.904
VEN,1995,3.952,2.759,,59.923,-5.864,0.343
VEN,1996,-0.198,12.744,,99.876,7.94,12.831
VEN,1997,6.371,4.356,,50.04,2.577,5.585
VEN,1998,0.294,-4.826,30.655,35.782,-4.489,-0.608
VEN,1999,-5.97,2.166,29.564,23.57,0.743,4.584
VEN,2000,3.687,10.079,27.7,16.206,4.45,7.53
VEN,2001,3.394,1.611,30.729,12.531,-4.593,-1.195
VEN,2002,-8.856,7.977,48.177,22.434,-1.482,3.735
VEN,2003,-7.755,14.096,56.029,31.091,0.171,5.383
VEN,2004,18.287,13.825,41.783,21.747,2.47,6.227
VEN,2005,10.318,17.749,34.913,15.955,4.095,7.07
VEN,2006,9.872,14.823,25.658,13.663,-1.605,0.483
VEN,2007,8.754,5.782,26.364,18.699,-2.815,-1.191
VEN,2008,5.278,10.202,20.311,31.441,-3.461,-2.015
VEN,2009,-3.202,0.16,27.574,26.041,-8.686,-7.222
VEN,2010,-1.489,1.755,37.706,28.187,-4.739,-3.173
VEN,2011,4.176,5.164,52.476,26.09,-8.244,-6.079
VEN,2012,5.626,0.694,58.445,21.069,-9.856,-6.547
VEN,2013,1.343,1.778,85.399,40.639,-10.351,-7.487
VEN,2014,-3.894,2.291,84.897,62.169,-9.808,-7.488
VEN,2015,-6.221,-12.795,129.762,121.738,-8.063,-6.821
VEN,2016,-17.04,-3.427,138.404,254.949,-8.463,-8.061
VEN,2017,-15.671,7.513,133.61,438.117,-13.273,-13.235
VEN,2018,-19.655,8.442,175.313,65374.082,-30.976,-30.289
VEN,2019,-27.658,5.884,205.99,19906.024,-10.933,-9.951
VEN,2020,-29.999,-3.228,336.545,2355.147,-6.628,-4.9
VEN,2021,0.955,-0.945,254.242,1588.513,-5.847,-4.543
VEN,2022,8.001,4.033,164.423,186.542,-5.29,-4.275
VEN,2023,4.002,3.373,138.461,337.458,-1.212,-0.454
VEN,2024,5.3,2.409,164.272,48.983,-3.576,-2.909
VEN,2025,-4.0,-0.067,,180.001,,
VEN,2026,-5.5,-0.479,,225.003,,
VNM,1995,9.54,-10.029,,16.926,,
VNM,1996,9.34,-6.443,,5.593,,
VNM,1997,8.152,-4.475,,3.095,,
VNM,1998,5.765,-3.971,,8.11,-0.099,0.348
VNM,1999,4.774,3.23,,4.093,-1.246,-0.788
VNM,2000,6.787,2.147,24.755,-1.784,-1.605,-0.979
VNM,2001,6.895,2.228,25.42,-0.439,-2.192,-1.458
VNM,2002,7.08,-1.407,27.711,3.765,-1.855,-1.071
VNM,2003,7.341,-3.844,29.835,3.11,-2.559,-1.738
VNM,2004,7.789,-2.53,29.363,7.812,-0.15,0.58
VNM,2005,7.547,-0.765,28.669,8.3,-0.954,-0.383
VNM,2006,6.978,-0.194,30.248,7.664,0.201,0.792
VNM,2007,7.129,-7.104,32.21,8.377,-1.739,-0.939
VNM,2008,5.662,-8.646,31.045,23.311,-0.447,0.368
VNM,2009,5.398,-5.122,36.17,6.693,-4.824,-3.932
VNM,2010,6.423,-2.986,37.286,9.14,-2.251,-1.324
VNM,2011,6.413,0.136,36.185,18.685,-0.901,-0.06
VNM,2012,5.505,4.748,38.33,9.121,-5.462,-4.483
VNM,2013,5.554,3.64,41.413,6.592,-5.964,-4.755
VNM,2014,6.422,3.7,43.642,4.087,-5.017,-3.665
VNM,2015,6.987,-0.861,46.117,0.647,-4.983,-3.403
VNM,2016,6.69,0.248,47.88,2.675,-3.164,-1.625
VNM,2017,6.94,-0.596,46.621,3.521,-1.964,-0.411
VNM,2018,7.465,1.895,43.798,3.54,-1.021,0.5
VNM,2019,7.359,3.76,40.993,2.795,-0.397,0.992
VNM,2020,2.865,4.349,41.319,3.22,-2.861,-1.538
VNM,2021,2.554,-2.202,39.237,1.837,-1.432,-0.233
VNM,2022,8.538,0.341,34.923,3.157,0.671,1.669
VNM,2023,5.065,5.906,34.417,3.253,-2.44,-1.574
VNM,2024,7.091,6.104,32.86,3.624,-1.559,-0.553
VNM,2025,5.152,3.2,33.566,2.949,-3.388,-2.389
VNM,2026,4.047,1.88,34.856,2.494,-3.233,-2.148
VUT,1995,1.005,-2.153,24.062,2.23,-2.586,-1.93
VUT,1996,2.328,-1.229,23.058,0.926,-1.777,-1.225
VUT,1997,4.907,0.342,22.943,2.813,-0.507,-0.047
VUT,1998,1.176,2.379,28.046,3.556,-6.646,-5.999
VUT,1999,0.337,-6.92,30.619,1.999,-0.552,0.206
VUT,2000,5.925,1.259,36.108,2.538,-6.276,-5.563
VUT,2001,-3.398,-1.361,37.036,3.578,-3.326,-2.575
VUT,2002,-5.198,-6.076,38.806,1.964,-3.634,-2.762
VUT,2003,4.288,-8.058,38.264,3.016,-1.348,-0.43
VUT,2004,3.987,-2.78,30.412,1.419,0.8,1.725
VUT,2005,5.305,-9.153,26.274,1.199,1.857,2.667
VUT,2006,8.461,-6.054,22.162,2.041,0.486,1.181
VUT,2007,2.876,-6.606,19.481,3.935,0.276,0.891
VUT,2008,5.601,-10.676,21.213,4.842,-0.043,0.538
VUT,2009,3.037,-8.178,21.124,4.297,-0.846,-0.343
VUT,2010,1.259,-6.195,20.223,2.763,-2.628,-2.115
VUT,2011,3.142,-8.051,21.299,0.874,-2.192,-1.615
VUT,2012,1.005,-6.76,19.28,1.347,-1.7,-1.031
VUT,2013,0.467,-3.477,18.63,1.459,-0.246,0.529
VUT,2014,2.575,4.721,20.227,0.799,1.435,2.199
VUT,2015,3.966,-7.13,36.278,2.483,-8.663,-7.818
VUT,2016,3.472,-2.356,42.452,0.842,-0.72,0.321
VUT,2017,4.414,-10.741,52.63,3.067,-1.2,-0.768
VUT,2018,2.9,3.312,45.262,2.381,6.255,7.169
VUT,2019,3.238,9.388,45.096,2.713,2.811,3.688
VUT,2020,-4.991,-1.182,48.024,5.346,-1.947,-1.125
VUT,2021,-1.552,-4.395,48.537,2.343,2.38,3.347
VUT,2022,5.186,-13.095,43.064,6.679,-6.503,-5.654
VUT,2023,2.094,-0.312,40.599,11.183,-3.47,-2.52
VUT,2024,0.852,-7.638,44.598,4.215,-6.466,-5.511
VUT,2025,1.374,-10.49,48.532,4.471,-5.964,-4.764
VUT,2026,2.094,-6.159,51.873,3.446,-5.321,-3.889
WBG,1995,7.118,-31.665,,,,
WBG,1996,1.215,-30.974,,,,
WBG,1997,14.668,-31.417,,7.623,,
WBG,1998,14.334,-26.447,,5.58,,
WBG,1999,8.281,-34.761,,5.544,,
WBG,2000,-8.556,-19.856,20.024,2.797,,
WBG,2001,-9.311,-20.678,22.159,1.224,,
WBG,2002,-12.488,-13.654,20.87,5.704,,
WBG,2003,14.016,-26.978,20.655,4.404,,
WBG,2004,21.924,-34.496,21.091,3.007,,
WBG,2005,11.291,-26.634,23.995,5.297,,
WBG,2006,-0.997,-23.063,19.252,3.845,,
WBG,2007,3.788,-7.196,23.718,1.858,,
WBG,2008,7.429,5.206,22.978,9.891,,
WBG,2009,8.593,-14.061,23.964,2.752,-7.675,
WBG,2010,5.777,-13.499,22.718,3.751,-2.192,
WBG,2011,9.601,-18.501,26.285,2.876,-6.258,
WBG,2012,6.096,-14.916,29.801,2.781,-6.266,
WBG,2013,4.699,-14.773,30.231,1.723,-1.529,
WBG,2014,-0.158,-13.586,33.952,1.733,-2.545,
WBG,2015,3.721,-13.879,37.071,1.431,-4.658,
WBG,2016,8.865,-13.907,31.027,-0.22,-2.077,
WBG,2017,1.419,-13.207,31.785,0.213,-2.78,
WBG,2018,1.227,-13.15,33.145,-0.195,-2.458,
WBG,2019,1.363,-10.385,34.469,1.557,-4.479,
WBG,2020,-11.318,-12.25,47.08,-0.711,-7.373,
WBG,2021,7.012,-9.818,50.176,1.238,-5.207,
WBG,2022,4.083,-10.626,47.121,3.74,-0.922,
WBG,2023,-4.556,-13.009,48.504,5.872,-0.953,
WBG,2024,,,,52.9,,
WSM,1995,6.556,4.013,,-2.926,-5.824,
WSM,1996,7.274,4.383,,5.418,1.213,
WSM,1997,0.803,-3.139,,6.9,1.921,
WSM,1998,1.1,0.901,58.947,5.4,1.637,
WSM,1999,-0.636,-8.217,59.444,0.373,0.274,
WSM,2000,5.093,-1.653,55.769,-0.165,-0.616,
WSM,2001,7.39,-3.978,53.784,1.891,-1.957,
WSM,2002,5.652,-8.296,50.287,7.43,-1.77,
WSM,2003,5.213,-3.768,42.763,4.367,-0.512,
WSM,2004,3.087,-3.324,39.842,7.847,-0.743,
WSM,2005,6.639,-7.139,34.151,7.821,0.231,
WSM,2006,2.132,-8.521,33.496,3.231,-0.444,
WSM,2007,0.486,-13.453,31.466,4.482,0.546,
WSM,2008,3.556,-4.748,28.18,6.267,-0.356,
WSM,2009,-0.536,-4.615,33.256,14.642,-2.982,
WSM,2010,2.533,-5.391,40.281,-0.201,-5.486,
WSM,2011,3.849,-2.967,41.526,2.875,-5.25,
WSM,2012,-3.732,-6.48,50.928,6.191,-7.43,
WSM,2013,0.107,-1.454,54.08,-0.207,-3.817,
WSM,2014,0.66,-8.631,54.874,-1.238,-5.376,
WSM,2015,3.85,-2.635,56.366,1.923,-3.787,
WSM,2016,7.984,-4.233,48.994,0.073,-0.346,
WSM,2017,1.406,-1.793,46.684,1.346,-1.977,
WSM,2018,-0.61,0.801,49.405,3.683,0.057,
WSM,2019,4.453,2.839,44.291,2.189,1.507,
WSM,2020,-3.099,0.949,43.186,1.48,5.408,
WSM,2021,-7.027,-14.823,46.297,-3.01,1.745,
WSM,2022,-5.369,-11.298,43.75,8.747,5.369,
WSM,2023,9.215,-3.309,35.426,11.981,3.009,
WSM,2024,9.416,4.824,27.705,3.586,10.226,
WSM,2025,5.381,-0.479,22.49,3.084,-0.107,
WSM,2026,2.568,-1.415,19.37,3.007,-1.491,
YEM,1995,5.669,0.302,,63.892,-5.739,-4.333
YEM,1996,4.635,0.897,,38.785,-0.918,1.651
YEM,1997,5.231,0.321,,4.635,-1.502,0.84
YEM,1998,6.007,-5.034,,11.542,-7.771,-4.742
YEM,1999,3.776,7.195,96.05,7.909,0.06,3.478
YEM,2000,6.182,13.808,60.841,10.964,6.087,8.308
YEM,2001,3.804,6.808,60.569,11.916,2.787,4.789
YEM,2002,3.935,4.147,57.827,12.239,-0.555,1.291
YEM,2003,3.747,1.496,56.823,10.831,-4.201,-2.444
YEM,2004,3.973,1.621,52.068,12.49,-2.152,-0.047
YEM,2005,5.592,3.782,43.801,9.867,-1.822,0.331
YEM,2006,3.17,1.214,40.842,10.845,1.186,3.498
YEM,2007,3.338,-6.967,40.408,7.905,-7.183,-4.923
YEM,2008,3.648,-4.65,36.421,18.976,-4.532,-2.138
YEM,2009,3.866,-10.057,49.842,3.675,-10.211,-7.717
YEM,2010,7.702,-3.411,42.38,11.175,-4.058,-1.661
YEM,2011,-12.715,-3.001,45.726,19.544,-4.507,-0.173
YEM,2012,2.393,-1.711,47.577,9.885,-6.315,-0.873
YEM,2013,4.824,-3.072,48.432,10.968,-6.897,-1.455
YEM,2014,-0.189,1.315,48.95,8.159,-4.136,1.506
YEM,2015,-27.995,-2.795,57.737,22.0,-8.75,-2.57
YEM,2016,-9.375,-5.424,76.505,21.3,-8.507,-3.158
YEM,2017,-5.072,-1.49,83.789,30.4,-4.905,-4.671
YEM,2018,0.752,-3.182,86.897,33.645,-7.847,-7.775
YEM,2019,2.1,-4.177,91.478,15.689,-5.886,-5.656
YEM,2020,-8.5,-15.71,86.997,21.673,-4.301,-2.412
YEM,2021,-1.0,-13.903,75.914,31.464,-0.89,0.254
YEM,2022,1.5,-15.13,65.313,29.511,-2.151,-1.134
YEM,2023,-2.0,-12.157,77.86,0.858,-5.633,-3.976
YEM,2024,-1.5,-17.635,70.94,33.918,-2.476,-0.369
YEM,2025,-1.5,-12.082,71.24,20.44,-3.732,-1.595
YEM,2026,0.0,-10.689,68.402,18.524,-4.494,-2.339
ZAF,1995,3.1,-1.452,,8.761,,
ZAF,1996,4.3,-1.014,,7.429,,
ZAF,1997,2.6,-1.314,,8.586,,
ZAF,1998,0.5,-1.549,,6.977,,
ZAF,1999,2.4,-0.449,,5.05,,
ZAF,2000,4.2,-0.113,37.929,5.317,-1.383,2.971
ZAF,2001,2.7,0.246,38.045,5.744,-1.015,3.023
ZAF,2002,3.7,0.807,31.801,9.091,-0.958,2.528
ZAF,2003,2.949,-0.735,31.514,5.896,-1.588,1.517
ZAF,2004,4.555,-2.472,30.733,1.386,-1.044,1.887
ZAF,2005,5.277,-2.792,29.637,3.393,-0.102,2.575
ZAF,2006,5.604,-4.028,28.03,4.651,0.813,3.258
ZAF,2007,5.36,-4.846,24.326,7.128,1.215,3.413
ZAF,2008,3.191,-5.018,24.045,10.865,-0.488,1.55
ZAF,2009,-1.538,-2.435,26.995,7.198,-4.667,-2.621
ZAF,2010,3.04,-1.336,31.185,4.235,-4.514,-2.284
ZAF,2011,3.169,-2.006,34.742,4.98,-3.704,-1.402
ZAF,2012,2.396,-4.689,37.408,5.651,-4.039,-1.595
ZAF,2013,2.485,-5.326,40.356,5.747,-3.904,-1.248
ZAF,2014,1.414,-4.806,43.253,6.116,-3.926,-1.159
ZAF,2015,1.322,-4.339,45.195,4.589,-4.374,-1.44
ZAF,2016,0.665,-2.676,47.134,6.32,-3.725,-0.617
ZAF,2017,1.158,-2.368,48.588,5.294,-4.016,-0.762
ZAF,2018,1.557,-2.929,51.536,4.596,-3.732,-0.353
ZAF,2019,0.26,-2.604,56.101,4.115,-5.072,-1.506
ZAF,2020,-6.169,1.969,68.927,3.288,-9.621,-5.536
ZAF,2021,4.955,3.691,68.672,4.553,-5.524,-1.321
ZAF,2022,1.911,-0.5,70.832,6.864,-4.256,0.253
ZAF,2023,0.698,-1.596,73.363,5.903,-5.449,-0.529
ZAF,2024,0.58,-0.644,76.356,4.426,-6.054,-0.717
ZAF,2025,0.979,-1.232,79.551,3.792,-6.554,-0.92
ZAF,2026,1.289,-1.406,81.706,4.525,-6.118,-0.327
ZMB,1995,2.898,-3.825,,31.456,,
ZMB,1996,6.219,-3.388,,38.581,,
ZMB,1997,3.814,-4.23,,21.418,,
ZMB,1998,-0.386,-16.121,,22.664,,
ZMB,1999,4.65,-11.348,,23.861,,
ZMB,2000,3.897,-12.179,260.964,24.091,1.161,3.901
ZMB,2001,5.317,-17.427,210.243,21.357,-5.892,-3.656
ZMB,2002,4.506,-12.147,180.244,22.239,-4.499,-0.922
ZMB,2003,6.945,-10.331,159.458,21.4,-5.314,-1.899
ZMB,2004,7.032,-3.017,129.914,17.969,-2.508,0.511
ZMB,2005,7.236,-2.787,75.748,18.325,-2.372,-0.047
ZMB,2006,7.904,4.643,25.006,9.017,16.913,18.543
ZMB,2007,8.352,-1.238,21.921,10.655,-1.037,0.342
ZMB,2008,7.774,-3.33,19.192,12.449,-0.668,0.748
ZMB,2009,9.22,5.953,20.522,13.392,-2.057,-0.722
ZMB,2010,10.298,7.527,18.898,8.5,-2.432,-1.023
ZMB,2011,5.565,4.659,20.808,8.658,-1.783,-0.834
ZMB,2012,7.598,4.893,24.92,6.575,-3.157,-1.834
ZMB,2013,5.057,-0.779,25.909,6.978,-6.395,-4.921
ZMB,2014,4.698,2.141,33.857,7.811,-5.433,-3.211
ZMB,2015,2.92,-2.687,61.869,10.107,-8.878,-6.029
ZMB,2016,3.777,-3.264,61.154,17.87,-5.691,-2.244
ZMB,2017,3.504,-1.681,66.606,6.577,-7.499,-3.509
ZMB,2018,4.127,-1.298,81.165,7.495,-8.309,-3.547
ZMB,2019,1.4,0.477,103.332,9.151,-9.407,-2.497
ZMB,2020,-2.8,11.791,140.001,15.733,-13.762,-7.823
ZMB,2021,6.2,11.9,111.047,22.021,-8.135,-2.051
ZMB,2022,5.211,3.747,99.476,10.993,-7.821,-1.586
ZMB,2023,5.368,-3.038,129.058,10.885,-5.479,0.611
ZMB,2024,4.043,-1.663,114.943,14.986,-3.321,2.935
ZMB,2025,6.2,0.453,,14.196,-4.922,0.685
ZMB,2026,6.817,2.567,,9.156,-3.97,2.025
ZWE,1995,,-4.466,,15.227,,
ZWE,1996,,-1.779,,6.006,,
ZWE,1997,,-7.717,,-0.965,,
ZWE,1998,,-1.312,,-28.023,,
ZWE,1999,-1.111,2.07,,-13.431,,
ZWE,2000,-4.231,2.838,,4.475,,
ZWE,2001,-0.454,3.248,,-37.198,,
ZWE,2002,-7.704,2.323,,-34.445,,
ZWE,2003,-16.224,-0.72,,-8.565,,
ZWE,2004,-6.27,-1.353,,113.569,,
ZWE,2005,-7.413,-0.958,33.062,-31.522,-5.116,-2.599
ZWE,2006,-3.556,1.887,39.438,32.974,-2.069,0.147
ZWE,2007,-3.401,3.829,44.671,-72.729,-2.474,-0.911
ZWE,2008,-16.323,-2.061,61.078,156.964,-1.768,0.29
ZWE,2009,7.396,-7.557,58.71,6.216,-2.056,-0.01
ZWE,2010,19.957,-13.747,47.578,3.045,-0.152,0.79
ZWE,2011,14.196,-19.497,42.858,3.47,-2.452,-2.174
ZWE,2012,16.651,-13.308,38.379,3.72,-0.18,0.056
ZWE,2013,2.068,-13.874,37.048,1.632,-0.97,-0.36
ZWE,2014,2.401,-11.971,42.312,-0.213,-1.023,-0.324
ZWE,2015,1.845,-7.998,48.029,-2.41,-2.037,-1.149
ZWE,2016,0.754,-3.394,49.908,-1.558,-6.588,-6.004
ZWE,2017,5.203,-1.23,68.935,0.907,-10.377,-9.434
ZWE,2018,5.01,-3.737,48.125,10.607,-5.569,-4.573
ZWE,2019,-6.332,3.536,82.337,255.292,-2.644,-2.013
ZWE,2020,-7.817,2.524,84.466,557.21,-0.495,0.09
ZWE,2021,8.468,0.967,58.172,98.546,-3.225,-2.573
ZWE,2022,6.139,0.935,99.536,193.399,-4.877,-4.695
ZWE,2023,5.337,0.384,96.586,667.361,-5.32,-5.198
ZWE,2024,2.027,1.435,94.587,736.106,-2.06,-1.096
ZWE,2025,6.022,2.994,58.568,92.165,-0.504,0.537
ZWE,2026,4.64,3.063,56.051,9.627,0.441,1.529
