pais,regimen,variante,variable,frecuencia,horizonte,beta,t
EE.UU.,bajo,Exceso,tasa,M,0,0.061146765806801825,1.474462315070032
EE.UU.,bajo,Exceso,tasa,M,1,0.08129620248335793,1.1115306001123093
EE.UU.,bajo,Exceso,tasa,M,2,0.09622600811913246,1.0526470731876312
EE.UU.,bajo,Exceso,tasa,M,3,0.16573322383618758,1.4966591021194875
EE.UU.,bajo,Exceso,tasa,M,4,0.21647774419920926,1.645977190613048
EE.UU.,bajo,Exceso,tasa,M,5,0.2469103927894421,1.674895927866635
EE.UU.,bajo,Exceso,tasa,M,6,0.3114980870482667,1.8963460160197985
EE.UU.,bajo,Exceso,tasa,M,7,0.3877477496575693,2.1338168809678804
EE.UU.,bajo,Exceso,tasa,M,8,0.4402684951917328,2.2253467508774625
EE.UU.,bajo,Exceso,tasa,M,9,0.44337552626822785,2.136307745333156
EE.UU.,bajo,Exceso,tasa,M,10,0.41773884302025716,1.9071040755851394
EE.UU.,bajo,Exceso,tasa,M,11,0.4277079361557783,1.8477020208333945
EE.UU.,bajo,Exceso,tasa,M,12,0.4440963009010619,1.7743124933591266
EE.UU.,bajo,Exceso,tasa,M,13,0.39446664300241613,1.4527277391992472
EE.UU.,bajo,Exceso,tasa,M,14,0.30772566739838425,1.0670236144139476
EE.UU.,bajo,Exceso,tasa,M,15,0.26015222547803074,0.8612615710106861
EE.UU.,bajo,Exceso,tasa,M,16,0.2102777310057382,0.6720064492041763
EE.UU.,bajo,Exceso,tasa,M,17,0.13924303149425274,0.428701290730575
EE.UU.,bajo,Exceso,tasa,M,18,0.09709926683196218,0.2859499683166743
EE.UU.,bajo,Exceso,tasa,M,19,0.07013820867911585,0.20121383184587763
EE.UU.,bajo,Exceso,tasa,M,20,0.005148599055482317,0.014382127951606243
EE.UU.,bajo,Exceso,tasa,M,21,-0.004279870160600108,-0.011751005683123856
EE.UU.,bajo,Exceso,tasa,M,22,-0.0015317974340437815,-0.004045084602458604
EE.UU.,bajo,Exceso,tasa,M,23,0.010226937992681338,0.025530934601073665
EE.UU.,bajo,Exceso,tasa,M,24,0.021060065600655098,0.048632924326909556
EE.UU.,bajo,Exceso,tasa,M,25,0.10783430066231844,0.23143897133779623
EE.UU.,bajo,Exceso,tasa,M,26,0.20487810898217468,0.40200716634688977
EE.UU.,bajo,Exceso,tasa,M,27,0.22583421759457342,0.4087715397759314
EE.UU.,bajo,Exceso,tasa,M,28,0.27266920714134574,0.44958672162538904
EE.UU.,bajo,Exceso,tasa,M,29,0.3364745478530827,0.5140329547403671
EE.UU.,bajo,Exceso,tasa,M,30,0.4280118700658006,0.6245004121691671
EE.UU.,bajo,Exceso,tasa,M,31,0.47956561324530506,0.668035947119384
EE.UU.,bajo,Exceso,tasa,M,32,0.5013633170126968,0.6613947852691227
EE.UU.,bajo,Exceso,tasa,M,33,0.5137173300833634,0.6694047933294083
EE.UU.,bajo,Exceso,tasa,M,34,0.5634660952580073,0.7238412480572344
EE.UU.,bajo,Exceso,tasa,M,35,0.6552862522211574,0.8174749886750168
EE.UU.,bajo,Exceso,tasa,M,36,0.6568945075015545,0.8099432710960216
EE.UU.,bajo,Exceso,tasa,M,37,0.6309289848689561,0.782147163301361
EE.UU.,bajo,Exceso,tasa,M,38,0.6946558503049446,0.8850353298288798
EE.UU.,bajo,Exceso,tasa,M,39,0.6840281454520616,0.8638590635112142
EE.UU.,bajo,Exceso,tasa,M,40,0.5168025657381956,0.6324619930558264
EE.UU.,bajo,Exceso,tasa,M,41,0.5672679746267117,0.6810763465916679
EE.UU.,bajo,Exceso,tasa,M,42,0.6222592894661996,0.7533126311545941
EE.UU.,bajo,Exceso,tasa,M,43,0.6756309075575312,0.8254681484218225
EE.UU.,bajo,Exceso,tasa,M,44,0.6469194021807636,0.7939611247119357
EE.UU.,bajo,Exceso,tasa,M,45,0.6255523043967738,0.7763374101781416
EE.UU.,bajo,Exceso,tasa,M,46,0.5720451163053197,0.7027466279445665
EE.UU.,bajo,Exceso,tasa,M,47,0.5758057188491229,0.7000017521554056
EE.UU.,bajo,Exceso,tasa,M,48,0.5319209384137054,0.649088359777729
EE.UU.,bajo,Exceso,credito,M,0,0.3951171118993851,1.6083499040569735
EE.UU.,bajo,Exceso,credito,M,1,0.5669837571389614,1.3048464457168907
EE.UU.,bajo,Exceso,credito,M,2,0.6527761972806004,1.1067283687034366
EE.UU.,bajo,Exceso,credito,M,3,0.2697938626224573,0.3726382645669968
EE.UU.,bajo,Exceso,credito,M,4,0.14316613874537654,0.16226151806817332
EE.UU.,bajo,Exceso,credito,M,5,0.00871423612777611,0.008710699785326384
EE.UU.,bajo,Exceso,credito,M,6,-0.47585290073392605,-0.4359673597474042
EE.UU.,bajo,Exceso,credito,M,7,-0.7593384451130795,-0.6244176339019591
EE.UU.,bajo,Exceso,credito,M,8,-1.1491696766960633,-0.8631057900107321
EE.UU.,bajo,Exceso,credito,M,9,-1.3479833254825961,-0.8948225508455936
EE.UU.,bajo,Exceso,credito,M,10,-1.6315053667456358,-0.9839528271055541
EE.UU.,bajo,Exceso,credito,M,11,-1.696498927936484,-0.9352214161751522
EE.UU.,bajo,Exceso,credito,M,12,-1.944470766414548,-0.981796991027862
EE.UU.,bajo,Exceso,credito,M,13,-2.1543260655909986,-1.0084770699580234
EE.UU.,bajo,Exceso,credito,M,14,-2.345238537584547,-1.0206314904191547
EE.UU.,bajo,Exceso,credito,M,15,-2.2855653341781395,-0.9289305447541856
EE.UU.,bajo,Exceso,credito,M,16,-2.261577042011258,-0.8587954792712887
EE.UU.,bajo,Exceso,credito,M,17,-2.154568408490699,-0.7664152645830401
EE.UU.,bajo,Exceso,credito,M,18,-1.8659657193152046,-0.6239597782670233
EE.UU.,bajo,Exceso,credito,M,19,-1.9265468700373,-0.6182514213711914
EE.UU.,bajo,Exceso,credito,M,20,-1.7345734489127573,-0.542159973564862
EE.UU.,bajo,Exceso,credito,M,21,-1.4387034947622417,-0.4303123733552485
EE.UU.,bajo,Exceso,credito,M,22,-0.9332559338888438,-0.2726875292737692
EE.UU.,bajo,Exceso,credito,M,23,-1.1615999257056955,-0.34466416815664547
EE.UU.,bajo,Exceso,credito,M,24,-1.5589671668410356,-0.4673901001667853
EE.UU.,bajo,Exceso,credito,M,25,-1.6055366218416014,-0.5023122660442123
EE.UU.,bajo,Exceso,credito,M,26,-1.4894539943399394,-0.4712584978181931
EE.UU.,bajo,Exceso,credito,M,27,-1.3966670789831617,-0.4340316368020851
EE.UU.,bajo,Exceso,credito,M,28,-1.5098508217569158,-0.47502743934337033
EE.UU.,bajo,Exceso,credito,M,29,-1.610938350770187,-0.5249097740105011
EE.UU.,bajo,Exceso,credito,M,30,-1.8147958232749926,-0.5594926534819316
EE.UU.,bajo,Exceso,credito,M,31,-1.6594969215782347,-0.5146210953154468
EE.UU.,bajo,Exceso,credito,M,32,-1.5183977788664198,-0.44624252161911765
EE.UU.,bajo,Exceso,credito,M,33,-1.1227761804202518,-0.3265062784546292
EE.UU.,bajo,Exceso,credito,M,34,-1.163304308451369,-0.3253441508058884
EE.UU.,bajo,Exceso,credito,M,35,-1.1078454473136827,-0.2831781486330682
EE.UU.,bajo,Exceso,credito,M,36,-0.9304344095695023,-0.22734224495848285
EE.UU.,bajo,Exceso,credito,M,37,-0.874948530806801,-0.211406657251153
EE.UU.,bajo,Exceso,credito,M,38,-0.9354925882995433,-0.22183003273923488
EE.UU.,bajo,Exceso,credito,M,39,-1.1412296498496088,-0.2698589810854453
EE.UU.,bajo,Exceso,credito,M,40,-1.0507362345648645,-0.24572080974949057
EE.UU.,bajo,Exceso,credito,M,41,-1.2839008669080387,-0.2865948869590389
EE.UU.,bajo,Exceso,credito,M,42,-1.3735108334934276,-0.3062506219066966
EE.UU.,bajo,Exceso,credito,M,43,-1.51755918775921,-0.3362923882238934
EE.UU.,bajo,Exceso,credito,M,44,-1.7410529870943623,-0.3782370243926603
EE.UU.,bajo,Exceso,credito,M,45,-1.8469242180378955,-0.40755953949560525
EE.UU.,bajo,Exceso,credito,M,46,-1.9325649646034546,-0.4164961180492707
EE.UU.,bajo,Exceso,credito,M,47,-2.053356291557235,-0.4410262188461136
EE.UU.,bajo,Exceso,credito,M,48,-1.8983055712876107,-0.4007013640420296
EE.UU.,bajo,Exceso,acciones,M,0,-0.8444575217987775,-0.5570801666697675
EE.UU.,bajo,Exceso,acciones,M,1,0.7197443424720182,0.3095860287261997
EE.UU.,bajo,Exceso,acciones,M,2,2.9752573892405314,1.018766342596227
EE.UU.,bajo,Exceso,acciones,M,3,3.5495347103261956,1.1235010255325688
EE.UU.,bajo,Exceso,acciones,M,4,3.3699499794288905,1.0662856277412813
EE.UU.,bajo,Exceso,acciones,M,5,4.144918752212816,1.320596691517362
EE.UU.,bajo,Exceso,acciones,M,6,6.236970572431838,1.7241411156001385
EE.UU.,bajo,Exceso,acciones,M,7,9.012807599880347,2.1713527663848446
EE.UU.,bajo,Exceso,acciones,M,8,11.205933972312472,2.5539425544318446
EE.UU.,bajo,Exceso,acciones,M,9,11.136686813981344,2.320871307065685
EE.UU.,bajo,Exceso,acciones,M,10,11.94653562113061,2.327355982799692
EE.UU.,bajo,Exceso,acciones,M,11,11.56929057699653,2.136548094894901
EE.UU.,bajo,Exceso,acciones,M,12,12.2545760091994,2.3547015841837253
EE.UU.,bajo,Exceso,acciones,M,13,11.522616439684455,2.1994030941330003
EE.UU.,bajo,Exceso,acciones,M,14,10.766019287808392,2.019092700579718
EE.UU.,bajo,Exceso,acciones,M,15,11.752862527017683,2.07255530618814
EE.UU.,bajo,Exceso,acciones,M,16,12.475397781365114,2.3148803882001103
EE.UU.,bajo,Exceso,acciones,M,17,13.205660130914014,2.467302225397189
EE.UU.,bajo,Exceso,acciones,M,18,12.054199445488914,2.2734202986717267
EE.UU.,bajo,Exceso,acciones,M,19,8.83254496591266,1.7833479297107868
EE.UU.,bajo,Exceso,acciones,M,20,8.348389388142518,1.777323694932959
EE.UU.,bajo,Exceso,acciones,M,21,5.565425835038904,1.247074665100495
EE.UU.,bajo,Exceso,acciones,M,22,3.314081780550672,0.6688994648559542
EE.UU.,bajo,Exceso,acciones,M,23,4.561158448386832,0.845264963690201
EE.UU.,bajo,Exceso,acciones,M,24,3.534782847871578,0.5539110231032833
EE.UU.,bajo,Exceso,acciones,M,25,2.3398098267326346,0.3333781544897499
EE.UU.,bajo,Exceso,acciones,M,26,3.904918451190005,0.5244633647188582
EE.UU.,bajo,Exceso,acciones,M,27,0.545322857683328,0.07845213091033423
EE.UU.,bajo,Exceso,acciones,M,28,-0.3830259157197409,-0.05406515535370184
EE.UU.,bajo,Exceso,acciones,M,29,0.058236845737596576,0.008270799884745834
EE.UU.,bajo,Exceso,acciones,M,30,-1.2460503033200445,-0.16696828442946618
EE.UU.,bajo,Exceso,acciones,M,31,-2.647554272023192,-0.3658277850142832
EE.UU.,bajo,Exceso,acciones,M,32,-4.097783722906623,-0.6238261084283303
EE.UU.,bajo,Exceso,acciones,M,33,-5.5454441386698345,-0.8813328234719087
EE.UU.,bajo,Exceso,acciones,M,34,-5.217879657363489,-0.9014398558850634
EE.UU.,bajo,Exceso,acciones,M,35,-4.512696140409957,-0.7653258499962071
EE.UU.,bajo,Exceso,acciones,M,36,-5.320805851331599,-0.912480253191122
EE.UU.,bajo,Exceso,acciones,M,37,-3.9810192742570547,-0.7022732852810841
EE.UU.,bajo,Exceso,acciones,M,38,-4.249323447712633,-0.81653774629499
EE.UU.,bajo,Exceso,acciones,M,39,-5.37172053366575,-1.1340773866381577
EE.UU.,bajo,Exceso,acciones,M,40,-7.213888528011907,-1.36356220290564
EE.UU.,bajo,Exceso,acciones,M,41,-5.756015549340926,-1.1199029514639134
EE.UU.,bajo,Exceso,acciones,M,42,-2.492677148295617,-0.4786547647777954
EE.UU.,bajo,Exceso,acciones,M,43,-0.7023230159484903,-0.14086721369626462
EE.UU.,bajo,Exceso,acciones,M,44,-4.6648623373455536,-0.8589358979241253
EE.UU.,bajo,Exceso,acciones,M,45,-0.033613752989833934,-0.007558408800063705
EE.UU.,bajo,Exceso,acciones,M,46,0.27862831483803413,0.05811717340105189
EE.UU.,bajo,Exceso,acciones,M,47,-0.896968996437109,-0.1720898625615497
EE.UU.,bajo,Exceso,acciones,M,48,-4.091749523187705,-0.713011326706668
EE.UU.,bajo,Exceso,vivienda,M,0,0.18954290526194084,2.2020260465056603
EE.UU.,bajo,Exceso,vivienda,M,1,0.34106262250033076,2.193901653038232
EE.UU.,bajo,Exceso,vivienda,M,2,0.46184063454880336,2.263325685519437
EE.UU.,bajo,Exceso,vivienda,M,3,0.5080077268080502,1.9471907802213222
EE.UU.,bajo,Exceso,vivienda,M,4,0.828326919812028,2.4219082487350088
EE.UU.,bajo,Exceso,vivienda,M,5,1.137844839745727,2.6865444266404195
EE.UU.,bajo,Exceso,vivienda,M,6,1.386775999222478,2.7895483108132324
EE.UU.,bajo,Exceso,vivienda,M,7,1.5488543771941718,2.7256272777534987
EE.UU.,bajo,Exceso,vivienda,M,8,1.7150992282896194,2.7398879273585672
EE.UU.,bajo,Exceso,vivienda,M,9,1.8621814856663852,2.69074154505055
EE.UU.,bajo,Exceso,vivienda,M,10,2.0808879310447477,2.7085635720157595
EE.UU.,bajo,Exceso,vivienda,M,11,2.4813560082893082,2.8812972921629267
EE.UU.,bajo,Exceso,vivienda,M,12,2.7371266301586403,2.982816585663058
EE.UU.,bajo,Exceso,vivienda,M,13,3.060493445052102,3.2050451644265623
EE.UU.,bajo,Exceso,vivienda,M,14,3.3218268089830243,3.2584626524571214
EE.UU.,bajo,Exceso,vivienda,M,15,3.640318104492997,3.3274652136606706
EE.UU.,bajo,Exceso,vivienda,M,16,4.021273682503557,3.513748032806717
EE.UU.,bajo,Exceso,vivienda,M,17,4.210811175847249,3.513047067855753
EE.UU.,bajo,Exceso,vivienda,M,18,4.421835282808021,3.645084141522805
EE.UU.,bajo,Exceso,vivienda,M,19,4.641517474633346,3.663139362642775
EE.UU.,bajo,Exceso,vivienda,M,20,4.8625349306120675,3.6630904537526967
EE.UU.,bajo,Exceso,vivienda,M,21,4.9309545556728285,3.464935534174348
EE.UU.,bajo,Exceso,vivienda,M,22,5.369725663931435,3.5907052270213247
EE.UU.,bajo,Exceso,vivienda,M,23,5.298794915701538,3.393741350173655
EE.UU.,bajo,Exceso,vivienda,M,24,4.8659163604411875,2.9822587142608636
EE.UU.,bajo,Exceso,vivienda,M,25,5.059792950958421,3.263528534054725
EE.UU.,bajo,Exceso,vivienda,M,26,4.767549959680069,2.9196695088677607
EE.UU.,bajo,Exceso,vivienda,M,27,4.608061665785663,2.8093474625399177
EE.UU.,bajo,Exceso,vivienda,M,28,4.682000212008377,2.8628381798107276
EE.UU.,bajo,Exceso,vivienda,M,29,4.388663437775599,2.6943824390119735
EE.UU.,bajo,Exceso,vivienda,M,30,4.5558479760340544,2.6685828826220934
EE.UU.,bajo,Exceso,vivienda,M,31,4.737592669305596,2.83861687916426
EE.UU.,bajo,Exceso,vivienda,M,32,4.65692781882002,2.677742334285425
EE.UU.,bajo,Exceso,vivienda,M,33,3.8258628631948586,1.8209264518001267
EE.UU.,bajo,Exceso,vivienda,M,34,4.487024410679654,2.3071914926271933
EE.UU.,bajo,Exceso,vivienda,M,35,4.495608659314506,2.154908032735689
EE.UU.,bajo,Exceso,vivienda,M,36,4.754686268914899,2.355754937473185
EE.UU.,bajo,Exceso,vivienda,M,37,4.754403548472631,2.3038718032389145
EE.UU.,bajo,Exceso,vivienda,M,38,4.5304896021192045,2.1429178701196614
EE.UU.,bajo,Exceso,vivienda,M,39,4.5857673986214795,1.9670814086373918
EE.UU.,bajo,Exceso,vivienda,M,40,5.2200140400985005,2.301390259269225
EE.UU.,bajo,Exceso,vivienda,M,41,5.692111305981859,2.401064722938368
EE.UU.,bajo,Exceso,vivienda,M,42,5.50594549675154,2.2412050628004136
EE.UU.,bajo,Exceso,vivienda,M,43,5.131402402375392,2.0241420688738443
EE.UU.,bajo,Exceso,vivienda,M,44,6.344359086987317,2.462449806274149
EE.UU.,bajo,Exceso,vivienda,M,45,6.018193798840231,2.1669598900781386
EE.UU.,bajo,Exceso,vivienda,M,46,6.488157336646513,2.2987043900151716
EE.UU.,bajo,Exceso,vivienda,M,47,6.476843617883713,2.214042747365782
EE.UU.,bajo,Exceso,vivienda,M,48,6.416027111249814,2.1825200894512586
EE.UU.,bajo,Exceso,salario,M,0,0.23272221236789872,1.6603320179128414
EE.UU.,bajo,Exceso,salario,M,1,0.37263420799289637,1.6179934171907482
EE.UU.,bajo,Exceso,salario,M,2,0.43319516089957727,1.56219598395443
EE.UU.,bajo,Exceso,salario,M,3,0.2520201838574575,0.9713369819427498
EE.UU.,bajo,Exceso,salario,M,4,0.18163667273635864,0.710026074100469
EE.UU.,bajo,Exceso,salario,M,5,0.22844144931961693,0.8400438015382029
EE.UU.,bajo,Exceso,salario,M,6,0.18411660692864473,0.7310619426360695
EE.UU.,bajo,Exceso,salario,M,7,0.012089466408691213,0.04512971903077692
EE.UU.,bajo,Exceso,salario,M,8,-0.2087666525501992,-0.7464115978927638
EE.UU.,bajo,Exceso,salario,M,9,-0.2773663113558992,-0.9983670008343181
EE.UU.,bajo,Exceso,salario,M,10,-0.2826922616501969,-0.9758023331642466
EE.UU.,bajo,Exceso,salario,M,11,-0.23199933874975123,-0.7264162730683885
EE.UU.,bajo,Exceso,salario,M,12,-0.2508185591321068,-0.7513789473776522
EE.UU.,bajo,Exceso,salario,M,13,-0.2446650001771356,-0.7451248343556387
EE.UU.,bajo,Exceso,salario,M,14,-0.4081349582251199,-1.2341792035756698
EE.UU.,bajo,Exceso,salario,M,15,-0.3352775774655099,-0.9847908850519775
EE.UU.,bajo,Exceso,salario,M,16,-0.35805945998814415,-1.0401832392291677
EE.UU.,bajo,Exceso,salario,M,17,-0.2903493352312164,-0.8013286061826126
EE.UU.,bajo,Exceso,salario,M,18,-0.41285739221010387,-1.1044678844054103
EE.UU.,bajo,Exceso,salario,M,19,-0.455329447782903,-1.2080536324818119
EE.UU.,bajo,Exceso,salario,M,20,-0.35288104992699093,-0.8839711269220132
EE.UU.,bajo,Exceso,salario,M,21,-0.3938821008317489,-0.9236138046142538
EE.UU.,bajo,Exceso,salario,M,22,-0.2954069613443845,-0.7036489788163749
EE.UU.,bajo,Exceso,salario,M,23,-0.2765048743602266,-0.6473536510489373
EE.UU.,bajo,Exceso,salario,M,24,-0.4907131632969964,-1.0689739057434597
EE.UU.,bajo,Exceso,salario,M,25,-0.596438877926315,-1.2934696653304287
EE.UU.,bajo,Exceso,salario,M,26,-0.48382814436301175,-1.0249013509767353
EE.UU.,bajo,Exceso,salario,M,27,-0.44181923008120516,-0.9703863008991097
EE.UU.,bajo,Exceso,salario,M,28,-0.41202121018714144,-0.9452358307169693
EE.UU.,bajo,Exceso,salario,M,29,-0.4842438877415369,-1.2188018004642474
EE.UU.,bajo,Exceso,salario,M,30,-0.32167524460019564,-0.768024136521972
EE.UU.,bajo,Exceso,salario,M,31,-0.285052004240687,-0.6957912758024777
EE.UU.,bajo,Exceso,salario,M,32,-0.2558848163929529,-0.623843404596787
EE.UU.,bajo,Exceso,salario,M,33,-0.14635862222359108,-0.4141498839661148
EE.UU.,bajo,Exceso,salario,M,34,-0.008973169064088796,-0.026485791281663257
EE.UU.,bajo,Exceso,salario,M,35,0.06797278223907777,0.1806093013462289
EE.UU.,bajo,Exceso,salario,M,36,0.2503005429298035,0.669592424577996
EE.UU.,bajo,Exceso,salario,M,37,0.49726125079367817,1.22888407398084
EE.UU.,bajo,Exceso,salario,M,38,0.46762492813056833,1.120707444313056
EE.UU.,bajo,Exceso,salario,M,39,0.19752345349833778,0.5200592813394677
EE.UU.,bajo,Exceso,salario,M,40,0.27395934968814356,0.7609445829979152
EE.UU.,bajo,Exceso,salario,M,41,0.4769024738883529,1.36336718914688
EE.UU.,bajo,Exceso,salario,M,42,0.61439626947557,1.600817712142587
EE.UU.,bajo,Exceso,salario,M,43,0.5585783882168287,1.2814700004005073
EE.UU.,bajo,Exceso,salario,M,44,0.6369600298583148,1.2552576178112045
EE.UU.,bajo,Exceso,salario,M,45,0.6090621911213374,1.1912661951571242
EE.UU.,bajo,Exceso,salario,M,46,0.5517708522914399,1.0106644078714835
EE.UU.,bajo,Exceso,salario,M,47,0.6696638956487655,1.217725240891903
EE.UU.,bajo,Exceso,salario,M,48,0.8934433723479667,1.6021973438012145
EE.UU.,bajo,Exceso,ipc,M,0,-0.2192651609799794,-2.853630800128994
EE.UU.,bajo,Exceso,ipc,M,1,-0.3737636580959045,-2.803096124647701
EE.UU.,bajo,Exceso,ipc,M,2,-0.40379044637187606,-2.468369076472382
EE.UU.,bajo,Exceso,ipc,M,3,-0.2911095802548763,-1.5528061622810563
EE.UU.,bajo,Exceso,ipc,M,4,-0.2977694647258091,-1.4560512472849019
EE.UU.,bajo,Exceso,ipc,M,5,-0.3799631193454165,-1.720627355885139
EE.UU.,bajo,Exceso,ipc,M,6,-0.35766846197431523,-1.7352202441228823
EE.UU.,bajo,Exceso,ipc,M,7,-0.2425123411300995,-1.084201271006505
EE.UU.,bajo,Exceso,ipc,M,8,-0.0474629997910358,-0.20110877118028483
EE.UU.,bajo,Exceso,ipc,M,9,0.10328145422893742,0.389434766560476
EE.UU.,bajo,Exceso,ipc,M,10,0.1442964562880933,0.4652580139131562
EE.UU.,bajo,Exceso,ipc,M,11,0.16526719980012328,0.46325970305165964
EE.UU.,bajo,Exceso,ipc,M,12,0.20358877376962203,0.4921048924877899
EE.UU.,bajo,Exceso,ipc,M,13,0.3046245444802157,0.6561001942694445
EE.UU.,bajo,Exceso,ipc,M,14,0.5056167003544572,1.0567562845427871
EE.UU.,bajo,Exceso,ipc,M,15,0.5740032517716103,1.1035431165936957
EE.UU.,bajo,Exceso,ipc,M,16,0.6514873610904104,1.1421507915706024
EE.UU.,bajo,Exceso,ipc,M,17,0.7443639305990879,1.1309064037260685
EE.UU.,bajo,Exceso,ipc,M,18,0.8487804625899187,1.148344980026994
EE.UU.,bajo,Exceso,ipc,M,19,0.9763216435987794,1.2234276086817402
EE.UU.,bajo,Exceso,ipc,M,20,1.0602244522421251,1.2129496631980723
EE.UU.,bajo,Exceso,ipc,M,21,1.0854209632499927,1.1347355479870143
EE.UU.,bajo,Exceso,ipc,M,22,1.132068227183278,1.1130055652479143
EE.UU.,bajo,Exceso,ipc,M,23,1.2128348496926518,1.1396023493202283
EE.UU.,bajo,Exceso,ipc,M,24,1.4846750656399426,1.311582700403298
EE.UU.,bajo,Exceso,ipc,M,25,1.6641113347249434,1.3895733829258905
EE.UU.,bajo,Exceso,ipc,M,26,1.639435654282031,1.3702799743299419
EE.UU.,bajo,Exceso,ipc,M,27,1.631656157805463,1.3560313815667129
EE.UU.,bajo,Exceso,ipc,M,28,1.6743009233783777,1.3635605183896629
EE.UU.,bajo,Exceso,ipc,M,29,1.7825904206291403,1.4584165727187872
EE.UU.,bajo,Exceso,ipc,M,30,1.786480184138633,1.4701179699881783
EE.UU.,bajo,Exceso,ipc,M,31,1.8647685903043107,1.4969324117360954
EE.UU.,bajo,Exceso,ipc,M,32,1.7218152364858312,1.3367542773058694
EE.UU.,bajo,Exceso,ipc,M,33,1.7216317336266649,1.3357738372736558
EE.UU.,bajo,Exceso,ipc,M,34,1.7893336241956568,1.379922153653175
EE.UU.,bajo,Exceso,ipc,M,35,1.7595661480680258,1.3168755167428698
EE.UU.,bajo,Exceso,ipc,M,36,1.6708340250762648,1.2241713795752063
EE.UU.,bajo,Exceso,ipc,M,37,1.6684859427262804,1.2346540627891347
EE.UU.,bajo,Exceso,ipc,M,38,1.7590567120382015,1.3200816233827162
EE.UU.,bajo,Exceso,ipc,M,39,1.7756533558764416,1.3180357868325596
EE.UU.,bajo,Exceso,ipc,M,40,1.886204159399804,1.3601147096084292
EE.UU.,bajo,Exceso,ipc,M,41,1.8136997557087746,1.2757244017697134
EE.UU.,bajo,Exceso,ipc,M,42,1.8303997117896682,1.2821094279614458
EE.UU.,bajo,Exceso,ipc,M,43,1.8179569211408788,1.293358860752639
EE.UU.,bajo,Exceso,ipc,M,44,1.8833656532415572,1.3614929106201306
EE.UU.,bajo,Exceso,ipc,M,45,1.948929522117998,1.4029551931365456
EE.UU.,bajo,Exceso,ipc,M,46,2.0387774679874915,1.4496799446282604
EE.UU.,bajo,Exceso,ipc,M,47,1.9871847555805762,1.4151535769130117
EE.UU.,bajo,Exceso,ipc,M,48,1.9000814220643116,1.332615476272733
EE.UU.,bajo,M-actividad,tasa,M,0,-0.10922149781614135,-2.006515030970387
EE.UU.,bajo,M-actividad,tasa,M,1,-0.16515769575233696,-2.2873533776380417
EE.UU.,bajo,M-actividad,tasa,M,2,-0.18133402896065165,-2.1722212473305147
EE.UU.,bajo,M-actividad,tasa,M,3,-0.2171425614562499,-2.0386212142551363
EE.UU.,bajo,M-actividad,tasa,M,4,-0.2429707040227937,-1.9722060559360504
EE.UU.,bajo,M-actividad,tasa,M,5,-0.2179591600137485,-1.5661045411188983
EE.UU.,bajo,M-actividad,tasa,M,6,-0.2373406404973844,-1.4381820410015869
EE.UU.,bajo,M-actividad,tasa,M,7,-0.24514899177480848,-1.3038152043940774
EE.UU.,bajo,M-actividad,tasa,M,8,-0.23321834580818823,-1.0826624054158531
EE.UU.,bajo,M-actividad,tasa,M,9,-0.23374291294971217,-0.9618605043500192
EE.UU.,bajo,M-actividad,tasa,M,10,-0.19543339775186536,-0.7386018660802484
EE.UU.,bajo,M-actividad,tasa,M,11,-0.19581096409467627,-0.663343375089599
EE.UU.,bajo,M-actividad,tasa,M,12,-0.17102236167192966,-0.5413326174908416
EE.UU.,bajo,M-actividad,tasa,M,13,-0.15765028916837148,-0.470494044274591
EE.UU.,bajo,M-actividad,tasa,M,14,-0.15038639129428338,-0.42565021698633676
EE.UU.,bajo,M-actividad,tasa,M,15,-0.1325357418875489,-0.3532657245844328
EE.UU.,bajo,M-actividad,tasa,M,16,-0.1438191255405829,-0.376109092508853
EE.UU.,bajo,M-actividad,tasa,M,17,-0.11255061243183817,-0.2814003428751545
EE.UU.,bajo,M-actividad,tasa,M,18,-0.10054476150416641,-0.24622149100851326
EE.UU.,bajo,M-actividad,tasa,M,19,-0.1081343124073717,-0.2632156628171898
EE.UU.,bajo,M-actividad,tasa,M,20,-0.1035128229574841,-0.2502748715399222
EE.UU.,bajo,M-actividad,tasa,M,21,-0.06348173500656222,-0.15218741778327474
EE.UU.,bajo,M-actividad,tasa,M,22,-0.09222892299831971,-0.22140375475192506
EE.UU.,bajo,M-actividad,tasa,M,23,-0.08373169846528174,-0.19787685814590925
EE.UU.,bajo,M-actividad,tasa,M,24,-0.04990331447060037,-0.11896522063675061
EE.UU.,bajo,M-actividad,tasa,M,25,-0.04317526294978309,-0.09907409247972868
EE.UU.,bajo,M-actividad,tasa,M,26,0.030683780820835484,0.06945432812521685
EE.UU.,bajo,M-actividad,tasa,M,27,0.09577089111847893,0.20965178567038192
EE.UU.,bajo,M-actividad,tasa,M,28,0.13699959976456133,0.28696861796299195
EE.UU.,bajo,M-actividad,tasa,M,29,0.1737023831788579,0.35285629906160076
EE.UU.,bajo,M-actividad,tasa,M,30,0.23579235960227019,0.4717104882854554
EE.UU.,bajo,M-actividad,tasa,M,31,0.30532249144981705,0.5548879707711696
EE.UU.,bajo,M-actividad,tasa,M,32,0.3506325029283719,0.6063065689073516
EE.UU.,bajo,M-actividad,tasa,M,33,0.3770549514339892,0.6302843058128976
EE.UU.,bajo,M-actividad,tasa,M,34,0.40958974405263104,0.6614156718147701
EE.UU.,bajo,M-actividad,tasa,M,35,0.438471606543768,0.6933788456260696
EE.UU.,bajo,M-actividad,tasa,M,36,0.44150294965161074,0.6909006589792375
EE.UU.,bajo,M-actividad,tasa,M,37,0.47526425632074726,0.7191445610191052
EE.UU.,bajo,M-actividad,tasa,M,38,0.4951411162140001,0.7460317093251972
EE.UU.,bajo,M-actividad,tasa,M,39,0.4641485458997553,0.6872152377872436
EE.UU.,bajo,M-actividad,tasa,M,40,0.4865750643292246,0.6971173168805912
EE.UU.,bajo,M-actividad,tasa,M,41,0.4893202170083468,0.6971215512293153
EE.UU.,bajo,M-actividad,tasa,M,42,0.5484653000298648,0.7864394364295494
EE.UU.,bajo,M-actividad,tasa,M,43,0.5611585649491034,0.7994507873912171
EE.UU.,bajo,M-actividad,tasa,M,44,0.5747105631819516,0.8182871307614348
EE.UU.,bajo,M-actividad,tasa,M,45,0.6042450166793023,0.8567028555059049
EE.UU.,bajo,M-actividad,tasa,M,46,0.5861501946726178,0.8485818821376142
EE.UU.,bajo,M-actividad,tasa,M,47,0.5646687654846733,0.8466894433106954
EE.UU.,bajo,M-actividad,tasa,M,48,0.5649880083370695,0.8530263847911839
EE.UU.,bajo,M-actividad,credito,M,0,0.6736575965943101,2.403871223553551
EE.UU.,bajo,M-actividad,credito,M,1,1.0431319442610287,2.0947299272605644
EE.UU.,bajo,M-actividad,credito,M,2,1.006012664252811,2.1396582740815298
EE.UU.,bajo,M-actividad,credito,M,3,0.7606405644575193,1.5491888860983798
EE.UU.,bajo,M-actividad,credito,M,4,0.37486230325852504,0.7158691263605005
EE.UU.,bajo,M-actividad,credito,M,5,0.18069102653017144,0.34853063356097796
EE.UU.,bajo,M-actividad,credito,M,6,0.1544607139743885,0.3250120169597418
EE.UU.,bajo,M-actividad,credito,M,7,-0.2914271065096113,-0.6483388333597834
EE.UU.,bajo,M-actividad,credito,M,8,-0.605235855250682,-1.3747069483463343
EE.UU.,bajo,M-actividad,credito,M,9,-0.8838146657019331,-2.0344826959565685
EE.UU.,bajo,M-actividad,credito,M,10,-1.0379200658262755,-2.263603934807615
EE.UU.,bajo,M-actividad,credito,M,11,-1.1378857161099167,-2.268578950064779
EE.UU.,bajo,M-actividad,credito,M,12,-1.2038211966120087,-2.081373717739336
EE.UU.,bajo,M-actividad,credito,M,13,-1.4401152692104489,-2.190353314666642
EE.UU.,bajo,M-actividad,credito,M,14,-1.6730996452174265,-2.104745620364037
EE.UU.,bajo,M-actividad,credito,M,15,-1.9544383691249887,-2.300939032320868
EE.UU.,bajo,M-actividad,credito,M,16,-2.051510142567985,-2.2682066722676053
EE.UU.,bajo,M-actividad,credito,M,17,-2.23066307062566,-2.2764491494525836
EE.UU.,bajo,M-actividad,credito,M,18,-2.5114316492276036,-2.3339358228949005
EE.UU.,bajo,M-actividad,credito,M,19,-2.4253340252683704,-2.183495709862181
EE.UU.,bajo,M-actividad,credito,M,20,-2.6629189496537538,-2.4045180900318797
EE.UU.,bajo,M-actividad,credito,M,21,-2.622736228687925,-2.400963250245863
EE.UU.,bajo,M-actividad,credito,M,22,-2.881033023210881,-2.605635826101177
EE.UU.,bajo,M-actividad,credito,M,23,-2.9783833849658583,-2.6696591788572297
EE.UU.,bajo,M-actividad,credito,M,24,-3.0940970822975085,-2.7306494994535613
EE.UU.,bajo,M-actividad,credito,M,25,-3.271141636850131,-2.8199418579755475
EE.UU.,bajo,M-actividad,credito,M,26,-3.5471550554335756,-3.142115642569589
EE.UU.,bajo,M-actividad,credito,M,27,-3.6033446999640812,-3.0707546647349697
EE.UU.,bajo,M-actividad,credito,M,28,-3.629019427497112,-3.1768321076052013
EE.UU.,bajo,M-actividad,credito,M,29,-3.722991081925177,-3.0721217569949597
EE.UU.,bajo,M-actividad,credito,M,30,-3.8167305113525507,-2.9008217952207502
EE.UU.,bajo,M-actividad,credito,M,31,-4.212341332056598,-3.2147716363863967
EE.UU.,bajo,M-actividad,credito,M,32,-3.9931885118786976,-2.8648901013069916
EE.UU.,bajo,M-actividad,credito,M,33,-4.329100821330818,-3.0917485907415214
EE.UU.,bajo,M-actividad,credito,M,34,-4.199629812943835,-2.8238203552318053
EE.UU.,bajo,M-actividad,credito,M,35,-4.47030224287373,-2.999305252187664
EE.UU.,bajo,M-actividad,credito,M,36,-4.499674824224119,-2.943223724548502
EE.UU.,bajo,M-actividad,credito,M,37,-4.509226904930463,-3.1457025421447318
EE.UU.,bajo,M-actividad,credito,M,38,-4.492472649332614,-3.0508700897549668
EE.UU.,bajo,M-actividad,credito,M,39,-4.491539984596526,-3.195425338567922
EE.UU.,bajo,M-actividad,credito,M,40,-4.549945277202596,-3.2009412633382834
EE.UU.,bajo,M-actividad,credito,M,41,-4.61432925159077,-3.243437599679198
EE.UU.,bajo,M-actividad,credito,M,42,-4.945655796739462,-3.8673049696075914
EE.UU.,bajo,M-actividad,credito,M,43,-4.818740141154352,-3.4762830741023785
EE.UU.,bajo,M-actividad,credito,M,44,-4.817130678742223,-3.7356680661254273
EE.UU.,bajo,M-actividad,credito,M,45,-5.281933080543097,-3.9090775159102615
EE.UU.,bajo,M-actividad,credito,M,46,-5.100812085409612,-3.8920788083272146
EE.UU.,bajo,M-actividad,credito,M,47,-5.320100835850828,-4.196642031564094
EE.UU.,bajo,M-actividad,credito,M,48,-5.57105504403769,-4.381617094968061
EE.UU.,bajo,M-actividad,acciones,M,0,-1.121987286185285,-0.6797520254902759
EE.UU.,bajo,M-actividad,acciones,M,1,0.32650168168673077,0.1555591543406165
EE.UU.,bajo,M-actividad,acciones,M,2,0.29585932722697605,0.10289680438495795
EE.UU.,bajo,M-actividad,acciones,M,3,0.6305703304201725,0.17714056051017907
EE.UU.,bajo,M-actividad,acciones,M,4,0.48657049570212496,0.10398100207668974
EE.UU.,bajo,M-actividad,acciones,M,5,-0.10098766819858995,-0.020820539600148246
EE.UU.,bajo,M-actividad,acciones,M,6,0.36928772971236024,0.07518866196106123
EE.UU.,bajo,M-actividad,acciones,M,7,-0.5547687096330756,-0.09792849071855282
EE.UU.,bajo,M-actividad,acciones,M,8,-1.4598594447239646,-0.22477932817508445
EE.UU.,bajo,M-actividad,acciones,M,9,-1.456573848912456,-0.20515405074148393
EE.UU.,bajo,M-actividad,acciones,M,10,-1.0116110060518626,-0.12832634141311197
EE.UU.,bajo,M-actividad,acciones,M,11,-2.5435483195108666,-0.31919549844262185
EE.UU.,bajo,M-actividad,acciones,M,12,-3.2096603295282375,-0.3857568851508361
EE.UU.,bajo,M-actividad,acciones,M,13,-3.912422859951654,-0.47766937019453776
EE.UU.,bajo,M-actividad,acciones,M,14,-3.0980988083774488,-0.38608264326913666
EE.UU.,bajo,M-actividad,acciones,M,15,-4.00389588220503,-0.45661380409754826
EE.UU.,bajo,M-actividad,acciones,M,16,-4.632468646812816,-0.4992024982404763
EE.UU.,bajo,M-actividad,acciones,M,17,-4.063936638824157,-0.44083565501403915
EE.UU.,bajo,M-actividad,acciones,M,18,-3.675816285438146,-0.3994519596774673
EE.UU.,bajo,M-actividad,acciones,M,19,-3.4024930852964848,-0.35345369742885685
EE.UU.,bajo,M-actividad,acciones,M,20,-2.4701995078926777,-0.27019034840266953
EE.UU.,bajo,M-actividad,acciones,M,21,-3.5855651470251773,-0.4020582643320274
EE.UU.,bajo,M-actividad,acciones,M,22,-5.876688547182945,-0.6838827176795979
EE.UU.,bajo,M-actividad,acciones,M,23,-6.331576187613175,-0.7662658096844358
EE.UU.,bajo,M-actividad,acciones,M,24,-6.469839974785598,-0.7706275205259427
EE.UU.,bajo,M-actividad,acciones,M,25,-8.003753173157943,-1.0788391257631582
EE.UU.,bajo,M-actividad,acciones,M,26,-9.393238905365607,-1.342414414381345
EE.UU.,bajo,M-actividad,acciones,M,27,-10.247452841755521,-1.5167319017459204
EE.UU.,bajo,M-actividad,acciones,M,28,-8.467112303459079,-1.1976133442956007
EE.UU.,bajo,M-actividad,acciones,M,29,-8.98325023517638,-1.2305848053809605
EE.UU.,bajo,M-actividad,acciones,M,30,-11.688215458599599,-1.6064488244052346
EE.UU.,bajo,M-actividad,acciones,M,31,-11.323550585428064,-1.6439689230044678
EE.UU.,bajo,M-actividad,acciones,M,32,-14.025891690621963,-1.9114618075472247
EE.UU.,bajo,M-actividad,acciones,M,33,-14.667463499705267,-1.8780445862664839
EE.UU.,bajo,M-actividad,acciones,M,34,-14.247153063864534,-1.8100819081823265
EE.UU.,bajo,M-actividad,acciones,M,35,-13.521622016308754,-1.706049917475585
EE.UU.,bajo,M-actividad,acciones,M,36,-14.116449396175152,-1.6625029768181196
EE.UU.,bajo,M-actividad,acciones,M,37,-14.026102458236382,-1.722611787158142
EE.UU.,bajo,M-actividad,acciones,M,38,-15.316585115397242,-1.7656522295948862
EE.UU.,bajo,M-actividad,acciones,M,39,-15.358320751469353,-1.8109053976184772
EE.UU.,bajo,M-actividad,acciones,M,40,-14.901266611680244,-1.625485867440312
EE.UU.,bajo,M-actividad,acciones,M,41,-15.171525486697922,-1.7142628595587666
EE.UU.,bajo,M-actividad,acciones,M,42,-14.085306498582693,-1.5771642385137747
EE.UU.,bajo,M-actividad,acciones,M,43,-15.111264597048596,-1.749439875197758
EE.UU.,bajo,M-actividad,acciones,M,44,-14.001401419334375,-1.6111117298414326
EE.UU.,bajo,M-actividad,acciones,M,45,-13.273129008539838,-1.3800363235783029
EE.UU.,bajo,M-actividad,acciones,M,46,-11.23795438733129,-1.1748122201374207
EE.UU.,bajo,M-actividad,acciones,M,47,-8.962753255458983,-0.909435681571476
EE.UU.,bajo,M-actividad,acciones,M,48,-6.639437197034524,-0.6494097170588898
EE.UU.,bajo,M-actividad,vivienda,M,0,0.008678615693122643,0.08959815073683808
EE.UU.,bajo,M-actividad,vivienda,M,1,0.006582257590100865,0.04189083688243869
EE.UU.,bajo,M-actividad,vivienda,M,2,-0.042296358710924575,-0.2300916103913261
EE.UU.,bajo,M-actividad,vivienda,M,3,-0.10468584155894572,-0.4790324302647556
EE.UU.,bajo,M-actividad,vivienda,M,4,-0.10836420344039546,-0.3655368161978219
EE.UU.,bajo,M-actividad,vivienda,M,5,-0.023103322680792404,-0.06093649772687522
EE.UU.,bajo,M-actividad,vivienda,M,6,0.20941039994276198,0.44350670971064665
EE.UU.,bajo,M-actividad,vivienda,M,7,0.37456254793124794,0.6613079455143493
EE.UU.,bajo,M-actividad,vivienda,M,8,0.5076401260636998,0.8161782932055935
EE.UU.,bajo,M-actividad,vivienda,M,9,0.5655925149562887,0.8074956736831085
EE.UU.,bajo,M-actividad,vivienda,M,10,0.5394669076395775,0.688576194498002
EE.UU.,bajo,M-actividad,vivienda,M,11,0.5976076936056468,0.7130418757637534
EE.UU.,bajo,M-actividad,vivienda,M,12,0.6480735100285027,0.7043767413810997
EE.UU.,bajo,M-actividad,vivienda,M,13,0.756515614398484,0.7483754261436752
EE.UU.,bajo,M-actividad,vivienda,M,14,0.8834362895487687,0.8170688628503183
EE.UU.,bajo,M-actividad,vivienda,M,15,1.0541585287113775,0.9115257272992855
EE.UU.,bajo,M-actividad,vivienda,M,16,1.231849233881258,0.9892774437309
EE.UU.,bajo,M-actividad,vivienda,M,17,1.4664637035819301,1.1113302282095592
EE.UU.,bajo,M-actividad,vivienda,M,18,1.608233828461619,1.211836541777532
EE.UU.,bajo,M-actividad,vivienda,M,19,1.7595011770305165,1.3146414639594917
EE.UU.,bajo,M-actividad,vivienda,M,20,1.8309654823651578,1.2752674950486784
EE.UU.,bajo,M-actividad,vivienda,M,21,2.226174520390549,1.5655420850002473
EE.UU.,bajo,M-actividad,vivienda,M,22,2.4670997089266353,1.6396135530687177
EE.UU.,bajo,M-actividad,vivienda,M,23,2.602048737359164,1.6394211652840098
EE.UU.,bajo,M-actividad,vivienda,M,24,2.856448669455875,1.757897942044943
EE.UU.,bajo,M-actividad,vivienda,M,25,2.949918416771049,1.7453643328808761
EE.UU.,bajo,M-actividad,vivienda,M,26,2.724919723968711,1.5786374329056523
EE.UU.,bajo,M-actividad,vivienda,M,27,2.7101141553404857,1.5741866670592501
EE.UU.,bajo,M-actividad,vivienda,M,28,2.7955278613055277,1.660548418992032
EE.UU.,bajo,M-actividad,vivienda,M,29,2.5674342516755577,1.5235491122568314
EE.UU.,bajo,M-actividad,vivienda,M,30,2.6343311072935736,1.6552565756203328
EE.UU.,bajo,M-actividad,vivienda,M,31,2.8066807803499247,1.8644814290277172
EE.UU.,bajo,M-actividad,vivienda,M,32,2.1868915039330616,1.2760796129080783
EE.UU.,bajo,M-actividad,vivienda,M,33,2.7037562018543015,1.858155887348958
EE.UU.,bajo,M-actividad,vivienda,M,34,1.8697403103804324,1.0481742803300858
EE.UU.,bajo,M-actividad,vivienda,M,35,1.9864817086874964,1.1781706326319805
EE.UU.,bajo,M-actividad,vivienda,M,36,1.7077084012159287,0.9466487415157615
EE.UU.,bajo,M-actividad,vivienda,M,37,2.158228673890702,1.29571209296594
EE.UU.,bajo,M-actividad,vivienda,M,38,1.8377100357507892,1.041437110355049
EE.UU.,bajo,M-actividad,vivienda,M,39,1.7172341649821021,0.9280081439991944
EE.UU.,bajo,M-actividad,vivienda,M,40,2.122064219470994,1.2730868569389144
EE.UU.,bajo,M-actividad,vivienda,M,41,2.009233987545206,1.1981117724725652
EE.UU.,bajo,M-actividad,vivienda,M,42,2.5692163349160726,1.4549278047014342
EE.UU.,bajo,M-actividad,vivienda,M,43,2.4956677530440845,1.5186706472056086
EE.UU.,bajo,M-actividad,vivienda,M,44,2.5447441156536317,1.5679844271527152
EE.UU.,bajo,M-actividad,vivienda,M,45,3.0124132061410673,1.731340714191921
EE.UU.,bajo,M-actividad,vivienda,M,46,3.2420158772821597,1.7464066724289526
EE.UU.,bajo,M-actividad,vivienda,M,47,3.6757137321392452,1.8550235977632068
EE.UU.,bajo,M-actividad,vivienda,M,48,3.8106432326731325,1.8716580024557843
EE.UU.,bajo,M-actividad,salario,M,0,0.7052008052111216,1.9286586515034496
EE.UU.,bajo,M-actividad,salario,M,1,0.9694746633545908,2.0443054683400512
EE.UU.,bajo,M-actividad,salario,M,2,0.8177999647678202,2.277504002778774
EE.UU.,bajo,M-actividad,salario,M,3,0.651950627292093,2.418967447845399
EE.UU.,bajo,M-actividad,salario,M,4,0.6348835524415636,2.146807267482619
EE.UU.,bajo,M-actividad,salario,M,5,0.5725854138410331,1.68337485889475
EE.UU.,bajo,M-actividad,salario,M,6,0.6485389676479562,1.9605713458969014
EE.UU.,bajo,M-actividad,salario,M,7,0.6728658110648733,1.9884590062414236
EE.UU.,bajo,M-actividad,salario,M,8,0.8024124179574312,2.089717077338458
EE.UU.,bajo,M-actividad,salario,M,9,0.7529457872684769,1.9493248424470786
EE.UU.,bajo,M-actividad,salario,M,10,0.6606741798418566,1.5679676199726227
EE.UU.,bajo,M-actividad,salario,M,11,0.6289359061397498,1.5531367109785315
EE.UU.,bajo,M-actividad,salario,M,12,0.7910211802445473,2.0225472748785682
EE.UU.,bajo,M-actividad,salario,M,13,0.7672658920672736,1.7815120443160333
EE.UU.,bajo,M-actividad,salario,M,14,0.7232367910712646,1.808554850900601
EE.UU.,bajo,M-actividad,salario,M,15,0.6967456477619407,1.813810280608241
EE.UU.,bajo,M-actividad,salario,M,16,0.6905224780853385,1.7342863700961435
EE.UU.,bajo,M-actividad,salario,M,17,0.7942235112871434,1.8435923027239614
EE.UU.,bajo,M-actividad,salario,M,18,0.7218691247955162,1.6865638126680804
EE.UU.,bajo,M-actividad,salario,M,19,0.6146626582623465,1.4283351340323567
EE.UU.,bajo,M-actividad,salario,M,20,0.6124045869536642,1.4127855769491497
EE.UU.,bajo,M-actividad,salario,M,21,0.638098829564653,1.3907041385165173
EE.UU.,bajo,M-actividad,salario,M,22,0.6364642062773551,1.4322713109797665
EE.UU.,bajo,M-actividad,salario,M,23,0.5695695263498538,1.3792014522966622
EE.UU.,bajo,M-actividad,salario,M,24,0.5155370840526153,1.2008227395557933
EE.UU.,bajo,M-actividad,salario,M,25,0.428581869837322,0.9912399711634553
EE.UU.,bajo,M-actividad,salario,M,26,0.20381569090107324,0.46936249961758025
EE.UU.,bajo,M-actividad,salario,M,27,0.08267328083259995,0.19529777552701494
EE.UU.,bajo,M-actividad,salario,M,28,0.15798119864575108,0.3699030968046149
EE.UU.,bajo,M-actividad,salario,M,29,0.14592403268975415,0.35183003565815496
EE.UU.,bajo,M-actividad,salario,M,30,0.03342232473394623,0.07895252717900873
EE.UU.,bajo,M-actividad,salario,M,31,-0.007389074275899021,-0.017615367318041746
EE.UU.,bajo,M-actividad,salario,M,32,0.020208253288506818,0.04917960115860617
EE.UU.,bajo,M-actividad,salario,M,33,-0.005084893713331321,-0.012915106835836361
EE.UU.,bajo,M-actividad,salario,M,34,-0.08941484441846209,-0.23872671495455486
EE.UU.,bajo,M-actividad,salario,M,35,-0.18904523181960436,-0.45353126504674024
EE.UU.,bajo,M-actividad,salario,M,36,-0.24515263158188644,-0.5775446422464172
EE.UU.,bajo,M-actividad,salario,M,37,-0.1475614383553332,-0.3529540232642621
EE.UU.,bajo,M-actividad,salario,M,38,-0.09837591146569948,-0.2372772891231967
EE.UU.,bajo,M-actividad,salario,M,39,0.03517637281546748,0.08711277319016206
EE.UU.,bajo,M-actividad,salario,M,40,-0.009192512218019033,-0.022955906714530634
EE.UU.,bajo,M-actividad,salario,M,41,-0.1807878461344167,-0.4336729314727791
EE.UU.,bajo,M-actividad,salario,M,42,-0.16788154959860319,-0.4425850992699223
EE.UU.,bajo,M-actividad,salario,M,43,-0.1633091699307067,-0.409961107777292
EE.UU.,bajo,M-actividad,salario,M,44,0.03128398277691786,0.08406610442634421
EE.UU.,bajo,M-actividad,salario,M,45,-0.1956651640463679,-0.470011914935818
EE.UU.,bajo,M-actividad,salario,M,46,-0.2554243375129451,-0.6050526152895724
EE.UU.,bajo,M-actividad,salario,M,47,-0.25388973173481777,-0.655584329549815
EE.UU.,bajo,M-actividad,salario,M,48,-0.2752121636792753,-0.6656141962929417
EE.UU.,bajo,M-actividad,ipc,M,0,-0.06511129125565361,-0.7941396914649614
EE.UU.,bajo,M-actividad,ipc,M,1,-0.1540916326406551,-1.1464519661023806
EE.UU.,bajo,M-actividad,ipc,M,2,-0.23509192606652984,-1.506932044608476
EE.UU.,bajo,M-actividad,ipc,M,3,-0.2350898853560446,-1.2114592555071724
EE.UU.,bajo,M-actividad,ipc,M,4,-0.18856836717938455,-0.7925336373632321
EE.UU.,bajo,M-actividad,ipc,M,5,-0.10256638587590901,-0.37560291876463464
EE.UU.,bajo,M-actividad,ipc,M,6,-0.15415889655779152,-0.5166771310094445
EE.UU.,bajo,M-actividad,ipc,M,7,-0.1849354976362657,-0.5842959277110584
EE.UU.,bajo,M-actividad,ipc,M,8,-0.21835929709747653,-0.6084799110350393
EE.UU.,bajo,M-actividad,ipc,M,9,-0.20456090664900808,-0.5496542412783436
EE.UU.,bajo,M-actividad,ipc,M,10,-0.165855136013541,-0.418623075791129
EE.UU.,bajo,M-actividad,ipc,M,11,-0.18517792486450171,-0.46129516322081937
EE.UU.,bajo,M-actividad,ipc,M,12,-0.21687122757968252,-0.5166543955585654
EE.UU.,bajo,M-actividad,ipc,M,13,-0.19710485217303486,-0.4491553975830263
EE.UU.,bajo,M-actividad,ipc,M,14,-0.20842395287475723,-0.4644428325809076
EE.UU.,bajo,M-actividad,ipc,M,15,-0.1151274509667835,-0.24582030222082094
EE.UU.,bajo,M-actividad,ipc,M,16,-0.052248683975252175,-0.11162638021958021
EE.UU.,bajo,M-actividad,ipc,M,17,-0.05476096981427836,-0.10919223876244828
EE.UU.,bajo,M-actividad,ipc,M,18,0.0017159880886619683,0.0032558250831557453
EE.UU.,bajo,M-actividad,ipc,M,19,0.10030222410564721,0.17331977079500405
EE.UU.,bajo,M-actividad,ipc,M,20,0.18683587155612869,0.3082109304024167
EE.UU.,bajo,M-actividad,ipc,M,21,0.2205111722584605,0.335663560138858
EE.UU.,bajo,M-actividad,ipc,M,22,0.20425825495453967,0.2928777916297662
EE.UU.,bajo,M-actividad,ipc,M,23,0.26910894191766566,0.3460137743847014
EE.UU.,bajo,M-actividad,ipc,M,24,0.32574810166279966,0.397467255782543
EE.UU.,bajo,M-actividad,ipc,M,25,0.4220237094706463,0.49395173607664705
EE.UU.,bajo,M-actividad,ipc,M,26,0.6421302290660437,0.6831319899307098
EE.UU.,bajo,M-actividad,ipc,M,27,0.7534414140392027,0.802009174965845
EE.UU.,bajo,M-actividad,ipc,M,28,0.7138012523686111,0.7744501395605179
EE.UU.,bajo,M-actividad,ipc,M,29,0.7117095481869776,0.7664053059234093
EE.UU.,bajo,M-actividad,ipc,M,30,0.8374566155690609,0.9005864309529141
EE.UU.,bajo,M-actividad,ipc,M,31,0.8423123507759472,0.8733974165853005
EE.UU.,bajo,M-actividad,ipc,M,32,0.8716304890739262,0.9232344849539812
EE.UU.,bajo,M-actividad,ipc,M,33,0.8906883742249379,0.924023124140094
EE.UU.,bajo,M-actividad,ipc,M,34,0.9320277622729255,0.9505543674844608
EE.UU.,bajo,M-actividad,ipc,M,35,0.9527819224822556,0.9837295339289918
EE.UU.,bajo,M-actividad,ipc,M,36,1.0116798623243752,1.0443473537559445
EE.UU.,bajo,M-actividad,ipc,M,37,0.9627133620466943,0.9772070249689853
EE.UU.,bajo,M-actividad,ipc,M,38,0.9688142239514249,0.9668813683167107
EE.UU.,bajo,M-actividad,ipc,M,39,0.8925889155116716,0.867666925819544
EE.UU.,bajo,M-actividad,ipc,M,40,0.9284342427580373,0.9104920293760566
EE.UU.,bajo,M-actividad,ipc,M,41,0.9993802034680577,0.9574977183991895
EE.UU.,bajo,M-actividad,ipc,M,42,0.9604939596624721,0.8984125673226342
EE.UU.,bajo,M-actividad,ipc,M,43,0.9918827346231729,0.9291617739902088
EE.UU.,bajo,M-actividad,ipc,M,44,0.9573386259266157,0.8980654746064988
EE.UU.,bajo,M-actividad,ipc,M,45,0.9905071289675899,0.950511323941983
EE.UU.,bajo,M-actividad,ipc,M,46,1.0069470330332484,0.9712247577903989
EE.UU.,bajo,M-actividad,ipc,M,47,1.0171970535302433,0.9695947993783813
EE.UU.,bajo,M-actividad,ipc,M,48,0.9867346696854742,0.942575570191598
EE.UU.,bajo,Exceso+act,tasa,M,0,0.06433563435478862,1.7999671593966164
EE.UU.,bajo,Exceso+act,tasa,M,1,0.09370512059993003,1.4499683591470967
EE.UU.,bajo,Exceso+act,tasa,M,2,0.109830463017807,1.2353207746802222
EE.UU.,bajo,Exceso+act,tasa,M,3,0.18060369868230694,1.6170814570016407
EE.UU.,bajo,Exceso+act,tasa,M,4,0.23380986200701626,1.7893807239838693
EE.UU.,bajo,Exceso+act,tasa,M,5,0.26819428249969185,1.8058375451226318
EE.UU.,bajo,Exceso+act,tasa,M,6,0.3340742922429362,1.9855433132085218
EE.UU.,bajo,Exceso+act,tasa,M,7,0.4185477297085263,2.1873171568988696
EE.UU.,bajo,Exceso+act,tasa,M,8,0.4800158092880781,2.24953632107734
EE.UU.,bajo,Exceso+act,tasa,M,9,0.49121656300635663,2.16848554026254
EE.UU.,bajo,Exceso+act,tasa,M,10,0.4818508244062433,2.029815786882725
EE.UU.,bajo,Exceso+act,tasa,M,11,0.5121066239636913,2.062460813508832
EE.UU.,bajo,Exceso+act,tasa,M,12,0.5433502668340274,2.013833811245852
EE.UU.,bajo,Exceso+act,tasa,M,13,0.489391993315919,1.7145738282691032
EE.UU.,bajo,Exceso+act,tasa,M,14,0.39376685003183587,1.3018680814846364
EE.UU.,bajo,Exceso+act,tasa,M,15,0.33690237626085273,1.0509667786927586
EE.UU.,bajo,Exceso+act,tasa,M,16,0.28290160930101516,0.8425101217805521
EE.UU.,bajo,Exceso+act,tasa,M,17,0.21651251747627837,0.6133921258829292
EE.UU.,bajo,Exceso+act,tasa,M,18,0.1593757237177697,0.43219222115114503
EE.UU.,bajo,Exceso+act,tasa,M,19,0.11424028935632227,0.2985239187095752
EE.UU.,bajo,Exceso+act,tasa,M,20,0.0378111568397454,0.09738097888052072
EE.UU.,bajo,Exceso+act,tasa,M,21,0.03450899488187456,0.08546671435864715
EE.UU.,bajo,Exceso+act,tasa,M,22,0.031028001768442254,0.0744643535588878
EE.UU.,bajo,Exceso+act,tasa,M,23,0.035268244782868066,0.0814392241767691
EE.UU.,bajo,Exceso+act,tasa,M,24,0.03348367935309868,0.07235463537268313
EE.UU.,bajo,Exceso+act,tasa,M,25,0.10584387655070897,0.21902380797640034
EE.UU.,bajo,Exceso+act,tasa,M,26,0.2098844690463793,0.4106012554692435
EE.UU.,bajo,Exceso+act,tasa,M,27,0.2328441475474098,0.4289626889486344
EE.UU.,bajo,Exceso+act,tasa,M,28,0.26165627713793194,0.44692633034899365
EE.UU.,bajo,Exceso+act,tasa,M,29,0.3042764268338357,0.49896019295452726
EE.UU.,bajo,Exceso+act,tasa,M,30,0.3889151583666393,0.6176533108471065
EE.UU.,bajo,Exceso+act,tasa,M,31,0.4276705239463237,0.6533517393687233
EE.UU.,bajo,Exceso+act,tasa,M,32,0.4389380368603511,0.6374734316387758
EE.UU.,bajo,Exceso+act,tasa,M,33,0.4335329226701857,0.624434955882754
EE.UU.,bajo,Exceso+act,tasa,M,34,0.48478987453785594,0.6693330429900615
EE.UU.,bajo,Exceso+act,tasa,M,35,0.5784799953639718,0.760269533680213
EE.UU.,bajo,Exceso+act,tasa,M,36,0.5572352268018912,0.7208465416953379
EE.UU.,bajo,Exceso+act,tasa,M,37,0.5400481914527261,0.6826568226401103
EE.UU.,bajo,Exceso+act,tasa,M,38,0.6256193813213681,0.788096801514024
EE.UU.,bajo,Exceso+act,tasa,M,39,0.6072645955358944,0.754371746755233
EE.UU.,bajo,Exceso+act,tasa,M,40,0.4139235541697034,0.49858631078412713
EE.UU.,bajo,Exceso+act,tasa,M,41,0.43928999001182784,0.5023207488606626
EE.UU.,bajo,Exceso+act,tasa,M,42,0.4974794321730787,0.5636171486909654
EE.UU.,bajo,Exceso+act,tasa,M,43,0.5506066418974319,0.6022720840071718
EE.UU.,bajo,Exceso+act,tasa,M,44,0.5371098269968764,0.5704978239760796
EE.UU.,bajo,Exceso+act,tasa,M,45,0.5160633684951804,0.5321400352992394
EE.UU.,bajo,Exceso+act,tasa,M,46,0.4439272301297724,0.4355676861830091
EE.UU.,bajo,Exceso+act,tasa,M,47,0.4174110662777827,0.39439660903049656
EE.UU.,bajo,Exceso+act,tasa,M,48,0.33828608414845224,0.3075423945306342
EE.UU.,bajo,Exceso+act,credito,M,0,0.5714810551554234,2.748398945153705
EE.UU.,bajo,Exceso+act,credito,M,1,1.0119346364311579,2.993774718387224
EE.UU.,bajo,Exceso+act,credito,M,2,1.3665107780450567,2.962251377807501
EE.UU.,bajo,Exceso+act,credito,M,3,1.1296575213391504,1.9544170355420816
EE.UU.,bajo,Exceso+act,credito,M,4,1.1579093542634746,1.6514016700700422
EE.UU.,bajo,Exceso+act,credito,M,5,1.2373535452909243,1.949014121732727
EE.UU.,bajo,Exceso+act,credito,M,6,1.0680510751196255,1.9494480839580322
EE.UU.,bajo,Exceso+act,credito,M,7,0.9479375671547638,1.7182523187291057
EE.UU.,bajo,Exceso+act,credito,M,8,0.6279958399188179,1.1012190872980692
EE.UU.,bajo,Exceso+act,credito,M,9,0.5654099628239537,0.9088150305830692
EE.UU.,bajo,Exceso+act,credito,M,10,0.4867907285259457,0.736080220633455
EE.UU.,bajo,Exceso+act,credito,M,11,0.6162347390023646,0.8022959180064853
EE.UU.,bajo,Exceso+act,credito,M,12,0.6731387737345856,0.81065067476266
EE.UU.,bajo,Exceso+act,credito,M,13,0.7082548578853174,0.8116886490202625
EE.UU.,bajo,Exceso+act,credito,M,14,0.6610980302527205,0.6998351062918104
EE.UU.,bajo,Exceso+act,credito,M,15,0.9653778960920649,0.9766205381254782
EE.UU.,bajo,Exceso+act,credito,M,16,1.2840387621637728,1.1564779904323241
EE.UU.,bajo,Exceso+act,credito,M,17,1.7137770658995093,1.3770026713947205
EE.UU.,bajo,Exceso+act,credito,M,18,2.2405808368904707,1.5389709084087728
EE.UU.,bajo,Exceso+act,credito,M,19,2.472080156041875,1.580914759157266
EE.UU.,bajo,Exceso+act,credito,M,20,2.8777894214741315,1.7243285723366568
EE.UU.,bajo,Exceso+act,credito,M,21,3.5228046582743717,1.879608353164623
EE.UU.,bajo,Exceso+act,credito,M,22,4.465604123767717,2.2997722671878815
EE.UU.,bajo,Exceso+act,credito,M,23,4.245672699402512,2.165756509743243
EE.UU.,bajo,Exceso+act,credito,M,24,3.9892190376859866,2.1614899700095314
EE.UU.,bajo,Exceso+act,credito,M,25,3.992637209731783,2.2596184879068466
EE.UU.,bajo,Exceso+act,credito,M,26,3.9370989760826793,2.2116498083240415
EE.UU.,bajo,Exceso+act,credito,M,27,4.029145189707715,2.1275601292518895
EE.UU.,bajo,Exceso+act,credito,M,28,4.135436127997536,2.170135312035259
EE.UU.,bajo,Exceso+act,credito,M,29,4.17018371270818,2.2574532438312565
EE.UU.,bajo,Exceso+act,credito,M,30,3.9901915494508695,1.9411743377725468
EE.UU.,bajo,Exceso+act,credito,M,31,4.127443314381615,2.052146933071928
EE.UU.,bajo,Exceso+act,credito,M,32,4.294512953286344,1.9798546692765664
EE.UU.,bajo,Exceso+act,credito,M,33,4.985646637320394,2.3908760496097425
EE.UU.,bajo,Exceso+act,credito,M,34,5.112217691751485,2.188757713270086
EE.UU.,bajo,Exceso+act,credito,M,35,5.363159928859887,1.9755571118529152
EE.UU.,bajo,Exceso+act,credito,M,36,5.804025511687682,2.0356514508123214
EE.UU.,bajo,Exceso+act,credito,M,37,5.8805836774559905,1.9717452268389135
EE.UU.,bajo,Exceso+act,credito,M,38,5.701705141147691,1.85213379528374
EE.UU.,bajo,Exceso+act,credito,M,39,5.5301940517587855,1.7783483312306823
EE.UU.,bajo,Exceso+act,credito,M,40,5.843617466903201,1.8558862219631511
EE.UU.,bajo,Exceso+act,credito,M,41,5.792766899497583,1.7109064395921805
EE.UU.,bajo,Exceso+act,credito,M,42,5.579305176452572,1.626688778325326
EE.UU.,bajo,Exceso+act,credito,M,43,5.287232592572326,1.4637906649628125
EE.UU.,bajo,Exceso+act,credito,M,44,5.002356240122804,1.4039484883504647
EE.UU.,bajo,Exceso+act,credito,M,45,5.051398067610384,1.3694963273264371
EE.UU.,bajo,Exceso+act,credito,M,46,5.123891980955664,1.3649681997681764
EE.UU.,bajo,Exceso+act,credito,M,47,5.073668698878138,1.3316509452657166
EE.UU.,bajo,Exceso+act,credito,M,48,5.223167965938325,1.3357041667364808
EE.UU.,bajo,Exceso+act,acciones,M,0,-0.5855732383213559,-0.3870716110833817
EE.UU.,bajo,Exceso+act,acciones,M,1,1.5135941989098094,0.5847992318392801
EE.UU.,bajo,Exceso+act,acciones,M,2,3.9664717033308685,1.2809304277062081
EE.UU.,bajo,Exceso+act,acciones,M,3,5.062822252686329,1.492210146423608
EE.UU.,bajo,Exceso+act,acciones,M,4,5.272025170182959,1.4688888153084696
EE.UU.,bajo,Exceso+act,acciones,M,5,6.532587720620367,1.7909881150283402
EE.UU.,bajo,Exceso+act,acciones,M,6,9.522288998681905,2.3397304409534034
EE.UU.,bajo,Exceso+act,acciones,M,7,12.258048874848583,2.6063358869796973
EE.UU.,bajo,Exceso+act,acciones,M,8,14.069570870977042,2.7665618488004187
EE.UU.,bajo,Exceso+act,acciones,M,9,14.158322358041161,2.551596170380064
EE.UU.,bajo,Exceso+act,acciones,M,10,15.424606048229338,2.4808938986298505
EE.UU.,bajo,Exceso+act,acciones,M,11,15.198652536931277,2.313722194073105
EE.UU.,bajo,Exceso+act,acciones,M,12,15.930202720770808,2.394356921179617
EE.UU.,bajo,Exceso+act,acciones,M,13,15.86650785613292,2.368828415980737
EE.UU.,bajo,Exceso+act,acciones,M,14,16.009356184508725,2.398557158690058
EE.UU.,bajo,Exceso+act,acciones,M,15,17.26470673032384,2.4122548817851017
EE.UU.,bajo,Exceso+act,acciones,M,16,17.75145660173399,2.4373805182974437
EE.UU.,bajo,Exceso+act,acciones,M,17,18.829977226826777,2.63319668078728
EE.UU.,bajo,Exceso+act,acciones,M,18,17.703288259919134,2.495429563801295
EE.UU.,bajo,Exceso+act,acciones,M,19,14.893643911222346,2.1257429057894153
EE.UU.,bajo,Exceso+act,acciones,M,20,15.2794991251798,2.3282959362852615
EE.UU.,bajo,Exceso+act,acciones,M,21,12.913910282957312,2.006418977577187
EE.UU.,bajo,Exceso+act,acciones,M,22,9.971576402565015,1.4053915345848416
EE.UU.,bajo,Exceso+act,acciones,M,23,12.127467872002397,1.7239358875543038
EE.UU.,bajo,Exceso+act,acciones,M,24,12.639025971956912,1.7282872206271715
EE.UU.,bajo,Exceso+act,acciones,M,25,11.471283216313118,1.38852382883909
EE.UU.,bajo,Exceso+act,acciones,M,26,12.714297418192782,1.4321011393097394
EE.UU.,bajo,Exceso+act,acciones,M,27,8.994329020409598,1.0218808581835805
EE.UU.,bajo,Exceso+act,acciones,M,28,9.041087959935766,1.0397482616431144
EE.UU.,bajo,Exceso+act,acciones,M,29,10.201232919540598,1.1231150760275421
EE.UU.,bajo,Exceso+act,acciones,M,30,9.738266798527082,1.0470408876146482
EE.UU.,bajo,Exceso+act,acciones,M,31,8.757278271231781,0.922673448361338
EE.UU.,bajo,Exceso+act,acciones,M,32,6.6568706559085875,0.7343177097596086
EE.UU.,bajo,Exceso+act,acciones,M,33,3.881269282210217,0.3903725830082561
EE.UU.,bajo,Exceso+act,acciones,M,34,4.106073091426207,0.4315127266281521
EE.UU.,bajo,Exceso+act,acciones,M,35,5.308307912574611,0.5766422992621832
EE.UU.,bajo,Exceso+act,acciones,M,36,3.345716331415976,0.35372624084120835
EE.UU.,bajo,Exceso+act,acciones,M,37,4.018251076323253,0.42062873838240006
EE.UU.,bajo,Exceso+act,acciones,M,38,2.653956861880512,0.2889344982240587
EE.UU.,bajo,Exceso+act,acciones,M,39,0.04130436197039855,0.004678454588894478
EE.UU.,bajo,Exceso+act,acciones,M,40,-2.3536396699439357,-0.2522310165138476
EE.UU.,bajo,Exceso+act,acciones,M,41,-1.0197794533122821,-0.11711717419513812
EE.UU.,bajo,Exceso+act,acciones,M,42,1.8339055760835556,0.2120594678905368
EE.UU.,bajo,Exceso+act,acciones,M,43,2.143283095105251,0.24728273869956552
EE.UU.,bajo,Exceso+act,acciones,M,44,-3.4078273531817382,-0.32544114247553163
EE.UU.,bajo,Exceso+act,acciones,M,45,0.2528180684320196,0.02776308929992119
EE.UU.,bajo,Exceso+act,acciones,M,46,-1.4057845795659054,-0.14893205175624671
EE.UU.,bajo,Exceso+act,acciones,M,47,-2.4014413096458735,-0.27877719729830996
EE.UU.,bajo,Exceso+act,acciones,M,48,-5.364025943931558,-0.565909857162084
EE.UU.,bajo,Exceso+act,vivienda,M,0,0.18923977095645145,2.1691355005951083
EE.UU.,bajo,Exceso+act,vivienda,M,1,0.338868962498699,2.1449316297509076
EE.UU.,bajo,Exceso+act,vivienda,M,2,0.4356798090865423,1.809450027757577
EE.UU.,bajo,Exceso+act,vivienda,M,3,0.4202527827302521,1.3103610585143055
EE.UU.,bajo,Exceso+act,vivienda,M,4,0.672040861738706,1.641408255147781
EE.UU.,bajo,Exceso+act,vivienda,M,5,0.9146346252621653,1.857287675868591
EE.UU.,bajo,Exceso+act,vivienda,M,6,1.1354234636679175,1.9599475696835047
EE.UU.,bajo,Exceso+act,vivienda,M,7,1.2881170777759687,1.9900644491869703
EE.UU.,bajo,Exceso+act,vivienda,M,8,1.4624861463545482,2.065730335999219
EE.UU.,bajo,Exceso+act,vivienda,M,9,1.6072145470942392,2.0938921611595456
EE.UU.,bajo,Exceso+act,vivienda,M,10,1.7588948592520917,2.1234603214853207
EE.UU.,bajo,Exceso+act,vivienda,M,11,2.1541981591246415,2.3640095035495636
EE.UU.,bajo,Exceso+act,vivienda,M,12,2.3657668910517433,2.468761572362161
EE.UU.,bajo,Exceso+act,vivienda,M,13,2.6257018970047574,2.634926933426301
EE.UU.,bajo,Exceso+act,vivienda,M,14,2.8780099832452692,2.6985670213088393
EE.UU.,bajo,Exceso+act,vivienda,M,15,3.221562074366526,2.772880009740078
EE.UU.,bajo,Exceso+act,vivienda,M,16,3.6572557740504354,2.844956294382821
EE.UU.,bajo,Exceso+act,vivienda,M,17,3.9679513801546684,2.7858608404127403
EE.UU.,bajo,Exceso+act,vivienda,M,18,4.34977769467079,2.938600608804096
EE.UU.,bajo,Exceso+act,vivienda,M,19,4.654062099543115,2.930796819292818
EE.UU.,bajo,Exceso+act,vivienda,M,20,4.932492208054927,2.8654350755151414
EE.UU.,bajo,Exceso+act,vivienda,M,21,5.172738010331429,2.7413925023522414
EE.UU.,bajo,Exceso+act,vivienda,M,22,5.716366438464492,2.9312978315231493
EE.UU.,bajo,Exceso+act,vivienda,M,23,5.682478514101142,2.659338760910684
EE.UU.,bajo,Exceso+act,vivienda,M,24,5.401006661414223,2.3246559187187295
EE.UU.,bajo,Exceso+act,vivienda,M,25,5.777102447635491,2.578934934582712
EE.UU.,bajo,Exceso+act,vivienda,M,26,5.514156206930058,2.2349637817388692
EE.UU.,bajo,Exceso+act,vivienda,M,27,5.516659699839897,2.183174808244032
EE.UU.,bajo,Exceso+act,vivienda,M,28,5.82781900547652,2.305256878219239
EE.UU.,bajo,Exceso+act,vivienda,M,29,5.592790179365684,2.1746270094133604
EE.UU.,bajo,Exceso+act,vivienda,M,30,6.03742652239462,2.1865964725086
EE.UU.,bajo,Exceso+act,vivienda,M,31,6.498657137915511,2.4623911508722505
EE.UU.,bajo,Exceso+act,vivienda,M,32,6.531169326778574,2.34692326381256
EE.UU.,bajo,Exceso+act,vivienda,M,33,5.685414419617871,1.742543954405189
EE.UU.,bajo,Exceso+act,vivienda,M,34,6.737152513462843,2.1396289562827255
EE.UU.,bajo,Exceso+act,vivienda,M,35,6.8500520236561515,2.011379935907316
EE.UU.,bajo,Exceso+act,vivienda,M,36,7.089928201401142,2.045461620153567
EE.UU.,bajo,Exceso+act,vivienda,M,37,7.198742138618973,2.0344003503756305
EE.UU.,bajo,Exceso+act,vivienda,M,38,6.974370938008089,1.9509360274029346
EE.UU.,bajo,Exceso+act,vivienda,M,39,7.115429882155117,1.8737638140521187
EE.UU.,bajo,Exceso+act,vivienda,M,40,8.058203651349437,2.0891669375679136
EE.UU.,bajo,Exceso+act,vivienda,M,41,8.86367238789212,2.1823106835744497
EE.UU.,bajo,Exceso+act,vivienda,M,42,8.606692538521415,2.0905655045385565
EE.UU.,bajo,Exceso+act,vivienda,M,43,8.509643780748966,2.0185775294011012
EE.UU.,bajo,Exceso+act,vivienda,M,44,9.894378914962717,2.2746685206229946
EE.UU.,bajo,Exceso+act,vivienda,M,45,9.918478013102128,2.0744451552729015
EE.UU.,bajo,Exceso+act,vivienda,M,46,10.719645155137519,2.1545273651425605
EE.UU.,bajo,Exceso+act,vivienda,M,47,10.890040482334575,2.081065275411894
EE.UU.,bajo,Exceso+act,vivienda,M,48,10.870899946347139,2.142166579232049
EE.UU.,bajo,Exceso+act,salario,M,0,0.1972104628963033,1.5967017029481547
EE.UU.,bajo,Exceso+act,salario,M,1,0.2950457620553181,1.3880116594985907
EE.UU.,bajo,Exceso+act,salario,M,2,0.3045785786291351,1.1797934723409216
EE.UU.,bajo,Exceso+act,salario,M,3,0.1041434880638733,0.41434705847178616
EE.UU.,bajo,Exceso+act,salario,M,4,0.05765323078269813,0.22090449467034498
EE.UU.,bajo,Exceso+act,salario,M,5,0.0844501047008547,0.32934256527191547
EE.UU.,bajo,Exceso+act,salario,M,6,0.050260935530940076,0.19061674603697476
EE.UU.,bajo,Exceso+act,salario,M,7,-0.1072579522402417,-0.36069215565957313
EE.UU.,bajo,Exceso+act,salario,M,8,-0.26968401108223083,-0.8320650380314855
EE.UU.,bajo,Exceso+act,salario,M,9,-0.30659866797203983,-0.9531062169387852
EE.UU.,bajo,Exceso+act,salario,M,10,-0.32420259041064764,-0.9787719162389592
EE.UU.,bajo,Exceso+act,salario,M,11,-0.26027000399525113,-0.7333830947327282
EE.UU.,bajo,Exceso+act,salario,M,12,-0.2298480006737636,-0.6105077325191287
EE.UU.,bajo,Exceso+act,salario,M,13,-0.22730794162707613,-0.5804286601542173
EE.UU.,bajo,Exceso+act,salario,M,14,-0.37133308870525444,-0.9363639997316517
EE.UU.,bajo,Exceso+act,salario,M,15,-0.3018499067470822,-0.7679068008429955
EE.UU.,bajo,Exceso+act,salario,M,16,-0.3303349810431473,-0.8111361333950518
EE.UU.,bajo,Exceso+act,salario,M,17,-0.277523650889411,-0.6563794523237855
EE.UU.,bajo,Exceso+act,salario,M,18,-0.3751981238605271,-0.9023616296636163
EE.UU.,bajo,Exceso+act,salario,M,19,-0.3739386657200941,-0.9252486169633347
EE.UU.,bajo,Exceso+act,salario,M,20,-0.2390200985211618,-0.5888486993091467
EE.UU.,bajo,Exceso+act,salario,M,21,-0.26114826912891587,-0.5999173004129417
EE.UU.,bajo,Exceso+act,salario,M,22,-0.08576514423702243,-0.20361950029386117
EE.UU.,bajo,Exceso+act,salario,M,23,-0.03179835063214853,-0.077929720463752
EE.UU.,bajo,Exceso+act,salario,M,24,-0.18406083131298803,-0.427917210325201
EE.UU.,bajo,Exceso+act,salario,M,25,-0.2696016144605211,-0.6646064483994842
EE.UU.,bajo,Exceso+act,salario,M,26,-0.20429533468575528,-0.48396856209362127
EE.UU.,bajo,Exceso+act,salario,M,27,-0.2169922067923901,-0.514776758618995
EE.UU.,bajo,Exceso+act,salario,M,28,-0.1600420606081302,-0.36821503167973507
EE.UU.,bajo,Exceso+act,salario,M,29,-0.2314748627462064,-0.5597205409607962
EE.UU.,bajo,Exceso+act,salario,M,30,-0.02950425725631688,-0.06579870173703582
EE.UU.,bajo,Exceso+act,salario,M,31,0.003061231029700684,0.00684457832854704
EE.UU.,bajo,Exceso+act,salario,M,32,0.019268550226759232,0.04421408288892484
EE.UU.,bajo,Exceso+act,salario,M,33,0.16131187279104647,0.4074463819107197
EE.UU.,bajo,Exceso+act,salario,M,34,0.3639129931496599,0.9643377973696763
EE.UU.,bajo,Exceso+act,salario,M,35,0.4835540810762755,1.1751134653260127
EE.UU.,bajo,Exceso+act,salario,M,36,0.679112929362365,1.676419152030644
EE.UU.,bajo,Exceso+act,salario,M,37,0.9005820864758145,2.083796115034692
EE.UU.,bajo,Exceso+act,salario,M,38,0.8646533515945527,1.9123706297524603
EE.UU.,bajo,Exceso+act,salario,M,39,0.6328114334275061,1.4334338629300007
EE.UU.,bajo,Exceso+act,salario,M,40,0.7348264944050065,1.6648135287506265
EE.UU.,bajo,Exceso+act,salario,M,41,0.8910084497130117,2.1259896120316735
EE.UU.,bajo,Exceso+act,salario,M,42,0.9729407534546081,2.267942309263437
EE.UU.,bajo,Exceso+act,salario,M,43,0.9272712347637034,2.0411129806221497
EE.UU.,bajo,Exceso+act,salario,M,44,1.0028200054795255,1.9389683725751188
EE.UU.,bajo,Exceso+act,salario,M,45,0.9227239170520581,1.739500836224863
EE.UU.,bajo,Exceso+act,salario,M,46,0.9355391913633654,1.6099062896112282
EE.UU.,bajo,Exceso+act,salario,M,47,1.0638793284473744,1.887407131324736
EE.UU.,bajo,Exceso+act,salario,M,48,1.2383215695967698,2.204386259330324
EE.UU.,bajo,Exceso+act,ipc,M,0,-0.2147139936976235,-2.765813858036463
EE.UU.,bajo,Exceso+act,ipc,M,1,-0.3763069144839668,-3.1631663172780295
EE.UU.,bajo,Exceso+act,ipc,M,2,-0.42639620926900423,-2.5999847095135564
EE.UU.,bajo,Exceso+act,ipc,M,3,-0.32432809782920957,-1.5679382657271552
EE.UU.,bajo,Exceso+act,ipc,M,4,-0.33520418666516505,-1.5011974327579845
EE.UU.,bajo,Exceso+act,ipc,M,5,-0.3976017624844872,-1.7008748743107946
EE.UU.,bajo,Exceso+act,ipc,M,6,-0.36356064851163006,-1.521802057966412
EE.UU.,bajo,Exceso+act,ipc,M,7,-0.2512478264640539,-0.872297335531846
EE.UU.,bajo,Exceso+act,ipc,M,8,-0.075543546443404,-0.2313604812047614
EE.UU.,bajo,Exceso+act,ipc,M,9,0.057988205239850765,0.1657092214240103
EE.UU.,bajo,Exceso+act,ipc,M,10,0.091013170870054,0.23676877407664979
EE.UU.,bajo,Exceso+act,ipc,M,11,0.08135887717271584,0.19323768316461118
EE.UU.,bajo,Exceso+act,ipc,M,12,0.07513817782730903,0.1605905483052248
EE.UU.,bajo,Exceso+act,ipc,M,13,0.11512776325124519,0.22403361513883865
EE.UU.,bajo,Exceso+act,ipc,M,14,0.25099686339903404,0.49731437546287394
EE.UU.,bajo,Exceso+act,ipc,M,15,0.3087376361636442,0.6065338366525825
EE.UU.,bajo,Exceso+act,ipc,M,16,0.39596064401613584,0.7255869832917792
EE.UU.,bajo,Exceso+act,ipc,M,17,0.45172073665609835,0.7761799375833562
EE.UU.,bajo,Exceso+act,ipc,M,18,0.49395971417029394,0.8448268770101038
EE.UU.,bajo,Exceso+act,ipc,M,19,0.59535000127289,1.004283053073619
EE.UU.,bajo,Exceso+act,ipc,M,20,0.6496323231119565,1.0594523885933502
EE.UU.,bajo,Exceso+act,ipc,M,21,0.616577477518606,0.9663477938964746
EE.UU.,bajo,Exceso+act,ipc,M,22,0.6171859842259133,0.9181460396575873
EE.UU.,bajo,Exceso+act,ipc,M,23,0.638677116286487,0.9275125594396056
EE.UU.,bajo,Exceso+act,ipc,M,24,0.8215010612634398,1.153991119925795
EE.UU.,bajo,Exceso+act,ipc,M,25,0.9484579135566358,1.2940475861824798
EE.UU.,bajo,Exceso+act,ipc,M,26,0.9595700303660702,1.2829479898312248
EE.UU.,bajo,Exceso+act,ipc,M,27,0.966460483531801,1.244972756586927
EE.UU.,bajo,Exceso+act,ipc,M,28,0.9779608467833003,1.2372293538542662
EE.UU.,bajo,Exceso+act,ipc,M,29,1.0557724412502998,1.362007342979148
EE.UU.,bajo,Exceso+act,ipc,M,30,1.077976462674076,1.3804521338370037
EE.UU.,bajo,Exceso+act,ipc,M,31,1.162333736979865,1.4648814976553124
EE.UU.,bajo,Exceso+act,ipc,M,32,0.9696163691937942,1.195031933371269
EE.UU.,bajo,Exceso+act,ipc,M,33,0.9526909678117732,1.1886982663451893
EE.UU.,bajo,Exceso+act,ipc,M,34,0.985805139683782,1.2455309763817557
EE.UU.,bajo,Exceso+act,ipc,M,35,0.8923293291411094,1.0918380481388206
EE.UU.,bajo,Exceso+act,ipc,M,36,0.8018106920497977,0.9785947220413939
EE.UU.,bajo,Exceso+act,ipc,M,37,0.8354599025676905,1.0485279295544316
EE.UU.,bajo,Exceso+act,ipc,M,38,0.9528308566001288,1.1969728794793328
EE.UU.,bajo,Exceso+act,ipc,M,39,0.9605711158174356,1.1673910215011536
EE.UU.,bajo,Exceso+act,ipc,M,40,1.0347558552570204,1.2165010043940168
EE.UU.,bajo,Exceso+act,ipc,M,41,0.9749413308133974,1.0968189062346931
EE.UU.,bajo,Exceso+act,ipc,M,42,1.0116630244324492,1.1328824248757854
EE.UU.,bajo,Exceso+act,ipc,M,43,1.0128749149686849,1.1432181882608996
EE.UU.,bajo,Exceso+act,ipc,M,44,1.0848679520728008,1.1970087000931031
EE.UU.,bajo,Exceso+act,ipc,M,45,1.1290583392362852,1.2011210102439356
EE.UU.,bajo,Exceso+act,ipc,M,46,1.1854444579685803,1.2329333840617893
EE.UU.,bajo,Exceso+act,ipc,M,47,1.122566027783421,1.1894780085293355
EE.UU.,bajo,Exceso+act,ipc,M,48,1.0348485042968372,1.0735225634221972
Zona euro,bajo,Exceso,tasa,M,0,0.02980677057144644,0.7535443584362548
Zona euro,bajo,Exceso,tasa,M,1,0.05680546399814271,0.7764869038295439
Zona euro,bajo,Exceso,tasa,M,2,0.09168436078815397,0.9121252384255459
Zona euro,bajo,Exceso,tasa,M,3,0.09038726557822754,0.7584271963380367
Zona euro,bajo,Exceso,tasa,M,4,0.10534911963799716,0.7986799943006423
Zona euro,bajo,Exceso,tasa,M,5,0.16822146492816636,1.1232174182202017
Zona euro,bajo,Exceso,tasa,M,6,0.2521933343084278,1.4661252842279606
Zona euro,bajo,Exceso,tasa,M,7,0.31807007609931587,1.6042230034127714
Zona euro,bajo,Exceso,tasa,M,8,0.38232760494009604,1.6867036380297658
Zona euro,bajo,Exceso,tasa,M,9,0.4802472157458081,1.8856890057545175
Zona euro,bajo,Exceso,tasa,M,10,0.517847816122519,1.867494715636689
Zona euro,bajo,Exceso,tasa,M,11,0.5744525318181575,1.9074520068301295
Zona euro,bajo,Exceso,tasa,M,12,0.6200076621972952,1.8844472637419396
Zona euro,bajo,Exceso,tasa,M,13,0.6488430249445428,1.8537491369675678
Zona euro,bajo,Exceso,tasa,M,14,0.6757851507904541,1.8745884649099436
Zona euro,bajo,Exceso,tasa,M,15,0.7199623779709305,1.927693934328622
Zona euro,bajo,Exceso,tasa,M,16,0.7255642267973359,1.9045834772358716
Zona euro,bajo,Exceso,tasa,M,17,0.7230899920325493,1.8810212592406759
Zona euro,bajo,Exceso,tasa,M,18,0.6549574952314791,1.659150520616897
Zona euro,bajo,Exceso,tasa,M,19,0.6465398709871578,1.5925272441413465
Zona euro,bajo,Exceso,tasa,M,20,0.6092866379583466,1.4707084724581048
Zona euro,bajo,Exceso,tasa,M,21,0.6037433009747047,1.4461896080991625
Zona euro,bajo,Exceso,tasa,M,22,0.5717905959098512,1.3536791605530862
Zona euro,bajo,Exceso,tasa,M,23,0.5089757282953045,1.1816963434089105
Zona euro,bajo,Exceso,tasa,M,24,0.4649826340985468,1.0468792265903815
Zona euro,bajo,Exceso,tasa,M,25,0.42963709870565603,0.957267282446681
Zona euro,bajo,Exceso,tasa,M,26,0.3934296330083157,0.8592464249966718
Zona euro,bajo,Exceso,tasa,M,27,0.37368271059653,0.8053632385878109
Zona euro,bajo,Exceso,tasa,M,28,0.3764045854126744,0.8040667829918952
Zona euro,bajo,Exceso,tasa,M,29,0.41626561602536716,0.8888391959154611
Zona euro,bajo,Exceso,tasa,M,30,0.49458468771563247,1.05431770150689
Zona euro,bajo,Exceso,tasa,M,31,0.5475532219696493,1.1582779029608243
Zona euro,bajo,Exceso,tasa,M,32,0.5761726249636467,1.1999079702153364
Zona euro,bajo,Exceso,tasa,M,33,0.5712258759903881,1.1849382231484114
Zona euro,bajo,Exceso,tasa,M,34,0.5837920947468873,1.1811937347633594
Zona euro,bajo,Exceso,tasa,M,35,0.44470648053065576,0.7732305599790462
Zona euro,bajo,Exceso,tasa,M,36,0.423571531254642,0.7135543638561775
Zona euro,bajo,Exceso,tasa,M,37,0.4389033149509948,0.7195609793013836
Zona euro,bajo,Exceso,tasa,M,38,0.6757160090862955,1.232076460966667
Zona euro,bajo,Exceso,tasa,M,39,0.7282542799630684,1.3073427185071633
Zona euro,bajo,Exceso,tasa,M,40,0.7665516456186272,1.38250318265186
Zona euro,bajo,Exceso,tasa,M,41,0.9392866099310515,1.797902818592657
Zona euro,bajo,Exceso,tasa,M,42,0.9889026290384086,1.8197603384774572
Zona euro,bajo,Exceso,tasa,M,43,1.0578988290110756,1.9353310108585255
Zona euro,bajo,Exceso,tasa,M,44,1.4614472782008974,2.6121393589859734
Zona euro,bajo,Exceso,tasa,M,45,1.5514384668872694,2.6968191179278374
Zona euro,bajo,Exceso,tasa,M,46,1.5357090677920338,2.6848680568984546
Zona euro,bajo,Exceso,tasa,M,47,1.8357961488861563,2.627734666336713
Zona euro,bajo,Exceso,tasa,M,48,1.8036173683137358,2.490867031572699
Zona euro,bajo,Exceso,acciones,M,0,-3.2632238505560363,-1.4410097151087171
Zona euro,bajo,Exceso,acciones,M,1,-2.1882323304311853,-0.7172465207352376
Zona euro,bajo,Exceso,acciones,M,2,-1.550653625609146,-0.46876737377132693
Zona euro,bajo,Exceso,acciones,M,3,-0.2497680123337669,-0.07379987509505548
Zona euro,bajo,Exceso,acciones,M,4,0.12238215022068522,0.03387785011490932
Zona euro,bajo,Exceso,acciones,M,5,-1.1424476774318764,-0.27751093413805056
Zona euro,bajo,Exceso,acciones,M,6,-0.6830522391208158,-0.1545081205113591
Zona euro,bajo,Exceso,acciones,M,7,-0.11395586185021145,-0.02434695573649412
Zona euro,bajo,Exceso,acciones,M,8,-0.5946064788801485,-0.1152262453696794
Zona euro,bajo,Exceso,acciones,M,9,0.11530607858604347,0.02273350950104238
Zona euro,bajo,Exceso,acciones,M,10,0.655945532335729,0.1362008261430042
Zona euro,bajo,Exceso,acciones,M,11,1.608278537670453,0.34342211427927505
Zona euro,bajo,Exceso,acciones,M,12,1.3448797837906257,0.2853893320712074
Zona euro,bajo,Exceso,acciones,M,13,1.3036499753432405,0.26649376913787254
Zona euro,bajo,Exceso,acciones,M,14,1.809296711276113,0.34188412245800126
Zona euro,bajo,Exceso,acciones,M,15,1.1142881782636307,0.21253326858762528
Zona euro,bajo,Exceso,acciones,M,16,0.17409125729970487,0.029563869649101997
Zona euro,bajo,Exceso,acciones,M,17,-1.1279778941284453,-0.1723574049217232
Zona euro,bajo,Exceso,acciones,M,18,-1.8232764491694162,-0.28326555809273446
Zona euro,bajo,Exceso,acciones,M,19,-2.178219478000492,-0.31532628459457174
Zona euro,bajo,Exceso,acciones,M,20,-4.634376157538385,-0.6277938140780687
Zona euro,bajo,Exceso,acciones,M,21,-7.453732822988108,-0.962913787279018
Zona euro,bajo,Exceso,acciones,M,22,-9.063233565457061,-1.1747744252565837
Zona euro,bajo,Exceso,acciones,M,23,-8.740058226639102,-1.1988845454798642
Zona euro,bajo,Exceso,acciones,M,24,-8.2222533393709,-1.121517556004836
Zona euro,bajo,Exceso,acciones,M,25,-8.573346065979834,-1.122321395140492
Zona euro,bajo,Exceso,acciones,M,26,-7.491020818263813,-1.0318997629757756
Zona euro,bajo,Exceso,acciones,M,27,-5.842579612758838,-0.8700550313386864
Zona euro,bajo,Exceso,acciones,M,28,-6.664586257546292,-0.9181840960942692
Zona euro,bajo,Exceso,acciones,M,29,-5.797799729242152,-0.8717182419916293
Zona euro,bajo,Exceso,acciones,M,30,-5.043741907278924,-0.7496320291168481
Zona euro,bajo,Exceso,acciones,M,31,-3.5909028950788384,-0.5196487683880908
Zona euro,bajo,Exceso,acciones,M,32,-0.2701686343595834,-0.0434288111741521
Zona euro,bajo,Exceso,acciones,M,33,0.6726075116520486,0.10765158235642232
Zona euro,bajo,Exceso,acciones,M,34,1.4369569110897547,0.22071317199869978
Zona euro,bajo,Exceso,acciones,M,35,0.24488527381222577,0.03583102069315233
Zona euro,bajo,Exceso,acciones,M,36,-0.044125207730270066,-0.006267358412787884
Zona euro,bajo,Exceso,acciones,M,37,0.8957356808341879,0.144304682678162
Zona euro,bajo,Exceso,acciones,M,38,-2.747595514898861,-0.4485365861393118
Zona euro,bajo,Exceso,acciones,M,39,-4.733201315362801,-0.6901056151752827
Zona euro,bajo,Exceso,acciones,M,40,-1.8161469243009796,-0.30518356691774995
Zona euro,bajo,Exceso,acciones,M,41,-1.728957956802469,-0.2753061227588837
Zona euro,bajo,Exceso,acciones,M,42,-3.3070595120467106,-0.468678104202105
Zona euro,bajo,Exceso,acciones,M,43,-6.234104772608206,-0.8643777700677537
Zona euro,bajo,Exceso,acciones,M,44,-6.598658030250249,-0.857680396746637
Zona euro,bajo,Exceso,acciones,M,45,-6.41290319127368,-0.7868353410585601
Zona euro,bajo,Exceso,acciones,M,46,-10.195266342649155,-1.1276551295802857
Zona euro,bajo,Exceso,acciones,M,47,-8.580745327319578,-0.995187633602264
Zona euro,bajo,Exceso,acciones,M,48,-7.254737115634514,-0.7656048550713038
Zona euro,bajo,Exceso,ipc,M,0,-0.08606117345610337,-0.7172487941753856
Zona euro,bajo,Exceso,ipc,M,1,0.05001650307199609,0.2609453859515354
Zona euro,bajo,Exceso,ipc,M,2,0.4160390840136597,1.606112832516248
Zona euro,bajo,Exceso,ipc,M,3,0.6489717576038698,2.262105156046305
Zona euro,bajo,Exceso,ipc,M,4,0.7965400235228443,2.3219654252458977
Zona euro,bajo,Exceso,ipc,M,5,0.7981197981506066,1.9964834079780949
Zona euro,bajo,Exceso,ipc,M,6,0.6822326498298872,1.4888511999488345
Zona euro,bajo,Exceso,ipc,M,7,0.6344873487580497,1.238967783272196
Zona euro,bajo,Exceso,ipc,M,8,0.781401751194122,1.4133877703500406
Zona euro,bajo,Exceso,ipc,M,9,0.9286028732973294,1.7760451187337016
Zona euro,bajo,Exceso,ipc,M,10,0.9092605640838263,1.8996702149901987
Zona euro,bajo,Exceso,ipc,M,11,0.6915590148329536,1.42956154692889
Zona euro,bajo,Exceso,ipc,M,12,0.5890531676836746,1.0181879399560299
Zona euro,bajo,Exceso,ipc,M,13,0.6434372672005457,1.0636485131625415
Zona euro,bajo,Exceso,ipc,M,14,0.9228117591718598,1.41116870039355
Zona euro,bajo,Exceso,ipc,M,15,1.0500310542135585,1.6080424313603603
Zona euro,bajo,Exceso,ipc,M,16,1.0293686261702621,1.624318059035462
Zona euro,bajo,Exceso,ipc,M,17,0.8803675379897642,1.2963419303670514
Zona euro,bajo,Exceso,ipc,M,18,0.8060346671455546,1.1639970961105675
Zona euro,bajo,Exceso,ipc,M,19,0.7153992418699678,1.004149136441607
Zona euro,bajo,Exceso,ipc,M,20,0.8806259001498781,1.3423703603969614
Zona euro,bajo,Exceso,ipc,M,21,1.0635295051228304,1.8102142363812392
Zona euro,bajo,Exceso,ipc,M,22,1.0871080527273533,1.8630344898189375
Zona euro,bajo,Exceso,ipc,M,23,1.029857391051085,1.6607964891887999
Zona euro,bajo,Exceso,ipc,M,24,1.0022125889740106,1.4509529320018058
Zona euro,bajo,Exceso,ipc,M,25,1.1967101021517876,1.698616910742512
Zona euro,bajo,Exceso,ipc,M,26,1.4437643421864594,1.9482205055671993
Zona euro,bajo,Exceso,ipc,M,27,1.5295758720761272,1.9851616452637557
Zona euro,bajo,Exceso,ipc,M,28,1.5500971995516963,1.8609857973796364
Zona euro,bajo,Exceso,ipc,M,29,1.682917112450886,1.97423120286385
Zona euro,bajo,Exceso,ipc,M,30,1.7530690771196513,1.952276273676456
Zona euro,bajo,Exceso,ipc,M,31,1.9515200379109616,2.0291564048675825
Zona euro,bajo,Exceso,ipc,M,32,1.9962346255774914,2.0706673817288612
Zona euro,bajo,Exceso,ipc,M,33,2.0045614883402934,2.075620803981658
Zona euro,bajo,Exceso,ipc,M,34,2.0014728311354304,1.9793010218340819
Zona euro,bajo,Exceso,ipc,M,35,1.744323509943849,1.6342327766512565
Zona euro,bajo,Exceso,ipc,M,36,1.8074874492863868,1.6602981874425171
Zona euro,bajo,Exceso,ipc,M,37,1.8744798847316644,1.695260912265509
Zona euro,bajo,Exceso,ipc,M,38,2.1561394930745688,1.921177155505062
Zona euro,bajo,Exceso,ipc,M,39,2.2510045779670875,1.8918637699568017
Zona euro,bajo,Exceso,ipc,M,40,2.270699924098806,1.878222313034725
Zona euro,bajo,Exceso,ipc,M,41,2.5778133841325146,2.0708699024634436
Zona euro,bajo,Exceso,ipc,M,42,2.516581819664765,1.959433624494013
Zona euro,bajo,Exceso,ipc,M,43,2.4003470065370136,1.8532166909325603
Zona euro,bajo,Exceso,ipc,M,44,2.8709561853921413,2.2137112048942424
Zona euro,bajo,Exceso,ipc,M,45,2.8331719022701685,2.1372706406686284
Zona euro,bajo,Exceso,ipc,M,46,2.8476260163221063,2.048852786732756
Zona euro,bajo,Exceso,ipc,M,47,3.215460376938643,2.2326524323593646
Zona euro,bajo,Exceso,ipc,M,48,3.2477078880067047,2.309378507989128
Zona euro,bajo,Exceso,fx,M,0,1.0426286216553118,1.7136496728032904
Zona euro,bajo,Exceso,fx,M,1,2.335181802464694,2.048232121915519
Zona euro,bajo,Exceso,fx,M,2,1.2457185181809756,0.8716339529585307
Zona euro,bajo,Exceso,fx,M,3,1.03211203332641,0.5781401702875885
Zona euro,bajo,Exceso,fx,M,4,1.1213157199077222,0.5048165320688897
Zona euro,bajo,Exceso,fx,M,5,0.7975083089261115,0.3271414606413626
Zona euro,bajo,Exceso,fx,M,6,1.043721570611354,0.4184814157322875
Zona euro,bajo,Exceso,fx,M,7,0.520727929807972,0.20231976919410102
Zona euro,bajo,Exceso,fx,M,8,-0.7750542024179252,-0.2699322836624225
Zona euro,bajo,Exceso,fx,M,9,-0.8429103258749078,-0.295341559961018
Zona euro,bajo,Exceso,fx,M,10,-0.8289741506487892,-0.2823825569853808
Zona euro,bajo,Exceso,fx,M,11,-1.1871830760015085,-0.40799886215778297
Zona euro,bajo,Exceso,fx,M,12,-1.3830585258954269,-0.4537140619592439
Zona euro,bajo,Exceso,fx,M,13,-2.4306259400359767,-0.790809047120283
Zona euro,bajo,Exceso,fx,M,14,-3.0405947047238713,-0.975655475718793
Zona euro,bajo,Exceso,fx,M,15,-4.3687870500098205,-1.6185492227467166
Zona euro,bajo,Exceso,fx,M,16,-4.599719658568159,-1.6006116777311823
Zona euro,bajo,Exceso,fx,M,17,-4.557322995234651,-1.630261574239424
Zona euro,bajo,Exceso,fx,M,18,-5.41689625287325,-1.9732084029801675
Zona euro,bajo,Exceso,fx,M,19,-5.808093634942127,-2.1142011864032133
Zona euro,bajo,Exceso,fx,M,20,-3.996179465692714,-1.5009943396932417
Zona euro,bajo,Exceso,fx,M,21,-2.8982422584251704,-1.041594196177783
Zona euro,bajo,Exceso,fx,M,22,-3.0779377246622905,-1.1257662527103243
Zona euro,bajo,Exceso,fx,M,23,-2.8480884838450216,-0.9810070727608567
Zona euro,bajo,Exceso,fx,M,24,-2.2550137253901688,-0.7267546306971209
Zona euro,bajo,Exceso,fx,M,25,-1.9079959243161935,-0.6129005056532825
Zona euro,bajo,Exceso,fx,M,26,-1.9641114695335142,-0.6026046189624001
Zona euro,bajo,Exceso,fx,M,27,-1.7248093918919467,-0.5109233670455944
Zona euro,bajo,Exceso,fx,M,28,-0.4376779020541781,-0.12343593692444972
Zona euro,bajo,Exceso,fx,M,29,0.3483540273582691,0.09886454727507937
Zona euro,bajo,Exceso,fx,M,30,0.2487233886296547,0.0663891914366129
Zona euro,bajo,Exceso,fx,M,31,-0.6890607946481595,-0.21174183628938562
Zona euro,bajo,Exceso,fx,M,32,-0.7233156659216711,-0.23069517821351537
Zona euro,bajo,Exceso,fx,M,33,-2.0451840548723785,-0.6465308815008205
Zona euro,bajo,Exceso,fx,M,34,-2.6166924876684647,-0.7417932134552481
Zona euro,bajo,Exceso,fx,M,35,-2.056546437225971,-0.557599915839477
Zona euro,bajo,Exceso,fx,M,36,-3.264521738482933,-0.8687824826253535
Zona euro,bajo,Exceso,fx,M,37,-3.7105927932749445,-0.8297101098570835
Zona euro,bajo,Exceso,fx,M,38,-3.4685858213889826,-0.7174245676186219
Zona euro,bajo,Exceso,fx,M,39,-4.097572959558097,-0.8639067512655102
Zona euro,bajo,Exceso,fx,M,40,-4.223220320949608,-0.848840542674934
Zona euro,bajo,Exceso,fx,M,41,-4.55893562305006,-0.9155567695004396
Zona euro,bajo,Exceso,fx,M,42,-5.001841951176295,-0.9637330329442603
Zona euro,bajo,Exceso,fx,M,43,-5.44718839402945,-1.031290325899382
Zona euro,bajo,Exceso,fx,M,44,-6.429169330456901,-1.3999112883892169
Zona euro,bajo,Exceso,fx,M,45,-7.419022941198108,-1.6894846780573824
Zona euro,bajo,Exceso,fx,M,46,-7.408118432631845,-1.6776099239938196
Zona euro,bajo,Exceso,fx,M,47,-6.947026481567927,-1.5252665335231403
Zona euro,bajo,Exceso,fx,M,48,-6.009666450010346,-1.3178802052205607
Zona euro,bajo,Exceso,vivienda,Q,0,-0.011612768507637166,-0.04569703017558084
Zona euro,bajo,Exceso,vivienda,Q,1,-0.6771728168989476,-1.419453440272864
Zona euro,bajo,Exceso,vivienda,Q,2,-0.5086388605421238,-0.7602680565762038
Zona euro,bajo,Exceso,vivienda,Q,3,-0.8428343835417641,-1.0505878821406984
Zona euro,bajo,Exceso,vivienda,Q,4,-0.6773580260450843,-0.6305340805395339
Zona euro,bajo,Exceso,vivienda,Q,5,-0.7676085775423571,-0.5339548854606389
Zona euro,bajo,Exceso,vivienda,Q,6,-0.5128279838446973,-0.2859482666094655
Zona euro,bajo,Exceso,vivienda,Q,7,-1.362168682093543,-0.6747360094890548
Zona euro,bajo,Exceso,vivienda,Q,8,-1.7164146218838146,-0.7377512490495676
Zona euro,bajo,Exceso,vivienda,Q,9,-2.5960666676758763,-1.0077659605819973
Zona euro,bajo,Exceso,vivienda,Q,10,-5.232827340439732,-1.779949034399487
Zona euro,bajo,Exceso,vivienda,Q,11,-5.812654674546825,-1.7016242675282387
Zona euro,bajo,Exceso,vivienda,Q,12,-6.533769627843882,-1.8258249808127733
Zona euro,bajo,Exceso,credito,Q,0,2.595537245920827,2.994304023558298
Zona euro,bajo,Exceso,credito,Q,1,3.123279430988842,2.320916911346247
Zona euro,bajo,Exceso,credito,Q,2,3.419183591420771,2.314486192684128
Zona euro,bajo,Exceso,credito,Q,3,3.856011953396526,2.0712363899188633
Zona euro,bajo,Exceso,credito,Q,4,4.0513449683516,2.229170307931486
Zona euro,bajo,Exceso,credito,Q,5,3.9862015190885014,2.023385060396445
Zona euro,bajo,Exceso,credito,Q,6,4.89325642245885,2.2118309562557052
Zona euro,bajo,Exceso,credito,Q,7,5.308475687636932,2.100050465354434
Zona euro,bajo,Exceso,credito,Q,8,6.269694836207833,1.9037292040160445
Zona euro,bajo,Exceso,credito,Q,9,8.684369772782032,2.2458784559951437
Zona euro,bajo,Exceso,credito,Q,10,7.985350255138041,1.5185783817194474
Zona euro,bajo,Exceso,credito,Q,11,7.231209316183222,1.1214519324845673
Zona euro,bajo,Exceso,credito,Q,12,5.064660140195992,0.6426311877345072
Zona euro,bajo,M-actividad,tasa,M,0,-0.01932454715922798,-0.735209649060689
Zona euro,bajo,M-actividad,tasa,M,1,-0.056045377582776966,-0.9096057592242657
Zona euro,bajo,M-actividad,tasa,M,2,-0.09497141087163684,-1.0377844149981204
Zona euro,bajo,M-actividad,tasa,M,3,-0.14271210477817647,-1.2040187774149473
Zona euro,bajo,M-actividad,tasa,M,4,-0.1836730864863957,-1.2870220150508198
Zona euro,bajo,M-actividad,tasa,M,5,-0.2109645135301552,-1.2919512862751008
Zona euro,bajo,M-actividad,tasa,M,6,-0.24110815591449697,-1.2829122856884458
Zona euro,bajo,M-actividad,tasa,M,7,-0.2609716441898357,-1.245647795137914
Zona euro,bajo,M-actividad,tasa,M,8,-0.27005409291685695,-1.178423709904824
Zona euro,bajo,M-actividad,tasa,M,9,-0.26450419255793933,-1.09057978042704
Zona euro,bajo,M-actividad,tasa,M,10,-0.2565888076948058,-1.0186742696628734
Zona euro,bajo,M-actividad,tasa,M,11,-0.23646653930442146,-0.9138706951698276
Zona euro,bajo,M-actividad,tasa,M,12,-0.2235434728407085,-0.8423188868351122
Zona euro,bajo,M-actividad,tasa,M,13,-0.19688422097009944,-0.7297603687540422
Zona euro,bajo,M-actividad,tasa,M,14,-0.1842589308601044,-0.657220539902576
Zona euro,bajo,M-actividad,tasa,M,15,-0.1729836822146763,-0.6057693992652826
Zona euro,bajo,M-actividad,tasa,M,16,-0.1658879837900914,-0.5674510081943687
Zona euro,bajo,M-actividad,tasa,M,17,-0.17441729054621546,-0.5971326115663884
Zona euro,bajo,M-actividad,tasa,M,18,-0.18892408780483433,-0.6424307620018841
Zona euro,bajo,M-actividad,tasa,M,19,-0.213064362471446,-0.7193742773224635
Zona euro,bajo,M-actividad,tasa,M,20,-0.2222939591308221,-0.738044895223648
Zona euro,bajo,M-actividad,tasa,M,21,-0.22740252394352797,-0.7423648718997392
Zona euro,bajo,M-actividad,tasa,M,22,-0.24835011942329727,-0.7877859128919747
Zona euro,bajo,M-actividad,tasa,M,23,-0.25585529265337537,-0.8027596537613946
Zona euro,bajo,M-actividad,tasa,M,24,-0.2564240349984642,-0.8100973447179702
Zona euro,bajo,M-actividad,tasa,M,25,-0.264332042553461,-0.8291201098153803
Zona euro,bajo,M-actividad,tasa,M,26,-0.26691151238836885,-0.8284384287724408
Zona euro,bajo,M-actividad,tasa,M,27,-0.2413072785889528,-0.7401379533307032
Zona euro,bajo,M-actividad,tasa,M,28,-0.22329944332073867,-0.6675095197134374
Zona euro,bajo,M-actividad,tasa,M,29,-0.1808914866769636,-0.5197670121787932
Zona euro,bajo,M-actividad,tasa,M,30,-0.1291844467114215,-0.36138369701572054
Zona euro,bajo,M-actividad,tasa,M,31,-0.08189303204948661,-0.22208950799252472
Zona euro,bajo,M-actividad,tasa,M,32,-0.049606873510179214,-0.13091161102683105
Zona euro,bajo,M-actividad,tasa,M,33,-0.02273455336855821,-0.058693438175051474
Zona euro,bajo,M-actividad,tasa,M,34,0.008848334630521853,0.022281728183059322
Zona euro,bajo,M-actividad,tasa,M,35,0.031034362024666147,0.07729665585286237
Zona euro,bajo,M-actividad,tasa,M,36,0.055484960029011376,0.13574405605856468
Zona euro,bajo,M-actividad,tasa,M,37,0.07843257985118444,0.18820782673592146
Zona euro,bajo,M-actividad,tasa,M,38,0.10224825827233372,0.24122217675401705
Zona euro,bajo,M-actividad,tasa,M,39,0.1132126357343705,0.2673509356587385
Zona euro,bajo,M-actividad,tasa,M,40,0.12090181820477763,0.2802312742053637
Zona euro,bajo,M-actividad,tasa,M,41,0.1269435855891691,0.3008808918028044
Zona euro,bajo,M-actividad,tasa,M,42,0.13404657161555286,0.30709927468730486
Zona euro,bajo,M-actividad,tasa,M,43,0.14908500471419778,0.3495144698451463
Zona euro,bajo,M-actividad,tasa,M,44,0.16604368547670662,0.40225995491691974
Zona euro,bajo,M-actividad,tasa,M,45,0.15215143171679835,0.35018213745242704
Zona euro,bajo,M-actividad,tasa,M,46,0.153673429973212,0.34482150160711506
Zona euro,bajo,M-actividad,tasa,M,47,0.153898271160631,0.3424758346806547
Zona euro,bajo,M-actividad,tasa,M,48,0.15548023013513684,0.35092293699491056
Zona euro,bajo,M-actividad,acciones,M,0,-2.060145159035912,-1.7837254982617743
Zona euro,bajo,M-actividad,acciones,M,1,-1.638158959394515,-1.2038431175957618
Zona euro,bajo,M-actividad,acciones,M,2,-2.098923668660372,-1.5092459834978191
Zona euro,bajo,M-actividad,acciones,M,3,-1.7364167854377284,-1.198659457981351
Zona euro,bajo,M-actividad,acciones,M,4,-0.9503448286397326,-0.5996331539051739
Zona euro,bajo,M-actividad,acciones,M,5,-1.8325570064311691,-0.9423311540257813
Zona euro,bajo,M-actividad,acciones,M,6,-1.2155386747003276,-0.6098782156317143
Zona euro,bajo,M-actividad,acciones,M,7,-1.2428160238793868,-0.5643512180560872
Zona euro,bajo,M-actividad,acciones,M,8,-0.63791688612847,-0.26448879697954125
Zona euro,bajo,M-actividad,acciones,M,9,-1.378139140724278,-0.5079066121601112
Zona euro,bajo,M-actividad,acciones,M,10,-2.13740695480076,-0.8003954149176699
Zona euro,bajo,M-actividad,acciones,M,11,-1.5353748665649738,-0.6129502374105319
Zona euro,bajo,M-actividad,acciones,M,12,-1.3291369133234927,-0.4759613035817581
Zona euro,bajo,M-actividad,acciones,M,13,-1.3958547388660538,-0.4916934504591951
Zona euro,bajo,M-actividad,acciones,M,14,-1.2269912935129093,-0.4034164321659479
Zona euro,bajo,M-actividad,acciones,M,15,-0.45957431125029624,-0.14398867575060575
Zona euro,bajo,M-actividad,acciones,M,16,-1.359976127789816,-0.37305212778399627
Zona euro,bajo,M-actividad,acciones,M,17,-0.8360390322388814,-0.2164040585247656
Zona euro,bajo,M-actividad,acciones,M,18,0.05392901637952639,0.01322769707486055
Zona euro,bajo,M-actividad,acciones,M,19,-0.016609763316833837,-0.003929632988862893
Zona euro,bajo,M-actividad,acciones,M,20,-0.19718931375307922,-0.045177227808297506
Zona euro,bajo,M-actividad,acciones,M,21,-1.2157147795645646,-0.26594853534899654
Zona euro,bajo,M-actividad,acciones,M,22,-1.1937578231499006,-0.2789477348535774
Zona euro,bajo,M-actividad,acciones,M,23,-2.2597707826714104,-0.546983624568209
Zona euro,bajo,M-actividad,acciones,M,24,-2.5067840239011105,-0.6118475002127197
Zona euro,bajo,M-actividad,acciones,M,25,-3.1936521621604523,-0.795534893276006
Zona euro,bajo,M-actividad,acciones,M,26,-3.571952198141117,-0.9724743063669327
Zona euro,bajo,M-actividad,acciones,M,27,-3.7070438380327033,-1.1339918503624005
Zona euro,bajo,M-actividad,acciones,M,28,-3.2691661345305385,-1.0034845856761516
Zona euro,bajo,M-actividad,acciones,M,29,-3.8513794106066674,-1.256566692385438
Zona euro,bajo,M-actividad,acciones,M,30,-4.300243200443152,-1.3183532796262287
Zona euro,bajo,M-actividad,acciones,M,31,-4.9760223476980014,-1.447159729117164
Zona euro,bajo,M-actividad,acciones,M,32,-5.02768486360386,-1.3515764780749533
Zona euro,bajo,M-actividad,acciones,M,33,-5.89611712073766,-1.477044457806584
Zona euro,bajo,M-actividad,acciones,M,34,-5.5448471906785235,-1.3176447712201957
Zona euro,bajo,M-actividad,acciones,M,35,-6.476211110453624,-1.5080859975513177
Zona euro,bajo,M-actividad,acciones,M,36,-6.960833329230993,-1.5872218255584982
Zona euro,bajo,M-actividad,acciones,M,37,-6.79786875132158,-1.5561975565585688
Zona euro,bajo,M-actividad,acciones,M,38,-7.884047820663116,-1.6747583064186613
Zona euro,bajo,M-actividad,acciones,M,39,-8.772607875298561,-1.683637426512591
Zona euro,bajo,M-actividad,acciones,M,40,-8.32355638680343,-1.5739858715410824
Zona euro,bajo,M-actividad,acciones,M,41,-8.400379186826893,-1.5697332069783236
Zona euro,bajo,M-actividad,acciones,M,42,-8.243639508235617,-1.6535044975034932
Zona euro,bajo,M-actividad,acciones,M,43,-8.393507167474048,-1.6372929618197967
Zona euro,bajo,M-actividad,acciones,M,44,-7.671572028317236,-1.4569303344489624
Zona euro,bajo,M-actividad,acciones,M,45,-6.468819993828163,-1.3112740744694336
Zona euro,bajo,M-actividad,acciones,M,46,-6.401430816202546,-1.0954661481759422
Zona euro,bajo,M-actividad,acciones,M,47,-5.7442402489207725,-0.9907373970890418
Zona euro,bajo,M-actividad,acciones,M,48,-4.531824278393875,-0.7074648594855154
Zona euro,bajo,M-actividad,ipc,M,0,-0.07368595317756925,-1.9997411076799132
Zona euro,bajo,M-actividad,ipc,M,1,-0.1466992915467887,-2.5544122447478625
Zona euro,bajo,M-actividad,ipc,M,2,-0.1556548385643504,-1.7495656047183794
Zona euro,bajo,M-actividad,ipc,M,3,-0.11192999848887193,-0.9351546675669922
Zona euro,bajo,M-actividad,ipc,M,4,-0.13024361065445375,-0.9416417952466557
Zona euro,bajo,M-actividad,ipc,M,5,-0.17967160733844692,-1.0251108972489678
Zona euro,bajo,M-actividad,ipc,M,6,-0.22251544999930173,-1.0342584137908615
Zona euro,bajo,M-actividad,ipc,M,7,-0.20153834372644688,-0.8326630217824356
Zona euro,bajo,M-actividad,ipc,M,8,-0.19597000682202964,-0.6931058363352661
Zona euro,bajo,M-actividad,ipc,M,9,-0.013046251916935106,-0.042530175518408875
Zona euro,bajo,M-actividad,ipc,M,10,0.041777242068441904,0.12317563932554172
Zona euro,bajo,M-actividad,ipc,M,11,-0.008282647771592544,-0.027242435609583986
Zona euro,bajo,M-actividad,ipc,M,12,-0.041289122970704514,-0.12558153523078786
Zona euro,bajo,M-actividad,ipc,M,13,-0.03368663533561154,-0.09909798528371574
Zona euro,bajo,M-actividad,ipc,M,14,-0.016390458893850234,-0.04517628112621455
Zona euro,bajo,M-actividad,ipc,M,15,0.0019444245161520657,0.005154283638243981
Zona euro,bajo,M-actividad,ipc,M,16,-0.0073589198670395255,-0.019756090589492126
Zona euro,bajo,M-actividad,ipc,M,17,-0.039296808860264126,-0.10355891340019101
Zona euro,bajo,M-actividad,ipc,M,18,-0.13660876728347035,-0.3689747233998195
Zona euro,bajo,M-actividad,ipc,M,19,-0.0774914331739723,-0.2018333697039414
Zona euro,bajo,M-actividad,ipc,M,20,-0.0605942115636109,-0.15049655251504845
Zona euro,bajo,M-actividad,ipc,M,21,0.10856051722827569,0.25638508106078883
Zona euro,bajo,M-actividad,ipc,M,22,0.09533037090516405,0.222144235610022
Zona euro,bajo,M-actividad,ipc,M,23,0.2365669726354634,0.5426232856666365
Zona euro,bajo,M-actividad,ipc,M,24,0.26638443559859254,0.5793716901080499
Zona euro,bajo,M-actividad,ipc,M,25,0.3075399220945464,0.6413301814253191
Zona euro,bajo,M-actividad,ipc,M,26,0.366404349886415,0.7397437075317322
Zona euro,bajo,M-actividad,ipc,M,27,0.4526670644728825,0.8690943129878446
Zona euro,bajo,M-actividad,ipc,M,28,0.44282704791392963,0.8173983174713434
Zona euro,bajo,M-actividad,ipc,M,29,0.5021795167491266,0.8817431428765894
Zona euro,bajo,M-actividad,ipc,M,30,0.5923129859202155,0.9624310885384405
Zona euro,bajo,M-actividad,ipc,M,31,0.7564371331371486,1.1541454213386024
Zona euro,bajo,M-actividad,ipc,M,32,0.7179248264221765,1.1383621873876848
Zona euro,bajo,M-actividad,ipc,M,33,0.8357018449299002,1.348265437256928
Zona euro,bajo,M-actividad,ipc,M,34,0.8854981832689964,1.4178584150573985
Zona euro,bajo,M-actividad,ipc,M,35,0.9946423391786242,1.6065321657941425
Zona euro,bajo,M-actividad,ipc,M,36,1.0065933424400737,1.6155668350054886
Zona euro,bajo,M-actividad,ipc,M,37,0.9880653027522882,1.6001422192767825
Zona euro,bajo,M-actividad,ipc,M,38,0.9890807860718184,1.6176793392519004
Zona euro,bajo,M-actividad,ipc,M,39,1.0248635628481748,1.6378426772629515
Zona euro,bajo,M-actividad,ipc,M,40,1.0523345277169893,1.6848097836120333
Zona euro,bajo,M-actividad,ipc,M,41,1.1079193154330595,1.741050278089396
Zona euro,bajo,M-actividad,ipc,M,42,1.0645435044807559,1.6482254639318874
Zona euro,bajo,M-actividad,ipc,M,43,1.083752237699042,1.6722502187079566
Zona euro,bajo,M-actividad,ipc,M,44,1.0375998123518198,1.6931653979674206
Zona euro,bajo,M-actividad,ipc,M,45,1.1582861098301005,1.8768024596416728
Zona euro,bajo,M-actividad,ipc,M,46,1.1900034299890279,1.9338846657528224
Zona euro,bajo,M-actividad,ipc,M,47,1.2744059722942744,2.1986686172916436
Zona euro,bajo,M-actividad,ipc,M,48,1.2114150193865454,2.0453584170915566
Zona euro,bajo,M-actividad,fx,M,0,0.1880873123740019,0.6208121205900181
Zona euro,bajo,M-actividad,fx,M,1,0.2434058537223224,0.5346253894427474
Zona euro,bajo,M-actividad,fx,M,2,-0.051076866716151234,-0.09244609575447567
Zona euro,bajo,M-actividad,fx,M,3,-0.18865312308368634,-0.26467175471042576
Zona euro,bajo,M-actividad,fx,M,4,-0.6435455525519179,-0.7707163173214477
Zona euro,bajo,M-actividad,fx,M,5,-0.91740170498688,-0.9491361838218372
Zona euro,bajo,M-actividad,fx,M,6,-0.7392302955044602,-0.6982595988886521
Zona euro,bajo,M-actividad,fx,M,7,-0.9253609829443141,-0.8812028301169741
Zona euro,bajo,M-actividad,fx,M,8,-0.9878709718593768,-0.8552446014023771
Zona euro,bajo,M-actividad,fx,M,9,-1.0457499561312245,-0.8255910870772168
Zona euro,bajo,M-actividad,fx,M,10,-0.7544422170316926,-0.5637977103014379
Zona euro,bajo,M-actividad,fx,M,11,-0.6119874245679867,-0.4611505793272749
Zona euro,bajo,M-actividad,fx,M,12,-0.9461425104533293,-0.7226789307068533
Zona euro,bajo,M-actividad,fx,M,13,-1.2695859970654706,-0.9369533432097694
Zona euro,bajo,M-actividad,fx,M,14,-1.2257459161492692,-0.8238282342494616
Zona euro,bajo,M-actividad,fx,M,15,-1.45990097667741,-1.0132060854452083
Zona euro,bajo,M-actividad,fx,M,16,-1.5108705605360104,-0.9635994558506175
Zona euro,bajo,M-actividad,fx,M,17,-1.5177404579506788,-0.8999388631585704
Zona euro,bajo,M-actividad,fx,M,18,-2.0981685482502126,-1.227176932771871
Zona euro,bajo,M-actividad,fx,M,19,-2.14339765349084,-1.2244929146284111
Zona euro,bajo,M-actividad,fx,M,20,-2.040723268559478,-1.1558180658391788
Zona euro,bajo,M-actividad,fx,M,21,-2.0820912288164757,-1.1751180052946661
Zona euro,bajo,M-actividad,fx,M,22,-2.4197805370154275,-1.3336575475056156
Zona euro,bajo,M-actividad,fx,M,23,-2.4180702843493322,-1.3209856376369826
Zona euro,bajo,M-actividad,fx,M,24,-2.1903068210514376,-1.1142402594713097
Zona euro,bajo,M-actividad,fx,M,25,-1.846131177128063,-0.8835207253463061
Zona euro,bajo,M-actividad,fx,M,26,-2.068686331787492,-1.0010572869400196
Zona euro,bajo,M-actividad,fx,M,27,-1.6657639566644356,-0.7699995490185582
Zona euro,bajo,M-actividad,fx,M,28,-1.481303046076826,-0.6518027473273625
Zona euro,bajo,M-actividad,fx,M,29,-1.3539977807891699,-0.5725227205616131
Zona euro,bajo,M-actividad,fx,M,30,-1.18100653869909,-0.5048265777734461
Zona euro,bajo,M-actividad,fx,M,31,-1.1551156244118723,-0.4812483638906735
Zona euro,bajo,M-actividad,fx,M,32,-1.4236038104230013,-0.6384755668640656
Zona euro,bajo,M-actividad,fx,M,33,-1.7983723303230035,-0.7925927886384511
Zona euro,bajo,M-actividad,fx,M,34,-1.722110566802949,-0.8097718615768483
Zona euro,bajo,M-actividad,fx,M,35,-1.5677647679437399,-0.6801916807281145
Zona euro,bajo,M-actividad,fx,M,36,-1.9416542529294007,-0.8138990579654023
Zona euro,bajo,M-actividad,fx,M,37,-1.8120903257929173,-0.7530611445547272
Zona euro,bajo,M-actividad,fx,M,38,-1.9253246204497998,-0.7645820347434462
Zona euro,bajo,M-actividad,fx,M,39,-2.331783382086937,-0.9059240385370682
Zona euro,bajo,M-actividad,fx,M,40,-1.9964929296891565,-0.7707935713119763
Zona euro,bajo,M-actividad,fx,M,41,-1.8690831293155308,-0.6841608768472431
Zona euro,bajo,M-actividad,fx,M,42,-1.5854785280274055,-0.5889322595042954
Zona euro,bajo,M-actividad,fx,M,43,-1.89048313340243,-0.701794459714274
Zona euro,bajo,M-actividad,fx,M,44,-2.1685665310966775,-0.7961101619877773
Zona euro,bajo,M-actividad,fx,M,45,-2.410202909737332,-0.8930066703110078
Zona euro,bajo,M-actividad,fx,M,46,-2.389433250865223,-0.8670517591688867
Zona euro,bajo,M-actividad,fx,M,47,-2.420913398477937,-0.8728434759389708
Zona euro,bajo,M-actividad,fx,M,48,-1.9889423901926084,-0.7302630980346485
Zona euro,bajo,M-actividad,vivienda,Q,0,0.0911923912192587,0.7629432186092037
Zona euro,bajo,M-actividad,vivienda,Q,1,-0.10402649257831145,-0.49704416390182166
Zona euro,bajo,M-actividad,vivienda,Q,2,-0.1292069567917634,-0.36386821747223536
Zona euro,bajo,M-actividad,vivienda,Q,3,-0.4349285595387132,-0.9734862411587972
Zona euro,bajo,M-actividad,vivienda,Q,4,-0.4321235652714722,-0.6822859718822559
Zona euro,bajo,M-actividad,vivienda,Q,5,-0.5453599123611803,-0.6367474279670073
Zona euro,bajo,M-actividad,vivienda,Q,6,-0.34510528180239486,-0.3516315496348313
Zona euro,bajo,M-actividad,vivienda,Q,7,-0.471201360331526,-0.44342859562501113
Zona euro,bajo,M-actividad,vivienda,Q,8,-0.40066225675087447,-0.3528556058710688
Zona euro,bajo,M-actividad,vivienda,Q,9,-0.5700978205868383,-0.4940488123632454
Zona euro,bajo,M-actividad,vivienda,Q,10,-1.2487351762390797,-1.1129025379585895
Zona euro,bajo,M-actividad,vivienda,Q,11,-1.6955790791544376,-1.4991840844151
Zona euro,bajo,M-actividad,vivienda,Q,12,-1.6934790717917532,-1.4964572969276042
Zona euro,bajo,M-actividad,credito,Q,0,1.2544638014697096,2.972072137920382
Zona euro,bajo,M-actividad,credito,Q,1,2.097555522687766,3.858742236262992
Zona euro,bajo,M-actividad,credito,Q,2,2.9954032760864764,4.657930078651007
Zona euro,bajo,M-actividad,credito,Q,3,4.082322376587763,5.4118589396790675
Zona euro,bajo,M-actividad,credito,Q,4,4.0405051134155325,5.276440120699876
Zona euro,bajo,M-actividad,credito,Q,5,3.678102307037654,3.899231640792268
Zona euro,bajo,M-actividad,credito,Q,6,3.7035181046459504,3.2781184417418405
Zona euro,bajo,M-actividad,credito,Q,7,3.717438294589964,2.8445180024335013
Zona euro,bajo,M-actividad,credito,Q,8,3.609454153257697,2.62105779986797
Zona euro,bajo,M-actividad,credito,Q,9,3.8788001947798705,2.5682110508760454
Zona euro,bajo,M-actividad,credito,Q,10,3.455923295052049,1.972262181122062
Zona euro,bajo,M-actividad,credito,Q,11,3.2561128453500956,1.6136210980363292
Zona euro,bajo,M-actividad,credito,Q,12,2.2333262539228267,0.9923194532819918
Zona euro,bajo,Exceso+act,tasa,M,0,0.027468987660211188,0.5951239246017143
Zona euro,bajo,Exceso+act,tasa,M,1,0.0626522246090845,0.7271605415953838
Zona euro,bajo,Exceso+act,tasa,M,2,0.09031999699731733,0.7709640895701976
Zona euro,bajo,Exceso+act,tasa,M,3,0.07727391944559825,0.5584073026925135
Zona euro,bajo,Exceso+act,tasa,M,4,0.0845017946918028,0.5568748942415108
Zona euro,bajo,Exceso+act,tasa,M,5,0.14891587113705948,0.904516017122097
Zona euro,bajo,Exceso+act,tasa,M,6,0.2420562479402823,1.3246570925906345
Zona euro,bajo,Exceso+act,tasa,M,7,0.3096048560029121,1.5020987703513353
Zona euro,bajo,Exceso+act,tasa,M,8,0.3622657182122554,1.5580253988251014
Zona euro,bajo,Exceso+act,tasa,M,9,0.4606208879931947,1.76965532757382
Zona euro,bajo,Exceso+act,tasa,M,10,0.4845437244253387,1.7315493104417397
Zona euro,bajo,Exceso+act,tasa,M,11,0.5367522298350905,1.759481354987824
Zona euro,bajo,Exceso+act,tasa,M,12,0.580235200296475,1.7455569824546913
Zona euro,bajo,Exceso+act,tasa,M,13,0.5987979355910212,1.7155569032764835
Zona euro,bajo,Exceso+act,tasa,M,14,0.6178570206375861,1.741363286107425
Zona euro,bajo,Exceso+act,tasa,M,15,0.6676445001903568,1.8246209640984274
Zona euro,bajo,Exceso+act,tasa,M,16,0.6816650537262712,1.8489407346861089
Zona euro,bajo,Exceso+act,tasa,M,17,0.6960655366613936,1.8905156757396622
Zona euro,bajo,Exceso+act,tasa,M,18,0.639908232197304,1.7146152013344573
Zona euro,bajo,Exceso+act,tasa,M,19,0.6437001785668631,1.6979387789763076
Zona euro,bajo,Exceso+act,tasa,M,20,0.6072761859449585,1.5856440198025903
Zona euro,bajo,Exceso+act,tasa,M,21,0.5945721887290636,1.5746284570305296
Zona euro,bajo,Exceso+act,tasa,M,22,0.564935474572834,1.5025090249714372
Zona euro,bajo,Exceso+act,tasa,M,23,0.5050665115295292,1.3204227000515112
Zona euro,bajo,Exceso+act,tasa,M,24,0.45869489106775796,1.1488133541442866
Zona euro,bajo,Exceso+act,tasa,M,25,0.4354937141440701,1.0711949333750073
Zona euro,bajo,Exceso+act,tasa,M,26,0.4000923951837687,0.9421473291437595
Zona euro,bajo,Exceso+act,tasa,M,27,0.3859279554245943,0.8768589550251805
Zona euro,bajo,Exceso+act,tasa,M,28,0.38880853191782494,0.8580709448721908
Zona euro,bajo,Exceso+act,tasa,M,29,0.44424144641663976,0.9586234163900711
Zona euro,bajo,Exceso+act,tasa,M,30,0.5437892699247552,1.1370000851323039
Zona euro,bajo,Exceso+act,tasa,M,31,0.6073496415181189,1.2304618249560209
Zona euro,bajo,Exceso+act,tasa,M,32,0.6386645381176514,1.252993583699697
Zona euro,bajo,Exceso+act,tasa,M,33,0.631393797787212,1.2302807659113746
Zona euro,bajo,Exceso+act,tasa,M,34,0.6290960738944454,1.1605624367253864
Zona euro,bajo,Exceso+act,tasa,M,35,0.4835596113316212,0.752874337207231
Zona euro,bajo,Exceso+act,tasa,M,36,0.44145415549887146,0.6541546541147593
Zona euro,bajo,Exceso+act,tasa,M,37,0.5403899393486017,0.8118285361007247
Zona euro,bajo,Exceso+act,tasa,M,38,0.7548509623541036,1.2355669527523225
Zona euro,bajo,Exceso+act,tasa,M,39,0.8188896535960088,1.3153403145770597
Zona euro,bajo,Exceso+act,tasa,M,40,0.864439749000992,1.4266636128562458
Zona euro,bajo,Exceso+act,tasa,M,41,1.0217796719878482,1.789886939074579
Zona euro,bajo,Exceso+act,tasa,M,42,1.042113031266497,1.7425212663205056
Zona euro,bajo,Exceso+act,tasa,M,43,1.0913527275971493,1.8022781702804014
Zona euro,bajo,Exceso+act,tasa,M,44,1.5512997409188853,2.545526424672304
Zona euro,bajo,Exceso+act,tasa,M,45,1.6655594571844763,2.684224191966659
Zona euro,bajo,Exceso+act,tasa,M,46,1.6776364203237648,2.638825097078086
Zona euro,bajo,Exceso+act,tasa,M,47,2.0511210253420895,2.418958656774725
Zona euro,bajo,Exceso+act,tasa,M,48,1.995083776994811,2.2956537645956296
Zona euro,bajo,Exceso+act,acciones,M,0,-2.373033488211828,-0.9382368789787728
Zona euro,bajo,Exceso+act,acciones,M,1,-1.4595184345747898,-0.4238118316205007
Zona euro,bajo,Exceso+act,acciones,M,2,-0.17143840595178889,-0.04742237985312594
Zona euro,bajo,Exceso+act,acciones,M,3,1.1839239808715538,0.3208174747066715
Zona euro,bajo,Exceso+act,acciones,M,4,1.5681065903076126,0.41145296931288755
Zona euro,bajo,Exceso+act,acciones,M,5,-0.015264519154426281,-0.0034456566320911408
Zona euro,bajo,Exceso+act,acciones,M,6,0.6094511142847211,0.12203682098527943
Zona euro,bajo,Exceso+act,acciones,M,7,1.2043320878187105,0.22374784120861355
Zona euro,bajo,Exceso+act,acciones,M,8,0.7586343554089426,0.12830106273694156
Zona euro,bajo,Exceso+act,acciones,M,9,1.1454908232012606,0.19284770160545933
Zona euro,bajo,Exceso+act,acciones,M,10,2.185388791977391,0.3730198513032239
Zona euro,bajo,Exceso+act,acciones,M,11,2.338245131202856,0.38700956239328255
Zona euro,bajo,Exceso+act,acciones,M,12,1.7996228312608262,0.30747113335380705
Zona euro,bajo,Exceso+act,acciones,M,13,2.352940564897187,0.3986614894713897
Zona euro,bajo,Exceso+act,acciones,M,14,3.1007950574107186,0.49086391848590144
Zona euro,bajo,Exceso+act,acciones,M,15,2.5993746388372694,0.4351312091846446
Zona euro,bajo,Exceso+act,acciones,M,16,1.8928919878426624,0.29794479956913045
Zona euro,bajo,Exceso+act,acciones,M,17,0.578128549804068,0.08059033581603717
Zona euro,bajo,Exceso+act,acciones,M,18,0.2181342427705827,0.031258155012932894
Zona euro,bajo,Exceso+act,acciones,M,19,-0.4579997756250289,-0.06088927822480158
Zona euro,bajo,Exceso+act,acciones,M,20,-2.0137942391035004,-0.24040727649354351
Zona euro,bajo,Exceso+act,acciones,M,21,-5.172493134617273,-0.6036395424212321
Zona euro,bajo,Exceso+act,acciones,M,22,-6.45817329815193,-0.7488640096078973
Zona euro,bajo,Exceso+act,acciones,M,23,-6.471076842736922,-0.7909007295306638
Zona euro,bajo,Exceso+act,acciones,M,24,-6.083045084691161,-0.7250412717039719
Zona euro,bajo,Exceso+act,acciones,M,25,-6.7919343055305115,-0.7682853473699899
Zona euro,bajo,Exceso+act,acciones,M,26,-5.93652223380346,-0.684580765470301
Zona euro,bajo,Exceso+act,acciones,M,27,-4.786316739086542,-0.5992066441633481
Zona euro,bajo,Exceso+act,acciones,M,28,-5.521558571704301,-0.651683566380282
Zona euro,bajo,Exceso+act,acciones,M,29,-4.725647928963566,-0.6072879724974214
Zona euro,bajo,Exceso+act,acciones,M,30,-4.14919432600319,-0.5324121982500359
Zona euro,bajo,Exceso+act,acciones,M,31,-2.496142621652197,-0.3132054214503436
Zona euro,bajo,Exceso+act,acciones,M,32,2.033511316699992,0.2879585914379685
Zona euro,bajo,Exceso+act,acciones,M,33,4.022662201638306,0.5939493906362846
Zona euro,bajo,Exceso+act,acciones,M,34,3.8984670989187187,0.5569477334271805
Zona euro,bajo,Exceso+act,acciones,M,35,2.3944979275255265,0.3309882472036786
Zona euro,bajo,Exceso+act,acciones,M,36,2.3452200687778255,0.3270585800224595
Zona euro,bajo,Exceso+act,acciones,M,37,2.9857109176867076,0.4545857108256057
Zona euro,bajo,Exceso+act,acciones,M,38,-1.6642385838861262,-0.24719605038628015
Zona euro,bajo,Exceso+act,acciones,M,39,-3.9593541836324255,-0.5325265282642961
Zona euro,bajo,Exceso+act,acciones,M,40,-1.360757655903329,-0.20929340767377624
Zona euro,bajo,Exceso+act,acciones,M,41,-1.1777445393785115,-0.16602564400748956
Zona euro,bajo,Exceso+act,acciones,M,42,-2.4336801907962307,-0.30393089472451446
Zona euro,bajo,Exceso+act,acciones,M,43,-5.311316005791996,-0.658110869996357
Zona euro,bajo,Exceso+act,acciones,M,44,-6.283939134860729,-0.7206580176131279
Zona euro,bajo,Exceso+act,acciones,M,45,-5.989515164410288,-0.6332098562975572
Zona euro,bajo,Exceso+act,acciones,M,46,-9.057887622651675,-0.8830687068202543
Zona euro,bajo,Exceso+act,acciones,M,47,-6.374187931452763,-0.6344068698896137
Zona euro,bajo,Exceso+act,acciones,M,48,-6.041148874362191,-0.5703864341832834
Zona euro,bajo,Exceso+act,ipc,M,0,-0.1691057020485432,-1.4877067175834298
Zona euro,bajo,Exceso+act,ipc,M,1,-0.05362645314788501,-0.32157056884396096
Zona euro,bajo,Exceso+act,ipc,M,2,0.30359956483705797,1.3471148477174457
Zona euro,bajo,Exceso+act,ipc,M,3,0.523618076100764,2.0318163466493004
Zona euro,bajo,Exceso+act,ipc,M,4,0.5936537005408278,2.2422040046938565
Zona euro,bajo,Exceso+act,ipc,M,5,0.6709390989383003,2.0920230619849622
Zona euro,bajo,Exceso+act,ipc,M,6,0.4806717517201071,1.3070978305169958
Zona euro,bajo,Exceso+act,ipc,M,7,0.4502876407265865,1.0987764911188243
Zona euro,bajo,Exceso+act,ipc,M,8,0.5666881493444302,1.2878162402559308
Zona euro,bajo,Exceso+act,ipc,M,9,0.683550039429385,1.6161514665549397
Zona euro,bajo,Exceso+act,ipc,M,10,0.6217564858634999,1.5423980898531253
Zona euro,bajo,Exceso+act,ipc,M,11,0.482652024931884,1.2095012564415333
Zona euro,bajo,Exceso+act,ipc,M,12,0.3782743051126951,0.8612874755174442
Zona euro,bajo,Exceso+act,ipc,M,13,0.3977023768703763,0.8485549958317653
Zona euro,bajo,Exceso+act,ipc,M,14,0.6421563307834647,1.2771617476671133
Zona euro,bajo,Exceso+act,ipc,M,15,0.7826508817217561,1.564882703662845
Zona euro,bajo,Exceso+act,ipc,M,16,0.6872155067181173,1.4650428238010071
Zona euro,bajo,Exceso+act,ipc,M,17,0.6249179599568431,1.1792743480198864
Zona euro,bajo,Exceso+act,ipc,M,18,0.5627498351023732,1.0584518931886615
Zona euro,bajo,Exceso+act,ipc,M,19,0.5753975001990479,1.07648636024527
Zona euro,bajo,Exceso+act,ipc,M,20,0.6882431294064659,1.2530809350900363
Zona euro,bajo,Exceso+act,ipc,M,21,0.8233374892602014,1.4287524535050247
Zona euro,bajo,Exceso+act,ipc,M,22,0.892107043337611,1.3858450804624485
Zona euro,bajo,Exceso+act,ipc,M,23,0.9837232613206317,1.3595726190665167
Zona euro,bajo,Exceso+act,ipc,M,24,0.9975724661815526,1.1822646930364686
Zona euro,bajo,Exceso+act,ipc,M,25,1.1896062429366208,1.360968898673174
Zona euro,bajo,Exceso+act,ipc,M,26,1.4466727297110293,1.5755610467454035
Zona euro,bajo,Exceso+act,ipc,M,27,1.5471208108790737,1.5931017317627798
Zona euro,bajo,Exceso+act,ipc,M,28,1.599318338630039,1.5481522160244328
Zona euro,bajo,Exceso+act,ipc,M,29,1.8531451073714496,1.7838342387458113
Zona euro,bajo,Exceso+act,ipc,M,30,1.9038887830758435,1.7307332819280374
Zona euro,bajo,Exceso+act,ipc,M,31,2.09524775819401,1.7308012767712535
Zona euro,bajo,Exceso+act,ipc,M,32,2.150512993137433,1.7956288853278197
Zona euro,bajo,Exceso+act,ipc,M,33,2.1673715986466933,1.8353005269552387
Zona euro,bajo,Exceso+act,ipc,M,34,2.172090964633499,1.7770891783947713
Zona euro,bajo,Exceso+act,ipc,M,35,1.967282407958822,1.4955639001045244
Zona euro,bajo,Exceso+act,ipc,M,36,2.035206925687501,1.517362643910649
Zona euro,bajo,Exceso+act,ipc,M,37,2.183689309200352,1.6003478166572067
Zona euro,bajo,Exceso+act,ipc,M,38,2.4723799182259962,1.7655722194239896
Zona euro,bajo,Exceso+act,ipc,M,39,2.5221102379584655,1.7250460001158456
Zona euro,bajo,Exceso+act,ipc,M,40,2.5628559049642177,1.768056701944497
Zona euro,bajo,Exceso+act,ipc,M,41,2.8926961612098,1.966272069392574
Zona euro,bajo,Exceso+act,ipc,M,42,2.7829149334484873,1.8356838470906256
Zona euro,bajo,Exceso+act,ipc,M,43,2.65199371380567,1.7635343418015539
Zona euro,bajo,Exceso+act,ipc,M,44,3.1599937497746295,2.143116074239778
Zona euro,bajo,Exceso+act,ipc,M,45,3.1116105332250408,2.0551409149652775
Zona euro,bajo,Exceso+act,ipc,M,46,3.1479986998623364,2.0121407554597632
Zona euro,bajo,Exceso+act,ipc,M,47,3.6004054997591264,2.1467642536833083
Zona euro,bajo,Exceso+act,ipc,M,48,3.618115498960265,2.167829617015182
Zona euro,bajo,Exceso+act,fx,M,0,1.0442459371722044,1.7057143939259818
Zona euro,bajo,Exceso+act,fx,M,1,2.3382011960048517,1.8650822590143314
Zona euro,bajo,Exceso+act,fx,M,2,0.9874197818851597,0.592906909444633
Zona euro,bajo,Exceso+act,fx,M,3,0.8085929363065009,0.38889593170290176
Zona euro,bajo,Exceso+act,fx,M,4,0.9782259424085245,0.3838107772126786
Zona euro,bajo,Exceso+act,fx,M,5,0.5710030061410369,0.20918215876146654
Zona euro,bajo,Exceso+act,fx,M,6,0.5841011806014311,0.2203783246964741
Zona euro,bajo,Exceso+act,fx,M,7,0.057659241694242025,0.02169845185074215
Zona euro,bajo,Exceso+act,fx,M,8,-1.5780634730142453,-0.542599995406913
Zona euro,bajo,Exceso+act,fx,M,9,-1.782921992570069,-0.6049037565110142
Zona euro,bajo,Exceso+act,fx,M,10,-1.9339625321860061,-0.6142193668338901
Zona euro,bajo,Exceso+act,fx,M,11,-1.9601743272886922,-0.6237194314182982
Zona euro,bajo,Exceso+act,fx,M,12,-1.4168884704281584,-0.45058087364455246
Zona euro,bajo,Exceso+act,fx,M,13,-2.0643382406304416,-0.6745844996079483
Zona euro,bajo,Exceso+act,fx,M,14,-3.169900659458079,-1.0030018532356062
Zona euro,bajo,Exceso+act,fx,M,15,-4.7912802440588385,-1.739594154130373
Zona euro,bajo,Exceso+act,fx,M,16,-5.014735388267851,-1.760323199942667
Zona euro,bajo,Exceso+act,fx,M,17,-4.993044899238033,-1.7483964534898369
Zona euro,bajo,Exceso+act,fx,M,18,-5.992213293952406,-2.0623017630067917
Zona euro,bajo,Exceso+act,fx,M,19,-6.625792664304557,-2.29561307273696
Zona euro,bajo,Exceso+act,fx,M,20,-5.043394309553963,-1.812334721558457
Zona euro,bajo,Exceso+act,fx,M,21,-3.9622217229848706,-1.365951239103985
Zona euro,bajo,Exceso+act,fx,M,22,-3.9865300243120805,-1.4138895385691495
Zona euro,bajo,Exceso+act,fx,M,23,-3.3417819435179017,-1.1054163512489081
Zona euro,bajo,Exceso+act,fx,M,24,-2.6640291504935774,-0.8082537026042217
Zona euro,bajo,Exceso+act,fx,M,25,-2.2101822244163216,-0.6683706670368349
Zona euro,bajo,Exceso+act,fx,M,26,-2.0036971595743487,-0.5969218504167869
Zona euro,bajo,Exceso+act,fx,M,27,-1.6629976333663257,-0.48326290477671263
Zona euro,bajo,Exceso+act,fx,M,28,-0.23336988729181107,-0.06327344155131642
Zona euro,bajo,Exceso+act,fx,M,29,0.9669508867728078,0.25797175345424683
Zona euro,bajo,Exceso+act,fx,M,30,1.0625579664387417,0.2676659114552875
Zona euro,bajo,Exceso+act,fx,M,31,0.23107641618817096,0.06604592644702136
Zona euro,bajo,Exceso+act,fx,M,32,-0.2884504269430592,-0.09012838023294308
Zona euro,bajo,Exceso+act,fx,M,33,-2.050251663619049,-0.6631982159749474
Zona euro,bajo,Exceso+act,fx,M,34,-2.313025354808912,-0.6635396951947026
Zona euro,bajo,Exceso+act,fx,M,35,-1.7929043358504264,-0.505209588068519
Zona euro,bajo,Exceso+act,fx,M,36,-3.0249302590241633,-0.8454576016674683
Zona euro,bajo,Exceso+act,fx,M,37,-3.6798444197279814,-0.8784997736197808
Zona euro,bajo,Exceso+act,fx,M,38,-3.022728037637359,-0.6645201463899709
Zona euro,bajo,Exceso+act,fx,M,39,-3.3971356631799696,-0.7651926257621713
Zona euro,bajo,Exceso+act,fx,M,40,-3.315100587689553,-0.7186172521958873
Zona euro,bajo,Exceso+act,fx,M,41,-3.97220626459589,-0.946451411889875
Zona euro,bajo,Exceso+act,fx,M,42,-4.0634233134016196,-0.9457850456531032
Zona euro,bajo,Exceso+act,fx,M,43,-4.168512804063158,-0.9300354016291436
Zona euro,bajo,Exceso+act,fx,M,44,-4.983349318104061,-1.254730619119928
Zona euro,bajo,Exceso+act,fx,M,45,-6.026178401143622,-1.614288950728518
Zona euro,bajo,Exceso+act,fx,M,46,-5.956379080175374,-1.6837075417085985
Zona euro,bajo,Exceso+act,fx,M,47,-5.85584519419438,-1.5647504143329845
Zona euro,bajo,Exceso+act,fx,M,48,-5.56601696852011,-1.5482136640840984
Zona euro,bajo,Exceso+act,vivienda,Q,0,-0.009687644203180992,-0.032511732022663185
Zona euro,bajo,Exceso+act,vivienda,Q,1,-0.6963087737422264,-1.2674564212479889
Zona euro,bajo,Exceso+act,vivienda,Q,2,-0.6595719552837299,-0.882937170503515
Zona euro,bajo,Exceso+act,vivienda,Q,3,-1.2003487253231035,-1.3061834894688795
Zona euro,bajo,Exceso+act,vivienda,Q,4,-1.2765814646598639,-1.0679262256904174
Zona euro,bajo,Exceso+act,vivienda,Q,5,-1.7348028465235672,-1.201423141185565
Zona euro,bajo,Exceso+act,vivienda,Q,6,-1.651122218285683,-0.9727193273253638
Zona euro,bajo,Exceso+act,vivienda,Q,7,-2.654186165442454,-1.3506814135434124
Zona euro,bajo,Exceso+act,vivienda,Q,8,-3.094411001624832,-1.3341522067341063
Zona euro,bajo,Exceso+act,vivienda,Q,9,-3.9086187416635263,-1.5364984480264348
Zona euro,bajo,Exceso+act,vivienda,Q,10,-6.100639518007316,-2.122904491731924
Zona euro,bajo,Exceso+act,vivienda,Q,11,-6.770542074039156,-2.049169727180388
Zona euro,bajo,Exceso+act,vivienda,Q,12,-7.4173561115623565,-2.173197006192998
Zona euro,bajo,Exceso+act,credito,Q,0,2.977994191938716,4.774557395867503
Zona euro,bajo,Exceso+act,credito,Q,1,3.8993851747666253,4.426237992409814
Zona euro,bajo,Exceso+act,credito,Q,2,4.03892907828999,3.9741730256199914
Zona euro,bajo,Exceso+act,credito,Q,3,4.413482285007011,3.2698477936355883
Zona euro,bajo,Exceso+act,credito,Q,4,4.383868937114668,2.3188695306636844
Zona euro,bajo,Exceso+act,credito,Q,5,3.966037440290503,1.6975473051162362
Zona euro,bajo,Exceso+act,credito,Q,6,4.763577408211417,1.8378543918463826
Zona euro,bajo,Exceso+act,credito,Q,7,5.026269312090064,1.76024632859972
Zona euro,bajo,Exceso+act,credito,Q,8,5.675278455103486,1.5633554533392593
Zona euro,bajo,Exceso+act,credito,Q,9,7.559270537975613,1.8752820323587518
Zona euro,bajo,Exceso+act,credito,Q,10,6.38272065964256,1.287426148220102
Zona euro,bajo,Exceso+act,credito,Q,11,5.258545494678998,0.9350087125067084
Zona euro,bajo,Exceso+act,credito,Q,12,2.5791568465953976,0.37742327002550907
Canadá,bajo,Exceso,tasa,M,0,-0.0834106927088875,-2.017896646038848
Canadá,bajo,Exceso,tasa,M,1,-0.05503791981044579,-0.8169460157147286
Canadá,bajo,Exceso,tasa,M,2,-0.09552927517893796,-1.1066787830522908
Canadá,bajo,Exceso,tasa,M,3,-0.029646247785491214,-0.2907997388955263
Canadá,bajo,Exceso,tasa,M,4,0.013117112534725367,0.10635427680512956
Canadá,bajo,Exceso,tasa,M,5,0.00757329207512884,0.05646821349728084
Canadá,bajo,Exceso,tasa,M,6,-0.02364490808719456,-0.14328135794315053
Canadá,bajo,Exceso,tasa,M,7,-0.0048840492385452,-0.0246663416602372
Canadá,bajo,Exceso,tasa,M,8,0.02186708610830318,0.09745255340059433
Canadá,bajo,Exceso,tasa,M,9,0.11251282687307984,0.43909006433615155
Canadá,bajo,Exceso,tasa,M,10,0.10337707158785034,0.3627742298014774
Canadá,bajo,Exceso,tasa,M,11,0.07558616618920899,0.23046796103950676
Canadá,bajo,Exceso,tasa,M,12,0.06236357889997406,0.17796617865319247
Canadá,bajo,Exceso,tasa,M,13,0.010508291835559222,0.027272200113028996
Canadá,bajo,Exceso,tasa,M,14,0.02222952772307147,0.053918654404042574
Canadá,bajo,Exceso,tasa,M,15,0.005437765013411486,0.012663325372016077
Canadá,bajo,Exceso,tasa,M,16,-0.024816011576731446,-0.053873947625107256
Canadá,bajo,Exceso,tasa,M,17,-0.025491274179530645,-0.05338411543272633
Canadá,bajo,Exceso,tasa,M,18,-0.0414048950458555,-0.08438395020512342
Canadá,bajo,Exceso,tasa,M,19,-0.07767216170803201,-0.15337075520846302
Canadá,bajo,Exceso,tasa,M,20,-0.07808318474296844,-0.15109734530441762
Canadá,bajo,Exceso,tasa,M,21,-0.1279185316719627,-0.24393755797663938
Canadá,bajo,Exceso,tasa,M,22,-0.10874949093170994,-0.20151134082832375
Canadá,bajo,Exceso,tasa,M,23,-0.0394760428145092,-0.07424654632866562
Canadá,bajo,Exceso,tasa,M,24,-0.025280102912614493,-0.04763694650897679
Canadá,bajo,Exceso,tasa,M,25,0.004705625720475736,0.008689261488831921
Canadá,bajo,Exceso,tasa,M,26,0.050278899228191905,0.09256940615658028
Canadá,bajo,Exceso,tasa,M,27,0.14468464378155238,0.2652269338189618
Canadá,bajo,Exceso,tasa,M,28,0.15326081822118148,0.27111973461602357
Canadá,bajo,Exceso,tasa,M,29,0.2559838478370184,0.4493429420413409
Canadá,bajo,Exceso,tasa,M,30,0.3293003063276018,0.5722151071991753
Canadá,bajo,Exceso,tasa,M,31,0.3625436593213305,0.6212007064570599
Canadá,bajo,Exceso,tasa,M,32,0.40922698788926604,0.7297614682824678
Canadá,bajo,Exceso,tasa,M,33,0.4297085583143955,0.7673176735025808
Canadá,bajo,Exceso,tasa,M,34,0.40630246811738685,0.748366428099329
Canadá,bajo,Exceso,tasa,M,35,0.4313400957004942,0.8172540386551614
Canadá,bajo,Exceso,tasa,M,36,0.454663687415287,0.8588712071275635
Canadá,bajo,Exceso,tasa,M,37,0.46847964450897633,0.8900779701798351
Canadá,bajo,Exceso,tasa,M,38,0.5326708404322259,1.0328869233290923
Canadá,bajo,Exceso,tasa,M,39,0.5599749086173161,1.066663229041842
Canadá,bajo,Exceso,tasa,M,40,0.6136909322698122,1.1594839365551752
Canadá,bajo,Exceso,tasa,M,41,0.5970486101955008,1.1147494728051588
Canadá,bajo,Exceso,tasa,M,42,0.6057016020347963,1.131053382660563
Canadá,bajo,Exceso,tasa,M,43,0.5830423910027076,1.073365202085847
Canadá,bajo,Exceso,tasa,M,44,0.582017682047496,1.0778949351438298
Canadá,bajo,Exceso,tasa,M,45,0.6258458492053095,1.1435023557863608
Canadá,bajo,Exceso,tasa,M,46,0.6043510402057638,1.0980212426987879
Canadá,bajo,Exceso,tasa,M,47,0.5391539850922095,0.9708346976107376
Canadá,bajo,Exceso,tasa,M,48,0.4932001816715137,0.9058923467904575
Canadá,bajo,Exceso,acciones,M,0,-1.251163679409988,-1.6506732607448549
Canadá,bajo,Exceso,acciones,M,1,-0.2676140173276326,-0.23045745041928867
Canadá,bajo,Exceso,acciones,M,2,-1.2338434998352497,-0.8823596432894963
Canadá,bajo,Exceso,acciones,M,3,-2.3904792004223188,-1.600164571161585
Canadá,bajo,Exceso,acciones,M,4,-2.862160823129408,-1.7913027933292736
Canadá,bajo,Exceso,acciones,M,5,-3.3759015260575835,-1.7662392793116914
Canadá,bajo,Exceso,acciones,M,6,-2.916815160677101,-1.1855455081072115
Canadá,bajo,Exceso,acciones,M,7,-1.4745682277156578,-0.5039743209108223
Canadá,bajo,Exceso,acciones,M,8,-1.969817414198777,-0.6341040877382195
Canadá,bajo,Exceso,acciones,M,9,-1.7898408287963246,-0.5422275056987772
Canadá,bajo,Exceso,acciones,M,10,-1.0079779523850765,-0.30519276104210846
Canadá,bajo,Exceso,acciones,M,11,-1.294561606185705,-0.37790591046542116
Canadá,bajo,Exceso,acciones,M,12,-0.8157666800122052,-0.25117611481696894
Canadá,bajo,Exceso,acciones,M,13,-1.2623960465666608,-0.3728530644508809
Canadá,bajo,Exceso,acciones,M,14,-2.4366883462063846,-0.679586524239545
Canadá,bajo,Exceso,acciones,M,15,-2.4570464552396376,-0.6388492204029433
Canadá,bajo,Exceso,acciones,M,16,-2.3694296352798045,-0.5953492102431633
Canadá,bajo,Exceso,acciones,M,17,-3.676165815721575,-0.9413002852247679
Canadá,bajo,Exceso,acciones,M,18,-3.7308588684279425,-0.8907771227331065
Canadá,bajo,Exceso,acciones,M,19,-4.5856389820753245,-1.080666578050487
Canadá,bajo,Exceso,acciones,M,20,-4.993530470807364,-1.2251870916737295
Canadá,bajo,Exceso,acciones,M,21,-4.815088115968078,-1.188022700633394
Canadá,bajo,Exceso,acciones,M,22,-6.109852238086323,-1.4836502263213436
Canadá,bajo,Exceso,acciones,M,23,-6.383044823699905,-1.4066766604003824
Canadá,bajo,Exceso,acciones,M,24,-7.279410597324813,-1.5839006979861876
Canadá,bajo,Exceso,acciones,M,25,-8.17374258044547,-1.7574130726741892
Canadá,bajo,Exceso,acciones,M,26,-7.363526771682758,-1.5792574807549338
Canadá,bajo,Exceso,acciones,M,27,-6.5766966902301185,-1.4582582902452308
Canadá,bajo,Exceso,acciones,M,28,-6.4961990793764075,-1.4078607353231434
Canadá,bajo,Exceso,acciones,M,29,-6.845400362130122,-1.5303825321074198
Canadá,bajo,Exceso,acciones,M,30,-6.989160557889341,-1.585463178217864
Canadá,bajo,Exceso,acciones,M,31,-7.149618423997472,-1.6279348562184808
Canadá,bajo,Exceso,acciones,M,32,-5.479801166657542,-1.2487081297014548
Canadá,bajo,Exceso,acciones,M,33,-4.991119009841652,-1.0797978109451911
Canadá,bajo,Exceso,acciones,M,34,-4.256811753396425,-0.948549193570424
Canadá,bajo,Exceso,acciones,M,35,-4.28347755114788,-1.0331615049251583
Canadá,bajo,Exceso,acciones,M,36,-4.741086384786983,-1.2460120788738078
Canadá,bajo,Exceso,acciones,M,37,-5.340403290004068,-1.545203708114148
Canadá,bajo,Exceso,acciones,M,38,-5.238361349867061,-1.4848014884843448
Canadá,bajo,Exceso,acciones,M,39,-5.651260311225146,-1.5803888997695505
Canadá,bajo,Exceso,acciones,M,40,-6.460833832338474,-1.7874690945730303
Canadá,bajo,Exceso,acciones,M,41,-6.234240592814698,-1.6240814689500125
Canadá,bajo,Exceso,acciones,M,42,-7.200343152479629,-1.6528419694182646
Canadá,bajo,Exceso,acciones,M,43,-7.124429834173332,-1.611001941127282
Canadá,bajo,Exceso,acciones,M,44,-7.500087962272555,-1.7424699539949902
Canadá,bajo,Exceso,acciones,M,45,-8.407640792326248,-1.8687540362095563
Canadá,bajo,Exceso,acciones,M,46,-7.667952045578696,-1.804252543899537
Canadá,bajo,Exceso,acciones,M,47,-7.9805504332695545,-1.8010695942441823
Canadá,bajo,Exceso,acciones,M,48,-9.207079255580936,-1.8914631659795675
Canadá,bajo,Exceso,salario,M,0,-0.29594448075903895,-0.9144543825953
Canadá,bajo,Exceso,salario,M,1,-0.12189040431739871,-0.3432999502341426
Canadá,bajo,Exceso,salario,M,2,0.12979053526124196,0.30804319680493925
Canadá,bajo,Exceso,salario,M,3,-0.22097917450903995,-0.5130774553392767
Canadá,bajo,Exceso,salario,M,4,0.21090355549152762,0.5001546247443676
Canadá,bajo,Exceso,salario,M,5,0.0861775581345225,0.1910294629470851
Canadá,bajo,Exceso,salario,M,6,0.5849072445514537,1.1167827442626608
Canadá,bajo,Exceso,salario,M,7,0.5239375327973441,0.9234964869371197
Canadá,bajo,Exceso,salario,M,8,0.6401964692877593,1.4262679888458052
Canadá,bajo,Exceso,salario,M,9,0.33890239711739195,0.6858577926105424
Canadá,bajo,Exceso,salario,M,10,0.49247138292828,1.2061353588999837
Canadá,bajo,Exceso,salario,M,11,0.13141392234165494,0.3022319368227929
Canadá,bajo,Exceso,salario,M,12,0.44052654821880954,0.8506679253214747
Canadá,bajo,Exceso,salario,M,13,-0.25207397688509414,-0.4983186115622429
Canadá,bajo,Exceso,salario,M,14,0.24236501963337048,0.49004545747803363
Canadá,bajo,Exceso,salario,M,15,0.10289200015734916,0.23851127350619317
Canadá,bajo,Exceso,salario,M,16,-0.6040673128445082,-1.2939174214539215
Canadá,bajo,Exceso,salario,M,17,-0.34645681485280044,-0.6557516402784788
Canadá,bajo,Exceso,salario,M,18,-0.012467893953827693,-0.022740000168009675
Canadá,bajo,Exceso,salario,M,19,0.03459017484425708,0.06914283395619227
Canadá,bajo,Exceso,salario,M,20,-0.2772337902750676,-0.657268466287392
Canadá,bajo,Exceso,salario,M,21,-0.10375440587878666,-0.1783149971620457
Canadá,bajo,Exceso,salario,M,22,-0.7057827474162292,-1.2884673393972161
Canadá,bajo,Exceso,salario,M,23,-0.7323370164107709,-1.3207842554880558
Canadá,bajo,Exceso,salario,M,24,-1.3448491062988892,-2.932379947673234
Canadá,bajo,Exceso,salario,M,25,-0.8657419083084479,-1.6760019050365769
Canadá,bajo,Exceso,salario,M,26,-1.1848632157630234,-2.083627856978039
Canadá,bajo,Exceso,salario,M,27,-1.5695401092875738,-2.452439910070091
Canadá,bajo,Exceso,salario,M,28,-0.33403207990569345,-0.8285940973203108
Canadá,bajo,Exceso,salario,M,29,-0.7610640322787033,-1.6568720548617897
Canadá,bajo,Exceso,salario,M,30,-0.6475835187097596,-1.6706664093654202
Canadá,bajo,Exceso,salario,M,31,-1.110258222238052,-1.9580592175463558
Canadá,bajo,Exceso,salario,M,32,-0.4786509364801859,-0.9036415044892212
Canadá,bajo,Exceso,salario,M,33,-0.21715186991247346,-0.3768270581062822
Canadá,bajo,Exceso,salario,M,34,0.37704434723151115,0.6714990973388099
Canadá,bajo,Exceso,salario,M,35,0.2354805262193707,0.4076976308045289
Canadá,bajo,Exceso,salario,M,36,0.6647554671058312,0.7704605564710645
Canadá,bajo,Exceso,salario,M,37,-0.4509194345882952,-0.9723239874018418
Canadá,bajo,Exceso,salario,M,38,-0.4666361771532582,-1.01251351670853
Canadá,bajo,Exceso,salario,M,39,0.20486882844867113,0.37255668449666685
Canadá,bajo,Exceso,salario,M,40,-0.9736680297320366,-1.6095979114051016
Canadá,bajo,Exceso,salario,M,41,-0.498759970680857,-0.7606399460974489
Canadá,bajo,Exceso,salario,M,42,-0.18700932682753116,-0.33851187614233225
Canadá,bajo,Exceso,salario,M,43,0.12206746815564726,0.23038154296989147
Canadá,bajo,Exceso,salario,M,44,0.11162237550624789,0.17312134855935288
Canadá,bajo,Exceso,salario,M,45,0.03912387538019312,0.07570286736760465
Canadá,bajo,Exceso,salario,M,46,-0.37524903911532137,-0.7464147606379454
Canadá,bajo,Exceso,salario,M,47,-0.7032281218887114,-1.3390646851255845
Canadá,bajo,Exceso,salario,M,48,-1.4333794395302304,-1.868970791656007
Canadá,bajo,Exceso,ipc,M,0,0.20828934910305816,3.1297062534081705
Canadá,bajo,Exceso,ipc,M,1,0.2469675256750309,2.582464483287517
Canadá,bajo,Exceso,ipc,M,2,0.2602891758684925,2.2627413061117148
Canadá,bajo,Exceso,ipc,M,3,0.335729041465904,2.2805002274698234
Canadá,bajo,Exceso,ipc,M,4,0.44184504846974615,2.467542329354989
Canadá,bajo,Exceso,ipc,M,5,0.4208043731042394,1.9434664480485093
Canadá,bajo,Exceso,ipc,M,6,0.34016151774048475,1.3495127538217835
Canadá,bajo,Exceso,ipc,M,7,0.38756999159272026,1.2669366822967154
Canadá,bajo,Exceso,ipc,M,8,0.49382387597251753,1.6102481345511528
Canadá,bajo,Exceso,ipc,M,9,0.5206912220185579,1.718354817042798
Canadá,bajo,Exceso,ipc,M,10,0.6639557364806601,2.260901415980424
Canadá,bajo,Exceso,ipc,M,11,0.7280525186605011,2.666982300003578
Canadá,bajo,Exceso,ipc,M,12,0.7256630635847274,2.566772979334615
Canadá,bajo,Exceso,ipc,M,13,0.8030368150135099,2.9555100064503996
Canadá,bajo,Exceso,ipc,M,14,0.8034239855413049,3.057090779347578
Canadá,bajo,Exceso,ipc,M,15,0.7316246924120835,2.4739430842367
Canadá,bajo,Exceso,ipc,M,16,0.6746685422402687,2.1458665640067105
Canadá,bajo,Exceso,ipc,M,17,0.6653252799208815,2.1190074798439915
Canadá,bajo,Exceso,ipc,M,18,0.6739795530659495,2.0075490314367976
Canadá,bajo,Exceso,ipc,M,19,0.5645164457331068,1.6473587638231988
Canadá,bajo,Exceso,ipc,M,20,0.5639243600033833,1.5754271712061225
Canadá,bajo,Exceso,ipc,M,21,0.5962470699008998,1.4974093611141472
Canadá,bajo,Exceso,ipc,M,22,0.6460301400541999,1.4371610245164712
Canadá,bajo,Exceso,ipc,M,23,0.6673054525816685,1.3789798349518279
Canadá,bajo,Exceso,ipc,M,24,0.8275465236582633,1.5271143567091527
Canadá,bajo,Exceso,ipc,M,25,0.8214213746067575,1.4115319035183336
Canadá,bajo,Exceso,ipc,M,26,0.8775884768085379,1.4809775473621503
Canadá,bajo,Exceso,ipc,M,27,0.9509661173555074,1.6427513187760285
Canadá,bajo,Exceso,ipc,M,28,0.9851701241835026,1.579062654829513
Canadá,bajo,Exceso,ipc,M,29,0.9257400626217489,1.4677445311342125
Canadá,bajo,Exceso,ipc,M,30,0.9447979754031363,1.5304115643259972
Canadá,bajo,Exceso,ipc,M,31,0.808210164641745,1.2550084181942303
Canadá,bajo,Exceso,ipc,M,32,0.792697555659354,1.1499577082919645
Canadá,bajo,Exceso,ipc,M,33,0.8731516643002222,1.245622159074902
Canadá,bajo,Exceso,ipc,M,34,0.8849163952543795,1.2452488025615762
Canadá,bajo,Exceso,ipc,M,35,0.8866035477258634,1.2843121183558406
Canadá,bajo,Exceso,ipc,M,36,1.1006024120659377,1.5663585502764297
Canadá,bajo,Exceso,ipc,M,37,1.1162445135237449,1.5585591908735108
Canadá,bajo,Exceso,ipc,M,38,1.1900853560301248,1.6291677679734082
Canadá,bajo,Exceso,ipc,M,39,1.1508985543334265,1.550760739979053
Canadá,bajo,Exceso,ipc,M,40,1.0730973426732997,1.4935904424044288
Canadá,bajo,Exceso,ipc,M,41,0.961885568934909,1.3625320824912395
Canadá,bajo,Exceso,ipc,M,42,0.6040897210121539,1.0164607622079311
Canadá,bajo,Exceso,ipc,M,43,0.6464202418335021,1.013050429752407
Canadá,bajo,Exceso,ipc,M,44,0.6420082331375577,1.0664898893514072
Canadá,bajo,Exceso,ipc,M,45,0.5019586835080274,0.8700299535789647
Canadá,bajo,Exceso,ipc,M,46,0.7726145026201204,1.1938445349348008
Canadá,bajo,Exceso,ipc,M,47,0.88861858210375,1.2899793885549244
Canadá,bajo,Exceso,ipc,M,48,0.9597362068339321,1.4254290639624827
Canadá,bajo,Exceso,fx,M,0,0.7819951730926146,1.9375698911567214
Canadá,bajo,Exceso,fx,M,1,0.5840675937048782,0.8463384160882547
Canadá,bajo,Exceso,fx,M,2,0.4151938725767631,0.4552220780369802
Canadá,bajo,Exceso,fx,M,3,0.26935846144548103,0.2688066227697968
Canadá,bajo,Exceso,fx,M,4,0.8435138334527451,0.7803540275644067
Canadá,bajo,Exceso,fx,M,5,1.1903955390820251,1.0005910158810665
Canadá,bajo,Exceso,fx,M,6,0.8460732108562689,0.6348516502953783
Canadá,bajo,Exceso,fx,M,7,1.0633544331242504,0.7705116224738906
Canadá,bajo,Exceso,fx,M,8,0.553164160337491,0.3857013189987547
Canadá,bajo,Exceso,fx,M,9,0.9460421478188253,0.6185822883929886
Canadá,bajo,Exceso,fx,M,10,0.7827436237707665,0.47048310010697236
Canadá,bajo,Exceso,fx,M,11,0.6572204115098966,0.3680741918276237
Canadá,bajo,Exceso,fx,M,12,0.7196995673727552,0.37383331221539673
Canadá,bajo,Exceso,fx,M,13,0.8724800242328965,0.4701023932918715
Canadá,bajo,Exceso,fx,M,14,1.5086661652514934,0.8105841679994258
Canadá,bajo,Exceso,fx,M,15,1.7802339445834263,0.9310959468650338
Canadá,bajo,Exceso,fx,M,16,1.5505724973052433,0.7432243827152101
Canadá,bajo,Exceso,fx,M,17,1.646374462160041,0.7656183611800065
Canadá,bajo,Exceso,fx,M,18,1.8673710798413474,0.8518060717694175
Canadá,bajo,Exceso,fx,M,19,2.049991859841192,0.8804528625407749
Canadá,bajo,Exceso,fx,M,20,1.9339212048997736,0.8125661486323245
Canadá,bajo,Exceso,fx,M,21,2.025942873740655,0.8458841384648292
Canadá,bajo,Exceso,fx,M,22,2.9249351344288193,1.1450381756918877
Canadá,bajo,Exceso,fx,M,23,3.1727777444490877,1.1813620043521218
Canadá,bajo,Exceso,fx,M,24,3.125483405982718,1.18147920142621
Canadá,bajo,Exceso,fx,M,25,3.323435237339326,1.2679377058392742
Canadá,bajo,Exceso,fx,M,26,2.8527334738668118,1.0839441318630465
Canadá,bajo,Exceso,fx,M,27,2.769697052399305,1.092296018620038
Canadá,bajo,Exceso,fx,M,28,2.469562950330967,1.052580388515758
Canadá,bajo,Exceso,fx,M,29,2.1609564839852577,0.9790733016381811
Canadá,bajo,Exceso,fx,M,30,1.8703438083691855,0.8306426474307483
Canadá,bajo,Exceso,fx,M,31,1.8008623183188468,0.8192443350586974
Canadá,bajo,Exceso,fx,M,32,1.8632962797114156,0.8125681042722861
Canadá,bajo,Exceso,fx,M,33,1.9739346355968477,0.8775032480691017
Canadá,bajo,Exceso,fx,M,34,1.6813439638023298,0.7176019659563342
Canadá,bajo,Exceso,fx,M,35,1.90484803649241,0.8454351398510586
Canadá,bajo,Exceso,fx,M,36,1.6264991037097831,0.679211592192283
Canadá,bajo,Exceso,fx,M,37,1.574552561714993,0.6614387705924415
Canadá,bajo,Exceso,fx,M,38,1.1446358702290362,0.5137810013396326
Canadá,bajo,Exceso,fx,M,39,0.8639835206992672,0.37904909482889704
Canadá,bajo,Exceso,fx,M,40,0.9645220142230114,0.4120255465027922
Canadá,bajo,Exceso,fx,M,41,1.1854772041161186,0.49435160769287223
Canadá,bajo,Exceso,fx,M,42,1.270792108347899,0.542701766452114
Canadá,bajo,Exceso,fx,M,43,1.6698733357243065,0.6694491427942613
Canadá,bajo,Exceso,fx,M,44,2.0625334861809375,0.807755913633823
Canadá,bajo,Exceso,fx,M,45,2.1686726856934584,0.8215051407174093
Canadá,bajo,Exceso,fx,M,46,1.9469097335474264,0.7021968615090697
Canadá,bajo,Exceso,fx,M,47,1.83586154372881,0.6632787836812041
Canadá,bajo,Exceso,fx,M,48,2.091331030505427,0.743304304146408
Canadá,bajo,Exceso,vivienda,Q,0,0.619226139127512,1.3602809852256974
Canadá,bajo,Exceso,vivienda,Q,1,1.3551542679443647,1.470056988296078
Canadá,bajo,Exceso,vivienda,Q,2,0.02922245244496774,0.026189755596338158
Canadá,bajo,Exceso,vivienda,Q,3,-0.8529626640896322,-0.6346638566460003
Canadá,bajo,Exceso,vivienda,Q,4,-0.06077883890873803,-0.03997430541302491
Canadá,bajo,Exceso,vivienda,Q,5,-0.2596708317338807,-0.15033038525106235
Canadá,bajo,Exceso,vivienda,Q,6,1.3206549555696907,0.6526400358574561
Canadá,bajo,Exceso,vivienda,Q,7,2.0871054452751805,0.9340658992722302
Canadá,bajo,Exceso,vivienda,Q,8,2.250993898132708,0.9376286983499816
Canadá,bajo,Exceso,vivienda,Q,9,2.085834411904889,0.8587366373595723
Canadá,bajo,Exceso,vivienda,Q,10,0.8075335672187476,0.2924402030003632
Canadá,bajo,Exceso,vivienda,Q,11,0.9019988647145507,0.3035770812245711
Canadá,bajo,Exceso,vivienda,Q,12,1.0039932340668636,0.32513129089147164
Canadá,bajo,Exceso,credito,Q,0,0.21484140978617333,0.4544511140721208
Canadá,bajo,Exceso,credito,Q,1,0.31114044258513474,0.33056669228352226
Canadá,bajo,Exceso,credito,Q,2,0.2753706937196705,0.19825154346822074
Canadá,bajo,Exceso,credito,Q,3,0.0028886742323545045,0.0019467626606812977
Canadá,bajo,Exceso,credito,Q,4,0.6734109915297606,0.46408409219347196
Canadá,bajo,Exceso,credito,Q,5,1.1509450115220388,0.8073891874104124
Canadá,bajo,Exceso,credito,Q,6,1.8491717875348055,1.2266423069704373
Canadá,bajo,Exceso,credito,Q,7,1.7596915348370539,0.9577614172867027
Canadá,bajo,Exceso,credito,Q,8,2.54082852136541,1.1936658424116828
Canadá,bajo,Exceso,credito,Q,9,2.6091709306879047,1.0570001870061496
Canadá,bajo,Exceso,credito,Q,10,2.6857375836061177,1.0367116799486389
Canadá,bajo,Exceso,credito,Q,11,2.7242828196306688,0.9239579843509836
Canadá,bajo,Exceso,credito,Q,12,2.4051227841217946,0.7913622893967293
Canadá,bajo,M-actividad,tasa,M,0,-0.13244770985814222,-3.063294211568118
Canadá,bajo,M-actividad,tasa,M,1,-0.14466179962407252,-2.6393200649599184
Canadá,bajo,M-actividad,tasa,M,2,-0.21290168568616785,-2.973956482119211
Canadá,bajo,M-actividad,tasa,M,3,-0.22393631124696908,-2.9961728497999904
Canadá,bajo,M-actividad,tasa,M,4,-0.25136187619142736,-2.991607784921556
Canadá,bajo,M-actividad,tasa,M,5,-0.2527396190964339,-2.8722921631024767
Canadá,bajo,M-actividad,tasa,M,6,-0.2715994401596251,-2.735278391929699
Canadá,bajo,M-actividad,tasa,M,7,-0.2879025054683837,-2.501449687636713
Canadá,bajo,M-actividad,tasa,M,8,-0.27917577940522176,-1.9580324820463453
Canadá,bajo,M-actividad,tasa,M,9,-0.33237543289547944,-2.084736291718558
Canadá,bajo,M-actividad,tasa,M,10,-0.3361406406482455,-1.8711144918249984
Canadá,bajo,M-actividad,tasa,M,11,-0.34135319656028934,-1.7611478750850091
Canadá,bajo,M-actividad,tasa,M,12,-0.36334187291260445,-1.8013902858326967
Canadá,bajo,M-actividad,tasa,M,13,-0.3777429191251767,-1.7994637710615875
Canadá,bajo,M-actividad,tasa,M,14,-0.4045130259564264,-1.8042483048631581
Canadá,bajo,M-actividad,tasa,M,15,-0.4634300361600234,-1.9608187245727764
Canadá,bajo,M-actividad,tasa,M,16,-0.5179747382277388,-2.0507279315793117
Canadá,bajo,M-actividad,tasa,M,17,-0.5252173306330732,-1.9959446563060672
Canadá,bajo,M-actividad,tasa,M,18,-0.5447108127484893,-2.0503749803430686
Canadá,bajo,M-actividad,tasa,M,19,-0.5467719917387599,-2.0422300773980333
Canadá,bajo,M-actividad,tasa,M,20,-0.5507406900782732,-2.104368636428873
Canadá,bajo,M-actividad,tasa,M,21,-0.5338932543322773,-2.050822697369835
Canadá,bajo,M-actividad,tasa,M,22,-0.5217826572946492,-1.9831179111366868
Canadá,bajo,M-actividad,tasa,M,23,-0.5014332669716007,-1.864683064464833
Canadá,bajo,M-actividad,tasa,M,24,-0.4239973981344847,-1.545330506089549
Canadá,bajo,M-actividad,tasa,M,25,-0.3815300578932583,-1.3095145608271872
Canadá,bajo,M-actividad,tasa,M,26,-0.3605579241495539,-1.1662727667883732
Canadá,bajo,M-actividad,tasa,M,27,-0.2917342398739732,-0.8952712993917957
Canadá,bajo,M-actividad,tasa,M,28,-0.22513955005542488,-0.6633876095147083
Canadá,bajo,M-actividad,tasa,M,29,-0.16617470314918953,-0.4683678223798184
Canadá,bajo,M-actividad,tasa,M,30,-0.12348174882567647,-0.34042292096580823
Canadá,bajo,M-actividad,tasa,M,31,-0.07828092418583817,-0.21194802692588802
Canadá,bajo,M-actividad,tasa,M,32,-0.055348276747628745,-0.14673207881530886
Canadá,bajo,M-actividad,tasa,M,33,-0.034613931332689675,-0.09025932870446157
Canadá,bajo,M-actividad,tasa,M,34,0.03225001729172848,0.08545338936195349
Canadá,bajo,M-actividad,tasa,M,35,0.03926517062466205,0.10471805259602728
Canadá,bajo,M-actividad,tasa,M,36,0.007658244242856806,0.020268811783365984
Canadá,bajo,M-actividad,tasa,M,37,0.021101702691151258,0.05579548147919048
Canadá,bajo,M-actividad,tasa,M,38,0.08962560721601659,0.23712442587916444
Canadá,bajo,M-actividad,tasa,M,39,0.09983744758993085,0.25941956234417785
Canadá,bajo,M-actividad,tasa,M,40,0.11524637431865134,0.2942017406210244
Canadá,bajo,M-actividad,tasa,M,41,0.14393728033452394,0.3757614675127482
Canadá,bajo,M-actividad,tasa,M,42,0.16719175972877348,0.43282250141962736
Canadá,bajo,M-actividad,tasa,M,43,0.17301972548951905,0.449661035285171
Canadá,bajo,M-actividad,tasa,M,44,0.1945947751367082,0.5202361210731947
Canadá,bajo,M-actividad,tasa,M,45,0.19436179028841757,0.5137873859330417
Canadá,bajo,M-actividad,tasa,M,46,0.18643134106213755,0.49187473645894153
Canadá,bajo,M-actividad,tasa,M,47,0.18345325182918257,0.4838606838611432
Canadá,bajo,M-actividad,tasa,M,48,0.19663014183342725,0.548780927628392
Canadá,bajo,M-actividad,acciones,M,0,-0.7772260668908586,-0.8934204065039791
Canadá,bajo,M-actividad,acciones,M,1,0.12496847272071213,0.1478577502907219
Canadá,bajo,M-actividad,acciones,M,2,-0.06842103248899875,-0.07411389486583493
Canadá,bajo,M-actividad,acciones,M,3,0.014203556176312304,0.01313921163041949
Canadá,bajo,M-actividad,acciones,M,4,-0.5028381607691522,-0.34410740388888233
Canadá,bajo,M-actividad,acciones,M,5,-0.8246153678077172,-0.5569118351117823
Canadá,bajo,M-actividad,acciones,M,6,-0.4163930436778308,-0.2709861151616894
Canadá,bajo,M-actividad,acciones,M,7,-1.5610525917404399,-0.800546512636437
Canadá,bajo,M-actividad,acciones,M,8,-1.3485136904972619,-0.5964101684463134
Canadá,bajo,M-actividad,acciones,M,9,-1.393878282335895,-0.5284357561126328
Canadá,bajo,M-actividad,acciones,M,10,-1.9294354535319727,-0.6533753203283003
Canadá,bajo,M-actividad,acciones,M,11,-2.2020414326061175,-0.7056054973220899
Canadá,bajo,M-actividad,acciones,M,12,-3.0053111392438923,-0.8799617937748633
Canadá,bajo,M-actividad,acciones,M,13,-3.3713046516377583,-0.9761707157151172
Canadá,bajo,M-actividad,acciones,M,14,-3.164915130048446,-0.8647246737141653
Canadá,bajo,M-actividad,acciones,M,15,-2.8719458113644745,-0.7590778742450632
Canadá,bajo,M-actividad,acciones,M,16,-2.8876755190877,-0.7904113790850267
Canadá,bajo,M-actividad,acciones,M,17,-1.5344675670391075,-0.4486845442615007
Canadá,bajo,M-actividad,acciones,M,18,-1.6585698952784995,-0.50984213501358
Canadá,bajo,M-actividad,acciones,M,19,-1.0810804273377403,-0.34112979409895766
Canadá,bajo,M-actividad,acciones,M,20,-1.3626475314545496,-0.4291923877853114
Canadá,bajo,M-actividad,acciones,M,21,-1.8959688648332629,-0.6119254699981301
Canadá,bajo,M-actividad,acciones,M,22,-2.409614384465157,-0.8110964457914148
Canadá,bajo,M-actividad,acciones,M,23,-2.568276911832914,-0.8391766124089145
Canadá,bajo,M-actividad,acciones,M,24,-2.50629982757268,-0.7792327431164231
Canadá,bajo,M-actividad,acciones,M,25,-2.8842904630929658,-0.9814464230259664
Canadá,bajo,M-actividad,acciones,M,26,-3.24200830804784,-1.0687816177854819
Canadá,bajo,M-actividad,acciones,M,27,-3.532915425442097,-1.2223211531186493
Canadá,bajo,M-actividad,acciones,M,28,-3.411906452536402,-1.173131452548669
Canadá,bajo,M-actividad,acciones,M,29,-4.133431480557648,-1.3474996757473412
Canadá,bajo,M-actividad,acciones,M,30,-4.750524626578983,-1.5248055696901195
Canadá,bajo,M-actividad,acciones,M,31,-4.660980750453989,-1.4901814271577463
Canadá,bajo,M-actividad,acciones,M,32,-4.486799799326518,-1.4981093486405987
Canadá,bajo,M-actividad,acciones,M,33,-4.417638410865305,-1.5217148218775831
Canadá,bajo,M-actividad,acciones,M,34,-3.267883992660457,-1.2120048099092466
Canadá,bajo,M-actividad,acciones,M,35,-3.6432383406054694,-1.5461574833387364
Canadá,bajo,M-actividad,acciones,M,36,-2.853592390203041,-1.2458726479004414
Canadá,bajo,M-actividad,acciones,M,37,-2.6881037445072287,-1.1595829236068862
Canadá,bajo,M-actividad,acciones,M,38,-3.4045817002766268,-1.5292674934268273
Canadá,bajo,M-actividad,acciones,M,39,-3.7757271899777582,-1.5168205248386541
Canadá,bajo,M-actividad,acciones,M,40,-4.115745840744058,-1.686344001884
Canadá,bajo,M-actividad,acciones,M,41,-4.72762979940573,-1.7074761914971135
Canadá,bajo,M-actividad,acciones,M,42,-5.266997374826287,-1.8338327883550654
Canadá,bajo,M-actividad,acciones,M,43,-5.684134578780258,-1.9965628491247354
Canadá,bajo,M-actividad,acciones,M,44,-5.593398597285052,-1.7694474923255377
Canadá,bajo,M-actividad,acciones,M,45,-4.8485997658904205,-1.4230790280750736
Canadá,bajo,M-actividad,acciones,M,46,-5.6047398842093,-1.5625319319507498
Canadá,bajo,M-actividad,acciones,M,47,-5.7830464523739975,-1.4115639094333754
Canadá,bajo,M-actividad,acciones,M,48,-6.051251370573549,-1.5030070330633976
Canadá,bajo,M-actividad,salario,M,0,0.42254183579674676,1.9088138512312873
Canadá,bajo,M-actividad,salario,M,1,0.48186095142647073,2.156623285979188
Canadá,bajo,M-actividad,salario,M,2,-0.15765510859248844,-0.4953818588096584
Canadá,bajo,M-actividad,salario,M,3,0.3870275322500742,1.6343262168630297
Canadá,bajo,M-actividad,salario,M,4,-0.014024254432342217,-0.04221509768946583
Canadá,bajo,M-actividad,salario,M,5,0.014098309108616744,0.05643181640601693
Canadá,bajo,M-actividad,salario,M,6,0.05911438117901323,0.17725103204041415
Canadá,bajo,M-actividad,salario,M,7,0.37886745470804584,1.0662567012974105
Canadá,bajo,M-actividad,salario,M,8,0.33358104929823884,0.8057996688235864
Canadá,bajo,M-actividad,salario,M,9,0.7396348588501458,1.8132892819643036
Canadá,bajo,M-actividad,salario,M,10,0.18455274578427439,0.4593242130644009
Canadá,bajo,M-actividad,salario,M,11,0.6438437131145558,1.778291732479878
Canadá,bajo,M-actividad,salario,M,12,-0.14273811425587402,-0.3876321482211334
Canadá,bajo,M-actividad,salario,M,13,0.4288437649704596,1.0655507015417058
Canadá,bajo,M-actividad,salario,M,14,0.3518583122698794,0.9346231196462998
Canadá,bajo,M-actividad,salario,M,15,0.34965979718819556,0.9943172250319352
Canadá,bajo,M-actividad,salario,M,16,0.5464422048172105,1.5235937631477432
Canadá,bajo,M-actividad,salario,M,17,0.049761943340656166,0.11694580856584409
Canadá,bajo,M-actividad,salario,M,18,-0.045573953963446684,-0.1272003746881268
Canadá,bajo,M-actividad,salario,M,19,-0.13750965612633792,-0.37394137947329853
Canadá,bajo,M-actividad,salario,M,20,-0.3387966560446742,-0.6923948942249418
Canadá,bajo,M-actividad,salario,M,21,-0.5346986410213872,-1.3208037951444025
Canadá,bajo,M-actividad,salario,M,22,-0.02143242224382709,-0.050046191100286894
Canadá,bajo,M-actividad,salario,M,23,-0.4627185773892654,-1.019010327678042
Canadá,bajo,M-actividad,salario,M,24,-0.36005661186932036,-0.8819872968841488
Canadá,bajo,M-actividad,salario,M,25,-0.6760089124108559,-1.6980171048647998
Canadá,bajo,M-actividad,salario,M,26,-0.764472786955233,-2.281976014616771
Canadá,bajo,M-actividad,salario,M,27,-0.5569763439722557,-1.3998346476108638
Canadá,bajo,M-actividad,salario,M,28,-0.3346103096797083,-0.7851327831376999
Canadá,bajo,M-actividad,salario,M,29,-0.21019298065376069,-0.5147575867720501
Canadá,bajo,M-actividad,salario,M,30,-0.16582080804205654,-0.40812748062914395
Canadá,bajo,M-actividad,salario,M,31,-0.2239297984218919,-0.4314523774979666
Canadá,bajo,M-actividad,salario,M,32,0.1561518696322141,0.3312590192017288
Canadá,bajo,M-actividad,salario,M,33,0.19409669439999405,0.3542937888860772
Canadá,bajo,M-actividad,salario,M,34,0.0891749214274477,0.1560601310722864
Canadá,bajo,M-actividad,salario,M,35,-0.022299830777275292,-0.03632959050529356
Canadá,bajo,M-actividad,salario,M,36,0.1201852598807856,0.21431447067002554
Canadá,bajo,M-actividad,salario,M,37,0.4318706263009634,0.670786566723332
Canadá,bajo,M-actividad,salario,M,38,0.07619335614330405,0.21177915678472697
Canadá,bajo,M-actividad,salario,M,39,0.37290318966915714,0.7558571384008882
Canadá,bajo,M-actividad,salario,M,40,-0.036981687399473634,-0.10726616307980175
Canadá,bajo,M-actividad,salario,M,41,0.17369637149176884,0.3715852402559837
Canadá,bajo,M-actividad,salario,M,42,-1.2687175775248456,-2.976732223495675
Canadá,bajo,M-actividad,salario,M,43,-0.5265281348095683,-1.4007214628621851
Canadá,bajo,M-actividad,salario,M,44,0.34115890667884674,1.0598633158071507
Canadá,bajo,M-actividad,salario,M,45,-0.221066953899156,-0.7707970324188778
Canadá,bajo,M-actividad,salario,M,46,-0.039252660378390765,-0.11967408759019202
Canadá,bajo,M-actividad,salario,M,47,0.3676501756736902,1.0758234705366565
Canadá,bajo,M-actividad,salario,M,48,0.20792947965619787,0.5071629586538896
Canadá,bajo,M-actividad,ipc,M,0,-0.132950227070924,-2.304404371636785
Canadá,bajo,M-actividad,ipc,M,1,-0.21223265742416494,-2.4102929156310915
Canadá,bajo,M-actividad,ipc,M,2,-0.18395753616853133,-2.2081292814836293
Canadá,bajo,M-actividad,ipc,M,3,-0.1644170036731341,-1.8319665965105325
Canadá,bajo,M-actividad,ipc,M,4,-0.1490440909963977,-1.4028481100262067
Canadá,bajo,M-actividad,ipc,M,5,-0.1665489675428332,-1.4112603858226518
Canadá,bajo,M-actividad,ipc,M,6,-0.15889627576988408,-1.1469537446629083
Canadá,bajo,M-actividad,ipc,M,7,-0.13558361483546294,-0.9266313550637996
Canadá,bajo,M-actividad,ipc,M,8,-0.12935798796501827,-0.7613517414896769
Canadá,bajo,M-actividad,ipc,M,9,-0.1187113594250667,-0.6853381830908556
Canadá,bajo,M-actividad,ipc,M,10,-0.14557664053993757,-0.8358149410680178
Canadá,bajo,M-actividad,ipc,M,11,-0.15149566555753255,-0.925258412298353
Canadá,bajo,M-actividad,ipc,M,12,-0.2535573422332897,-1.453714416306799
Canadá,bajo,M-actividad,ipc,M,13,-0.33879639616413415,-1.7953255199439047
Canadá,bajo,M-actividad,ipc,M,14,-0.3974480731873628,-1.8923547105403464
Canadá,bajo,M-actividad,ipc,M,15,-0.36232821657863373,-1.6967959923391804
Canadá,bajo,M-actividad,ipc,M,16,-0.3553823602163762,-1.5636890965607586
Canadá,bajo,M-actividad,ipc,M,17,-0.32573683272370935,-1.413642747773826
Canadá,bajo,M-actividad,ipc,M,18,-0.2784312592000319,-1.1644940143857672
Canadá,bajo,M-actividad,ipc,M,19,-0.2475360477535326,-0.9805057951845252
Canadá,bajo,M-actividad,ipc,M,20,-0.14780625940283776,-0.6241453882664972
Canadá,bajo,M-actividad,ipc,M,21,-0.1294321371781881,-0.5181796866641354
Canadá,bajo,M-actividad,ipc,M,22,-0.09173071512359482,-0.33792985012671456
Canadá,bajo,M-actividad,ipc,M,23,0.031159818610953238,0.09959759380644363
Canadá,bajo,M-actividad,ipc,M,24,-0.012636973497621634,-0.03527144014176376
Canadá,bajo,M-actividad,ipc,M,25,0.04312234019388943,0.11080059417809937
Canadá,bajo,M-actividad,ipc,M,26,0.15198396829646788,0.3625507965589029
Canadá,bajo,M-actividad,ipc,M,27,0.14053673698595864,0.3162532134895412
Canadá,bajo,M-actividad,ipc,M,28,0.05392822152274486,0.12077503691435015
Canadá,bajo,M-actividad,ipc,M,29,0.0584721445686002,0.13505351324627737
Canadá,bajo,M-actividad,ipc,M,30,0.10417689921907577,0.23021246871526013
Canadá,bajo,M-actividad,ipc,M,31,0.15440228102077697,0.328921829375096
Canadá,bajo,M-actividad,ipc,M,32,0.09572804260045757,0.20251904802175236
Canadá,bajo,M-actividad,ipc,M,33,0.10364601430640066,0.22854408895334352
Canadá,bajo,M-actividad,ipc,M,34,0.22618140904242023,0.5212561817254435
Canadá,bajo,M-actividad,ipc,M,35,0.2701320104455973,0.6104209537441632
Canadá,bajo,M-actividad,ipc,M,36,0.3752840201473433,0.8581547336775633
Canadá,bajo,M-actividad,ipc,M,37,0.35974944952326626,0.790899188961253
Canadá,bajo,M-actividad,ipc,M,38,0.3839124237644925,0.8207215330649931
Canadá,bajo,M-actividad,ipc,M,39,0.34751359617669897,0.7379604754698715
Canadá,bajo,M-actividad,ipc,M,40,0.30296935130810865,0.62324839858426
Canadá,bajo,M-actividad,ipc,M,41,0.32201121958827894,0.6838124904340148
Canadá,bajo,M-actividad,ipc,M,42,0.2594298580499814,0.5219724013661922
Canadá,bajo,M-actividad,ipc,M,43,0.14289362705072667,0.27770628851125706
Canadá,bajo,M-actividad,ipc,M,44,0.09266244450631267,0.1899009002503019
Canadá,bajo,M-actividad,ipc,M,45,-0.005795847418397837,-0.012270006265543722
Canadá,bajo,M-actividad,ipc,M,46,-0.045380486940204995,-0.09183195551519045
Canadá,bajo,M-actividad,ipc,M,47,-0.30949623469712784,-0.588044191858906
Canadá,bajo,M-actividad,ipc,M,48,0.2997812053866561,0.5908235050744007
Canadá,bajo,M-actividad,fx,M,0,0.20776464624557375,0.7743340755260035
Canadá,bajo,M-actividad,fx,M,1,0.04725086811888328,0.1362019475895171
Canadá,bajo,M-actividad,fx,M,2,-0.061285257068748364,-0.17824902362664724
Canadá,bajo,M-actividad,fx,M,3,-0.21135946751411688,-0.562580703928096
Canadá,bajo,M-actividad,fx,M,4,-0.08626520997110038,-0.17047556448370005
Canadá,bajo,M-actividad,fx,M,5,-0.26736886595776915,-0.4703838061160635
Canadá,bajo,M-actividad,fx,M,6,-0.6263712476769989,-1.0885216595794691
Canadá,bajo,M-actividad,fx,M,7,-0.6580002936970835,-0.9908245834940027
Canadá,bajo,M-actividad,fx,M,8,-0.8431353601048281,-1.0389814572567495
Canadá,bajo,M-actividad,fx,M,9,-0.9804417724493311,-1.0798223672942286
Canadá,bajo,M-actividad,fx,M,10,-0.8967358822982923,-0.8370263374117792
Canadá,bajo,M-actividad,fx,M,11,-1.0049722557876768,-0.8546864173937557
Canadá,bajo,M-actividad,fx,M,12,-0.9112359244245503,-0.722636065067543
Canadá,bajo,M-actividad,fx,M,13,-1.0477785371428827,-0.7789298894760813
Canadá,bajo,M-actividad,fx,M,14,-1.2612188227109797,-0.9229478375619256
Canadá,bajo,M-actividad,fx,M,15,-1.0143090776317245,-0.7672539781776616
Canadá,bajo,M-actividad,fx,M,16,-0.905227556153009,-0.7251242525708477
Canadá,bajo,M-actividad,fx,M,17,-1.4164759441230352,-1.24491069606072
Canadá,bajo,M-actividad,fx,M,18,-1.9368388827700556,-1.7898570419190785
Canadá,bajo,M-actividad,fx,M,19,-2.142290979401835,-2.119544969301781
Canadá,bajo,M-actividad,fx,M,20,-2.1997313594785,-2.404590053775928
Canadá,bajo,M-actividad,fx,M,21,-2.4084128103128095,-2.6894810717248716
Canadá,bajo,M-actividad,fx,M,22,-2.555535264602754,-3.248195075749128
Canadá,bajo,M-actividad,fx,M,23,-2.559333934050322,-3.082397495850486
Canadá,bajo,M-actividad,fx,M,24,-2.7158495198645536,-3.1032927373666204
Canadá,bajo,M-actividad,fx,M,25,-2.4072598185374163,-2.795536625208901
Canadá,bajo,M-actividad,fx,M,26,-2.188583738527508,-2.4330284971536305
Canadá,bajo,M-actividad,fx,M,27,-2.2276068279555337,-2.5015093797101633
Canadá,bajo,M-actividad,fx,M,28,-2.5715648660490626,-2.798295949381568
Canadá,bajo,M-actividad,fx,M,29,-2.452991788469584,-2.5411630079459613
Canadá,bajo,M-actividad,fx,M,30,-1.9148784429889423,-1.9037843929853924
Canadá,bajo,M-actividad,fx,M,31,-2.000923059858708,-2.028159958513279
Canadá,bajo,M-actividad,fx,M,32,-1.799613504189028,-1.9835026493433716
Canadá,bajo,M-actividad,fx,M,33,-1.7616392423186542,-2.08435561274169
Canadá,bajo,M-actividad,fx,M,34,-2.1100876692545514,-2.564480501919172
Canadá,bajo,M-actividad,fx,M,35,-2.295255772918102,-2.6228477671937984
Canadá,bajo,M-actividad,fx,M,36,-2.4654839203279924,-2.6956634146934353
Canadá,bajo,M-actividad,fx,M,37,-2.753029156207725,-2.791017390843921
Canadá,bajo,M-actividad,fx,M,38,-2.8601654492367095,-2.864627706257299
Canadá,bajo,M-actividad,fx,M,39,-2.9413412246527244,-2.96628133656872
Canadá,bajo,M-actividad,fx,M,40,-2.7804908023237473,-2.81956504771956
Canadá,bajo,M-actividad,fx,M,41,-2.454612802697476,-2.403205987999917
Canadá,bajo,M-actividad,fx,M,42,-2.4496976120510525,-2.459534053912165
Canadá,bajo,M-actividad,fx,M,43,-2.3243672921509066,-2.4581335785572644
Canadá,bajo,M-actividad,fx,M,44,-2.4377260517471915,-2.7332684967612604
Canadá,bajo,M-actividad,fx,M,45,-2.8146753406285105,-2.9950415665863908
Canadá,bajo,M-actividad,fx,M,46,-2.678086448617852,-2.725306982919546
Canadá,bajo,M-actividad,fx,M,47,-2.6024323919571852,-2.5550832636163
Canadá,bajo,M-actividad,fx,M,48,-2.266514077294874,-2.1810706090885024
Canadá,bajo,M-actividad,vivienda,Q,0,0.16681119321621868,0.6064163046193338
Canadá,bajo,M-actividad,vivienda,Q,1,0.6681169309817196,1.258603112087282
Canadá,bajo,M-actividad,vivienda,Q,2,1.4035729096161025,1.7464628572641008
Canadá,bajo,M-actividad,vivienda,Q,3,0.8026511274871135,0.7487734813395048
Canadá,bajo,M-actividad,vivienda,Q,4,1.2780287765312563,1.0435554698055038
Canadá,bajo,M-actividad,vivienda,Q,5,1.8867492168089295,1.5398261438451344
Canadá,bajo,M-actividad,vivienda,Q,6,2.5826689859908223,1.9640248366581836
Canadá,bajo,M-actividad,vivienda,Q,7,4.205945422224325,3.160654888954518
Canadá,bajo,M-actividad,vivienda,Q,8,3.830383786124165,2.4787337070158326
Canadá,bajo,M-actividad,vivienda,Q,9,2.9341664823389677,1.5410117114077868
Canadá,bajo,M-actividad,vivienda,Q,10,2.731444455260913,1.3104702545644806
Canadá,bajo,M-actividad,vivienda,Q,11,2.4830987946627534,1.1920259784969152
Canadá,bajo,M-actividad,vivienda,Q,12,2.7300174367735064,1.2826702642399532
Canadá,bajo,M-actividad,credito,Q,0,1.8964212634183393,7.927652047841853
Canadá,bajo,M-actividad,credito,Q,1,2.8078217695213223,7.1705722358182395
Canadá,bajo,M-actividad,credito,Q,2,3.7112962782906225,5.970280637392369
Canadá,bajo,M-actividad,credito,Q,3,4.201237653487414,5.435442887016268
Canadá,bajo,M-actividad,credito,Q,4,4.3459453825575185,4.806890082624033
Canadá,bajo,M-actividad,credito,Q,5,4.703830563873229,3.805555801200521
Canadá,bajo,M-actividad,credito,Q,6,4.755279790349372,2.9977544579251725
Canadá,bajo,M-actividad,credito,Q,7,4.486305659164739,2.2887371854802456
Canadá,bajo,M-actividad,credito,Q,8,3.5298989721723406,1.5442035961484604
Canadá,bajo,M-actividad,credito,Q,9,2.924079315339812,1.1750578776937517
Canadá,bajo,M-actividad,credito,Q,10,2.6084116944506497,0.9347162544892397
Canadá,bajo,M-actividad,credito,Q,11,2.5856472020129977,0.8900640059703975
Canadá,bajo,M-actividad,credito,Q,12,2.548328936549102,0.8544834851520643
Canadá,bajo,Exceso+act,tasa,M,0,-0.08699766551552655,-1.9847642944105721
Canadá,bajo,Exceso+act,tasa,M,1,-0.03895466966319401,-0.5475667897584967
Canadá,bajo,Exceso+act,tasa,M,2,-0.07401949388578205,-0.8413569127134745
Canadá,bajo,Exceso+act,tasa,M,3,0.017835256495521905,0.1729562092697606
Canadá,bajo,Exceso+act,tasa,M,4,0.08112694931849138,0.661585612097986
Canadá,bajo,Exceso+act,tasa,M,5,0.1029735866433175,0.8158437904751519
Canadá,bajo,Exceso+act,tasa,M,6,0.08727241550090827,0.5671386741872895
Canadá,bajo,Exceso+act,tasa,M,7,0.1299701167009915,0.7062284510209911
Canadá,bajo,Exceso+act,tasa,M,8,0.17926689295320009,0.8461206832466535
Canadá,bajo,Exceso+act,tasa,M,9,0.2809837190344554,1.1357099148876557
Canadá,bajo,Exceso+act,tasa,M,10,0.2889353985422995,1.034772221221234
Canadá,bajo,Exceso+act,tasa,M,11,0.27902989874317696,0.8830180382248064
Canadá,bajo,Exceso+act,tasa,M,12,0.2778183585185901,0.8305820345850364
Canadá,bajo,Exceso+act,tasa,M,13,0.23183885877315272,0.6309120655174068
Canadá,bajo,Exceso+act,tasa,M,14,0.23680673589719597,0.6003623699337578
Canadá,bajo,Exceso+act,tasa,M,15,0.2031093439870144,0.4941295983633652
Canadá,bajo,Exceso+act,tasa,M,16,0.14251450257205867,0.3202071892293231
Canadá,bajo,Exceso+act,tasa,M,17,0.11820366495083769,0.2561049814328987
Canadá,bajo,Exceso+act,tasa,M,18,0.09265947609847817,0.19787985124346924
Canadá,bajo,Exceso+act,tasa,M,19,0.05902983827212716,0.12237283922051821
Canadá,bajo,Exceso+act,tasa,M,20,0.06188614018904082,0.12508337807473963
Canadá,bajo,Exceso+act,tasa,M,21,0.01648081459199862,0.032934352778462
Canadá,bajo,Exceso+act,tasa,M,22,0.033700939991316854,0.06401224233860846
Canadá,bajo,Exceso+act,tasa,M,23,0.08818567765114121,0.16744129065747138
Canadá,bajo,Exceso+act,tasa,M,24,0.08941191997347972,0.17038740833679084
Canadá,bajo,Exceso+act,tasa,M,25,0.09416546316590907,0.17647607830971918
Canadá,bajo,Exceso+act,tasa,M,26,0.09573907304039002,0.17881409681549176
Canadá,bajo,Exceso+act,tasa,M,27,0.1765472289173885,0.32937658071687265
Canadá,bajo,Exceso+act,tasa,M,28,0.17162514324643213,0.31491719310242944
Canadá,bajo,Exceso+act,tasa,M,29,0.26579143442024444,0.48961678710831946
Canadá,bajo,Exceso+act,tasa,M,30,0.33016909988630033,0.6163928354348955
Canadá,bajo,Exceso+act,tasa,M,31,0.3620188438874877,0.6773974465796333
Canadá,bajo,Exceso+act,tasa,M,32,0.40409198316538547,0.8000629928348675
Canadá,bajo,Exceso+act,tasa,M,33,0.40392654111249837,0.8100697592923126
Canadá,bajo,Exceso+act,tasa,M,34,0.36487453628100047,0.766495666035786
Canadá,bajo,Exceso+act,tasa,M,35,0.3685459866941504,0.8125329752233861
Canadá,bajo,Exceso+act,tasa,M,36,0.3706191506609466,0.850967458138501
Canadá,bajo,Exceso+act,tasa,M,37,0.36698755250486687,0.8745639434737399
Canadá,bajo,Exceso+act,tasa,M,38,0.4294151684590834,1.0696904581090676
Canadá,bajo,Exceso+act,tasa,M,39,0.4484562508111671,1.1224403592865764
Canadá,bajo,Exceso+act,tasa,M,40,0.48912401814882855,1.233217375346049
Canadá,bajo,Exceso+act,tasa,M,41,0.46676700839474516,1.1973108255556408
Canadá,bajo,Exceso+act,tasa,M,42,0.4796625598512657,1.2395522017278937
Canadá,bajo,Exceso+act,tasa,M,43,0.44803227424794134,1.1474662483896996
Canadá,bajo,Exceso+act,tasa,M,44,0.45148022910388685,1.1188834756474801
Canadá,bajo,Exceso+act,tasa,M,45,0.4872411373202562,1.1889573115375018
Canadá,bajo,Exceso+act,tasa,M,46,0.4683394652095767,1.12713347989529
Canadá,bajo,Exceso+act,tasa,M,47,0.40469282291058895,0.9685587852467864
Canadá,bajo,Exceso+act,tasa,M,48,0.3718933755018061,0.9064054696925913
Canadá,bajo,Exceso+act,acciones,M,0,-1.3303628823216613,-1.7757329764434797
Canadá,bajo,Exceso+act,acciones,M,1,-0.1568281912186974,-0.12901714355051522
Canadá,bajo,Exceso+act,acciones,M,2,-1.1318243799236787,-0.7475991951229181
Canadá,bajo,Exceso+act,acciones,M,3,-2.2222144871218767,-1.3253024354171499
Canadá,bajo,Exceso+act,acciones,M,4,-2.939406956347725,-1.5888443684652234
Canadá,bajo,Exceso+act,acciones,M,5,-3.724845520976151,-1.7539282968648156
Canadá,bajo,Exceso+act,acciones,M,6,-3.3404604279244006,-1.3118839315816595
Canadá,bajo,Exceso+act,acciones,M,7,-2.2627475454048733,-0.7893435859097424
Canadá,bajo,Exceso+act,acciones,M,8,-2.813281565659839,-0.95146367770858
Canadá,bajo,Exceso+act,acciones,M,9,-2.6154737332191824,-0.8566179443954887
Canadá,bajo,Exceso+act,acciones,M,10,-1.7951630032725894,-0.5810906721221704
Canadá,bajo,Exceso+act,acciones,M,11,-1.979388189221901,-0.6186947424698339
Canadá,bajo,Exceso+act,acciones,M,12,-1.6036713190234724,-0.5195554606480628
Canadá,bajo,Exceso+act,acciones,M,13,-2.179769611668553,-0.7491712438864865
Canadá,bajo,Exceso+act,acciones,M,14,-3.292839346671274,-1.1195764286700443
Canadá,bajo,Exceso+act,acciones,M,15,-3.320500904523233,-1.1036058192194023
Canadá,bajo,Exceso+act,acciones,M,16,-3.297882693141108,-1.1091790748318913
Canadá,bajo,Exceso+act,acciones,M,17,-4.0565955695109555,-1.4477719799394189
Canadá,bajo,Exceso+act,acciones,M,18,-3.786666088829439,-1.2250491932992045
Canadá,bajo,Exceso+act,acciones,M,19,-4.3507354677542605,-1.40104603342933
Canadá,bajo,Exceso+act,acciones,M,20,-4.527169577450029,-1.4980572653196746
Canadá,bajo,Exceso+act,acciones,M,21,-4.418539861322296,-1.4338295681860735
Canadá,bajo,Exceso+act,acciones,M,22,-5.851058647672897,-1.900382645434724
Canadá,bajo,Exceso+act,acciones,M,23,-6.19795106955468,-1.7558015146326262
Canadá,bajo,Exceso+act,acciones,M,24,-7.2370835771355075,-1.9238954038637959
Canadá,bajo,Exceso+act,acciones,M,25,-7.787871583170419,-2.0377607265569075
Canadá,bajo,Exceso+act,acciones,M,26,-6.5419036696919814,-1.7398910194286994
Canadá,bajo,Exceso+act,acciones,M,27,-5.451219189605659,-1.5450984708606954
Canadá,bajo,Exceso+act,acciones,M,28,-5.003593240695604,-1.3586002954017398
Canadá,bajo,Exceso+act,acciones,M,29,-5.095709824478586,-1.3667819867604218
Canadá,bajo,Exceso+act,acciones,M,30,-5.261989493457264,-1.4031305620267887
Canadá,bajo,Exceso+act,acciones,M,31,-5.5436917564556065,-1.437180477308695
Canadá,bajo,Exceso+act,acciones,M,32,-4.060606386730386,-1.0644214693514056
Canadá,bajo,Exceso+act,acciones,M,33,-3.8421039896218754,-0.9901061407406723
Canadá,bajo,Exceso+act,acciones,M,34,-2.806426077180301,-0.7536281648049915
Canadá,bajo,Exceso+act,acciones,M,35,-3.062516488745315,-0.90695439215432
Canadá,bajo,Exceso+act,acciones,M,36,-3.211671263383418,-1.0032165385298262
Canadá,bajo,Exceso+act,acciones,M,37,-3.5478302247810833,-1.2639358666376088
Canadá,bajo,Exceso+act,acciones,M,38,-3.5357952219776445,-1.2788909067532173
Canadá,bajo,Exceso+act,acciones,M,39,-4.173060110254978,-1.4769603816947892
Canadá,bajo,Exceso+act,acciones,M,40,-5.344988735612618,-1.875084163561625
Canadá,bajo,Exceso+act,acciones,M,41,-5.566105005153998,-2.0655393581704145
Canadá,bajo,Exceso+act,acciones,M,42,-7.073836594138014,-2.354390312135282
Canadá,bajo,Exceso+act,acciones,M,43,-7.624528371103757,-2.80782115380218
Canadá,bajo,Exceso+act,acciones,M,44,-8.566238212345283,-3.4927744838445305
Canadá,bajo,Exceso+act,acciones,M,45,-9.947076946943104,-3.63922035925254
Canadá,bajo,Exceso+act,acciones,M,46,-9.437061176354916,-3.755160259654563
Canadá,bajo,Exceso+act,acciones,M,47,-10.30531437652878,-3.5811104258543303
Canadá,bajo,Exceso+act,acciones,M,48,-10.970223696635982,-3.102413575596467
Canadá,bajo,Exceso+act,salario,M,0,-0.16741839979290007,-0.5334852184218729
Canadá,bajo,Exceso+act,salario,M,1,0.14591223355496907,0.41235862049459293
Canadá,bajo,Exceso+act,salario,M,2,0.33161700332346633,0.8106111830088185
Canadá,bajo,Exceso+act,salario,M,3,0.059318667503624536,0.13124258974463165
Canadá,bajo,Exceso+act,salario,M,4,0.3552572141378146,0.8133535279156199
Canadá,bajo,Exceso+act,salario,M,5,0.20876730734253368,0.41393749154522885
Canadá,bajo,Exceso+act,salario,M,6,0.6238800271696873,1.1862866074662548
Canadá,bajo,Exceso+act,salario,M,7,0.6005291558893078,1.080320279251063
Canadá,bajo,Exceso+act,salario,M,8,0.6873236271212003,1.45275896438334
Canadá,bajo,Exceso+act,salario,M,9,0.4797019100655736,0.9675796233483188
Canadá,bajo,Exceso+act,salario,M,10,0.5419496676292926,1.1143239705862138
Canadá,bajo,Exceso+act,salario,M,11,0.32841822715494373,0.6991206856560757
Canadá,bajo,Exceso+act,salario,M,12,0.4590482668327137,0.9433985072951524
Canadá,bajo,Exceso+act,salario,M,13,-0.01920970006849848,-0.038484729965156714
Canadá,bajo,Exceso+act,salario,M,14,0.4442129324863242,0.9107412902031322
Canadá,bajo,Exceso+act,salario,M,15,0.38853332030903087,0.9041991632768447
Canadá,bajo,Exceso+act,salario,M,16,-0.29445364712395244,-0.6481390678855319
Canadá,bajo,Exceso+act,salario,M,17,-0.09728453206188158,-0.18246037696411155
Canadá,bajo,Exceso+act,salario,M,18,0.13993501627436536,0.26793731655327263
Canadá,bajo,Exceso+act,salario,M,19,0.12276646773223182,0.2786171494531949
Canadá,bajo,Exceso+act,salario,M,20,-0.27334106351894777,-0.6254387251131479
Canadá,bajo,Exceso+act,salario,M,21,-0.10118888258510776,-0.19052520512000534
Canadá,bajo,Exceso+act,salario,M,22,-0.6385093849103572,-1.2881934100016397
Canadá,bajo,Exceso+act,salario,M,23,-0.6639280071105982,-1.3169062311841861
Canadá,bajo,Exceso+act,salario,M,24,-1.2217327824456297,-2.9053775423505463
Canadá,bajo,Exceso+act,salario,M,25,-0.7475995869296039,-1.517634531146289
Canadá,bajo,Exceso+act,salario,M,26,-1.2298227710360032,-2.1121898652170064
Canadá,bajo,Exceso+act,salario,M,27,-1.6015174054679633,-2.62704751774233
Canadá,bajo,Exceso+act,salario,M,28,-0.37370542818667424,-0.9996427940434418
Canadá,bajo,Exceso+act,salario,M,29,-0.7587156754979585,-1.6723331427455703
Canadá,bajo,Exceso+act,salario,M,30,-0.7142499446493951,-1.933357962540623
Canadá,bajo,Exceso+act,salario,M,31,-1.1438134933527073,-2.0272602862880746
Canadá,bajo,Exceso+act,salario,M,32,-0.5443092070747904,-1.1328301136942625
Canadá,bajo,Exceso+act,salario,M,33,-0.23883108239667486,-0.4651917101414532
Canadá,bajo,Exceso+act,salario,M,34,0.3043540755327753,0.5551365275631748
Canadá,bajo,Exceso+act,salario,M,35,0.14817229063954063,0.27912859529380957
Canadá,bajo,Exceso+act,salario,M,36,0.5683247304678368,0.6338115928090496
Canadá,bajo,Exceso+act,salario,M,37,-0.44062658167369895,-1.0295946223800831
Canadá,bajo,Exceso+act,salario,M,38,-0.50943897279105,-1.0818763568053256
Canadá,bajo,Exceso+act,salario,M,39,0.34140000886274025,0.552952459208188
Canadá,bajo,Exceso+act,salario,M,40,-0.9155084953483972,-1.5171214040963086
Canadá,bajo,Exceso+act,salario,M,41,-0.3384894425162764,-0.5231272096003365
Canadá,bajo,Exceso+act,salario,M,42,-0.6404647253009172,-1.1527463535142246
Canadá,bajo,Exceso+act,salario,M,43,-0.26244685801494805,-0.47952895406347523
Canadá,bajo,Exceso+act,salario,M,44,-0.05622358161649884,-0.07818759599682264
Canadá,bajo,Exceso+act,salario,M,45,-0.1714038191213105,-0.3406660104910224
Canadá,bajo,Exceso+act,salario,M,46,-0.5371380619939515,-1.0489322384612974
Canadá,bajo,Exceso+act,salario,M,47,-0.5783069524255711,-1.2526391299196997
Canadá,bajo,Exceso+act,salario,M,48,-1.187990041667324,-2.264539052390357
Canadá,bajo,Exceso+act,ipc,M,0,0.229332875603654,3.32204765069352
Canadá,bajo,Exceso+act,ipc,M,1,0.24749653972191427,2.4127109079935867
Canadá,bajo,Exceso+act,ipc,M,2,0.2542191759861806,1.9952503466220162
Canadá,bajo,Exceso+act,ipc,M,3,0.33769969608848166,1.9954085098605912
Canadá,bajo,Exceso+act,ipc,M,4,0.4838534382633595,2.3311864776416504
Canadá,bajo,Exceso+act,ipc,M,5,0.4742381107121963,1.8311021330734507
Canadá,bajo,Exceso+act,ipc,M,6,0.40314070382272554,1.3293890532065638
Canadá,bajo,Exceso+act,ipc,M,7,0.46826374454476566,1.2953758573030272
Canadá,bajo,Exceso+act,ipc,M,8,0.5874764881837442,1.5953814319884156
Canadá,bajo,Exceso+act,ipc,M,9,0.6162819187320668,1.6942533541769245
Canadá,bajo,Exceso+act,ipc,M,10,0.7437168431853225,2.0928553738842814
Canadá,bajo,Exceso+act,ipc,M,11,0.7705028807925824,2.2867803989075433
Canadá,bajo,Exceso+act,ipc,M,12,0.7263398007189168,2.0754948749645465
Canadá,bajo,Exceso+act,ipc,M,13,0.7331156827035071,2.1397993718651036
Canadá,bajo,Exceso+act,ipc,M,14,0.6780444837569882,2.035932754770013
Canadá,bajo,Exceso+act,ipc,M,15,0.5990434372699862,1.683804170379219
Canadá,bajo,Exceso+act,ipc,M,16,0.5611847068610144,1.5157969378046205
Canadá,bajo,Exceso+act,ipc,M,17,0.5726483711717741,1.534802422477607
Canadá,bajo,Exceso+act,ipc,M,18,0.6057321012706254,1.5378518061572926
Canadá,bajo,Exceso+act,ipc,M,19,0.5080328009978372,1.2565906223632106
Canadá,bajo,Exceso+act,ipc,M,20,0.5341718127672965,1.3414403359182137
Canadá,bajo,Exceso+act,ipc,M,21,0.5336176432857003,1.2758089604918588
Canadá,bajo,Exceso+act,ipc,M,22,0.5320691658914577,1.2090580508164388
Canadá,bajo,Exceso+act,ipc,M,23,0.5099348898667271,1.1708722753456675
Canadá,bajo,Exceso+act,ipc,M,24,0.6088752559373942,1.314955492268203
Canadá,bajo,Exceso+act,ipc,M,25,0.5691576139590323,1.1437028229356787
Canadá,bajo,Exceso+act,ipc,M,26,0.6221809560317476,1.2672750685099297
Canadá,bajo,Exceso+act,ipc,M,27,0.701579483329643,1.4441211253668325
Canadá,bajo,Exceso+act,ipc,M,28,0.7409900785739469,1.4170883013958482
Canadá,bajo,Exceso+act,ipc,M,29,0.6903258288337151,1.2528449794982963
Canadá,bajo,Exceso+act,ipc,M,30,0.7269696295897443,1.3341949056084823
Canadá,bajo,Exceso+act,ipc,M,31,0.6095758996527306,1.1077902672949247
Canadá,bajo,Exceso+act,ipc,M,32,0.5854085272492463,1.0159700354259804
Canadá,bajo,Exceso+act,ipc,M,33,0.6447099145291517,1.1463502071122926
Canadá,bajo,Exceso+act,ipc,M,34,0.6642847237458771,1.2045690593939702
Canadá,bajo,Exceso+act,ipc,M,35,0.6477730214532119,1.2717156757439005
Canadá,bajo,Exceso+act,ipc,M,36,0.8601305446697561,1.650080843011741
Canadá,bajo,Exceso+act,ipc,M,37,0.8402495496094755,1.5899396668032293
Canadá,bajo,Exceso+act,ipc,M,38,0.9372095678415858,1.7527527576791653
Canadá,bajo,Exceso+act,ipc,M,39,0.8849961435145243,1.6360732440338213
Canadá,bajo,Exceso+act,ipc,M,40,0.8091445322935819,1.4669021594149092
Canadá,bajo,Exceso+act,ipc,M,41,0.6976538418264125,1.3080285525718538
Canadá,bajo,Exceso+act,ipc,M,42,0.29822584430108495,0.6914610688162833
Canadá,bajo,Exceso+act,ipc,M,43,0.3390347321633158,0.7311595363057438
Canadá,bajo,Exceso+act,ipc,M,44,0.29221241062565295,0.6924917231500609
Canadá,bajo,Exceso+act,ipc,M,45,0.037471993610389415,0.07454263564168885
Canadá,bajo,Exceso+act,ipc,M,46,0.26825344581240224,0.5465903335428072
Canadá,bajo,Exceso+act,ipc,M,47,0.2325178267439436,0.4614483694027808
Canadá,bajo,Exceso+act,ipc,M,48,0.6863557773780335,1.3910179472775117
Canadá,bajo,Exceso+act,fx,M,0,0.8663833848277978,2.213385676853901
Canadá,bajo,Exceso+act,fx,M,1,0.7985127048767398,1.2270824147405643
Canadá,bajo,Exceso+act,fx,M,2,0.7508044702925541,0.852250281473966
Canadá,bajo,Exceso+act,fx,M,3,0.6712436926325365,0.6806700500032987
Canadá,bajo,Exceso+act,fx,M,4,1.4337350235090074,1.313859276849947
Canadá,bajo,Exceso+act,fx,M,5,1.9313484724096786,1.6188978959671754
Canadá,bajo,Exceso+act,fx,M,6,1.7606862041341844,1.3705074127324697
Canadá,bajo,Exceso+act,fx,M,7,2.0934319336616265,1.5973491142397531
Canadá,bajo,Exceso+act,fx,M,8,1.6130398300735882,1.1771931643190794
Canadá,bajo,Exceso+act,fx,M,9,2.1407817351619927,1.4757517176611867
Canadá,bajo,Exceso+act,fx,M,10,2.170307685488038,1.3397634085250427
Canadá,bajo,Exceso+act,fx,M,11,2.2214089468022573,1.2813219281540893
Canadá,bajo,Exceso+act,fx,M,12,2.3918124424719993,1.2584747619041916
Canadá,bajo,Exceso+act,fx,M,13,2.6399047731200502,1.4169912133027183
Canadá,bajo,Exceso+act,fx,M,14,3.3294548064057046,1.7366099428295494
Canadá,bajo,Exceso+act,fx,M,15,3.74330847254315,1.9040554260150178
Canadá,bajo,Exceso+act,fx,M,16,3.6502924827212597,1.7690022645732582
Canadá,bajo,Exceso+act,fx,M,17,3.6390641835867577,1.7409060306669195
Canadá,bajo,Exceso+act,fx,M,18,3.7068212727829066,1.7264816953409379
Canadá,bajo,Exceso+act,fx,M,19,3.816893588873434,1.6682820684407713
Canadá,bajo,Exceso+act,fx,M,20,3.6424978223135938,1.5432324729463855
Canadá,bajo,Exceso+act,fx,M,21,3.756941650256607,1.574992488920934
Canadá,bajo,Exceso+act,fx,M,22,4.785638985640979,1.8805338273321206
Canadá,bajo,Exceso+act,fx,M,23,5.298215518645779,1.995817004548661
Canadá,bajo,Exceso+act,fx,M,24,5.414264889584403,2.04273407387938
Canadá,bajo,Exceso+act,fx,M,25,5.700873156797012,2.112290812211573
Canadá,bajo,Exceso+act,fx,M,26,5.300876928262779,1.9310823060444862
Canadá,bajo,Exceso+act,fx,M,27,5.303657942249504,1.8877407139604185
Canadá,bajo,Exceso+act,fx,M,28,4.902170387116186,1.7867023900925632
Canadá,bajo,Exceso+act,fx,M,29,4.399747707621264,1.6680164453036357
Canadá,bajo,Exceso+act,fx,M,30,4.080856033414841,1.4799360749207195
Canadá,bajo,Exceso+act,fx,M,31,4.007306470300924,1.4898664084930968
Canadá,bajo,Exceso+act,fx,M,32,4.233873016223644,1.524888755531034
Canadá,bajo,Exceso+act,fx,M,33,4.483277344873375,1.6201696563532466
Canadá,bajo,Exceso+act,fx,M,34,4.215492439811473,1.4729007143850923
Canadá,bajo,Exceso+act,fx,M,35,4.468741425660186,1.6179948630401113
Canadá,bajo,Exceso+act,fx,M,36,4.292905048337561,1.4559974902367885
Canadá,bajo,Exceso+act,fx,M,37,4.206322723740265,1.428164139858962
Canadá,bajo,Exceso+act,fx,M,38,3.786671035573134,1.3010105437007171
Canadá,bajo,Exceso+act,fx,M,39,3.5029889654670034,1.172809241332451
Canadá,bajo,Exceso+act,fx,M,40,3.6882806102408208,1.1997737920472442
Canadá,bajo,Exceso+act,fx,M,41,4.010219402195798,1.2737661999675365
Canadá,bajo,Exceso+act,fx,M,42,4.109339541380951,1.396251238612595
Canadá,bajo,Exceso+act,fx,M,43,4.553371760184098,1.497564825488111
Canadá,bajo,Exceso+act,fx,M,44,4.931739798865931,1.6039071508570684
Canadá,bajo,Exceso+act,fx,M,45,4.913609158233328,1.5304277781435545
Canadá,bajo,Exceso+act,fx,M,46,4.615395197033214,1.3633516480967538
Canadá,bajo,Exceso+act,fx,M,47,4.480755740778469,1.3131814410895235
Canadá,bajo,Exceso+act,fx,M,48,4.878653918291535,1.376682226788296
Canadá,bajo,Exceso+act,vivienda,Q,0,0.4803645105233703,0.9355641568252296
Canadá,bajo,Exceso+act,vivienda,Q,1,1.332992179807077,1.2591185401343692
Canadá,bajo,Exceso+act,vivienda,Q,2,0.022758437721612068,0.020023657342530178
Canadá,bajo,Exceso+act,vivienda,Q,3,-1.2755436248480259,-1.0183047628386561
Canadá,bajo,Exceso+act,vivienda,Q,4,-0.7447790287026995,-0.5020701526825906
Canadá,bajo,Exceso+act,vivienda,Q,5,-0.7738259781388357,-0.4504402906504789
Canadá,bajo,Exceso+act,vivienda,Q,6,1.0836031870104783,0.5730525151613794
Canadá,bajo,Exceso+act,vivienda,Q,7,2.1331004606609065,1.0092749995088957
Canadá,bajo,Exceso+act,vivienda,Q,8,2.253471822779847,0.9458042833699143
Canadá,bajo,Exceso+act,vivienda,Q,9,1.9736040020844496,0.7683914473192335
Canadá,bajo,Exceso+act,vivienda,Q,10,0.7677561069261989,0.25919611299449563
Canadá,bajo,Exceso+act,vivienda,Q,11,0.8825611710755674,0.2789898478047755
Canadá,bajo,Exceso+act,vivienda,Q,12,1.2102490250109956,0.3616167611925544
Canadá,bajo,Exceso+act,credito,Q,0,0.3279984216501283,0.7513268779227162
Canadá,bajo,Exceso+act,credito,Q,1,0.5616937219943804,0.6562801883400018
Canadá,bajo,Exceso+act,credito,Q,2,0.5504390731474552,0.442671270531348
Canadá,bajo,Exceso+act,credito,Q,3,0.21633419817005345,0.16102231151412585
Canadá,bajo,Exceso+act,credito,Q,4,0.9838085433317237,0.6818392902095964
Canadá,bajo,Exceso+act,credito,Q,5,1.6356965505076104,1.1000316503147747
Canadá,bajo,Exceso+act,credito,Q,6,2.495982200788582,1.6364793533642383
Canadá,bajo,Exceso+act,credito,Q,7,2.4887628830352506,1.3399825744482923
Canadá,bajo,Exceso+act,credito,Q,8,3.187496657659995,1.5277984735308627
Canadá,bajo,Exceso+act,credito,Q,9,3.052122581870181,1.288272700670567
Canadá,bajo,Exceso+act,credito,Q,10,3.1639184370771676,1.2482061336134955
Canadá,bajo,Exceso+act,credito,Q,11,3.246879997797657,1.1191663220587396
Canadá,bajo,Exceso+act,credito,Q,12,3.05897358299623,1.0096042162765244
Reino Unido,bajo,Exceso,tasa,M,0,-0.09594182325181502,-1.9725040954279258
Reino Unido,bajo,Exceso,tasa,M,1,-0.21008690492128684,-1.8786980201468446
Reino Unido,bajo,Exceso,tasa,M,2,-0.2787929328987213,-1.7110923456776719
Reino Unido,bajo,Exceso,tasa,M,3,-0.3333486378320408,-1.6313179461213785
Reino Unido,bajo,Exceso,tasa,M,4,-0.3769146265765517,-1.5998939215559012
Reino Unido,bajo,Exceso,tasa,M,5,-0.394537215452409,-1.5105145199674308
Reino Unido,bajo,Exceso,tasa,M,6,-0.39320143615405495,-1.4272313399037184
Reino Unido,bajo,Exceso,tasa,M,7,-0.38671623404314454,-1.3504135976669496
Reino Unido,bajo,Exceso,tasa,M,8,-0.3950324108903628,-1.3069117325959845
Reino Unido,bajo,Exceso,tasa,M,9,-0.44068422838036087,-1.3696866978952589
Reino Unido,bajo,Exceso,tasa,M,10,-0.5132847077874136,-1.4872508975926975
Reino Unido,bajo,Exceso,tasa,M,11,-0.5444078141071423,-1.4801973783512496
Reino Unido,bajo,Exceso,tasa,M,12,-0.5837608768366509,-1.4993195789299052
Reino Unido,bajo,Exceso,tasa,M,13,-0.5487063263376778,-1.3615892699702594
Reino Unido,bajo,Exceso,tasa,M,14,-0.5447161339092111,-1.3354415850654306
Reino Unido,bajo,Exceso,tasa,M,15,-0.5198246421241448,-1.2704258972540146
Reino Unido,bajo,Exceso,tasa,M,16,-0.5002939890522193,-1.220281853563625
Reino Unido,bajo,Exceso,tasa,M,17,-0.5194719487734984,-1.2660138905037552
Reino Unido,bajo,Exceso,tasa,M,18,-0.5929930267055639,-1.431076950525756
Reino Unido,bajo,Exceso,tasa,M,19,-0.6530532328033349,-1.5283061881864752
Reino Unido,bajo,Exceso,tasa,M,20,-0.6814497020235307,-1.5371350938440638
Reino Unido,bajo,Exceso,tasa,M,21,-0.6702339170191102,-1.4728399444818114
Reino Unido,bajo,Exceso,tasa,M,22,-0.6613827489094414,-1.430400077887962
Reino Unido,bajo,Exceso,tasa,M,23,-0.6604549491541571,-1.4022724029758078
Reino Unido,bajo,Exceso,tasa,M,24,-0.6518635706680012,-1.3595724791052755
Reino Unido,bajo,Exceso,tasa,M,25,-0.7188961839394191,-1.510213287898322
Reino Unido,bajo,Exceso,tasa,M,26,-0.6869785320330282,-1.4362849605309103
Reino Unido,bajo,Exceso,tasa,M,27,-0.7266249595781058,-1.525990037345081
Reino Unido,bajo,Exceso,tasa,M,28,-0.7236463028610326,-1.5206867237015578
Reino Unido,bajo,Exceso,tasa,M,29,-0.6608301943934634,-1.3632221910878026
Reino Unido,bajo,Exceso,tasa,M,30,-0.6204842235777939,-1.2554823362222796
Reino Unido,bajo,Exceso,tasa,M,31,-0.5858524751134939,-1.1793540386158627
Reino Unido,bajo,Exceso,tasa,M,32,-0.5777163436871497,-1.1676228838068983
Reino Unido,bajo,Exceso,tasa,M,33,-0.6201740155704666,-1.2396778611382875
Reino Unido,bajo,Exceso,tasa,M,34,-0.5831777669896987,-1.20455322577226
Reino Unido,bajo,Exceso,tasa,M,35,-0.5556747809038256,-1.1961928186917798
Reino Unido,bajo,Exceso,tasa,M,36,-0.5117275211656206,-1.1922314071554667
Reino Unido,bajo,Exceso,tasa,M,37,-0.5810260057334622,-1.367016592680781
Reino Unido,bajo,Exceso,tasa,M,38,-0.6484275208842402,-1.517802452880682
Reino Unido,bajo,Exceso,tasa,M,39,-0.521468340243062,-1.2239030938645408
Reino Unido,bajo,Exceso,tasa,M,40,-0.41778469693305703,-0.9381722464943655
Reino Unido,bajo,Exceso,tasa,M,41,-0.5443378034148785,-1.2978628529172418
Reino Unido,bajo,Exceso,tasa,M,42,-0.5064167165372294,-1.2075165910011163
Reino Unido,bajo,Exceso,tasa,M,43,-0.548624015677214,-1.3668132417811525
Reino Unido,bajo,Exceso,tasa,M,44,-0.5822302488366368,-1.5049277467652096
Reino Unido,bajo,Exceso,tasa,M,45,-0.5723162882156456,-1.4359190892806402
Reino Unido,bajo,Exceso,tasa,M,46,-0.5377276126868253,-1.2881118103268216
Reino Unido,bajo,Exceso,tasa,M,47,-0.5141592125859609,-1.2129151330554717
Reino Unido,bajo,Exceso,tasa,M,48,-0.6175680208423453,-1.7010781627357239
Reino Unido,bajo,Exceso,acciones,M,0,-2.165045845297785,-1.795261633923231
Reino Unido,bajo,Exceso,acciones,M,1,-2.78011036580668,-1.773811754081402
Reino Unido,bajo,Exceso,acciones,M,2,-1.6035505748557528,-0.9355640660249646
Reino Unido,bajo,Exceso,acciones,M,3,-1.1114966843623482,-0.6648194922873563
Reino Unido,bajo,Exceso,acciones,M,4,-0.9807964307014743,-0.5369836750760255
Reino Unido,bajo,Exceso,acciones,M,5,-1.0395939070939026,-0.5276347687054468
Reino Unido,bajo,Exceso,acciones,M,6,-0.6449839433994683,-0.3195184603264902
Reino Unido,bajo,Exceso,acciones,M,7,1.13926621889679,0.5127907380572522
Reino Unido,bajo,Exceso,acciones,M,8,1.4495472140412267,0.6652590566285084
Reino Unido,bajo,Exceso,acciones,M,9,1.5621069588637204,0.7086156671010072
Reino Unido,bajo,Exceso,acciones,M,10,1.5628254753062056,0.7123342547064025
Reino Unido,bajo,Exceso,acciones,M,11,0.9355161403421086,0.43367142320752405
Reino Unido,bajo,Exceso,acciones,M,12,0.8529401069940838,0.4228311203205158
Reino Unido,bajo,Exceso,acciones,M,13,1.1505894278705036,0.5362448090745092
Reino Unido,bajo,Exceso,acciones,M,14,0.7140170126261001,0.30643776900919656
Reino Unido,bajo,Exceso,acciones,M,15,0.9769887281812739,0.4158337740194726
Reino Unido,bajo,Exceso,acciones,M,16,1.3005303664894154,0.5234590717301081
Reino Unido,bajo,Exceso,acciones,M,17,0.28277483068185544,0.10946659207520433
Reino Unido,bajo,Exceso,acciones,M,18,0.20918132604170997,0.07915341420802109
Reino Unido,bajo,Exceso,acciones,M,19,0.2845965579793399,0.10243200862799932
Reino Unido,bajo,Exceso,acciones,M,20,0.9497832830727746,0.33782055146196593
Reino Unido,bajo,Exceso,acciones,M,21,1.604037832240132,0.5639401749006291
Reino Unido,bajo,Exceso,acciones,M,22,1.3235668444459419,0.4386671232659444
Reino Unido,bajo,Exceso,acciones,M,23,1.4322453973810165,0.4469955671911275
Reino Unido,bajo,Exceso,acciones,M,24,2.53089050589343,0.7743467344601557
Reino Unido,bajo,Exceso,acciones,M,25,2.745959947427532,0.8073583492388181
Reino Unido,bajo,Exceso,acciones,M,26,1.9773916971116294,0.5607231897794039
Reino Unido,bajo,Exceso,acciones,M,27,0.9879898244724838,0.29243485726061463
Reino Unido,bajo,Exceso,acciones,M,28,-0.5609452268253703,-0.1676156221362332
Reino Unido,bajo,Exceso,acciones,M,29,0.4647814885635111,0.13485568019921362
Reino Unido,bajo,Exceso,acciones,M,30,-0.6305669022360717,-0.17834007953666867
Reino Unido,bajo,Exceso,acciones,M,31,-0.6299605883944419,-0.17047623202506723
Reino Unido,bajo,Exceso,acciones,M,32,-0.06357283736746633,-0.018668208624636157
Reino Unido,bajo,Exceso,acciones,M,33,-0.048995064433290436,-0.014029828237088865
Reino Unido,bajo,Exceso,acciones,M,34,-0.4062922681583356,-0.1058266819141539
Reino Unido,bajo,Exceso,acciones,M,35,-0.643247278877551,-0.1879970539664456
Reino Unido,bajo,Exceso,acciones,M,36,-1.9194858162554989,-0.5475546941742121
Reino Unido,bajo,Exceso,acciones,M,37,-1.292902855307854,-0.3465942267054372
Reino Unido,bajo,Exceso,acciones,M,38,-0.7911761438553283,-0.22174904108895366
Reino Unido,bajo,Exceso,acciones,M,39,-0.8145592209667052,-0.22950613373116444
Reino Unido,bajo,Exceso,acciones,M,40,-0.5142232373631398,-0.14136139636606876
Reino Unido,bajo,Exceso,acciones,M,41,-1.3496659429630244,-0.3782102643887985
Reino Unido,bajo,Exceso,acciones,M,42,-0.995466797566253,-0.2617568132149735
Reino Unido,bajo,Exceso,acciones,M,43,-1.6097605180990169,-0.3979434348167719
Reino Unido,bajo,Exceso,acciones,M,44,-1.4286008905613887,-0.3485449006453004
Reino Unido,bajo,Exceso,acciones,M,45,-1.303504736480404,-0.32670633032696794
Reino Unido,bajo,Exceso,acciones,M,46,-1.1937603295588717,-0.30937572520838474
Reino Unido,bajo,Exceso,acciones,M,47,-0.264183825162394,-0.06889874593040637
Reino Unido,bajo,Exceso,acciones,M,48,0.4484889701245526,0.11709560753756613
Reino Unido,bajo,Exceso,salario,M,0,-0.23838545367981234,-1.4671355171434888
Reino Unido,bajo,Exceso,salario,M,1,-0.30521277520865775,-0.9285544639310279
Reino Unido,bajo,Exceso,salario,M,2,-0.3650754806144771,-1.055988833376842
Reino Unido,bajo,Exceso,salario,M,3,-0.4658446988599412,-1.171832904543878
Reino Unido,bajo,Exceso,salario,M,4,-0.3062102898597336,-0.8136629608193855
Reino Unido,bajo,Exceso,salario,M,5,-0.2124266965197429,-0.6970389626572743
Reino Unido,bajo,Exceso,salario,M,6,-0.06794512353852859,-0.19794373097353343
Reino Unido,bajo,Exceso,salario,M,7,0.0026194879540074045,0.0069937009394239295
Reino Unido,bajo,Exceso,salario,M,8,-0.057111487342928216,-0.14233028774595993
Reino Unido,bajo,Exceso,salario,M,9,-0.1609133018108788,-0.38038643358335505
Reino Unido,bajo,Exceso,salario,M,10,-0.16811105513721397,-0.43630591744952657
Reino Unido,bajo,Exceso,salario,M,11,-0.1628626463929164,-0.4224594933071295
Reino Unido,bajo,Exceso,salario,M,12,-0.42632019641137214,-1.0312658852389063
Reino Unido,bajo,Exceso,salario,M,13,-0.34116934170906543,-0.7739923781275625
Reino Unido,bajo,Exceso,salario,M,14,-0.3271112873088942,-0.6484374350855342
Reino Unido,bajo,Exceso,salario,M,15,-0.36937223443244643,-0.7553836638298325
Reino Unido,bajo,Exceso,salario,M,16,-0.39231262086863206,-0.9102937194488452
Reino Unido,bajo,Exceso,salario,M,17,-0.4156138509512187,-0.9116205872068721
Reino Unido,bajo,Exceso,salario,M,18,-0.7098549104339382,-1.5023490541443336
Reino Unido,bajo,Exceso,salario,M,19,-0.759328634372737,-1.6739837975976066
Reino Unido,bajo,Exceso,salario,M,20,-0.6237604546869776,-1.3249769822973694
Reino Unido,bajo,Exceso,salario,M,21,-0.5960004924280357,-1.2868234935636644
Reino Unido,bajo,Exceso,salario,M,22,-0.7010552995785625,-1.3960628963610133
Reino Unido,bajo,Exceso,salario,M,23,-0.6177354000010693,-1.186865059591942
Reino Unido,bajo,Exceso,salario,M,24,-0.7292278200720792,-1.336248154865709
Reino Unido,bajo,Exceso,salario,M,25,-0.822161253911676,-1.366871822174323
Reino Unido,bajo,Exceso,salario,M,26,-0.7223405546702639,-1.1458338590842978
Reino Unido,bajo,Exceso,salario,M,27,-0.969407103760647,-1.6115901592893753
Reino Unido,bajo,Exceso,salario,M,28,-1.0326463601688158,-1.7252114230591284
Reino Unido,bajo,Exceso,salario,M,29,-1.1442687950422366,-1.8114016290068669
Reino Unido,bajo,Exceso,salario,M,30,-1.1065344701159894,-1.7678990253209679
Reino Unido,bajo,Exceso,salario,M,31,-1.0831698807952064,-1.6743651021779888
Reino Unido,bajo,Exceso,salario,M,32,-1.0326521925321939,-1.5243743323309331
Reino Unido,bajo,Exceso,salario,M,33,-1.0163252503717273,-1.4930059490049206
Reino Unido,bajo,Exceso,salario,M,34,-0.8741112619218627,-1.370214103242334
Reino Unido,bajo,Exceso,salario,M,35,-1.1331108453180088,-1.683516625631849
Reino Unido,bajo,Exceso,salario,M,36,-1.1477021112042372,-1.7336460460092766
Reino Unido,bajo,Exceso,salario,M,37,-1.2804021974700097,-1.957847066059163
Reino Unido,bajo,Exceso,salario,M,38,-1.2114921232097406,-1.7246937607685011
Reino Unido,bajo,Exceso,salario,M,39,-1.165798713040223,-1.6623712278508533
Reino Unido,bajo,Exceso,salario,M,40,-1.4674725953658754,-2.047995978816338
Reino Unido,bajo,Exceso,salario,M,41,-1.5077722005937548,-1.9832793824426875
Reino Unido,bajo,Exceso,salario,M,42,-1.2308982060112368,-1.622696091722326
Reino Unido,bajo,Exceso,salario,M,43,-1.284917108907818,-1.551905796456451
Reino Unido,bajo,Exceso,salario,M,44,-1.262120636018753,-1.516810518528004
Reino Unido,bajo,Exceso,salario,M,45,-1.0590592705639135,-1.212259090961219
Reino Unido,bajo,Exceso,salario,M,46,-1.3310035067722368,-1.44992227500373
Reino Unido,bajo,Exceso,salario,M,47,-1.5497267390869416,-1.715815156933215
Reino Unido,bajo,Exceso,salario,M,48,-1.3890924380482461,-1.4987115344964514
Reino Unido,bajo,Exceso,ipc,M,0,0.01597485616526571,0.30392121361509844
Reino Unido,bajo,Exceso,ipc,M,1,0.005582063468039687,0.05827990552762229
Reino Unido,bajo,Exceso,ipc,M,2,-0.03142856954557953,-0.23396189122547303
Reino Unido,bajo,Exceso,ipc,M,3,-0.03715533166446103,-0.24297383195333466
Reino Unido,bajo,Exceso,ipc,M,4,0.0575327018007258,0.33825821086635965
Reino Unido,bajo,Exceso,ipc,M,5,0.08828315105497056,0.4588622468000504
Reino Unido,bajo,Exceso,ipc,M,6,0.09500743980579707,0.4451394457863429
Reino Unido,bajo,Exceso,ipc,M,7,0.1481990436083684,0.6263947273960355
Reino Unido,bajo,Exceso,ipc,M,8,0.20056435131702996,0.7074407031035488
Reino Unido,bajo,Exceso,ipc,M,9,0.17184170654747996,0.6037245841369866
Reino Unido,bajo,Exceso,ipc,M,10,0.21025571225045492,0.7157362747291872
Reino Unido,bajo,Exceso,ipc,M,11,0.32989620966980315,1.046461782811463
Reino Unido,bajo,Exceso,ipc,M,12,0.4695562989844585,1.2825099194342584
Reino Unido,bajo,Exceso,ipc,M,13,0.4439300795768696,1.0907940420575604
Reino Unido,bajo,Exceso,ipc,M,14,0.521570513192359,1.2016615718654349
Reino Unido,bajo,Exceso,ipc,M,15,0.6069958562255529,1.3231281973744473
Reino Unido,bajo,Exceso,ipc,M,16,0.6437172470064044,1.3459933589640531
Reino Unido,bajo,Exceso,ipc,M,17,0.6399672389297557,1.3202397811186313
Reino Unido,bajo,Exceso,ipc,M,18,0.7371887978457301,1.4229883780911898
Reino Unido,bajo,Exceso,ipc,M,19,0.8041352153744472,1.453173188387019
Reino Unido,bajo,Exceso,ipc,M,20,0.8208881604738966,1.415911739837644
Reino Unido,bajo,Exceso,ipc,M,21,0.7812198943775206,1.3167434826050055
Reino Unido,bajo,Exceso,ipc,M,22,0.7905858458030416,1.3017695947055026
Reino Unido,bajo,Exceso,ipc,M,23,0.7977008357663298,1.2613055208393764
Reino Unido,bajo,Exceso,ipc,M,24,0.919025822388488,1.3822567430968504
Reino Unido,bajo,Exceso,ipc,M,25,0.9815549108320449,1.4242493776570964
Reino Unido,bajo,Exceso,ipc,M,26,1.0566105570248636,1.503785130206106
Reino Unido,bajo,Exceso,ipc,M,27,1.1392357630171452,1.5935945498430257
Reino Unido,bajo,Exceso,ipc,M,28,1.2083757955573076,1.6226505059488494
Reino Unido,bajo,Exceso,ipc,M,29,1.1984031712859464,1.6150316137105047
Reino Unido,bajo,Exceso,ipc,M,30,1.24390625825542,1.6747131414131615
Reino Unido,bajo,Exceso,ipc,M,31,1.3458109175238948,1.6990300007362502
Reino Unido,bajo,Exceso,ipc,M,32,1.3580583944502584,1.6770936741223748
Reino Unido,bajo,Exceso,ipc,M,33,1.3559315043086213,1.6880036972651402
Reino Unido,bajo,Exceso,ipc,M,34,1.36158046379005,1.6913820082500695
Reino Unido,bajo,Exceso,ipc,M,35,1.4979751976136881,1.847848356864868
Reino Unido,bajo,Exceso,ipc,M,36,1.5478457677011446,1.8757711142234543
Reino Unido,bajo,Exceso,ipc,M,37,1.568134955063666,1.871124431532298
Reino Unido,bajo,Exceso,ipc,M,38,1.4535230933363361,1.7456905596990324
Reino Unido,bajo,Exceso,ipc,M,39,1.49807115083587,1.8186367312845126
Reino Unido,bajo,Exceso,ipc,M,40,1.5737405872934058,1.8993003803410595
Reino Unido,bajo,Exceso,ipc,M,41,1.514745265329395,1.83103915081906
Reino Unido,bajo,Exceso,ipc,M,42,1.410248630037678,1.7380757111023966
Reino Unido,bajo,Exceso,ipc,M,43,1.3051951083787343,1.6270417310152276
Reino Unido,bajo,Exceso,ipc,M,44,1.0661546373697859,1.370673847195492
Reino Unido,bajo,Exceso,ipc,M,45,0.9560512925127789,1.2468115896918097
Reino Unido,bajo,Exceso,ipc,M,46,0.954765120710303,1.2679570496165435
Reino Unido,bajo,Exceso,ipc,M,47,1.010854484492322,1.3344439782238064
Reino Unido,bajo,Exceso,ipc,M,48,1.2067084802789072,1.614487861216363
Reino Unido,bajo,Exceso,fx,M,0,1.5847824185194328,3.1304677859918417
Reino Unido,bajo,Exceso,fx,M,1,3.3967745579996764,3.6975347535144696
Reino Unido,bajo,Exceso,fx,M,2,3.972903651797963,3.76486362250195
Reino Unido,bajo,Exceso,fx,M,3,3.9656384589247327,3.323905457045444
Reino Unido,bajo,Exceso,fx,M,4,4.291386064261575,3.0886267706868535
Reino Unido,bajo,Exceso,fx,M,5,3.6165248051051075,2.4862103335913446
Reino Unido,bajo,Exceso,fx,M,6,2.865020190149018,2.108961729792372
Reino Unido,bajo,Exceso,fx,M,7,2.9680300333778398,2.254620007809398
Reino Unido,bajo,Exceso,fx,M,8,2.0195724792825773,1.5375929653946998
Reino Unido,bajo,Exceso,fx,M,9,2.117679421424849,1.4484769381401499
Reino Unido,bajo,Exceso,fx,M,10,2.0815617408778144,1.2809214034307226
Reino Unido,bajo,Exceso,fx,M,11,1.2890902444076084,0.7448836219064322
Reino Unido,bajo,Exceso,fx,M,12,0.6520684423310036,0.3587132940342166
Reino Unido,bajo,Exceso,fx,M,13,0.035881422719804885,0.019409868571174226
Reino Unido,bajo,Exceso,fx,M,14,-0.35558786960251726,-0.18582513560452082
Reino Unido,bajo,Exceso,fx,M,15,-0.6728845832544789,-0.3640598748115649
Reino Unido,bajo,Exceso,fx,M,16,-0.9766332752831429,-0.5193193788977135
Reino Unido,bajo,Exceso,fx,M,17,-1.406168077190784,-0.7518216648210946
Reino Unido,bajo,Exceso,fx,M,18,-1.2538901487806795,-0.5958184234973327
Reino Unido,bajo,Exceso,fx,M,19,-0.7757935522361173,-0.3497188019963354
Reino Unido,bajo,Exceso,fx,M,20,-0.17703508695150055,-0.08226372429727562
Reino Unido,bajo,Exceso,fx,M,21,-0.1472296621147004,-0.06822334521963193
Reino Unido,bajo,Exceso,fx,M,22,-0.13459948703872632,-0.06288519562198708
Reino Unido,bajo,Exceso,fx,M,23,0.7196337706098026,0.33423860334826144
Reino Unido,bajo,Exceso,fx,M,24,1.165658932292038,0.573448189714396
Reino Unido,bajo,Exceso,fx,M,25,1.11621799480692,0.558663973082251
Reino Unido,bajo,Exceso,fx,M,26,1.0082511624705355,0.4705453558864249
Reino Unido,bajo,Exceso,fx,M,27,1.1228148745426962,0.5239706900193615
Reino Unido,bajo,Exceso,fx,M,28,1.2179877945771738,0.5180341180807494
Reino Unido,bajo,Exceso,fx,M,29,1.2104570673381265,0.4934711169006915
Reino Unido,bajo,Exceso,fx,M,30,0.6684591114677342,0.2649700773619644
Reino Unido,bajo,Exceso,fx,M,31,0.1363019556769822,0.05295173289975509
Reino Unido,bajo,Exceso,fx,M,32,-0.18412710492352186,-0.06981746440001371
Reino Unido,bajo,Exceso,fx,M,33,-0.004597532176394484,-0.0017324458741069906
Reino Unido,bajo,Exceso,fx,M,34,0.5070069967087957,0.17972293153043228
Reino Unido,bajo,Exceso,fx,M,35,1.1095592102433753,0.38523754909621
Reino Unido,bajo,Exceso,fx,M,36,0.37470166677854755,0.12452252352849062
Reino Unido,bajo,Exceso,fx,M,37,0.9863121052562017,0.3182552275293689
Reino Unido,bajo,Exceso,fx,M,38,1.7529325806940892,0.5851905223689237
Reino Unido,bajo,Exceso,fx,M,39,1.1920343490058065,0.4209814042039902
Reino Unido,bajo,Exceso,fx,M,40,1.2451456844487452,0.4541170077327079
Reino Unido,bajo,Exceso,fx,M,41,1.758958379769783,0.6537195718556698
Reino Unido,bajo,Exceso,fx,M,42,2.658007928170411,0.9937719094065451
Reino Unido,bajo,Exceso,fx,M,43,2.4568718154952585,0.9524985601867334
Reino Unido,bajo,Exceso,fx,M,44,2.436827455029729,0.9868435049562029
Reino Unido,bajo,Exceso,fx,M,45,2.6782573531273783,1.083761701510364
Reino Unido,bajo,Exceso,fx,M,46,1.8918103772654735,0.8037403534221529
Reino Unido,bajo,Exceso,fx,M,47,0.7411223433956822,0.3386332220676714
Reino Unido,bajo,Exceso,fx,M,48,1.0795124946056005,0.5176466209522345
Reino Unido,bajo,Exceso,vivienda,Q,0,-0.37432850782658983,-0.5912536470461514
Reino Unido,bajo,Exceso,vivienda,Q,1,-0.8704244013645148,-0.8237384022082233
Reino Unido,bajo,Exceso,vivienda,Q,2,-0.9612608313665555,-0.7510234335664897
Reino Unido,bajo,Exceso,vivienda,Q,3,-1.0155315865987042,-0.6897641632736963
Reino Unido,bajo,Exceso,vivienda,Q,4,-1.1881579880139586,-0.6472930677500418
Reino Unido,bajo,Exceso,vivienda,Q,5,-2.041323786343811,-0.9870413521587016
Reino Unido,bajo,Exceso,vivienda,Q,6,-2.69394247494863,-1.1692472609993894
Reino Unido,bajo,Exceso,vivienda,Q,7,-2.9661559177220522,-1.1641008040198422
Reino Unido,bajo,Exceso,vivienda,Q,8,-2.8953822346056786,-1.0396797827616788
Reino Unido,bajo,Exceso,vivienda,Q,9,-3.4993445229472346,-1.1750225522760118
Reino Unido,bajo,Exceso,vivienda,Q,10,-4.021474641692162,-1.272429957744264
Reino Unido,bajo,Exceso,vivienda,Q,11,-4.547357529548304,-1.3765695389359867
Reino Unido,bajo,Exceso,vivienda,Q,12,-5.3908651643401315,-1.488130782793944
Reino Unido,bajo,Exceso,credito,Q,0,2.1143641199309813,3.0854570087943682
Reino Unido,bajo,Exceso,credito,Q,1,2.296655970847682,1.743643373638549
Reino Unido,bajo,Exceso,credito,Q,2,2.145894768737758,1.3292350342494574
Reino Unido,bajo,Exceso,credito,Q,3,3.0986202450068356,1.3806132743064288
Reino Unido,bajo,Exceso,credito,Q,4,3.4625896885147656,1.4007942034837901
Reino Unido,bajo,Exceso,credito,Q,5,2.8362647868916664,1.1519893538287664
Reino Unido,bajo,Exceso,credito,Q,6,3.1586913970617445,1.2330718101537044
Reino Unido,bajo,Exceso,credito,Q,7,3.1880147310252354,1.2605255927335715
Reino Unido,bajo,Exceso,credito,Q,8,3.313855797892872,1.3733984957867993
Reino Unido,bajo,Exceso,credito,Q,9,3.307435905217675,1.3098581309384254
Reino Unido,bajo,Exceso,credito,Q,10,3.3783861997887192,1.3190666206970565
Reino Unido,bajo,Exceso,credito,Q,11,2.328214620724374,0.8959538683027933
Reino Unido,bajo,Exceso,credito,Q,12,2.1014087808013038,0.7865136353579159
Reino Unido,bajo,M-actividad,tasa,M,0,-0.050651684120625276,-1.3747507986157577
Reino Unido,bajo,M-actividad,tasa,M,1,-0.09525467218850821,-1.269174459484093
Reino Unido,bajo,M-actividad,tasa,M,2,-0.14320302693695003,-1.4237909708257983
Reino Unido,bajo,M-actividad,tasa,M,3,-0.18197252149192544,-1.5003745992793445
Reino Unido,bajo,M-actividad,tasa,M,4,-0.1995648486648991,-1.453660923557003
Reino Unido,bajo,M-actividad,tasa,M,5,-0.21560008790800933,-1.3776507152212591
Reino Unido,bajo,M-actividad,tasa,M,6,-0.22398118537633313,-1.3258921265958343
Reino Unido,bajo,M-actividad,tasa,M,7,-0.2030634742017959,-1.1191948839695232
Reino Unido,bajo,M-actividad,tasa,M,8,-0.19773535628451144,-0.9795974276139037
Reino Unido,bajo,M-actividad,tasa,M,9,-0.2044296826529462,-0.9385000134430969
Reino Unido,bajo,M-actividad,tasa,M,10,-0.22314335954214287,-0.9617691813689064
Reino Unido,bajo,M-actividad,tasa,M,11,-0.21932686322980527,-0.9068862758222921
Reino Unido,bajo,M-actividad,tasa,M,12,-0.19456801107190544,-0.7729579057235508
Reino Unido,bajo,M-actividad,tasa,M,13,-0.179658399444179,-0.6908775779933708
Reino Unido,bajo,M-actividad,tasa,M,14,-0.20075661757959662,-0.7565462744912091
Reino Unido,bajo,M-actividad,tasa,M,15,-0.17056358435062952,-0.6378729625183209
Reino Unido,bajo,M-actividad,tasa,M,16,-0.15657664422928838,-0.5752172600252161
Reino Unido,bajo,M-actividad,tasa,M,17,-0.1751366956572243,-0.6390120869929771
Reino Unido,bajo,M-actividad,tasa,M,18,-0.21468225586833473,-0.7723186556482363
Reino Unido,bajo,M-actividad,tasa,M,19,-0.25081415366420834,-0.8652181573655308
Reino Unido,bajo,M-actividad,tasa,M,20,-0.2791975738617567,-0.9268390714637462
Reino Unido,bajo,M-actividad,tasa,M,21,-0.29590140172642065,-0.9496784103575896
Reino Unido,bajo,M-actividad,tasa,M,22,-0.2785055603598201,-0.8693243723085845
Reino Unido,bajo,M-actividad,tasa,M,23,-0.2861905453499297,-0.8472476651441598
Reino Unido,bajo,M-actividad,tasa,M,24,-0.305155207526801,-0.8581635009001054
Reino Unido,bajo,M-actividad,tasa,M,25,-0.3273226735098712,-0.9033521072102333
Reino Unido,bajo,M-actividad,tasa,M,26,-0.3221893431382262,-0.8734121637608645
Reino Unido,bajo,M-actividad,tasa,M,27,-0.3693472942645587,-0.9772743923042823
Reino Unido,bajo,M-actividad,tasa,M,28,-0.37250708109642955,-0.9818210641922026
Reino Unido,bajo,M-actividad,tasa,M,29,-0.30959254898850397,-0.7934990627154604
Reino Unido,bajo,M-actividad,tasa,M,30,-0.27669730214128097,-0.6905924991560469
Reino Unido,bajo,M-actividad,tasa,M,31,-0.26641393074978137,-0.6594172620067046
Reino Unido,bajo,M-actividad,tasa,M,32,-0.24171883551557674,-0.60608412046553
Reino Unido,bajo,M-actividad,tasa,M,33,-0.24817629681292663,-0.6180971049036839
Reino Unido,bajo,M-actividad,tasa,M,34,-0.2570978784808947,-0.6481113565091106
Reino Unido,bajo,M-actividad,tasa,M,35,-0.2384687646808848,-0.627777723762249
Reino Unido,bajo,M-actividad,tasa,M,36,-0.22627661391667866,-0.6255109150421232
Reino Unido,bajo,M-actividad,tasa,M,37,-0.2512084769019579,-0.7180945139932823
Reino Unido,bajo,M-actividad,tasa,M,38,-0.26849519465512284,-0.7663929211632439
Reino Unido,bajo,M-actividad,tasa,M,39,-0.26207405292666575,-0.7531395246925596
Reino Unido,bajo,M-actividad,tasa,M,40,-0.2606239547299098,-0.7577186254696819
Reino Unido,bajo,M-actividad,tasa,M,41,-0.30882462777043407,-0.9182804612117755
Reino Unido,bajo,M-actividad,tasa,M,42,-0.31784430975020694,-0.9834564708272401
Reino Unido,bajo,M-actividad,tasa,M,43,-0.2955659448323743,-0.9285383849239548
Reino Unido,bajo,M-actividad,tasa,M,44,-0.2665771490007694,-0.824669136959855
Reino Unido,bajo,M-actividad,tasa,M,45,-0.21700628199396704,-0.6695349348578807
Reino Unido,bajo,M-actividad,tasa,M,46,-0.09601445222352167,-0.253356055530981
Reino Unido,bajo,M-actividad,tasa,M,47,-0.06850060125471294,-0.16230786064402836
Reino Unido,bajo,M-actividad,tasa,M,48,-0.08980414660351957,-0.22596394482500706
Reino Unido,bajo,M-actividad,acciones,M,0,-0.7379904557366874,-0.8944758590524176
Reino Unido,bajo,M-actividad,acciones,M,1,-1.0704956365157317,-1.2128543431644558
Reino Unido,bajo,M-actividad,acciones,M,2,-0.27402914382522203,-0.29161854843614593
Reino Unido,bajo,M-actividad,acciones,M,3,0.46823705321614384,0.5285748711415038
Reino Unido,bajo,M-actividad,acciones,M,4,0.833121505690261,0.8693068530840982
Reino Unido,bajo,M-actividad,acciones,M,5,1.0739711115340234,0.8749035855849416
Reino Unido,bajo,M-actividad,acciones,M,6,1.463745680507308,1.0817213663808214
Reino Unido,bajo,M-actividad,acciones,M,7,2.0702716195112387,1.4454589911961813
Reino Unido,bajo,M-actividad,acciones,M,8,2.2411347036511975,1.7032057328021388
Reino Unido,bajo,M-actividad,acciones,M,9,2.1396201259637038,1.6698534485813223
Reino Unido,bajo,M-actividad,acciones,M,10,1.965899827271388,1.346727626036984
Reino Unido,bajo,M-actividad,acciones,M,11,1.5138336736246292,1.070636578891095
Reino Unido,bajo,M-actividad,acciones,M,12,1.5026537548439642,1.0694559974934117
Reino Unido,bajo,M-actividad,acciones,M,13,1.4979740954581002,1.0202597180343622
Reino Unido,bajo,M-actividad,acciones,M,14,1.3944859256108062,0.8851070601579507
Reino Unido,bajo,M-actividad,acciones,M,15,1.23483376876627,0.7406481853767783
Reino Unido,bajo,M-actividad,acciones,M,16,0.5581963744091955,0.30438861573739906
Reino Unido,bajo,M-actividad,acciones,M,17,0.23241825229434554,0.12327591942804185
Reino Unido,bajo,M-actividad,acciones,M,18,0.3588346812796753,0.18183828840686053
Reino Unido,bajo,M-actividad,acciones,M,19,0.5734306518240103,0.2553945221460149
Reino Unido,bajo,M-actividad,acciones,M,20,0.6124762238295598,0.26244197150944815
Reino Unido,bajo,M-actividad,acciones,M,21,0.7533614193198227,0.3044922209743806
Reino Unido,bajo,M-actividad,acciones,M,22,0.5722126935132188,0.20473009874465925
Reino Unido,bajo,M-actividad,acciones,M,23,0.39027728009054385,0.13530890317685385
Reino Unido,bajo,M-actividad,acciones,M,24,0.6786834166419721,0.23203029137578446
Reino Unido,bajo,M-actividad,acciones,M,25,0.8116625037260028,0.2736482577000248
Reino Unido,bajo,M-actividad,acciones,M,26,0.8994483813217237,0.30654943172118027
Reino Unido,bajo,M-actividad,acciones,M,27,0.4428339725808511,0.15872044769553262
Reino Unido,bajo,M-actividad,acciones,M,28,0.5353792646318523,0.20444825663173705
Reino Unido,bajo,M-actividad,acciones,M,29,0.8536184465248413,0.3331578603802587
Reino Unido,bajo,M-actividad,acciones,M,30,0.2697367826953112,0.10078069499100058
Reino Unido,bajo,M-actividad,acciones,M,31,0.5271813088193394,0.20193150633559107
Reino Unido,bajo,M-actividad,acciones,M,32,1.0883946684726908,0.43038201406907167
Reino Unido,bajo,M-actividad,acciones,M,33,1.2777665188338372,0.48473367267903245
Reino Unido,bajo,M-actividad,acciones,M,34,1.4079599965105136,0.5116613032909562
Reino Unido,bajo,M-actividad,acciones,M,35,1.2689492948682148,0.491739598160492
Reino Unido,bajo,M-actividad,acciones,M,36,0.5136653645013596,0.18665853964683926
Reino Unido,bajo,M-actividad,acciones,M,37,0.6872652792458959,0.24942458892005717
Reino Unido,bajo,M-actividad,acciones,M,38,0.4352287874598886,0.1585478956291156
Reino Unido,bajo,M-actividad,acciones,M,39,0.520735680041586,0.18584990792996806
Reino Unido,bajo,M-actividad,acciones,M,40,0.7652951416678672,0.27158631695329055
Reino Unido,bajo,M-actividad,acciones,M,41,0.2390753492481924,0.08321518314077332
Reino Unido,bajo,M-actividad,acciones,M,42,0.4259190800583502,0.14810974700320265
Reino Unido,bajo,M-actividad,acciones,M,43,0.43856759594129757,0.15167892752869233
Reino Unido,bajo,M-actividad,acciones,M,44,0.5682251855666243,0.1871502061033758
Reino Unido,bajo,M-actividad,acciones,M,45,0.4122261452497362,0.1345021058261418
Reino Unido,bajo,M-actividad,acciones,M,46,0.02154493381103635,0.007335539428039163
Reino Unido,bajo,M-actividad,acciones,M,47,0.2955805146719385,0.10012551991255553
Reino Unido,bajo,M-actividad,acciones,M,48,0.6651869228890579,0.22170339775011427
Reino Unido,bajo,M-actividad,salario,M,0,-0.318076703080842,-1.6529113858220543
Reino Unido,bajo,M-actividad,salario,M,1,-0.324142102965912,-1.2084610188808538
Reino Unido,bajo,M-actividad,salario,M,2,-0.5753994830094458,-2.2118327526265267
Reino Unido,bajo,M-actividad,salario,M,3,-0.6391354477022847,-2.4490117855549993
Reino Unido,bajo,M-actividad,salario,M,4,-0.40965782409410223,-2.0158766613093473
Reino Unido,bajo,M-actividad,salario,M,5,-0.4808731920986615,-2.3128755372851324
Reino Unido,bajo,M-actividad,salario,M,6,-0.2791834250203796,-1.0707560566442336
Reino Unido,bajo,M-actividad,salario,M,7,-0.22871868326380804,-0.8326996434470763
Reino Unido,bajo,M-actividad,salario,M,8,-0.39858667767938716,-1.260494411780686
Reino Unido,bajo,M-actividad,salario,M,9,-0.47407075737565824,-1.5732019235572632
Reino Unido,bajo,M-actividad,salario,M,10,-0.5049655146785222,-1.7160247196864333
Reino Unido,bajo,M-actividad,salario,M,11,-0.7207380302876346,-2.3847562057896003
Reino Unido,bajo,M-actividad,salario,M,12,-0.7672482529297262,-3.003842855127244
Reino Unido,bajo,M-actividad,salario,M,13,-0.643836583597903,-2.707447376111183
Reino Unido,bajo,M-actividad,salario,M,14,-0.7022612299017195,-2.6533269209409225
Reino Unido,bajo,M-actividad,salario,M,15,-0.7879214429747654,-2.7599623052514755
Reino Unido,bajo,M-actividad,salario,M,16,-0.9443954631339361,-3.1241963726116007
Reino Unido,bajo,M-actividad,salario,M,17,-0.8808986345076978,-2.884760319288337
Reino Unido,bajo,M-actividad,salario,M,18,-1.1717565068573823,-4.251598039296442
Reino Unido,bajo,M-actividad,salario,M,19,-1.1229077944848043,-4.028015977604854
Reino Unido,bajo,M-actividad,salario,M,20,-1.0901689888829507,-3.73321792108257
Reino Unido,bajo,M-actividad,salario,M,21,-1.144628606982524,-4.032740429415687
Reino Unido,bajo,M-actividad,salario,M,22,-1.2105326823015075,-4.016440799880495
Reino Unido,bajo,M-actividad,salario,M,23,-1.100665136710513,-3.4234681830674774
Reino Unido,bajo,M-actividad,salario,M,24,-1.235318851396451,-3.9111549780042862
Reino Unido,bajo,M-actividad,salario,M,25,-1.325490084121239,-3.987404930998254
Reino Unido,bajo,M-actividad,salario,M,26,-1.329316322827027,-3.8855158036386217
Reino Unido,bajo,M-actividad,salario,M,27,-1.3897495709162073,-4.082600166217218
Reino Unido,bajo,M-actividad,salario,M,28,-1.4496435293895233,-4.228923441841817
Reino Unido,bajo,M-actividad,salario,M,29,-1.5198178322635254,-4.539882457726832
Reino Unido,bajo,M-actividad,salario,M,30,-1.4688502642881012,-4.320120079630319
Reino Unido,bajo,M-actividad,salario,M,31,-1.4902075893909483,-3.922431545309945
Reino Unido,bajo,M-actividad,salario,M,32,-1.4705898626324703,-4.224597020928539
Reino Unido,bajo,M-actividad,salario,M,33,-1.3800675196719183,-3.283473699912603
Reino Unido,bajo,M-actividad,salario,M,34,-1.3513684851685346,-3.4921966414492203
Reino Unido,bajo,M-actividad,salario,M,35,-1.442648940548474,-3.3284055780968367
Reino Unido,bajo,M-actividad,salario,M,36,-1.5247745421857648,-3.2032751656128666
Reino Unido,bajo,M-actividad,salario,M,37,-1.659437579739044,-3.3968384764405806
Reino Unido,bajo,M-actividad,salario,M,38,-1.6202554598328007,-3.546308247036007
Reino Unido,bajo,M-actividad,salario,M,39,-1.6427207552457286,-3.427428892794477
Reino Unido,bajo,M-actividad,salario,M,40,-1.6815334350570066,-3.1471775865635423
Reino Unido,bajo,M-actividad,salario,M,41,-1.8475256348431632,-3.432222528555202
Reino Unido,bajo,M-actividad,salario,M,42,-1.7633055460737412,-3.4454145161713385
Reino Unido,bajo,M-actividad,salario,M,43,-1.8571225111071143,-3.381650289906268
Reino Unido,bajo,M-actividad,salario,M,44,-1.7708080932808898,-3.3056689857123436
Reino Unido,bajo,M-actividad,salario,M,45,-1.863928086573453,-3.433840517258632
Reino Unido,bajo,M-actividad,salario,M,46,-1.7617026706056707,-3.367088017517953
Reino Unido,bajo,M-actividad,salario,M,47,-1.7246331542454219,-2.7920211205343053
Reino Unido,bajo,M-actividad,salario,M,48,-1.8235095092335534,-2.6936572265969536
Reino Unido,bajo,M-actividad,ipc,M,0,-0.021638225946589325,-0.5720974357854473
Reino Unido,bajo,M-actividad,ipc,M,1,-0.06261274115111903,-0.9462950801381894
Reino Unido,bajo,M-actividad,ipc,M,2,-0.04403536815072043,-0.4730932659495574
Reino Unido,bajo,M-actividad,ipc,M,3,0.009849827031270518,0.09317210306545527
Reino Unido,bajo,M-actividad,ipc,M,4,0.08001431263241053,0.6396540314229725
Reino Unido,bajo,M-actividad,ipc,M,5,0.10611198666875045,0.7056220904518589
Reino Unido,bajo,M-actividad,ipc,M,6,0.16133416106009582,0.9546883982506873
Reino Unido,bajo,M-actividad,ipc,M,7,0.1893147270363997,1.0006733159705188
Reino Unido,bajo,M-actividad,ipc,M,8,0.24932945201265835,1.1713689553946398
Reino Unido,bajo,M-actividad,ipc,M,9,0.3264882321719548,1.4422293105507262
Reino Unido,bajo,M-actividad,ipc,M,10,0.38850753867467763,1.5468507028104308
Reino Unido,bajo,M-actividad,ipc,M,11,0.47877959456488894,1.7429461411540301
Reino Unido,bajo,M-actividad,ipc,M,12,0.47541420178194504,1.6864395484005434
Reino Unido,bajo,M-actividad,ipc,M,13,0.5011130303065099,1.694543507683997
Reino Unido,bajo,M-actividad,ipc,M,14,0.5965274933222683,1.9456578343765294
Reino Unido,bajo,M-actividad,ipc,M,15,0.6672326380294412,2.0335410714061126
Reino Unido,bajo,M-actividad,ipc,M,16,0.7175195173140456,2.0478051829329402
Reino Unido,bajo,M-actividad,ipc,M,17,0.7734832555713319,2.1235307017354352
Reino Unido,bajo,M-actividad,ipc,M,18,0.7814068937572772,2.0998509944567076
Reino Unido,bajo,M-actividad,ipc,M,19,0.8441004305701857,2.1528063346804744
Reino Unido,bajo,M-actividad,ipc,M,20,0.8657353518091498,2.1451413570262794
Reino Unido,bajo,M-actividad,ipc,M,21,0.8828481442372662,2.0935259563718223
Reino Unido,bajo,M-actividad,ipc,M,22,0.867359850529011,2.001270088042801
Reino Unido,bajo,M-actividad,ipc,M,23,0.867161147252896,1.9542735481719855
Reino Unido,bajo,M-actividad,ipc,M,24,0.9534887868590924,2.120865592001467
Reino Unido,bajo,M-actividad,ipc,M,25,0.9466514242024239,2.064298433820156
Reino Unido,bajo,M-actividad,ipc,M,26,1.007612362093044,2.237526944039156
Reino Unido,bajo,M-actividad,ipc,M,27,1.0746133755039797,2.3051077141977245
Reino Unido,bajo,M-actividad,ipc,M,28,1.0635815595142593,2.2564094094143785
Reino Unido,bajo,M-actividad,ipc,M,29,1.038813206176756,2.194436058089688
Reino Unido,bajo,M-actividad,ipc,M,30,1.092413592622567,2.2738655233180607
Reino Unido,bajo,M-actividad,ipc,M,31,1.1643344612325355,2.3491874068531495
Reino Unido,bajo,M-actividad,ipc,M,32,1.1532630626817524,2.320308722833058
Reino Unido,bajo,M-actividad,ipc,M,33,1.135811837980566,2.2858779212825207
Reino Unido,bajo,M-actividad,ipc,M,34,1.1484151884704512,2.3218972965008793
Reino Unido,bajo,M-actividad,ipc,M,35,1.218572246097914,2.4489761997558435
Reino Unido,bajo,M-actividad,ipc,M,36,1.2762150986334695,2.450779708279695
Reino Unido,bajo,M-actividad,ipc,M,37,1.3487737787367176,2.553079373002763
Reino Unido,bajo,M-actividad,ipc,M,38,1.3240250901533877,2.4636294501031903
Reino Unido,bajo,M-actividad,ipc,M,39,1.2941559370523923,2.438295593877285
Reino Unido,bajo,M-actividad,ipc,M,40,1.2769126468496625,2.4222487101721044
Reino Unido,bajo,M-actividad,ipc,M,41,1.2432174399591756,2.3618916475266674
Reino Unido,bajo,M-actividad,ipc,M,42,1.2364825744019703,2.400859246122313
Reino Unido,bajo,M-actividad,ipc,M,43,1.0893205680817748,2.07455372421879
Reino Unido,bajo,M-actividad,ipc,M,44,0.949694404352543,1.7938444401349034
Reino Unido,bajo,M-actividad,ipc,M,45,0.8434111855042791,1.5911024192431305
Reino Unido,bajo,M-actividad,ipc,M,46,0.5465228049257641,0.9441957695337246
Reino Unido,bajo,M-actividad,ipc,M,47,0.2694370429905025,0.35003945395120056
Reino Unido,bajo,M-actividad,ipc,M,48,0.846434041425015,1.4773333946950327
Reino Unido,bajo,M-actividad,fx,M,0,0.8865266390827027,2.415005784496315
Reino Unido,bajo,M-actividad,fx,M,1,1.3220705784171372,2.3023119384596233
Reino Unido,bajo,M-actividad,fx,M,2,1.6281449095902314,2.2967950280316844
Reino Unido,bajo,M-actividad,fx,M,3,1.3778429309659095,1.6591387394859156
Reino Unido,bajo,M-actividad,fx,M,4,1.1634614623255277,1.1750495430116878
Reino Unido,bajo,M-actividad,fx,M,5,1.1294047625478547,1.0881089843952014
Reino Unido,bajo,M-actividad,fx,M,6,0.9768009341856039,1.0081199096207238
Reino Unido,bajo,M-actividad,fx,M,7,0.7307837139527434,0.7489219809936785
Reino Unido,bajo,M-actividad,fx,M,8,0.5708064883451708,0.5760819974294676
Reino Unido,bajo,M-actividad,fx,M,9,0.8180513498795177,0.7661452121997608
Reino Unido,bajo,M-actividad,fx,M,10,0.9387307904133502,0.7803042667466947
Reino Unido,bajo,M-actividad,fx,M,11,0.58318396537168,0.46519700576248957
Reino Unido,bajo,M-actividad,fx,M,12,0.3701097954442722,0.29336091648921386
Reino Unido,bajo,M-actividad,fx,M,13,0.07217511226481946,0.0547915758086362
Reino Unido,bajo,M-actividad,fx,M,14,-0.02211669891627109,-0.016518284836196936
Reino Unido,bajo,M-actividad,fx,M,15,-0.07292692785372501,-0.05703186654477032
Reino Unido,bajo,M-actividad,fx,M,16,0.004727631277410724,0.003724542019937462
Reino Unido,bajo,M-actividad,fx,M,17,-0.32453246333407176,-0.2629549049376508
Reino Unido,bajo,M-actividad,fx,M,18,-0.43220195654503885,-0.33404521313832536
Reino Unido,bajo,M-actividad,fx,M,19,-0.1483808388213039,-0.1055623723551039
Reino Unido,bajo,M-actividad,fx,M,20,0.3513832694676977,0.26361026208471305
Reino Unido,bajo,M-actividad,fx,M,21,0.28597312273187636,0.1986308504728427
Reino Unido,bajo,M-actividad,fx,M,22,0.06587787850871457,0.044513189577032646
Reino Unido,bajo,M-actividad,fx,M,23,0.49395132815278475,0.31158654993781165
Reino Unido,bajo,M-actividad,fx,M,24,0.7261216900160224,0.46234449712388936
Reino Unido,bajo,M-actividad,fx,M,25,0.8059764874475239,0.5238335249564667
Reino Unido,bajo,M-actividad,fx,M,26,0.9429155855141996,0.6229616053243835
Reino Unido,bajo,M-actividad,fx,M,27,1.198286391777072,0.7728891588266581
Reino Unido,bajo,M-actividad,fx,M,28,1.3250115142221002,0.8401755725620346
Reino Unido,bajo,M-actividad,fx,M,29,1.2348735912435764,0.8057522357523803
Reino Unido,bajo,M-actividad,fx,M,30,0.7107416693134097,0.44397395590069544
Reino Unido,bajo,M-actividad,fx,M,31,0.7225070296745477,0.4588086982543271
Reino Unido,bajo,M-actividad,fx,M,32,0.20874347269560228,0.13382739231641155
Reino Unido,bajo,M-actividad,fx,M,33,0.027902704272092113,0.018149652165976665
Reino Unido,bajo,M-actividad,fx,M,34,0.02596408506301992,0.015629707614524282
Reino Unido,bajo,M-actividad,fx,M,35,0.4649640051520924,0.27757944528095146
Reino Unido,bajo,M-actividad,fx,M,36,0.020611559875759078,0.012684822046229149
Reino Unido,bajo,M-actividad,fx,M,37,0.17468690333003495,0.10125659636358644
Reino Unido,bajo,M-actividad,fx,M,38,0.3123066052459567,0.18758964143863924
Reino Unido,bajo,M-actividad,fx,M,39,0.06346086121080655,0.03946709345824757
Reino Unido,bajo,M-actividad,fx,M,40,-0.13668155048275302,-0.08660117835715918
Reino Unido,bajo,M-actividad,fx,M,41,0.2828749924650059,0.18261878118782163
Reino Unido,bajo,M-actividad,fx,M,42,1.0960045458754817,0.705309379731333
Reino Unido,bajo,M-actividad,fx,M,43,0.7376837780986993,0.48732914738822214
Reino Unido,bajo,M-actividad,fx,M,44,0.7848253635714222,0.5227012833055283
Reino Unido,bajo,M-actividad,fx,M,45,0.6346777622377175,0.4140600487011034
Reino Unido,bajo,M-actividad,fx,M,46,0.6784693686793404,0.45995700989332655
Reino Unido,bajo,M-actividad,fx,M,47,0.37694599087088854,0.2700381103132007
Reino Unido,bajo,M-actividad,fx,M,48,0.6915463565891302,0.4870249086943288
Reino Unido,bajo,M-actividad,vivienda,Q,0,-0.5461085197175705,-2.21280262355555
Reino Unido,bajo,M-actividad,vivienda,Q,1,-1.0263204705666433,-2.2114806886824168
Reino Unido,bajo,M-actividad,vivienda,Q,2,-0.8576463379143209,-1.3200119234455037
Reino Unido,bajo,M-actividad,vivienda,Q,3,-0.8708486221400233,-1.0905498728952212
Reino Unido,bajo,M-actividad,vivienda,Q,4,-1.2082286305133905,-1.383503863423843
Reino Unido,bajo,M-actividad,vivienda,Q,5,-2.396288736188983,-2.290673568516413
Reino Unido,bajo,M-actividad,vivienda,Q,6,-3.1763882860430543,-2.4171542527741634
Reino Unido,bajo,M-actividad,vivienda,Q,7,-3.420494892447619,-2.08512122818982
Reino Unido,bajo,M-actividad,vivienda,Q,8,-3.740321387635748,-2.179614847461944
Reino Unido,bajo,M-actividad,vivienda,Q,9,-4.158631450224616,-2.3116692746322465
Reino Unido,bajo,M-actividad,vivienda,Q,10,-4.219352683023609,-2.412111407925339
Reino Unido,bajo,M-actividad,vivienda,Q,11,-4.383887497094033,-2.4819181590449397
Reino Unido,bajo,M-actividad,vivienda,Q,12,-4.913544203201939,-2.6142790171123953
Reino Unido,bajo,M-actividad,credito,Q,0,1.0746088363016078,1.987416335214383
Reino Unido,bajo,M-actividad,credito,Q,1,0.9574736877722365,1.1427582717498084
Reino Unido,bajo,M-actividad,credito,Q,2,1.0584632894157524,1.020187991493885
Reino Unido,bajo,M-actividad,credito,Q,3,1.7306127824927346,1.3175926889377734
Reino Unido,bajo,M-actividad,credito,Q,4,1.5377518023648906,1.1613888127671317
Reino Unido,bajo,M-actividad,credito,Q,5,1.0961170916535359,0.8043032885652931
Reino Unido,bajo,M-actividad,credito,Q,6,1.3149426538575772,0.9253537970949683
Reino Unido,bajo,M-actividad,credito,Q,7,1.2522824445867131,0.8122097984574896
Reino Unido,bajo,M-actividad,credito,Q,8,1.2465596617408672,0.7685035270016323
Reino Unido,bajo,M-actividad,credito,Q,9,1.106896923653172,0.6431278859047599
Reino Unido,bajo,M-actividad,credito,Q,10,0.7612037449968858,0.41871655440228966
Reino Unido,bajo,M-actividad,credito,Q,11,0.152885283300544,0.0767663181652404
Reino Unido,bajo,M-actividad,credito,Q,12,-0.3423797522091818,-0.16465609174759815
Reino Unido,bajo,Exceso+act,tasa,M,0,-0.08958769726975242,-1.7849108584303905
Reino Unido,bajo,Exceso+act,tasa,M,1,-0.19296940345148303,-1.718103207018789
Reino Unido,bajo,Exceso+act,tasa,M,2,-0.27004912428483036,-1.631028613246176
Reino Unido,bajo,Exceso+act,tasa,M,3,-0.33328050912446083,-1.5825341532033785
Reino Unido,bajo,Exceso+act,tasa,M,4,-0.3768239881041495,-1.5471517396516885
Reino Unido,bajo,Exceso+act,tasa,M,5,-0.39480662781665116,-1.4580228745380541
Reino Unido,bajo,Exceso+act,tasa,M,6,-0.39237853654610544,-1.3719040479938724
Reino Unido,bajo,Exceso+act,tasa,M,7,-0.3908327615295006,-1.316889608884347
Reino Unido,bajo,Exceso+act,tasa,M,8,-0.4063764890506077,-1.2994515832201778
Reino Unido,bajo,Exceso+act,tasa,M,9,-0.453296161399393,-1.3594518586525128
Reino Unido,bajo,Exceso+act,tasa,M,10,-0.5268701879489246,-1.4614364139379064
Reino Unido,bajo,Exceso+act,tasa,M,11,-0.5604121643431438,-1.4457503105795793
Reino Unido,bajo,Exceso+act,tasa,M,12,-0.6026572016099411,-1.4650747243890212
Reino Unido,bajo,Exceso+act,tasa,M,13,-0.569570921612572,-1.3423473836864797
Reino Unido,bajo,Exceso+act,tasa,M,14,-0.5615311433206316,-1.3079646509298524
Reino Unido,bajo,Exceso+act,tasa,M,15,-0.5382561115094583,-1.2501297404385414
Reino Unido,bajo,Exceso+act,tasa,M,16,-0.5265612643206544,-1.2222644854783722
Reino Unido,bajo,Exceso+act,tasa,M,17,-0.5433870091071501,-1.2565065027537652
Reino Unido,bajo,Exceso+act,tasa,M,18,-0.6019810999493598,-1.3709414301013039
Reino Unido,bajo,Exceso+act,tasa,M,19,-0.6546092042998239,-1.439035270497003
Reino Unido,bajo,Exceso+act,tasa,M,20,-0.6826360219893451,-1.4439632189941853
Reino Unido,bajo,Exceso+act,tasa,M,21,-0.6723742526537606,-1.3845813251460315
Reino Unido,bajo,Exceso+act,tasa,M,22,-0.6674008895952847,-1.3485535041772485
Reino Unido,bajo,Exceso+act,tasa,M,23,-0.6741400683196288,-1.328100924126472
Reino Unido,bajo,Exceso+act,tasa,M,24,-0.6709200250673978,-1.2912016276396603
Reino Unido,bajo,Exceso+act,tasa,M,25,-0.7425332690107911,-1.4268787859269756
Reino Unido,bajo,Exceso+act,tasa,M,26,-0.7044399513734211,-1.3372831357430899
Reino Unido,bajo,Exceso+act,tasa,M,27,-0.7270373863168575,-1.3851671953155216
Reino Unido,bajo,Exceso+act,tasa,M,28,-0.7243734901949972,-1.375999151143454
Reino Unido,bajo,Exceso+act,tasa,M,29,-0.6706342532907349,-1.246202829369484
Reino Unido,bajo,Exceso+act,tasa,M,30,-0.634473724980462,-1.1507905157301939
Reino Unido,bajo,Exceso+act,tasa,M,31,-0.6064281351937342,-1.0918563322822323
Reino Unido,bajo,Exceso+act,tasa,M,32,-0.6134666485645982,-1.1044664174738412
Reino Unido,bajo,Exceso+act,tasa,M,33,-0.6588477709941375,-1.173875624629684
Reino Unido,bajo,Exceso+act,tasa,M,34,-0.6220579916281065,-1.1433821984205124
Reino Unido,bajo,Exceso+act,tasa,M,35,-0.5957381109545022,-1.1398188028728944
Reino Unido,bajo,Exceso+act,tasa,M,36,-0.5616541694442142,-1.1543891284073446
Reino Unido,bajo,Exceso+act,tasa,M,37,-0.6276360919850864,-1.2993484967675697
Reino Unido,bajo,Exceso+act,tasa,M,38,-0.6944562166232641,-1.4272451901447858
Reino Unido,bajo,Exceso+act,tasa,M,39,-0.5539409232517626,-1.156206161083554
Reino Unido,bajo,Exceso+act,tasa,M,40,-0.44533339490087415,-0.9037678639248108
Reino Unido,bajo,Exceso+act,tasa,M,41,-0.5862484289582489,-1.2450439237854931
Reino Unido,bajo,Exceso+act,tasa,M,42,-0.5583465411586274,-1.2067001660120864
Reino Unido,bajo,Exceso+act,tasa,M,43,-0.6055717109104248,-1.3741670298694961
Reino Unido,bajo,Exceso+act,tasa,M,44,-0.6551410845325873,-1.581957257798893
Reino Unido,bajo,Exceso+act,tasa,M,45,-0.6556266620397867,-1.6347119343862218
Reino Unido,bajo,Exceso+act,tasa,M,46,-0.6307398808353677,-1.5976298271206488
Reino Unido,bajo,Exceso+act,tasa,M,47,-0.6082806437212581,-1.5869452199867842
Reino Unido,bajo,Exceso+act,tasa,M,48,-0.7005449993418922,-2.042736119876908
Reino Unido,bajo,Exceso+act,acciones,M,0,-2.355905551538383,-1.8801701560275268
Reino Unido,bajo,Exceso+act,acciones,M,1,-3.0552003693513563,-1.8501808683409855
Reino Unido,bajo,Exceso+act,acciones,M,2,-1.7579698565312394,-0.9823470287841721
Reino Unido,bajo,Exceso+act,acciones,M,3,-1.256594549053907,-0.7133750656254467
Reino Unido,bajo,Exceso+act,acciones,M,4,-1.2505606966201082,-0.6496945491108819
Reino Unido,bajo,Exceso+act,acciones,M,5,-1.4775952003610269,-0.7112689441508452
Reino Unido,bajo,Exceso+act,acciones,M,6,-1.119410310228842,-0.5325500318349018
Reino Unido,bajo,Exceso+act,acciones,M,7,0.7706730678510444,0.31640691110865804
Reino Unido,bajo,Exceso+act,acciones,M,8,1.2379871445869695,0.5057540301508889
Reino Unido,bajo,Exceso+act,acciones,M,9,1.3850906759622672,0.5615713523038467
Reino Unido,bajo,Exceso+act,acciones,M,10,1.557034126441688,0.6397716180687679
Reino Unido,bajo,Exceso+act,acciones,M,11,1.004857618541944,0.4310961873787544
Reino Unido,bajo,Exceso+act,acciones,M,12,0.8185500522076866,0.37100894143621216
Reino Unido,bajo,Exceso+act,acciones,M,13,1.0993454907521225,0.4770254292600235
Reino Unido,bajo,Exceso+act,acciones,M,14,0.6275702506313587,0.25513541016467345
Reino Unido,bajo,Exceso+act,acciones,M,15,0.9516256693534767,0.38804697338624733
Reino Unido,bajo,Exceso+act,acciones,M,16,1.3845182148988873,0.5349458057738002
Reino Unido,bajo,Exceso+act,acciones,M,17,0.40305029970002626,0.1492643605524383
Reino Unido,bajo,Exceso+act,acciones,M,18,0.13863133550604398,0.05057028373575488
Reino Unido,bajo,Exceso+act,acciones,M,19,0.10225588305610755,0.03593518264464036
Reino Unido,bajo,Exceso+act,acciones,M,20,0.7670567282407684,0.26551500553889773
Reino Unido,bajo,Exceso+act,acciones,M,21,1.4882041357585674,0.5005334517843797
Reino Unido,bajo,Exceso+act,acciones,M,22,1.4206123868586746,0.4565439810058861
Reino Unido,bajo,Exceso+act,acciones,M,23,1.6467014411323762,0.5105421496689214
Reino Unido,bajo,Exceso+act,acciones,M,24,2.759572592175664,0.8398841551455526
Reino Unido,bajo,Exceso+act,acciones,M,25,2.9233866190764193,0.8592919987152428
Reino Unido,bajo,Exceso+act,acciones,M,26,2.012302309789132,0.5694411082436693
Reino Unido,bajo,Exceso+act,acciones,M,27,0.7393453920594241,0.21579977943801107
Reino Unido,bajo,Exceso+act,acciones,M,28,-0.8611659291601892,-0.25222876443234704
Reino Unido,bajo,Exceso+act,acciones,M,29,0.26574892968101926,0.07575712227830779
Reino Unido,bajo,Exceso+act,acciones,M,30,-0.799637139828892,-0.2180264020961071
Reino Unido,bajo,Exceso+act,acciones,M,31,-0.6904674297113276,-0.1818743538261112
Reino Unido,bajo,Exceso+act,acciones,M,32,-0.18069745328088255,-0.05227700095353247
Reino Unido,bajo,Exceso+act,acciones,M,33,-0.12629782964340483,-0.03626983505123559
Reino Unido,bajo,Exceso+act,acciones,M,34,-0.5008556097529359,-0.13303990919614223
Reino Unido,bajo,Exceso+act,acciones,M,35,-0.7988937061397308,-0.23428770390144857
Reino Unido,bajo,Exceso+act,acciones,M,36,-2.0204259560681175,-0.571654484853983
Reino Unido,bajo,Exceso+act,acciones,M,37,-1.2500302537456138,-0.3331635939130703
Reino Unido,bajo,Exceso+act,acciones,M,38,-0.6565085149639102,-0.18521009103912042
Reino Unido,bajo,Exceso+act,acciones,M,39,-0.6530539617796671,-0.1854177204093196
Reino Unido,bajo,Exceso+act,acciones,M,40,-0.5059349972816761,-0.13910014648531047
Reino Unido,bajo,Exceso+act,acciones,M,41,-1.3732257179802028,-0.3839858146810965
Reino Unido,bajo,Exceso+act,acciones,M,42,-0.913526316231263,-0.2369538370415692
Reino Unido,bajo,Exceso+act,acciones,M,43,-1.6863297230737713,-0.4064551642008496
Reino Unido,bajo,Exceso+act,acciones,M,44,-1.5231162801702964,-0.3590809977222854
Reino Unido,bajo,Exceso+act,acciones,M,45,-1.3390589445535963,-0.3234968434849869
Reino Unido,bajo,Exceso+act,acciones,M,46,-1.0519430553991846,-0.265353740729506
Reino Unido,bajo,Exceso+act,acciones,M,47,0.12878832215298974,0.03277554898725247
Reino Unido,bajo,Exceso+act,acciones,M,48,0.7592153793447342,0.19493400643618256
Reino Unido,bajo,Exceso+act,salario,M,0,-0.2609369607665396,-1.559737937216327
Reino Unido,bajo,Exceso+act,salario,M,1,-0.2965323284358434,-0.8675651795834147
Reino Unido,bajo,Exceso+act,salario,M,2,-0.338992460599472,-0.9852434992032774
Reino Unido,bajo,Exceso+act,salario,M,3,-0.4085134148894255,-1.0101884103985068
Reino Unido,bajo,Exceso+act,salario,M,4,-0.2433201000132881,-0.6545386403830823
Reino Unido,bajo,Exceso+act,salario,M,5,-0.1779369282692725,-0.6105795689948831
Reino Unido,bajo,Exceso+act,salario,M,6,-0.050401519258091346,-0.15924500232433395
Reino Unido,bajo,Exceso+act,salario,M,7,0.011064631515748616,0.033189722684414585
Reino Unido,bajo,Exceso+act,salario,M,8,-0.010218220776098533,-0.028720358908091537
Reino Unido,bajo,Exceso+act,salario,M,9,-0.11467266827789796,-0.2983390539993662
Reino Unido,bajo,Exceso+act,salario,M,10,-0.12657423943763726,-0.3603693716168421
Reino Unido,bajo,Exceso+act,salario,M,11,-0.08849197653825977,-0.24527798189414693
Reino Unido,bajo,Exceso+act,salario,M,12,-0.37790059255960645,-0.9627789737676237
Reino Unido,bajo,Exceso+act,salario,M,13,-0.3530083818228774,-0.8655067613209356
Reino Unido,bajo,Exceso+act,salario,M,14,-0.3766404634111795,-0.790723781979305
Reino Unido,bajo,Exceso+act,salario,M,15,-0.35713915935262475,-0.7939118867972412
Reino Unido,bajo,Exceso+act,salario,M,16,-0.35765822699637595,-0.8782862218950237
Reino Unido,bajo,Exceso+act,salario,M,17,-0.3699421692536474,-0.8774809254948862
Reino Unido,bajo,Exceso+act,salario,M,18,-0.7039246043661729,-1.5815459069527116
Reino Unido,bajo,Exceso+act,salario,M,19,-0.757062663907011,-1.7046525512416644
Reino Unido,bajo,Exceso+act,salario,M,20,-0.6106309133037704,-1.380108066292201
Reino Unido,bajo,Exceso+act,salario,M,21,-0.6083127828942387,-1.3684711942671512
Reino Unido,bajo,Exceso+act,salario,M,22,-0.7448652018092039,-1.5039949403797845
Reino Unido,bajo,Exceso+act,salario,M,23,-0.6702031400702424,-1.3646556961331904
Reino Unido,bajo,Exceso+act,salario,M,24,-0.7691717464165164,-1.5118543674054463
Reino Unido,bajo,Exceso+act,salario,M,25,-0.8856769218963791,-1.4882183027415148
Reino Unido,bajo,Exceso+act,salario,M,26,-0.7720665241762498,-1.2246169558515485
Reino Unido,bajo,Exceso+act,salario,M,27,-0.9979363409326816,-1.6464132137606402
Reino Unido,bajo,Exceso+act,salario,M,28,-1.0200098163756688,-1.6862286339083772
Reino Unido,bajo,Exceso+act,salario,M,29,-1.113745407020606,-1.7688791610894188
Reino Unido,bajo,Exceso+act,salario,M,30,-1.1175205757435869,-1.7932743377789433
Reino Unido,bajo,Exceso+act,salario,M,31,-1.1297411789487686,-1.7458042836311527
Reino Unido,bajo,Exceso+act,salario,M,32,-1.0750004979168588,-1.622969905053275
Reino Unido,bajo,Exceso+act,salario,M,33,-1.0524405232304779,-1.6110464568632896
Reino Unido,bajo,Exceso+act,salario,M,34,-0.9276580222145465,-1.5015808385314982
Reino Unido,bajo,Exceso+act,salario,M,35,-1.190068690423623,-1.8286493210856245
Reino Unido,bajo,Exceso+act,salario,M,36,-1.1733677805221583,-1.844174260833182
Reino Unido,bajo,Exceso+act,salario,M,37,-1.2869673523063612,-2.0349918685903385
Reino Unido,bajo,Exceso+act,salario,M,38,-1.228523934990695,-1.8460579741066587
Reino Unido,bajo,Exceso+act,salario,M,39,-1.1880177056707821,-1.7314418189266871
Reino Unido,bajo,Exceso+act,salario,M,40,-1.4675838245960373,-2.119212577065029
Reino Unido,bajo,Exceso+act,salario,M,41,-1.5202636258706599,-2.0351172942077684
Reino Unido,bajo,Exceso+act,salario,M,42,-1.2207626239949159,-1.6340766970836111
Reino Unido,bajo,Exceso+act,salario,M,43,-1.3215200795056583,-1.6289226125275738
Reino Unido,bajo,Exceso+act,salario,M,44,-1.3391967165981338,-1.6733405011616656
Reino Unido,bajo,Exceso+act,salario,M,45,-1.1022593312727145,-1.3515406782901291
Reino Unido,bajo,Exceso+act,salario,M,46,-1.4535815202192872,-1.677970989898888
Reino Unido,bajo,Exceso+act,salario,M,47,-1.75858118023343,-2.0064048570954434
Reino Unido,bajo,Exceso+act,salario,M,48,-1.5570513523806249,-1.70765514785285
Reino Unido,bajo,Exceso+act,ipc,M,0,0.02508511563342028,0.47535226053270774
Reino Unido,bajo,Exceso+act,ipc,M,1,0.019468307228792683,0.2076682684629117
Reino Unido,bajo,Exceso+act,ipc,M,2,-0.0026712358377605286,-0.020567438475870115
Reino Unido,bajo,Exceso+act,ipc,M,3,-0.006632349620268135,-0.045057596270633334
Reino Unido,bajo,Exceso+act,ipc,M,4,0.08325120406581957,0.5041578592451348
Reino Unido,bajo,Exceso+act,ipc,M,5,0.1101249717004378,0.5967675368046197
Reino Unido,bajo,Exceso+act,ipc,M,6,0.11205172242058092,0.5444949400253092
Reino Unido,bajo,Exceso+act,ipc,M,7,0.17332137556625424,0.7667312201299002
Reino Unido,bajo,Exceso+act,ipc,M,8,0.22845761054856467,0.8570677791748597
Reino Unido,bajo,Exceso+act,ipc,M,9,0.1802556729812056,0.6735895670151403
Reino Unido,bajo,Exceso+act,ipc,M,10,0.19734226397583574,0.7014669662254668
Reino Unido,bajo,Exceso+act,ipc,M,11,0.31117533230661565,1.0016441885815115
Reino Unido,bajo,Exceso+act,ipc,M,12,0.47097198790802297,1.30909922827545
Reino Unido,bajo,Exceso+act,ipc,M,13,0.47211141896232345,1.2213585387220975
Reino Unido,bajo,Exceso+act,ipc,M,14,0.562604728284041,1.3716257388517348
Reino Unido,bajo,Exceso+act,ipc,M,15,0.6409611508675555,1.4636894183860967
Reino Unido,bajo,Exceso+act,ipc,M,16,0.6659152270260602,1.4552499639171508
Reino Unido,bajo,Exceso+act,ipc,M,17,0.644239932682666,1.373315570596271
Reino Unido,bajo,Exceso+act,ipc,M,18,0.7456113618330157,1.4898545270612598
Reino Unido,bajo,Exceso+act,ipc,M,19,0.8320684442066273,1.5475341418614266
Reino Unido,bajo,Exceso+act,ipc,M,20,0.8526688469458897,1.5099539829426754
Reino Unido,bajo,Exceso+act,ipc,M,21,0.8051094385116089,1.3816378950177342
Reino Unido,bajo,Exceso+act,ipc,M,22,0.7990149861257576,1.330176537327938
Reino Unido,bajo,Exceso+act,ipc,M,23,0.7996466471788641,1.2743227198530134
Reino Unido,bajo,Exceso+act,ipc,M,24,0.9404233491640347,1.4320310730702872
Reino Unido,bajo,Exceso+act,ipc,M,25,1.0253168941726236,1.5062706602683253
Reino Unido,bajo,Exceso+act,ipc,M,26,1.1236175516556333,1.6219886390804958
Reino Unido,bajo,Exceso+act,ipc,M,27,1.1929267760701823,1.6791912391257413
Reino Unido,bajo,Exceso+act,ipc,M,28,1.2545516015301053,1.697824993038678
Reino Unido,bajo,Exceso+act,ipc,M,29,1.2366856787500806,1.6935797665986547
Reino Unido,bajo,Exceso+act,ipc,M,30,1.2813684632667415,1.7573619639460523
Reino Unido,bajo,Exceso+act,ipc,M,31,1.3919698821090167,1.7698569573865552
Reino Unido,bajo,Exceso+act,ipc,M,32,1.3946655973294086,1.7221776644760949
Reino Unido,bajo,Exceso+act,ipc,M,33,1.3919933336429016,1.7349487298353519
Reino Unido,bajo,Exceso+act,ipc,M,34,1.3956865391320057,1.7447590057957554
Reino Unido,bajo,Exceso+act,ipc,M,35,1.5361089740808294,1.909935698476272
Reino Unido,bajo,Exceso+act,ipc,M,36,1.597711945420095,1.942364905231978
Reino Unido,bajo,Exceso+act,ipc,M,37,1.6175366335051444,1.9239950033425408
Reino Unido,bajo,Exceso+act,ipc,M,38,1.5085032409248156,1.8314075356152852
Reino Unido,bajo,Exceso+act,ipc,M,39,1.536710234109816,1.873983026132405
Reino Unido,bajo,Exceso+act,ipc,M,40,1.5876531888011303,1.9252506878688578
Reino Unido,bajo,Exceso+act,ipc,M,41,1.5226154000646832,1.8758920998076718
Reino Unido,bajo,Exceso+act,ipc,M,42,1.4158851583374958,1.7973126880845163
Reino Unido,bajo,Exceso+act,ipc,M,43,1.3084702258151197,1.70400262402686
Reino Unido,bajo,Exceso+act,ipc,M,44,1.0689339859393658,1.5037866869339567
Reino Unido,bajo,Exceso+act,ipc,M,45,0.9737608998039597,1.3907159723095766
Reino Unido,bajo,Exceso+act,ipc,M,46,1.0620030622400478,1.5711170513949584
Reino Unido,bajo,Exceso+act,ipc,M,47,1.316555325927034,1.8956057110484181
Reino Unido,bajo,Exceso+act,ipc,M,48,1.4141434975557035,2.000963904582379
Reino Unido,bajo,Exceso+act,fx,M,0,1.6101106540356813,3.1279055774896602
Reino Unido,bajo,Exceso+act,fx,M,1,3.4042265140597547,3.6605753352459196
Reino Unido,bajo,Exceso+act,fx,M,2,4.081756948481554,3.733412275198628
Reino Unido,bajo,Exceso+act,fx,M,3,4.124119396455901,3.3212380688021157
Reino Unido,bajo,Exceso+act,fx,M,4,4.49398409357559,3.076222408268358
Reino Unido,bajo,Exceso+act,fx,M,5,3.8179170992609484,2.495809282049236
Reino Unido,bajo,Exceso+act,fx,M,6,3.0491309636519115,2.1162500942449314
Reino Unido,bajo,Exceso+act,fx,M,7,3.2087348084201945,2.3019403320342544
Reino Unido,bajo,Exceso+act,fx,M,8,2.239784121204139,1.6703445833878459
Reino Unido,bajo,Exceso+act,fx,M,9,2.2186414241881525,1.5098387657193841
Reino Unido,bajo,Exceso+act,fx,M,10,2.0256216387577854,1.2287756469630478
Reino Unido,bajo,Exceso+act,fx,M,11,1.2577992861834417,0.7166682765363663
Reino Unido,bajo,Exceso+act,fx,M,12,0.691794104482098,0.37753463393130493
Reino Unido,bajo,Exceso+act,fx,M,13,0.15273070555268126,0.08084002262774358
Reino Unido,bajo,Exceso+act,fx,M,14,-0.1760886982416637,-0.09003361840186058
Reino Unido,bajo,Exceso+act,fx,M,15,-0.4684210223166483,-0.24714686707300987
Reino Unido,bajo,Exceso+act,fx,M,16,-0.8124535220973695,-0.42081010746057534
Reino Unido,bajo,Exceso+act,fx,M,17,-1.2161580427674754,-0.6385602430178718
Reino Unido,bajo,Exceso+act,fx,M,18,-1.03396701135353,-0.49698844752827104
Reino Unido,bajo,Exceso+act,fx,M,19,-0.5332658811621793,-0.24153794346907873
Reino Unido,bajo,Exceso+act,fx,M,20,-0.06363864863003107,-0.029201688330671896
Reino Unido,bajo,Exceso+act,fx,M,21,-0.14570340181820465,-0.0640387752283183
Reino Unido,bajo,Exceso+act,fx,M,22,-0.1777598352098311,-0.0781977409964409
Reino Unido,bajo,Exceso+act,fx,M,23,0.7572162934040751,0.3354084929782557
Reino Unido,bajo,Exceso+act,fx,M,24,1.2092060136669898,0.5709424479367776
Reino Unido,bajo,Exceso+act,fx,M,25,1.2125848840770461,0.5807592055631489
Reino Unido,bajo,Exceso+act,fx,M,26,1.0627905051715876,0.47361802156973143
Reino Unido,bajo,Exceso+act,fx,M,27,1.1250148829752462,0.49372473697434877
Reino Unido,bajo,Exceso+act,fx,M,28,1.167285661381222,0.46491041850987647
Reino Unido,bajo,Exceso+act,fx,M,29,1.2133387208173583,0.4628923981222426
Reino Unido,bajo,Exceso+act,fx,M,30,0.8275030313127751,0.3102637018825771
Reino Unido,bajo,Exceso+act,fx,M,31,0.3352423740443219,0.12324687522819026
Reino Unido,bajo,Exceso+act,fx,M,32,-0.09472629198773903,-0.03375923448066959
Reino Unido,bajo,Exceso+act,fx,M,33,0.08611440668664674,0.030518349622634663
Reino Unido,bajo,Exceso+act,fx,M,34,0.6328612428649114,0.21320975530547226
Reino Unido,bajo,Exceso+act,fx,M,35,1.2522714166046784,0.4149960132890425
Reino Unido,bajo,Exceso+act,fx,M,36,0.5317066747843393,0.16829538003017172
Reino Unido,bajo,Exceso+act,fx,M,37,1.1770969988808213,0.3661289002225729
Reino Unido,bajo,Exceso+act,fx,M,38,1.9567827132548103,0.6282204670644039
Reino Unido,bajo,Exceso+act,fx,M,39,1.3232493778554317,0.4448625177070381
Reino Unido,bajo,Exceso+act,fx,M,40,1.3344057018610016,0.46089115565165534
Reino Unido,bajo,Exceso+act,fx,M,41,1.7877462872077012,0.6325281459110501
Reino Unido,bajo,Exceso+act,fx,M,42,2.7074107033131014,0.9551618883141717
Reino Unido,bajo,Exceso+act,fx,M,43,2.5349740941208494,0.9274541757027419
Reino Unido,bajo,Exceso+act,fx,M,44,2.56088822506375,0.981017400139055
Reino Unido,bajo,Exceso+act,fx,M,45,2.8680875992951034,1.098140547468386
Reino Unido,bajo,Exceso+act,fx,M,46,2.2461294689042415,0.9125139780470951
Reino Unido,bajo,Exceso+act,fx,M,47,1.0253522008162097,0.44591241681117166
Reino Unido,bajo,Exceso+act,fx,M,48,1.2529474959356834,0.5725435204589677
Reino Unido,bajo,Exceso+act,vivienda,Q,0,-0.3331460786834459,-0.5580390978316355
Reino Unido,bajo,Exceso+act,vivienda,Q,1,-0.8643319452859288,-0.8510219654699371
Reino Unido,bajo,Exceso+act,vivienda,Q,2,-0.9652589061521882,-0.7853393489219278
Reino Unido,bajo,Exceso+act,vivienda,Q,3,-1.0203975201587494,-0.7410798562718555
Reino Unido,bajo,Exceso+act,vivienda,Q,4,-1.1580294500524886,-0.6907640436457406
Reino Unido,bajo,Exceso+act,vivienda,Q,5,-2.0125767331056506,-1.095203889702423
Reino Unido,bajo,Exceso+act,vivienda,Q,6,-2.6885113095412336,-1.3164666467617734
Reino Unido,bajo,Exceso+act,vivienda,Q,7,-3.015259734074719,-1.3104070741492928
Reino Unido,bajo,Exceso+act,vivienda,Q,8,-2.921600556454294,-1.135744748322708
Reino Unido,bajo,Exceso+act,vivienda,Q,9,-3.5030258591553087,-1.261582327640533
Reino Unido,bajo,Exceso+act,vivienda,Q,10,-4.064479599656375,-1.3623646209250349
Reino Unido,bajo,Exceso+act,vivienda,Q,11,-4.637178499947429,-1.467576857630091
Reino Unido,bajo,Exceso+act,vivienda,Q,12,-5.50986400965098,-1.5888326835050457
Reino Unido,bajo,Exceso+act,credito,Q,0,2.115856310587084,3.1039430327011344
Reino Unido,bajo,Exceso+act,credito,Q,1,2.2965173056549903,1.7939812821194399
Reino Unido,bajo,Exceso+act,credito,Q,2,2.1898070264035714,1.362412926276924
Reino Unido,bajo,Exceso+act,credito,Q,3,3.158342272695208,1.4070962405427467
Reino Unido,bajo,Exceso+act,credito,Q,4,3.5366686562906673,1.445896123478775
Reino Unido,bajo,Exceso+act,credito,Q,5,2.9686097475739817,1.1805765269058663
Reino Unido,bajo,Exceso+act,credito,Q,6,3.3119692301479824,1.246095497758147
Reino Unido,bajo,Exceso+act,credito,Q,7,3.3398603295237583,1.2879233888832713
Reino Unido,bajo,Exceso+act,credito,Q,8,3.5388390396718608,1.3815537913302598
Reino Unido,bajo,Exceso+act,credito,Q,9,3.5408367613694094,1.2837173775918609
Reino Unido,bajo,Exceso+act,credito,Q,10,3.5186033247712287,1.2897564384143692
Reino Unido,bajo,Exceso+act,credito,Q,11,2.3213543942413826,0.8651919212226178
Reino Unido,bajo,Exceso+act,credito,Q,12,2.1198067697597307,0.748346725672078
Argentina,alto,Exceso,ipc,M,0,0.9523722163469439,1.6206118108650838
Argentina,alto,Exceso,ipc,M,1,1.9831776230120797,1.838833950620931
Argentina,alto,Exceso,ipc,M,2,2.5262160909015607,1.9214272952987241
Argentina,alto,Exceso,ipc,M,3,2.5248050945795977,1.8623139419889512
Argentina,alto,Exceso,ipc,M,4,2.929961137902141,1.899850625270569
Argentina,alto,Exceso,ipc,M,5,3.535076652039144,2.0615701304586778
Argentina,alto,Exceso,ipc,M,6,4.143680570956782,2.150660294979008
Argentina,alto,Exceso,ipc,M,7,4.723809110299637,2.08739770201266
Argentina,alto,Exceso,ipc,M,8,5.38629882469095,2.1584625254356244
Argentina,alto,Exceso,ipc,M,9,5.999808870545723,2.2356348068612073
Argentina,alto,Exceso,ipc,M,10,6.18799003989522,2.1927936538103316
Argentina,alto,Exceso,ipc,M,11,6.781032139309527,2.1405262614351437
Argentina,alto,Exceso,ipc,M,12,8.014632024814414,2.198821233079491
Argentina,alto,Exceso,ipc,M,13,8.3959777085942,2.1332814569059537
Argentina,alto,Exceso,ipc,M,14,8.314740512699743,1.9748636327196314
Argentina,alto,Exceso,ipc,M,15,9.02380963541326,1.9246067553244952
Argentina,alto,Exceso,ipc,M,16,11.516290429216713,2.1392199327521744
Argentina,alto,Exceso,ipc,M,17,12.092366407789692,2.1211207322709944
Argentina,alto,Exceso,ipc,M,18,11.784112082694067,2.018807674086266
Argentina,alto,Exceso,expect,M,0,-0.7352472875009844,-0.4661776865683371
Argentina,alto,Exceso,expect,M,1,-2.128657675122322,-0.6132905632797379
Argentina,alto,Exceso,expect,M,2,-9.445306684077696,-1.609265558377286
Argentina,alto,Exceso,expect,M,3,-10.682998613160914,-1.375592694102025
Argentina,alto,Exceso,expect,M,4,-11.854388544262127,-1.293844139111504
Argentina,alto,Exceso,expect,M,5,-13.96547020219843,-1.4306812914602403
Argentina,alto,Exceso,expect,M,6,-13.431486523850086,-1.4236703935639297
Argentina,alto,Exceso,expect,M,7,-12.736886612775583,-1.4612354928039808
Argentina,alto,Exceso,expect,M,8,-11.574418847975476,-1.2262261937348722
Argentina,alto,Exceso,expect,M,9,-12.086097739996315,-1.1801472371524144
Argentina,alto,Exceso,expect,M,10,-12.26712957907936,-1.1054598423470785
Argentina,alto,Exceso,expect,M,11,-10.61257110277023,-1.03913201611181
Argentina,alto,Exceso,expect,M,12,-9.66046004117918,-1.0273925854078225
Argentina,alto,Exceso,expect,M,13,-13.533021827824884,-1.4107348122599443
Argentina,alto,Exceso,expect,M,14,-12.257485683861546,-1.418144665795821
Argentina,alto,Exceso,expect,M,15,-11.106306330630744,-1.2160665383402687
Argentina,alto,Exceso,expect,M,16,-4.557431242541645,-0.3625735350557519
Argentina,alto,Exceso,expect,M,17,-2.004094284036271,-0.14418074518545776
Argentina,alto,Exceso,expect,M,18,-0.27709753897569467,-0.021001243297480557
Argentina,alto,Exceso,tasa,M,0,0.619316414338398,0.5503473438421648
Argentina,alto,Exceso,tasa,M,1,0.7573478442350885,0.35804786782292247
Argentina,alto,Exceso,tasa,M,2,0.970635792988398,0.3353233523739337
Argentina,alto,Exceso,tasa,M,3,-0.9364417909568851,-0.2141164156757877
Argentina,alto,Exceso,tasa,M,4,-1.9727065531006447,-0.38828815750750933
Argentina,alto,Exceso,tasa,M,5,-3.435594614668944,-0.5264553132353748
Argentina,alto,Exceso,tasa,M,6,-2.5338262850235442,-0.4199558861430914
Argentina,alto,Exceso,tasa,M,7,-1.5556653609691522,-0.29824765051521723
Argentina,alto,Exceso,tasa,M,8,-3.1434424717051472,-0.6617736986558862
Argentina,alto,Exceso,tasa,M,9,-2.7859171669904943,-0.553849158234791
Argentina,alto,Exceso,tasa,M,10,-2.764258141391173,-0.4832506255379282
Argentina,alto,Exceso,tasa,M,11,-1.249443865217926,-0.20927123360895244
Argentina,alto,Exceso,tasa,M,12,-0.6234749802167739,-0.10256852271161002
Argentina,alto,Exceso,tasa,M,13,-2.25779124659198,-0.38464479164508486
Argentina,alto,Exceso,tasa,M,14,-2.3292226398508245,-0.3814888195466813
Argentina,alto,Exceso,tasa,M,15,-3.125075348522072,-0.5070349533416756
Argentina,alto,Exceso,tasa,M,16,-2.737144719160638,-0.4085817680117446
Argentina,alto,Exceso,tasa,M,17,-4.271555655706164,-0.6505520332181031
Argentina,alto,Exceso,tasa,M,18,-5.094952490071167,-0.7480489772557796
Argentina,alto,Exceso,salario,M,0,-0.9557170094932607,-1.539572640332815
Argentina,alto,Exceso,salario,M,1,-1.6280998245975744,-1.7655692949702468
Argentina,alto,Exceso,salario,M,2,-1.7438063509059598,-2.028936498261364
Argentina,alto,Exceso,salario,M,3,-1.5300449257915267,-1.4729095301313446
Argentina,alto,Exceso,salario,M,4,-2.095122414592825,-2.0242675311636376
Argentina,alto,Exceso,salario,M,5,-2.680721976711176,-2.235192390856494
Argentina,alto,Exceso,salario,M,6,-2.7499150114147533,-2.511825231954304
Argentina,alto,Exceso,salario,M,7,-3.1302879393606164,-2.525135764733447
Argentina,alto,Exceso,salario,M,8,-3.6859334970470625,-2.825772653786842
Argentina,alto,Exceso,salario,M,9,-3.492782060779096,-2.990112684791803
Argentina,alto,Exceso,salario,M,10,-3.858622824084044,-3.5570123765475463
Argentina,alto,Exceso,salario,M,11,-4.3714503594697725,-3.1572596057078943
Argentina,alto,Exceso,salario,M,12,-4.878890787060653,-2.965156699007628
Argentina,alto,Exceso,salario,M,13,-4.904903870965287,-2.962981512973126
Argentina,alto,Exceso,salario,M,14,-5.132494439355749,-3.0669284686308735
Argentina,alto,Exceso,salario,M,15,-5.349729272022943,-2.9268739501974914
Argentina,alto,Exceso,salario,M,16,-5.130582613845972,-3.230295848513622
Argentina,alto,Exceso,salario,M,17,-4.1650861066157745,-3.457087851632228
Argentina,alto,Exceso,salario,M,18,-3.450577051572078,-1.834823551583376
Argentina,alto,Exceso,fx,M,0,0.974243826549301,0.6808483353910159
Argentina,alto,Exceso,fx,M,1,4.320941719462761,1.9381280410536954
Argentina,alto,Exceso,fx,M,2,2.2078880607116695,0.9083866033634034
Argentina,alto,Exceso,fx,M,3,1.5965890063824375,0.4593249166474771
Argentina,alto,Exceso,fx,M,4,0.6151991081285627,0.14328956897271602
Argentina,alto,Exceso,fx,M,5,0.9620977049912558,0.24371803461858757
Argentina,alto,Exceso,fx,M,6,2.657746830337402,0.6142165630716804
Argentina,alto,Exceso,fx,M,7,1.6063957926308887,0.3253307887797816
Argentina,alto,Exceso,fx,M,8,0.47209828977681473,0.0822041755409743
Argentina,alto,Exceso,fx,M,9,1.1544414055974428,0.17418939580863885
Argentina,alto,Exceso,fx,M,10,0.5463665612881683,0.0759450579903449
Argentina,alto,Exceso,fx,M,11,1.023259753417175,0.14748523658318366
Argentina,alto,Exceso,fx,M,12,4.427494916277841,0.7192868180677496
Argentina,alto,Exceso,fx,M,13,6.778087783532313,1.1585458733332283
Argentina,alto,Exceso,fx,M,14,7.993777743523395,1.4054679989273335
Argentina,alto,Exceso,fx,M,15,8.054271803560814,1.763279732662321
Argentina,alto,Exceso,fx,M,16,12.798755793332981,2.5599511868196214
Argentina,alto,Exceso,fx,M,17,15.197757097639396,2.935673366286565
Argentina,alto,Exceso,fx,M,18,17.956738842590063,3.998513854674332
Argentina,alto,Exceso,pasivos,M,0,-3.498853248107851,-1.151860896865067
Argentina,alto,Exceso,pasivos,M,1,3.2256200839024802,0.5214030162844223
Argentina,alto,Exceso,pasivos,M,2,-2.477481851153546,-0.3191130837046031
Argentina,alto,Exceso,pasivos,M,3,-3.438540993779284,-0.3233369622554255
Argentina,alto,Exceso,pasivos,M,4,-10.191689938365263,-0.7905985243222873
Argentina,alto,Exceso,pasivos,M,5,-7.416924547726452,-0.5187055899185166
Argentina,alto,Exceso,pasivos,M,6,-7.369005988918209,-0.42663408508731343
Argentina,alto,Exceso,pasivos,M,7,-14.229217521129188,-0.7614498913715778
Argentina,alto,Exceso,pasivos,M,8,-15.850155795228943,-0.8228644708398121
Argentina,alto,Exceso,pasivos,M,9,-5.752044775644,-0.28803946491233945
Argentina,alto,Exceso,pasivos,M,10,-9.297634307175139,-0.4428185552325623
Argentina,alto,Exceso,pasivos,M,11,-8.92859393577197,-0.3939847918548277
Argentina,alto,Exceso,pasivos,M,12,-8.029627010579235,-0.34623008954890255
Argentina,alto,Exceso,pasivos,M,13,-6.244113352701986,-0.26490483389950703
Argentina,alto,Exceso,pasivos,M,14,-1.8273345106774426,-0.08317291938448339
Argentina,alto,Exceso,pasivos,M,15,-6.405381184395333,-0.2896432092351654
Argentina,alto,Exceso,pasivos,M,16,-0.5182493877313465,-0.025872335917297474
Argentina,alto,Exceso,pasivos,M,17,2.6181164034993785,0.1167483443914192
Argentina,alto,Exceso,pasivos,M,18,-3.5593589540475277,-0.1416165310615351
Argentina,alto,Exceso,deuda_me_usd,M,0,11.181828579654825,0.7424351740080424
Argentina,alto,Exceso,deuda_me_usd,M,1,13.17122886538886,0.6365523098292064
Argentina,alto,Exceso,deuda_me_usd,M,2,18.559645087706713,0.8432593905664855
Argentina,alto,Exceso,deuda_me_usd,M,3,19.312850183372333,0.7779209497277386
Argentina,alto,Exceso,deuda_me_usd,M,4,13.527399002584382,0.5273602020277189
Argentina,alto,Exceso,deuda_me_usd,M,5,-3.2416862820062127,-0.15903272331150534
Argentina,alto,Exceso,deuda_me_usd,M,6,-13.285434717443643,-0.5906936663105848
Argentina,alto,Exceso,deuda_me_usd,M,7,-16.180217368925724,-0.5816014420623971
Argentina,alto,Exceso,deuda_me_usd,M,8,-14.184639917647367,-0.34884170865461334
Argentina,alto,Exceso,deuda_me_usd,M,9,-13.576981339942279,-0.2701610310915848
Argentina,alto,Exceso,deuda_me_usd,M,10,-20.47905118622303,-0.37206279126615416
Argentina,alto,Exceso,deuda_me_usd,M,11,2.0277351435134197,0.03369323269511603
Argentina,alto,Exceso,deuda_me_usd,M,12,42.017800394552765,0.6696187711909009
Argentina,alto,Exceso,deuda_me_usd,M,13,57.66751694972938,0.6540087502254065
Argentina,alto,Exceso,deuda_me_usd,M,14,71.40210116291863,0.6759112680116912
Argentina,alto,Exceso,deuda_me_usd,M,15,83.53849848700122,0.6859730633507504
Argentina,alto,Exceso,deuda_me_usd,M,16,-10.835160809071807,-0.13421454931358168
Argentina,alto,Exceso,deuda_me_usd,M,17,-91.41445603646372,-1.0192530035069836
Argentina,alto,Exceso,credito,M,0,-0.6309779073962557,-1.2557426627470047
Argentina,alto,Exceso,credito,M,1,-1.7192854538094542,-1.4666787191451929
Argentina,alto,Exceso,credito,M,2,-1.9394084807408103,-1.5431240241335844
Argentina,alto,Exceso,credito,M,3,-1.653502839176714,-1.2313990569251996
Argentina,alto,Exceso,credito,M,4,-1.7771896710866177,-1.176178052235073
Argentina,alto,Exceso,credito,M,5,-2.1960562296629904,-1.2660637552679603
Argentina,alto,Exceso,credito,M,6,-2.635749719036473,-1.3546803045401636
Argentina,alto,Exceso,credito,M,7,-2.726707791804868,-1.3458717244484764
Argentina,alto,Exceso,credito,M,8,-3.079650767196894,-1.3473267236488482
Argentina,alto,Exceso,credito,M,9,-3.335752491750624,-1.3718925737918675
Argentina,alto,Exceso,credito,M,10,-3.092764710491121,-1.353083661612818
Argentina,alto,Exceso,credito,M,11,-3.048906459114309,-1.2941211126710257
Argentina,alto,Exceso,credito,M,12,-3.9622798351878186,-1.5962153908319445
Argentina,alto,Exceso,credito,M,13,-4.443700018531477,-1.773884076758814
Argentina,alto,Exceso,credito,M,14,-4.163747263271573,-1.6446644485655026
Argentina,alto,Exceso,credito,M,15,-4.4813937643874135,-1.635164966181335
Argentina,alto,Exceso,credito,M,16,-5.8365330355314,-1.9121496859421314
Argentina,alto,Exceso,credito,M,17,-5.081404299821253,-1.632285566456326
Argentina,alto,Exceso,credito,M,18,-4.031164950699133,-1.0945513654748087
Argentina,alto,M-actividad,ipc,M,0,1.0933059833600693,1.3114385283844405
Argentina,alto,M-actividad,ipc,M,1,2.33408216052468,1.448668295710698
Argentina,alto,M-actividad,ipc,M,2,3.222175644368096,1.4886907005654204
Argentina,alto,M-actividad,ipc,M,3,3.7049545435546483,1.3664727962375458
Argentina,alto,M-actividad,ipc,M,4,4.9053690511722285,1.4840464910902902
Argentina,alto,M-actividad,ipc,M,5,5.751376365234464,1.3946828746670468
Argentina,alto,M-actividad,ipc,M,6,6.276922831002192,1.4091717198291625
Argentina,alto,M-actividad,ipc,M,7,6.850530229000634,1.3705318956737418
Argentina,alto,M-actividad,ipc,M,8,7.968115726393194,1.3818645397276181
Argentina,alto,M-actividad,ipc,M,9,9.089144886085124,1.4271108717472587
Argentina,alto,M-actividad,ipc,M,10,9.370109179506038,1.3835783576755616
Argentina,alto,M-actividad,ipc,M,11,9.67234752010129,1.2935793909084965
Argentina,alto,M-actividad,ipc,M,12,9.725949303859387,1.2276418238020426
Argentina,alto,M-actividad,ipc,M,13,9.519211642513497,1.1645559464200645
Argentina,alto,M-actividad,ipc,M,14,9.068788957410526,1.112673473165873
Argentina,alto,M-actividad,ipc,M,15,7.7888794061706035,0.9103028690787532
Argentina,alto,M-actividad,ipc,M,16,7.422633687000653,0.8069937504521201
Argentina,alto,M-actividad,ipc,M,17,8.245123023315687,0.8468826576053587
Argentina,alto,M-actividad,ipc,M,18,8.37454812415882,0.82347339504599
Argentina,alto,M-actividad,expect,M,0,5.13188071742075,1.8606026062580399
Argentina,alto,M-actividad,expect,M,1,6.145320993713308,1.2222763135786612
Argentina,alto,M-actividad,expect,M,2,-2.0312188328470624,-0.28147179698424535
Argentina,alto,M-actividad,expect,M,3,-2.6657615046460674,-0.2888752682917523
Argentina,alto,M-actividad,expect,M,4,-4.046811048614219,-0.3397443753269367
Argentina,alto,M-actividad,expect,M,5,-13.271814988874162,-0.949079950163989
Argentina,alto,M-actividad,expect,M,6,-15.529515015743534,-1.021137447643508
Argentina,alto,M-actividad,expect,M,7,-16.136851947239933,-1.0095541646006083
Argentina,alto,M-actividad,expect,M,8,-19.210009439973163,-1.182520134886422
Argentina,alto,M-actividad,expect,M,9,-23.39925237345415,-1.3824282523692462
Argentina,alto,M-actividad,expect,M,10,-24.298607508557346,-1.4592959354320785
Argentina,alto,M-actividad,expect,M,11,-26.330803175011475,-1.6351855845153194
Argentina,alto,M-actividad,expect,M,12,-32.226003267545494,-1.638517538759346
Argentina,alto,M-actividad,expect,M,13,-37.04074382165301,-1.6444483490394284
Argentina,alto,M-actividad,expect,M,14,-37.133033715131255,-1.6963840355993818
Argentina,alto,M-actividad,expect,M,15,-43.6414712790015,-1.8740691886738945
Argentina,alto,M-actividad,expect,M,16,-45.30853015996237,-2.040577162413424
Argentina,alto,M-actividad,expect,M,17,-47.32386247751142,-1.9534117391418289
Argentina,alto,M-actividad,expect,M,18,-48.63731372194833,-1.9743931782092479
Argentina,alto,M-actividad,tasa,M,0,-2.6305300356318906,-1.8186138132252136
Argentina,alto,M-actividad,tasa,M,1,-2.247288642603856,-0.7220367087060026
Argentina,alto,M-actividad,tasa,M,2,-2.1537093757214736,-0.5695307532673121
Argentina,alto,M-actividad,tasa,M,3,-5.594491363545908,-1.1026211513834714
Argentina,alto,M-actividad,tasa,M,4,-5.6614321490739234,-0.9094516873357595
Argentina,alto,M-actividad,tasa,M,5,-8.293208226059425,-0.8775963410135335
Argentina,alto,M-actividad,tasa,M,6,-7.307461751209616,-0.6992270181217115
Argentina,alto,M-actividad,tasa,M,7,-8.287840513177827,-0.7535074767837596
Argentina,alto,M-actividad,tasa,M,8,-11.636830619941467,-1.1082011218066556
Argentina,alto,M-actividad,tasa,M,9,-11.739497073102388,-1.0722865252012697
Argentina,alto,M-actividad,tasa,M,10,-10.816822112048573,-0.9706398174108306
Argentina,alto,M-actividad,tasa,M,11,-9.832635952256354,-0.8937742075434469
Argentina,alto,M-actividad,tasa,M,12,-13.050330591509342,-1.2368393034046286
Argentina,alto,M-actividad,tasa,M,13,-16.857569010570067,-1.5032238642576505
Argentina,alto,M-actividad,tasa,M,14,-15.907636456781713,-1.3423619122324315
Argentina,alto,M-actividad,tasa,M,15,-18.064487841992445,-1.4056666246853105
Argentina,alto,M-actividad,tasa,M,16,-20.043310685601764,-1.4929383322979235
Argentina,alto,M-actividad,tasa,M,17,-22.479363354643226,-1.6341775837723587
Argentina,alto,M-actividad,tasa,M,18,-22.946278963303726,-1.7483485997212136
Argentina,alto,M-actividad,salario,M,0,-1.3698916373211978,-1.6625365362271798
Argentina,alto,M-actividad,salario,M,1,-2.159381365873444,-1.6072377006442269
Argentina,alto,M-actividad,salario,M,2,-2.1101999707252412,-1.4936831289091195
Argentina,alto,M-actividad,salario,M,3,-1.6741550608087208,-0.9994269471335661
Argentina,alto,M-actividad,salario,M,4,-2.9520422122647663,-1.753271944437379
Argentina,alto,M-actividad,salario,M,5,-2.8712253660130687,-1.6829892805670836
Argentina,alto,M-actividad,salario,M,6,-1.9766591077906441,-1.3477629532346007
Argentina,alto,M-actividad,salario,M,7,-2.2143535349645376,-1.4285180162263964
Argentina,alto,M-actividad,salario,M,8,-3.518277213937604,-2.0384552479948406
Argentina,alto,M-actividad,salario,M,9,-2.9983055815581694,-1.7180688213272262
Argentina,alto,M-actividad,salario,M,10,-2.7807835083348578,-1.6176938781527919
Argentina,alto,M-actividad,salario,M,11,-2.923860046249556,-1.5045567103416497
Argentina,alto,M-actividad,salario,M,12,-3.029500492368411,-1.7976593563046606
Argentina,alto,M-actividad,salario,M,13,-1.9380548032044778,-1.0425254067263268
Argentina,alto,M-actividad,salario,M,14,-1.8794652323977532,-1.0224904992571358
Argentina,alto,M-actividad,salario,M,15,-1.6937143300058555,-0.9115208982338421
Argentina,alto,M-actividad,salario,M,16,-0.6255527953489843,-0.3628947107485749
Argentina,alto,M-actividad,salario,M,17,0.2472035892668299,0.12451805123055927
Argentina,alto,M-actividad,salario,M,18,1.1407132198645153,0.6185337502790071
Argentina,alto,M-actividad,fx,M,0,9.698583064193782,3.6719748512704684
Argentina,alto,M-actividad,fx,M,1,15.429050346483123,3.4383653707236075
Argentina,alto,M-actividad,fx,M,2,12.476738503802615,2.5560206242868952
Argentina,alto,M-actividad,fx,M,3,9.620847100575746,1.9890701125112427
Argentina,alto,M-actividad,fx,M,4,11.281612246874168,2.364641510019444
Argentina,alto,M-actividad,fx,M,5,10.507903233867538,2.7678929445830542
Argentina,alto,M-actividad,fx,M,6,16.213221252264887,3.168984883982942
Argentina,alto,M-actividad,fx,M,7,12.540169023718594,2.302133162374
Argentina,alto,M-actividad,fx,M,8,7.654396620343808,1.4403300533082175
Argentina,alto,M-actividad,fx,M,9,6.334007377234324,1.103605558178591
Argentina,alto,M-actividad,fx,M,10,3.0369935899934246,0.47904043420660825
Argentina,alto,M-actividad,fx,M,11,0.4789289234550601,0.08006027926450572
Argentina,alto,M-actividad,fx,M,12,-0.16206806962154263,-0.027229280193951877
Argentina,alto,M-actividad,fx,M,13,2.27558839707144,0.4224800460974897
Argentina,alto,M-actividad,fx,M,14,0.037508897368873306,0.005955424399951445
Argentina,alto,M-actividad,fx,M,15,-7.2108561868191465,-1.6858786691141678
Argentina,alto,M-actividad,fx,M,16,-11.292199869214759,-2.3297525333441413
Argentina,alto,M-actividad,fx,M,17,-13.623889564681788,-2.096197103843832
Argentina,alto,M-actividad,fx,M,18,-13.83355961605052,-1.9444315556329583
Argentina,alto,M-actividad,pasivos,M,0,-6.018616820126897,-1.3941634044807196
Argentina,alto,M-actividad,pasivos,M,1,-5.232897536093692,-0.987301037627499
Argentina,alto,M-actividad,pasivos,M,2,-11.752523157525461,-1.751026818315131
Argentina,alto,M-actividad,pasivos,M,3,-7.17905705460057,-0.799080249536833
Argentina,alto,M-actividad,pasivos,M,4,-7.750831508587488,-0.693598431318242
Argentina,alto,M-actividad,pasivos,M,5,-3.679382222975373,-0.3330968049924456
Argentina,alto,M-actividad,pasivos,M,6,-2.9480605884398297,-0.2709514105824161
Argentina,alto,M-actividad,pasivos,M,7,-5.08187630250972,-0.38577497526791604
Argentina,alto,M-actividad,pasivos,M,8,-8.840215994921362,-0.7009643690017704
Argentina,alto,M-actividad,pasivos,M,9,4.321070212054691,0.3928303544546754
Argentina,alto,M-actividad,pasivos,M,10,6.897365895346804,0.7146897368719364
Argentina,alto,M-actividad,pasivos,M,11,7.975049450135162,0.6883230579478874
Argentina,alto,M-actividad,pasivos,M,12,6.270618696168391,0.5921834701038293
Argentina,alto,M-actividad,pasivos,M,13,5.8439543026941765,0.4793091958963268
Argentina,alto,M-actividad,pasivos,M,14,15.373989938813583,1.890109660362386
Argentina,alto,M-actividad,pasivos,M,15,10.316353167048277,1.2575489535540845
Argentina,alto,M-actividad,pasivos,M,16,7.0140555278198695,0.9003192805850795
Argentina,alto,M-actividad,pasivos,M,17,1.7085369473283682,0.17655437600252485
Argentina,alto,M-actividad,pasivos,M,18,-6.494763261525978,-0.5208040981008958
Argentina,alto,M-actividad,deuda_me_usd,M,0,60.91774825502514,1.3740444621118848
Argentina,alto,M-actividad,deuda_me_usd,M,1,82.91935797320669,1.2185225560809612
Argentina,alto,M-actividad,deuda_me_usd,M,2,93.38056532718308,1.2058863502318644
Argentina,alto,M-actividad,deuda_me_usd,M,3,89.45893697485022,0.9927970664458816
Argentina,alto,M-actividad,deuda_me_usd,M,4,40.757354645524046,0.4672058860855922
Argentina,alto,M-actividad,deuda_me_usd,M,5,-92.9831165978178,-1.124714338451301
Argentina,alto,M-actividad,deuda_me_usd,M,6,-122.86531115131051,-1.3732149537473295
Argentina,alto,M-actividad,deuda_me_usd,M,7,-154.07152836034282,-1.611219046805953
Argentina,alto,M-actividad,deuda_me_usd,M,8,-145.20707395735263,-1.6100947997665278
Argentina,alto,M-actividad,deuda_me_usd,M,9,-115.79206971962708,-1.0659516415582266
Argentina,alto,M-actividad,deuda_me_usd,M,10,-105.24858893919283,-0.8629582791627627
Argentina,alto,M-actividad,deuda_me_usd,M,11,-49.63703704753465,-0.4997866985891792
Argentina,alto,M-actividad,deuda_me_usd,M,12,-21.746440994116593,-0.19900518635209277
Argentina,alto,M-actividad,deuda_me_usd,M,13,3.7348505790870004,0.036353681777583954
Argentina,alto,M-actividad,deuda_me_usd,M,14,25.60842277124371,0.20739230700871497
Argentina,alto,M-actividad,deuda_me_usd,M,15,10.431039347454458,0.15830323934111004
Argentina,alto,M-actividad,deuda_me_usd,M,16,57.70025439737083,2.2137867854512456
Argentina,alto,M-actividad,deuda_me_usd,M,17,171.45874727033203,1.4034598296686545
Argentina,alto,M-actividad,credito,M,0,0.07051303243745988,0.08906896154737846
Argentina,alto,M-actividad,credito,M,1,-0.8716212334936166,-0.538804453338857
Argentina,alto,M-actividad,credito,M,2,-0.48709901539667655,-0.267810458088098
Argentina,alto,M-actividad,credito,M,3,-0.3008045319315654,-0.13390241037232345
Argentina,alto,M-actividad,credito,M,4,0.023796587908854305,0.00905519544634011
Argentina,alto,M-actividad,credito,M,5,-0.1969311220161975,-0.05704493446804
Argentina,alto,M-actividad,credito,M,6,0.34851674167645363,0.10297430717110642
Argentina,alto,M-actividad,credito,M,7,0.366337358074486,0.10649324058860629
Argentina,alto,M-actividad,credito,M,8,-0.21729206532040252,-0.05613508259381259
Argentina,alto,M-actividad,credito,M,9,-0.1780897266970129,-0.04395971797979143
Argentina,alto,M-actividad,credito,M,10,0.9963989941920346,0.2455377098442806
Argentina,alto,M-actividad,credito,M,11,1.3806345503287365,0.328036870048134
Argentina,alto,M-actividad,credito,M,12,1.7281284992178791,0.4098625979205518
Argentina,alto,M-actividad,credito,M,13,2.409987098742675,0.5779031255281442
Argentina,alto,M-actividad,credito,M,14,2.737596698212302,0.7157774482034779
Argentina,alto,M-actividad,credito,M,15,4.074068060240101,1.1996886292337907
Argentina,alto,M-actividad,credito,M,16,5.337351795612101,1.3106822902632547
Argentina,alto,M-actividad,credito,M,17,7.622219102087355,1.2339439086107122
Argentina,alto,M-actividad,credito,M,18,8.43977037226132,1.1754086808487483
Argentina,alto,Exceso+act,ipc,M,0,1.0337293218966883,1.693454749993267
Argentina,alto,Exceso+act,ipc,M,1,2.1304477098780064,1.8613275654396833
Argentina,alto,Exceso+act,ipc,M,2,2.8188298585041434,1.9784332976003367
Argentina,alto,Exceso+act,ipc,M,3,2.952890502041069,1.9449891070161835
Argentina,alto,Exceso+act,ipc,M,4,3.5091045808391192,2.0082673899057797
Argentina,alto,Exceso+act,ipc,M,5,4.200920733877942,2.156257707741953
Argentina,alto,Exceso+act,ipc,M,6,4.92476410852445,2.2288009771361046
Argentina,alto,Exceso+act,ipc,M,7,5.612790148758512,2.143560478431511
Argentina,alto,Exceso+act,ipc,M,8,6.426187546605923,2.251515378788175
Argentina,alto,Exceso+act,ipc,M,9,7.1937491010068015,2.330930902160875
Argentina,alto,Exceso+act,ipc,M,10,7.4863469586628995,2.3207877800656584
Argentina,alto,Exceso+act,ipc,M,11,8.068062925664536,2.213813164453321
Argentina,alto,Exceso+act,ipc,M,12,9.056563625564213,2.1573900808548387
Argentina,alto,Exceso+act,ipc,M,13,9.670517120300245,2.1573897103145314
Argentina,alto,Exceso+act,ipc,M,14,9.75932507804847,2.013726500396002
Argentina,alto,Exceso+act,ipc,M,15,11.05225945937786,2.0421594801969727
Argentina,alto,Exceso+act,ipc,M,16,14.251906534174319,2.4717244273448777
Argentina,alto,Exceso+act,ipc,M,17,15.073269821144656,2.530858798493377
Argentina,alto,Exceso+act,ipc,M,18,15.527307407175098,2.5493139318677493
Argentina,alto,Exceso+act,expect,M,0,-0.8132690654148583,-0.494749937952334
Argentina,alto,Exceso+act,expect,M,1,-2.015188105106179,-0.549507000339973
Argentina,alto,Exceso+act,expect,M,2,-9.191924371633318,-1.5128707015584042
Argentina,alto,Exceso+act,expect,M,3,-9.84717168947041,-1.2341223732964361
Argentina,alto,Exceso+act,expect,M,4,-10.645980176059773,-1.1248722091994303
Argentina,alto,Exceso+act,expect,M,5,-12.627344923475395,-1.266660424351867
Argentina,alto,Exceso+act,expect,M,6,-12.049599573433756,-1.2333303091048033
Argentina,alto,Exceso+act,expect,M,7,-12.022806047067268,-1.3077570228286655
Argentina,alto,Exceso+act,expect,M,8,-11.45544475645807,-1.1287102952244552
Argentina,alto,Exceso+act,expect,M,9,-12.086148235129766,-1.077025559970751
Argentina,alto,Exceso+act,expect,M,10,-12.333097192646944,-1.0109931012035704
Argentina,alto,Exceso+act,expect,M,11,-10.588923184839526,-0.9454486930988125
Argentina,alto,Exceso+act,expect,M,12,-10.839614989187364,-1.0479689930049187
Argentina,alto,Exceso+act,expect,M,13,-14.96325429438616,-1.4071617479228926
Argentina,alto,Exceso+act,expect,M,14,-13.551941624616948,-1.4270720646578645
Argentina,alto,Exceso+act,expect,M,15,-9.997643763588878,-1.007787054847578
Argentina,alto,Exceso+act,expect,M,16,-1.0840277658753843,-0.08346249402502348
Argentina,alto,Exceso+act,expect,M,17,2.8643826636195944,0.19771540096046547
Argentina,alto,Exceso+act,expect,M,18,5.869977812049156,0.43419966395388854
Argentina,alto,Exceso+act,tasa,M,0,0.38024075465662294,0.31312960867275874
Argentina,alto,Exceso+act,tasa,M,1,0.5854678643599955,0.2444488994921125
Argentina,alto,Exceso+act,tasa,M,2,1.0477772403901182,0.3285487457668328
Argentina,alto,Exceso+act,tasa,M,3,-0.3639479048866343,-0.07862244417321225
Argentina,alto,Exceso+act,tasa,M,4,-1.2318404629400466,-0.23953652485226132
Argentina,alto,Exceso+act,tasa,M,5,-2.7293815505738874,-0.4236537365608819
Argentina,alto,Exceso+act,tasa,M,6,-1.7815295075729543,-0.3095321242938916
Argentina,alto,Exceso+act,tasa,M,7,-1.043081150970898,-0.2117688743116101
Argentina,alto,Exceso+act,tasa,M,8,-3.1095327291962445,-0.6980940709807218
Argentina,alto,Exceso+act,tasa,M,9,-2.880045331566012,-0.6115939756622457
Argentina,alto,Exceso+act,tasa,M,10,-2.5811156837100224,-0.45781756265172524
Argentina,alto,Exceso+act,tasa,M,11,-1.2262211087309018,-0.20115415340532225
Argentina,alto,Exceso+act,tasa,M,12,-0.8785063147601229,-0.14063202272119915
Argentina,alto,Exceso+act,tasa,M,13,-2.3663646972732413,-0.38906037821751904
Argentina,alto,Exceso+act,tasa,M,14,-1.6770442928689464,-0.2702563189447818
Argentina,alto,Exceso+act,tasa,M,15,-0.6162687168533258,-0.10574843463412012
Argentina,alto,Exceso+act,tasa,M,16,1.5509561564110863,0.2746592205746348
Argentina,alto,Exceso+act,tasa,M,17,0.7860754631587148,0.1469023264147542
Argentina,alto,Exceso+act,tasa,M,18,0.5189972282901882,0.09317630351589466
Argentina,alto,Exceso+act,salario,M,0,-0.8221230837716413,-1.293200559869613
Argentina,alto,Exceso+act,salario,M,1,-1.3247238994770136,-1.3903930804563185
Argentina,alto,Exceso+act,salario,M,2,-1.202699594657035,-1.414431778888799
Argentina,alto,Exceso+act,salario,M,3,-0.6041388653426755,-0.6005105397817843
Argentina,alto,Exceso+act,salario,M,4,-1.0865820408652813,-1.171259713503685
Argentina,alto,Exceso+act,salario,M,5,-1.7326869664089948,-1.6082361395482818
Argentina,alto,Exceso+act,salario,M,6,-1.7626673359931282,-1.835921831903915
Argentina,alto,Exceso+act,salario,M,7,-1.9864317050540155,-1.8201187235722947
Argentina,alto,Exceso+act,salario,M,8,-2.49405678092905,-2.066698025833814
Argentina,alto,Exceso+act,salario,M,9,-2.2670451972927936,-2.0008444046059246
Argentina,alto,Exceso+act,salario,M,10,-2.535707618749877,-2.1701226527212865
Argentina,alto,Exceso+act,salario,M,11,-3.120050650848087,-2.012660911722088
Argentina,alto,Exceso+act,salario,M,12,-3.6916728117920914,-1.937790211128366
Argentina,alto,Exceso+act,salario,M,13,-3.8139372128926086,-2.0458483134312995
Argentina,alto,Exceso+act,salario,M,14,-3.8252010410609296,-2.293969315793045
Argentina,alto,Exceso+act,salario,M,15,-3.8215722775032095,-2.0918744201317776
Argentina,alto,Exceso+act,salario,M,16,-3.402530217146435,-2.2411390114522383
Argentina,alto,Exceso+act,salario,M,17,-2.520305420230983,-2.191040413174545
Argentina,alto,Exceso+act,salario,M,18,-1.9959346644235931,-1.1456290813913306
Argentina,alto,Exceso+act,fx,M,0,0.7814007607889086,0.5630288257040429
Argentina,alto,Exceso+act,fx,M,1,3.864369938585683,1.669710425086888
Argentina,alto,Exceso+act,fx,M,2,2.1846324679210607,0.8357114935686263
Argentina,alto,Exceso+act,fx,M,3,0.5877939572409865,0.1553455921129567
Argentina,alto,Exceso+act,fx,M,4,-0.4059955030934197,-0.0856747187791183
Argentina,alto,Exceso+act,fx,M,5,-0.22436638995681357,-0.05008902557826648
Argentina,alto,Exceso+act,fx,M,6,2.186447424758302,0.4365160455450402
Argentina,alto,Exceso+act,fx,M,7,1.266722585572768,0.22643796316104592
Argentina,alto,Exceso+act,fx,M,8,-0.41365363394185595,-0.06440557136874817
Argentina,alto,Exceso+act,fx,M,9,0.2485354010148988,0.034202517498756115
Argentina,alto,Exceso+act,fx,M,10,-0.36640391096884706,-0.04779876988075369
Argentina,alto,Exceso+act,fx,M,11,0.12466056893487476,0.01768575218662087
Argentina,alto,Exceso+act,fx,M,12,2.8599014292091676,0.4556460533793997
Argentina,alto,Exceso+act,fx,M,13,5.521135747879659,0.8932462251990254
Argentina,alto,Exceso+act,fx,M,14,6.09976410003891,1.0091223805605236
Argentina,alto,Exceso+act,fx,M,15,8.392627084307982,1.7351595352581013
Argentina,alto,Exceso+act,fx,M,16,14.147003361326982,2.859295064638773
Argentina,alto,Exceso+act,fx,M,17,17.20373543577533,3.315603025238726
Argentina,alto,Exceso+act,fx,M,18,20.118160502930525,4.52479049416833
Argentina,alto,Exceso+act,pasivos,M,0,-3.5068282647756788,-1.1219270849018677
Argentina,alto,Exceso+act,pasivos,M,1,3.639287660273375,0.589023709649482
Argentina,alto,Exceso+act,pasivos,M,2,-3.584171369640756,-0.4517891116784439
Argentina,alto,Exceso+act,pasivos,M,3,-4.819853456547606,-0.3766123356474268
Argentina,alto,Exceso+act,pasivos,M,4,-12.86753913160989,-0.838360140715607
Argentina,alto,Exceso+act,pasivos,M,5,-11.27364888839583,-0.6995619228628487
Argentina,alto,Exceso+act,pasivos,M,6,-12.474293090069267,-0.6135504156014208
Argentina,alto,Exceso+act,pasivos,M,7,-17.88491745039599,-0.8195356681458688
Argentina,alto,Exceso+act,pasivos,M,8,-19.495774117016637,-0.9043518959349098
Argentina,alto,Exceso+act,pasivos,M,9,-8.494222583993901,-0.3875075937257739
Argentina,alto,Exceso+act,pasivos,M,10,-14.280520775196688,-0.6563595962802186
Argentina,alto,Exceso+act,pasivos,M,11,-14.559608692925346,-0.6023919874261441
Argentina,alto,Exceso+act,pasivos,M,12,-15.865305732256852,-0.6566461111910646
Argentina,alto,Exceso+act,pasivos,M,13,-11.113785015618362,-0.4108655034086198
Argentina,alto,Exceso+act,pasivos,M,14,-2.799951012981195,-0.11210385501352663
Argentina,alto,Exceso+act,pasivos,M,15,-3.7545433335296288,-0.15429957817585027
Argentina,alto,Exceso+act,pasivos,M,16,3.2956439606144166,0.13940264744865985
Argentina,alto,Exceso+act,pasivos,M,17,-0.36996913801714015,-0.014543312990033076
Argentina,alto,Exceso+act,pasivos,M,18,-7.869176624218242,-0.31046595632323154
Argentina,alto,Exceso+act,deuda_me_usd,M,0,2.5743017417768295,0.13445528724167052
Argentina,alto,Exceso+act,deuda_me_usd,M,1,6.313319084057164,0.2015730741181996
Argentina,alto,Exceso+act,deuda_me_usd,M,2,10.55881511574079,0.297540533940519
Argentina,alto,Exceso+act,deuda_me_usd,M,3,7.01586962929831,0.2029517738424353
Argentina,alto,Exceso+act,deuda_me_usd,M,4,-16.927329692155414,-0.6590404166667729
Argentina,alto,Exceso+act,deuda_me_usd,M,5,-40.365069602579865,-1.820706743718915
Argentina,alto,Exceso+act,deuda_me_usd,M,6,-36.76543452329751,-1.4096630719322059
Argentina,alto,Exceso+act,deuda_me_usd,M,7,-46.2309367509076,-1.3404737071425494
Argentina,alto,Exceso+act,deuda_me_usd,M,8,-63.0608670274195,-1.4634084197980084
Argentina,alto,Exceso+act,deuda_me_usd,M,9,-56.01151381505767,-1.2635543106675275
Argentina,alto,Exceso+act,deuda_me_usd,M,10,-45.49654563057674,-0.8374340097795332
Argentina,alto,Exceso+act,deuda_me_usd,M,11,-7.562660791454407,-0.19753075911720727
Argentina,alto,Exceso+act,deuda_me_usd,M,12,6.789077134762402,0.18543664530361484
Argentina,alto,Exceso+act,deuda_me_usd,M,13,-3.7533031268159025,-0.12687241633998741
Argentina,alto,Exceso+act,deuda_me_usd,M,14,-0.5161050540465667,-0.0
Argentina,alto,Exceso+act,deuda_me_usd,M,15,1.5650522598952605,
Argentina,alto,Exceso+act,deuda_me_usd,M,16,-21.881771159424286,
Argentina,alto,Exceso+act,deuda_me_usd,M,17,-19.627569239507505,
Argentina,alto,Exceso+act,credito,M,0,-0.6670171294704831,-1.2076099008032188
Argentina,alto,Exceso+act,credito,M,1,-1.7118006915106583,-1.4007611292558542
Argentina,alto,Exceso+act,credito,M,2,-1.8819058247770788,-1.470445804897422
Argentina,alto,Exceso+act,credito,M,3,-1.4924358497465953,-1.0898125013370767
Argentina,alto,Exceso+act,credito,M,4,-1.6908911122284773,-1.085356592099937
Argentina,alto,Exceso+act,credito,M,5,-2.0516258881994105,-1.1246956278381608
Argentina,alto,Exceso+act,credito,M,6,-2.547473179976917,-1.219935880440915
Argentina,alto,Exceso+act,credito,M,7,-2.8953223456308006,-1.2648951777067639
Argentina,alto,Exceso+act,credito,M,8,-3.5467054598326926,-1.384217566642548
Argentina,alto,Exceso+act,credito,M,9,-3.835373315066133,-1.4642855327711366
Argentina,alto,Exceso+act,credito,M,10,-3.4589001449871937,-1.4743125217302286
Argentina,alto,Exceso+act,credito,M,11,-3.22323442777305,-1.3416374238604787
Argentina,alto,Exceso+act,credito,M,12,-3.870337840433454,-1.5589790140392745
Argentina,alto,Exceso+act,credito,M,13,-4.380148418523362,-1.6736243287605772
Argentina,alto,Exceso+act,credito,M,14,-3.9375019617784437,-1.4575919199377074
Argentina,alto,Exceso+act,credito,M,15,-4.140942069998053,-1.4234697720416032
Argentina,alto,Exceso+act,credito,M,16,-5.738117303598436,-2.02566582177131
Argentina,alto,Exceso+act,credito,M,17,-5.1680421083216155,-1.7017448703041602
Argentina,alto,Exceso+act,credito,M,18,-4.726626382219256,-1.2475273277106373
Argentina,alto,Normal,ipc,M,0,0.9917959283772171,1.781041302214858
Argentina,alto,Normal,ipc,M,1,2.089428415689867,2.024811948019744
Argentina,alto,Normal,ipc,M,2,2.702818777723564,2.1856401284276004
Argentina,alto,Normal,ipc,M,3,2.7257541807089254,2.251536613101359
Argentina,alto,Normal,ipc,M,4,3.214732352664138,2.233029084651371
Argentina,alto,Normal,ipc,M,5,3.8339499055394954,2.2623925544014
Argentina,alto,Normal,ipc,M,6,4.405576054464503,2.256959389073428
Argentina,alto,Normal,ipc,M,7,4.906399712124485,2.1360058645410938
Argentina,alto,Normal,ipc,M,8,5.493674224521019,2.1758298211876297
Argentina,alto,Normal,ipc,M,9,6.046200665561911,2.2415573611148125
Argentina,alto,Normal,ipc,M,10,6.1689301740749345,2.197870903138674
Argentina,alto,Normal,ipc,M,11,6.688324602522318,2.1299503731849794
Argentina,alto,Normal,ipc,M,12,7.800627486666394,2.172842817848852
Argentina,alto,Normal,ipc,M,13,8.100723141923844,2.116143176946477
Argentina,alto,Normal,ipc,M,14,7.963603778647677,1.9849422374010073
Argentina,alto,Normal,ipc,M,15,8.522260326464602,1.9441374741324233
Argentina,alto,Normal,ipc,M,16,11.010533782815326,2.251719473040053
Argentina,alto,Normal,ipc,M,17,11.269815910666045,2.295827625203313
Argentina,alto,Normal,ipc,M,18,10.858842139509818,2.2132190238187217
Argentina,alto,Normal,expect,M,0,-0.3541350516695406,-0.25156662203655666
Argentina,alto,Normal,expect,M,1,-1.4732024495798006,-0.41054099965607244
Argentina,alto,Normal,expect,M,2,-8.86547884426768,-1.4504288811170845
Argentina,alto,Normal,expect,M,3,-9.987258209483185,-1.2395534170941935
Argentina,alto,Normal,expect,M,4,-10.956159273768852,-1.1453190897639942
Argentina,alto,Normal,expect,M,5,-12.974317188358949,-1.2912707463231645
Argentina,alto,Normal,expect,M,6,-12.25198764235662,-1.2864840379376372
Argentina,alto,Normal,expect,M,7,-11.259635839844345,-1.3000418542796868
Argentina,alto,Normal,expect,M,8,-9.446140754181872,-1.0091206284050642
Argentina,alto,Normal,expect,M,9,-8.998853522606996,-0.8951494812167163
Argentina,alto,Normal,expect,M,10,-8.740362170602072,-0.8210915616543741
Argentina,alto,Normal,expect,M,11,-7.415489616067822,-0.7492250107240993
Argentina,alto,Normal,expect,M,12,-6.854483131226127,-0.7614282065044107
Argentina,alto,Normal,expect,M,13,-10.70473727852524,-1.215327696109554
Argentina,alto,Normal,expect,M,14,-9.869870714399925,-1.2694038056072672
Argentina,alto,Normal,expect,M,15,-8.44321417124589,-1.0558553273056794
Argentina,alto,Normal,expect,M,16,-0.8761893953588156,-0.07998920018682659
Argentina,alto,Normal,expect,M,17,0.9500634885453529,0.07919890541330998
Argentina,alto,Normal,expect,M,18,2.5141966829777607,0.21480080867971052
Argentina,alto,Normal,tasa,M,0,0.7158039912722861,0.5881444831833721
Argentina,alto,Normal,tasa,M,1,0.8075759968119977,0.36564997070566657
Argentina,alto,Normal,tasa,M,2,0.9490986490991613,0.317257935217022
Argentina,alto,Normal,tasa,M,3,-1.191095941726148,-0.26708863872240357
Argentina,alto,Normal,tasa,M,4,-2.267267476652342,-0.4349105577845115
Argentina,alto,Normal,tasa,M,5,-4.008471264550788,-0.5995403001979351
Argentina,alto,Normal,tasa,M,6,-3.182721124211865,-0.5185126541903116
Argentina,alto,Normal,tasa,M,7,-2.4959296526113532,-0.469476123086688
Argentina,alto,Normal,tasa,M,8,-4.114985215974869,-0.8675252892331529
Argentina,alto,Normal,tasa,M,9,-3.3639584048755258,-0.6599500918195261
Argentina,alto,Normal,tasa,M,10,-3.0248752623380506,-0.5308415677854638
Argentina,alto,Normal,tasa,M,11,-1.517009962331229,-0.25008099609611556
Argentina,alto,Normal,tasa,M,12,-1.1723845657070264,-0.19121371533505147
Argentina,alto,Normal,tasa,M,13,-3.0963198638120457,-0.5333745501801591
Argentina,alto,Normal,tasa,M,14,-3.235917595100283,-0.5476090451164257
Argentina,alto,Normal,tasa,M,15,-3.945264237488089,-0.6515515986016742
Argentina,alto,Normal,tasa,M,16,-3.254121228648703,-0.48961412455992953
Argentina,alto,Normal,tasa,M,17,-5.065139464042203,-0.7604419329222999
Argentina,alto,Normal,tasa,M,18,-5.9469411926795175,-0.8437623797116655
Argentina,alto,Normal,salario,M,0,-1.0391005533550768,-1.7826258638627044
Argentina,alto,Normal,salario,M,1,-1.7859282237415524,-2.0061223556191745
Argentina,alto,Normal,salario,M,2,-1.9782572838468953,-2.416110739854369
Argentina,alto,Normal,salario,M,3,-1.815910264363452,-1.9242508334934234
Argentina,alto,Normal,salario,M,4,-2.3511262367002295,-2.367540424743782
Argentina,alto,Normal,salario,M,5,-2.8960875080279416,-2.4267736481883495
Argentina,alto,Normal,salario,M,6,-2.9506306136166107,-2.8456373853546855
Argentina,alto,Normal,salario,M,7,-3.2879059519895186,-2.7486220247257154
Argentina,alto,Normal,salario,M,8,-3.8207462874342397,-2.997069074576438
Argentina,alto,Normal,salario,M,9,-3.684742803448567,-3.4295982401580174
Argentina,alto,Normal,salario,M,10,-4.001371354928823,-4.028970191777895
Argentina,alto,Normal,salario,M,11,-4.485043435009867,-3.3681173652479934
Argentina,alto,Normal,salario,M,12,-4.970717011983361,-3.0220473897983373
Argentina,alto,Normal,salario,M,13,-5.0074088400852395,-3.022570270815153
Argentina,alto,Normal,salario,M,14,-5.236673736428328,-3.1838009067780755
Argentina,alto,Normal,salario,M,15,-5.381539368887123,-3.013022020934181
Argentina,alto,Normal,salario,M,16,-5.178161399380709,-3.2757034947927917
Argentina,alto,Normal,salario,M,17,-4.255913636124379,-3.5391403752028414
Argentina,alto,Normal,salario,M,18,-3.7696871744516995,-1.8797417471502302
Argentina,alto,Normal,fx,M,0,1.627541285899495,1.6064419850775937
Argentina,alto,Normal,fx,M,1,5.179402469235232,2.301532023965659
Argentina,alto,Normal,fx,M,2,3.1235604757488655,1.2235171128069853
Argentina,alto,Normal,fx,M,3,2.5580005422937404,0.7160168350920795
Argentina,alto,Normal,fx,M,4,1.854433694518343,0.420894502339822
Argentina,alto,Normal,fx,M,5,2.3413457762722603,0.6047938603974172
Argentina,alto,Normal,fx,M,6,4.185227866013371,0.9644832424187
Argentina,alto,Normal,fx,M,7,3.280199298960148,0.6502066683178815
Argentina,alto,Normal,fx,M,8,2.4186883609214287,0.4121738736623614
Argentina,alto,Normal,fx,M,9,3.1957162592651143,0.46179305085531375
Argentina,alto,Normal,fx,M,10,2.4324932162673156,0.3240381826173108
Argentina,alto,Normal,fx,M,11,3.0664700288590385,0.42344371519828106
Argentina,alto,Normal,fx,M,12,5.840112973319599,0.8228388572189897
Argentina,alto,Normal,fx,M,13,8.150703033494464,1.2132713007305658
Argentina,alto,Normal,fx,M,14,9.224685885552402,1.4147534028961846
Argentina,alto,Normal,fx,M,15,9.050737847827632,1.8136289028053891
Argentina,alto,Normal,fx,M,16,13.369270384028823,2.462507482250644
Argentina,alto,Normal,fx,M,17,15.21754050072949,2.8417299757356047
Argentina,alto,Normal,fx,M,18,18.05627568539147,3.7155564483565278
Argentina,alto,Normal,pasivos,M,0,-3.232129580618204,-1.0204209947025158
Argentina,alto,Normal,pasivos,M,1,3.599809716985551,0.572256250042124
Argentina,alto,Normal,pasivos,M,2,-3.3297692561920176,-0.4040511556805747
Argentina,alto,Normal,pasivos,M,3,-5.472613983880235,-0.49349497017766236
Argentina,alto,Normal,pasivos,M,4,-10.41548923919644,-0.7704432286331968
Argentina,alto,Normal,pasivos,M,5,-4.043183432701486,-0.28744428171204767
Argentina,alto,Normal,pasivos,M,6,-7.304772080059951,-0.4084983230440424
Argentina,alto,Normal,pasivos,M,7,-15.85452234687138,-0.846347673221109
Argentina,alto,Normal,pasivos,M,8,-16.40243544029362,-0.8469570939264491
Argentina,alto,Normal,pasivos,M,9,-5.5783585825318625,-0.2731484956695929
Argentina,alto,Normal,pasivos,M,10,-11.243160561520389,-0.493628728234432
Argentina,alto,Normal,pasivos,M,11,-10.92437036418824,-0.42865067380648086
Argentina,alto,Normal,pasivos,M,12,-10.902078549161539,-0.42259832729925834
Argentina,alto,Normal,pasivos,M,13,-8.90034301479509,-0.3405676482289454
Argentina,alto,Normal,pasivos,M,14,-2.192773858239336,-0.08893364827257272
Argentina,alto,Normal,pasivos,M,15,-8.827280802424228,-0.33579423114732143
Argentina,alto,Normal,pasivos,M,16,-2.4350208567652025,-0.09801427880817787
Argentina,alto,Normal,pasivos,M,17,3.109332437691961,0.11289602486411655
Argentina,alto,Normal,pasivos,M,18,-2.6760943779032034,-0.08902656980471403
Argentina,alto,Normal,deuda_me_usd,M,0,8.897733540213968,0.6150579313303582
Argentina,alto,Normal,deuda_me_usd,M,1,8.862950255940355,0.4437531129945238
Argentina,alto,Normal,deuda_me_usd,M,2,14.63744748360648,0.6772393948973746
Argentina,alto,Normal,deuda_me_usd,M,3,15.069103744676239,0.6206972562098392
Argentina,alto,Normal,deuda_me_usd,M,4,11.356409667518873,0.4247208808052289
Argentina,alto,Normal,deuda_me_usd,M,5,-5.843894014309579,-0.2629846564371816
Argentina,alto,Normal,deuda_me_usd,M,6,-13.7940665001515,-0.5276051564079904
Argentina,alto,Normal,deuda_me_usd,M,7,-17.714415206644478,-0.5391099105612328
Argentina,alto,Normal,deuda_me_usd,M,8,-21.25259312371162,-0.5184058625674041
Argentina,alto,Normal,deuda_me_usd,M,9,-24.023370916021356,-0.5272273137967107
Argentina,alto,Normal,deuda_me_usd,M,10,-32.70277904259883,-0.6476227821580447
Argentina,alto,Normal,deuda_me_usd,M,11,17.781847362674426,0.24462354668143074
Argentina,alto,Normal,deuda_me_usd,M,12,53.59436830764941,0.543430263434832
Argentina,alto,Normal,deuda_me_usd,M,13,57.412078516912665,0.4292891142337246
Argentina,alto,Normal,deuda_me_usd,M,14,78.41751959956136,0.6273117192631388
Argentina,alto,Normal,deuda_me_usd,M,15,130.57965982747936,20.00665823326779
Argentina,alto,Normal,deuda_me_usd,M,16,140.26385302799537,0.0
Argentina,alto,Normal,deuda_me_usd,M,17,-201.0684027646665,
Argentina,alto,Normal,credito,M,0,-0.605191956437049,-1.178615180183943
Argentina,alto,Normal,credito,M,1,-1.806722021638261,-1.6674385821286348
Argentina,alto,Normal,credito,M,2,-2.1258672604287474,-1.9489658829898346
Argentina,alto,Normal,credito,M,3,-1.921364065702541,-1.7193500774428836
Argentina,alto,Normal,credito,M,4,-2.1086766321182333,-1.6307228961801914
Argentina,alto,Normal,credito,M,5,-2.5742856137584225,-1.6119761733555413
Argentina,alto,Normal,credito,M,6,-3.03315641596882,-1.6391506853768598
Argentina,alto,Normal,credito,M,7,-3.1081094124391244,-1.5248761701113467
Argentina,alto,Normal,credito,M,8,-3.397278279935384,-1.4476746231261246
Argentina,alto,Normal,credito,M,9,-3.61451040898147,-1.4450058364573277
Argentina,alto,Normal,credito,M,10,-3.3690277330111216,-1.4156483154954642
Argentina,alto,Normal,credito,M,11,-3.314547728297274,-1.3020588636212023
Argentina,alto,Normal,credito,M,12,-4.275490818844823,-1.5862205270675453
Argentina,alto,Normal,credito,M,13,-4.786241956487975,-1.7149524525203623
Argentina,alto,Normal,credito,M,14,-4.5082410913125655,-1.5796934991350047
Argentina,alto,Normal,credito,M,15,-4.8958720292503095,-1.5474347983398171
Argentina,alto,Normal,credito,M,16,-6.76794329587584,-1.984425760915252
Argentina,alto,Normal,credito,M,17,-5.761059065478132,-1.6643664697152425
Argentina,alto,Normal,credito,M,18,-4.866796708616359,-1.2510993644048285
Argentina,alto,Estrés,ipc,M,0,0.11441451852012174,0.16137253346573696
Argentina,alto,Estrés,ipc,M,1,0.5064153978509347,0.3212362299255618
Argentina,alto,Estrés,ipc,M,2,-0.30085829270143405,-0.12623131086951794
Argentina,alto,Estrés,ipc,M,3,-2.512527018483313,-0.6789397913839266
Argentina,alto,Estrés,ipc,M,4,-2.7803163532564077,-0.5008878873585598
Argentina,alto,Estrés,ipc,M,5,-2.116564329523526,-0.30329601057240435
Argentina,alto,Estrés,ipc,M,6,-3.0352330325843955,-0.374699867546766
Argentina,alto,Estrés,ipc,M,7,-4.778431981152818,-0.5062606537678996
Argentina,alto,Estrés,ipc,M,8,-6.557166657351248,-0.6000214354134338
Argentina,alto,Estrés,ipc,M,9,-9.09253383051503,-0.729076675748347
Argentina,alto,Estrés,ipc,M,10,-11.527780322086905,-0.8136408566558619
Argentina,alto,Estrés,ipc,M,11,-13.120563684128545,-0.8163045430896987
Argentina,alto,Estrés,ipc,M,12,-14.094883525265029,-0.7978310394085201
Argentina,alto,Estrés,ipc,M,13,-15.911578867997278,-0.858426731298076
Argentina,alto,Estrés,ipc,M,14,-17.580038825759882,-0.9157969984467472
Argentina,alto,Estrés,ipc,M,15,-19.061285876921872,-0.9666732609084052
Argentina,alto,Estrés,ipc,M,16,-18.805136709277956,-0.9498318590732449
Argentina,alto,Estrés,ipc,M,17,-20.895048777836898,-0.9581149921746794
Argentina,alto,Estrés,ipc,M,18,-24.143394381296787,-0.9677261758077689
Argentina,alto,Estrés,expect,M,0,-0.45165827968098393,-0.10294538061084536
Argentina,alto,Estrés,expect,M,1,-5.986843826129263,-0.9006489427664928
Argentina,alto,Estrés,expect,M,2,-14.590156249484323,-1.3498446137096154
Argentina,alto,Estrés,expect,M,3,-18.495496953167688,-1.2087727238309156
Argentina,alto,Estrés,expect,M,4,-26.101180368786892,-1.6172132303942206
Argentina,alto,Estrés,expect,M,5,-35.070670434267456,-2.0303018534868547
Argentina,alto,Estrés,expect,M,6,-41.43970576295906,-2.206091045241669
Argentina,alto,Estrés,expect,M,7,-47.164357197103605,-2.3420548563466355
Argentina,alto,Estrés,expect,M,8,-55.399662360792746,-2.42620048479904
Argentina,alto,Estrés,expect,M,9,-64.968894753694,-2.158350445109583
Argentina,alto,Estrés,expect,M,10,-69.5089823474358,-1.9460652394134483
Argentina,alto,Estrés,expect,M,11,-68.8583731599712,-1.8109418888425886
Argentina,alto,Estrés,expect,M,12,-65.38063249608275,-1.624012463658169
Argentina,alto,Estrés,expect,M,13,-68.32787750047386,-1.6408321099999363
Argentina,alto,Estrés,expect,M,14,-63.664515118899004,-1.6957645552950478
Argentina,alto,Estrés,expect,M,15,-63.50803333612884,-1.695779882031765
Argentina,alto,Estrés,expect,M,16,-59.859304275046235,-1.6569570190922667
Argentina,alto,Estrés,expect,M,17,-53.030480506017525,-1.5294375570307448
Argentina,alto,Estrés,expect,M,18,-49.56074403113033,-1.5141503234441442
Argentina,alto,Estrés,tasa,M,0,-1.0744810011035266,-0.3912800712743124
Argentina,alto,Estrés,tasa,M,1,0.49280291696968825,0.0955827711846981
Argentina,alto,Estrés,tasa,M,2,-0.48819669984064884,-0.06008011672462464
Argentina,alto,Estrés,tasa,M,3,-1.140388833540546,-0.10919528726039633
Argentina,alto,Estrés,tasa,M,4,-3.303746697901305,-0.2914326491633284
Argentina,alto,Estrés,tasa,M,5,-6.709724287176625,-0.5292252750355931
Argentina,alto,Estrés,tasa,M,6,-6.622790126173248,-0.48161194507583655
Argentina,alto,Estrés,tasa,M,7,-5.622259381167854,-0.3742118784270072
Argentina,alto,Estrés,tasa,M,8,-8.611791593249238,-0.5168975917731069
Argentina,alto,Estrés,tasa,M,9,-15.867866646279218,-0.8614088154883429
Argentina,alto,Estrés,tasa,M,10,-18.65056364291776,-0.8448471801502726
Argentina,alto,Estrés,tasa,M,11,-12.126211506665623,-0.5211921814344912
Argentina,alto,Estrés,tasa,M,12,-5.519386946860181,-0.2401274315250965
Argentina,alto,Estrés,tasa,M,13,-3.7103328068775556,-0.16835126471641068
Argentina,alto,Estrés,tasa,M,14,-3.1935238909187853,-0.152578208784961
Argentina,alto,Estrés,tasa,M,15,-5.316686528111595,-0.28135942346100323
Argentina,alto,Estrés,tasa,M,16,-6.7511622839202845,-0.3610775108331947
Argentina,alto,Estrés,tasa,M,17,-6.347773914208195,-0.3888752536082313
Argentina,alto,Estrés,tasa,M,18,-7.1268793649184214,-0.464671844607959
Argentina,alto,Estrés,salario,M,0,-0.00788076387537795,-0.011144801033681475
Argentina,alto,Estrés,salario,M,1,-0.2537785930366536,-0.25660530850763386
Argentina,alto,Estrés,salario,M,2,-0.874793787789818,-0.73870725798122
Argentina,alto,Estrés,salario,M,3,0.5514375938498699,0.375913677989736
Argentina,alto,Estrés,salario,M,4,-2.1088521774860207,-0.958266326638967
Argentina,alto,Estrés,salario,M,5,-3.707965888680314,-1.25643945700988
Argentina,alto,Estrés,salario,M,6,-2.721517331951333,-0.9689183788992272
Argentina,alto,Estrés,salario,M,7,-1.9600629799325517,-0.6611564891619128
Argentina,alto,Estrés,salario,M,8,-1.1435381463393868,-0.3871168061172155
Argentina,alto,Estrés,salario,M,9,0.8736206833807518,0.31634504829829824
Argentina,alto,Estrés,salario,M,10,1.3292680045273606,0.4484280511338183
Argentina,alto,Estrés,salario,M,11,2.257687763606585,0.7121716001404299
Argentina,alto,Estrés,salario,M,12,1.884999274768977,0.612923624045655
Argentina,alto,Estrés,salario,M,13,2.7605308968279134,0.988070473453256
Argentina,alto,Estrés,salario,M,14,2.1049520797909747,0.8824916653233185
Argentina,alto,Estrés,salario,M,15,2.153630947676084,0.8252861012926503
Argentina,alto,Estrés,salario,M,16,2.522918061016255,0.9244289874155466
Argentina,alto,Estrés,salario,M,17,4.869030555587602,1.191149816289522
Argentina,alto,Estrés,salario,M,18,4.816368469597307,1.2395195781033064
Argentina,alto,Estrés,fx,M,0,-1.735972661343244,-0.6877243806598801
Argentina,alto,Estrés,fx,M,1,-1.9919875536001967,-0.4741070550572842
Argentina,alto,Estrés,fx,M,2,-6.218884481085677,-1.1769167403667198
Argentina,alto,Estrés,fx,M,3,-11.139855311335966,-1.8300814399053316
Argentina,alto,Estrés,fx,M,4,-12.832478288325541,-2.160587323941369
Argentina,alto,Estrés,fx,M,5,-14.546883191002337,-2.0243769599024186
Argentina,alto,Estrés,fx,M,6,-16.581477146410453,-2.0797993307619462
Argentina,alto,Estrés,fx,M,7,-21.134099657291163,-2.1143796661779106
Argentina,alto,Estrés,fx,M,8,-31.25136207630043,-2.9978446569577106
Argentina,alto,Estrés,fx,M,9,-32.81247728656095,-2.930281971708134
Argentina,alto,Estrés,fx,M,10,-33.37167169887624,-2.968643245447697
Argentina,alto,Estrés,fx,M,11,-35.62038486825007,-3.3558020844149508
Argentina,alto,Estrés,fx,M,12,-33.44589795010063,-3.4389326081049436
Argentina,alto,Estrés,fx,M,13,-38.10451693224997,-4.162810777638645
Argentina,alto,Estrés,fx,M,14,-37.246672911472956,-4.586426461715432
Argentina,alto,Estrés,fx,M,15,-35.17311053175834,-3.352784511345255
Argentina,alto,Estrés,fx,M,16,-27.11343168526814,-2.9211568286621716
Argentina,alto,Estrés,fx,M,17,-24.738478065630808,-2.3483552036230355
Argentina,alto,Estrés,fx,M,18,-24.688686300186006,-2.022733327069805
Argentina,alto,Estrés,pasivos,M,0,-8.327434405810141,-1.7100988728648057
Argentina,alto,Estrés,pasivos,M,1,-0.5099242768205943,-0.05755809647185824
Argentina,alto,Estrés,pasivos,M,2,-2.7847346531431603,-0.27714995966020994
Argentina,alto,Estrés,pasivos,M,3,1.68537798364141,0.1181548222882577
Argentina,alto,Estrés,pasivos,M,4,-12.927072668057097,-0.7571149964041248
Argentina,alto,Estrés,pasivos,M,5,-21.70269746083616,-1.0898327438536504
Argentina,alto,Estrés,pasivos,M,6,-10.60839085334591,-0.4735479408338176
Argentina,alto,Estrés,pasivos,M,7,-11.93226960619527,-0.4225461678516141
Argentina,alto,Estrés,pasivos,M,8,-16.65272859662312,-0.6192955338921627
Argentina,alto,Estrés,pasivos,M,9,-7.33829509846721,-0.2927666470859508
Argentina,alto,Estrés,pasivos,M,10,-1.9870794144539605,-0.08670096827937201
Argentina,alto,Estrés,pasivos,M,11,-2.352463562834746,-0.10079058414956621
Argentina,alto,Estrés,pasivos,M,12,-0.3748127951693423,-0.014452195905218766
Argentina,alto,Estrés,pasivos,M,13,1.174593116875954,0.04407093122401406
Argentina,alto,Estrés,pasivos,M,14,-0.7124590181721322,-0.02879054584734686
Argentina,alto,Estrés,pasivos,M,15,1.9714507754881438,0.0874537052688951
Argentina,alto,Estrés,pasivos,M,16,10.57583965251666,0.46813838525895346
Argentina,alto,Estrés,pasivos,M,17,16.488905189909666,0.5674003233160779
Argentina,alto,Estrés,pasivos,M,18,5.552521595763027,0.2027663337831158
Argentina,alto,Estrés,deuda_me_usd,M,0,0.04701165253669437,0.0003706959574554453
Argentina,alto,Estrés,deuda_me_usd,M,1,-91.01963489262982,-0.5316296324534392
Argentina,alto,Estrés,deuda_me_usd,M,2,-154.75368368102352,-0.789674321557682
Argentina,alto,Estrés,deuda_me_usd,M,3,-156.79366836518426,-0.6810214085771354
Argentina,alto,Estrés,deuda_me_usd,M,4,-174.7262182393162,-0.8176826938253314
Argentina,alto,Estrés,deuda_me_usd,M,5,-196.33680349582067,-1.08790679100548
Argentina,alto,Estrés,deuda_me_usd,M,6,-162.08475987323965,-0.6166438337430153
Argentina,alto,Estrés,deuda_me_usd,M,7,-203.38609748492928,-0.4964806999665176
Argentina,alto,Estrés,deuda_me_usd,M,8,-227.94557215367627,-0.4258985113644877
Argentina,alto,Estrés,deuda_me_usd,M,9,-204.55822157899718,-0.35339647699705706
Argentina,alto,Estrés,deuda_me_usd,M,10,-248.79230967178452,-0.35455019887196043
Argentina,alto,Estrés,deuda_me_usd,M,11,-821.1337268759714,-1.339055849457376
Argentina,alto,Estrés,deuda_me_usd,M,12,-877.7122154248488,-1.2536275717037004
Argentina,alto,Estrés,deuda_me_usd,M,13,-824.9557064441424,-0.8456217525587587
Argentina,alto,Estrés,deuda_me_usd,M,14,-1184.6151938922876,-1.2260741258147365
Argentina,alto,Estrés,deuda_me_usd,M,15,-2509.2371118256997,-32.68650729462968
Argentina,alto,Estrés,deuda_me_usd,M,16,-2682.048102353465,
Argentina,alto,Estrés,deuda_me_usd,M,17,-1837.0077970504951,
Argentina,alto,Estrés,credito,M,0,-0.22199115812621834,-0.15161192896670617
Argentina,alto,Estrés,credito,M,1,0.8639645321230793,0.32583716977070404
Argentina,alto,Estrés,credito,M,2,1.8648488712621187,0.544116019496316
Argentina,alto,Estrés,credito,M,3,3.723029883252165,0.8195324576237009
Argentina,alto,Estrés,credito,M,4,5.662824228322142,0.9558061872871395
Argentina,alto,Estrés,credito,M,5,4.430206675736102,0.6226437044077843
Argentina,alto,Estrés,credito,M,6,6.5848464194524094,0.8279830185249851
Argentina,alto,Estrés,credito,M,7,7.6230395408625915,0.8410736768829565
Argentina,alto,Estrés,credito,M,8,7.217999764799318,0.7380282906589413
Argentina,alto,Estrés,credito,M,9,8.698556145173068,0.8787729000224292
Argentina,alto,Estrés,credito,M,10,11.452003961463774,1.1130612108216813
Argentina,alto,Estrés,credito,M,11,13.419350012731947,1.2132944886651877
Argentina,alto,Estrés,credito,M,12,14.091683253854569,1.1957948476997033
Argentina,alto,Estrés,credito,M,13,14.2677349778663,1.154478232759074
Argentina,alto,Estrés,credito,M,14,14.998663713129023,1.1297081818831527
Argentina,alto,Estrés,credito,M,15,15.858870337958574,1.1614415515149008
Argentina,alto,Estrés,credito,M,16,14.978169168415368,1.0307988246477138
Argentina,alto,Estrés,credito,M,17,16.795905105131077,0.9683281032038672
Argentina,alto,Estrés,credito,M,18,19.22637978180632,0.9989072150082517
Argentina,alto,Sin estrés,ipc,M,0,1.0657515090862975,1.9243597490275481
Argentina,alto,Sin estrés,ipc,M,1,2.128480933929279,2.1574227863437447
Argentina,alto,Sin estrés,ipc,M,2,2.4465066420731247,2.2178385140147947
Argentina,alto,Sin estrés,ipc,M,3,2.0811754151725346,2.0025606989816547
Argentina,alto,Sin estrés,ipc,M,4,2.129767958893855,1.741206132582908
Argentina,alto,Sin estrés,ipc,M,5,2.3711652612555594,1.6784951467184142
Argentina,alto,Sin estrés,ipc,M,6,2.67500649231951,1.6262056032997707
Argentina,alto,Sin estrés,ipc,M,7,2.928069302566319,1.5580322150906973
Argentina,alto,Sin estrés,ipc,M,8,3.285582162037269,1.6712213956333044
Argentina,alto,Sin estrés,ipc,M,9,3.7418585404221707,1.8503449553307285
Argentina,alto,Sin estrés,ipc,M,10,3.7954859897197317,1.7896257366343937
Argentina,alto,Sin estrés,ipc,M,11,4.110863673006327,1.7226411801773174
Argentina,alto,Sin estrés,ipc,M,12,4.9330313146009726,1.832582894889176
Argentina,alto,Sin estrés,ipc,M,13,5.211959136327856,1.7592104286975843
Argentina,alto,Sin estrés,ipc,M,14,5.238338666116326,1.6190751836716395
Argentina,alto,Sin estrés,ipc,M,15,5.85521097465225,1.5594974134103576
Argentina,alto,Sin estrés,ipc,M,16,8.7813150301548,1.923833520522884
Argentina,alto,Sin estrés,ipc,M,17,10.158932679558244,1.9245820068127608
Argentina,alto,Sin estrés,ipc,M,18,9.56772823868191,1.7841568916589337
Argentina,alto,Sin estrés,expect,M,0,1.5968613912407574,1.4125909902975746
Argentina,alto,Sin estrés,expect,M,1,0.43926477000417374,0.1528158473124764
Argentina,alto,Sin estrés,expect,M,2,-6.552325477600622,-1.3703060768678763
Argentina,alto,Sin estrés,expect,M,3,-7.019687291977442,-1.1469607255052192
Argentina,alto,Sin estrés,expect,M,4,-8.475629615964603,-1.1131330210086854
Argentina,alto,Sin estrés,expect,M,5,-11.302187390827294,-1.278499594550874
Argentina,alto,Sin estrés,expect,M,6,-11.23398776525514,-1.242943176267734
Argentina,alto,Sin estrés,expect,M,7,-10.706730251145984,-1.2972423806379527
Argentina,alto,Sin estrés,expect,M,8,-9.166847029795775,-1.007495982417214
Argentina,alto,Sin estrés,expect,M,9,-8.076470212792238,-0.8821378560735053
Argentina,alto,Sin estrés,expect,M,10,-7.099758170038159,-0.8080847053541619
Argentina,alto,Sin estrés,expect,M,11,-6.8494212262539484,-0.8003851807316952
Argentina,alto,Sin estrés,expect,M,12,-7.029212525097378,-0.8280841078497841
Argentina,alto,Sin estrés,expect,M,13,-10.34670971639038,-1.3152797741988584
Argentina,alto,Sin estrés,expect,M,14,-10.037914146052973,-1.4744719343525172
Argentina,alto,Sin estrés,expect,M,15,-8.194390310058314,-1.2156856038245911
Argentina,alto,Sin estrés,expect,M,16,3.00670837730772,0.3538931968126605
Argentina,alto,Sin estrés,expect,M,17,6.6926374372584325,0.677142393413182
Argentina,alto,Sin estrés,expect,M,18,7.612149891657033,0.7740289715376801
Argentina,alto,Sin estrés,tasa,M,0,0.7126441657697856,0.6711153195795616
Argentina,alto,Sin estrés,tasa,M,1,1.2413757820049869,0.6047400761417508
Argentina,alto,Sin estrés,tasa,M,2,1.1095779370310805,0.4292978247589151
Argentina,alto,Sin estrés,tasa,M,3,-1.2357596056550544,-0.3143696605477069
Argentina,alto,Sin estrés,tasa,M,4,-2.2796924179897067,-0.515647656027353
Argentina,alto,Sin estrés,tasa,M,5,-4.052410616538906,-0.6842269753893615
Argentina,alto,Sin estrés,tasa,M,6,-2.947376687100832,-0.5438842073824537
Argentina,alto,Sin estrés,tasa,M,7,-2.00363441177753,-0.41528848552347514
Argentina,alto,Sin estrés,tasa,M,8,-4.128084950596046,-0.9663216350025778
Argentina,alto,Sin estrés,tasa,M,9,-3.4014848260903556,-0.7575427366671261
Argentina,alto,Sin estrés,tasa,M,10,-2.4217307083047235,-0.5138161662640485
Argentina,alto,Sin estrés,tasa,M,11,-0.6549400713475925,-0.1273293805487133
Argentina,alto,Sin estrés,tasa,M,12,-0.08188892354194843,-0.015020280092395703
Argentina,alto,Sin estrés,tasa,M,13,-2.1178776514892212,-0.40716616546836376
Argentina,alto,Sin estrés,tasa,M,14,-2.0628416696648717,-0.4080983159271115
Argentina,alto,Sin estrés,tasa,M,15,-2.494621990373073,-0.5069377137948393
Argentina,alto,Sin estrés,tasa,M,16,-0.8494624214730466,-0.16361778451367945
Argentina,alto,Sin estrés,tasa,M,17,-2.1192668498356038,-0.3931247577603224
Argentina,alto,Sin estrés,tasa,M,18,-3.334915380133919,-0.5487610692099995
Argentina,alto,Sin estrés,salario,M,0,-1.1166916098391155,-2.0075036226396232
Argentina,alto,Sin estrés,salario,M,1,-1.670191222232997,-2.011339795064511
Argentina,alto,Sin estrés,salario,M,2,-1.6966544900622373,-2.3681110351241914
Argentina,alto,Sin estrés,salario,M,3,-1.462396058709603,-1.6887293813338373
Argentina,alto,Sin estrés,salario,M,4,-1.8647607685956433,-2.0095128229114456
Argentina,alto,Sin estrés,salario,M,5,-2.0158405971322018,-1.894167635090013
Argentina,alto,Sin estrés,salario,M,6,-1.9547592548854316,-1.9206925955914715
Argentina,alto,Sin estrés,salario,M,7,-2.3883840734801898,-2.1060357633239626
Argentina,alto,Sin estrés,salario,M,8,-2.9346676761870287,-2.553293280775754
Argentina,alto,Sin estrés,salario,M,9,-2.862425958937025,-2.7826427476542013
Argentina,alto,Sin estrés,salario,M,10,-3.349967103637189,-3.1549070705190765
Argentina,alto,Sin estrés,salario,M,11,-3.917281911146915,-2.5940143533099844
Argentina,alto,Sin estrés,salario,M,12,-4.351910239305712,-2.6082690878738224
Argentina,alto,Sin estrés,salario,M,13,-4.48956405093328,-2.665480253763172
Argentina,alto,Sin estrés,salario,M,14,-4.916678232413048,-3.0625075520337384
Argentina,alto,Sin estrés,salario,M,15,-4.600247945566176,-2.816083317563723
Argentina,alto,Sin estrés,salario,M,16,-4.32836473527746,-2.996860582887599
Argentina,alto,Sin estrés,salario,M,17,-3.9092682144643582,-2.8545325143224813
Argentina,alto,Sin estrés,salario,M,18,-3.7371947449161924,-1.5016925439945303
Argentina,alto,Sin estrés,fx,M,0,2.2103944741028796,1.9441463085579826
Argentina,alto,Sin estrés,fx,M,1,5.171289431629599,2.2786859305846923
Argentina,alto,Sin estrés,fx,M,2,2.9092264898023745,1.139105023275325
Argentina,alto,Sin estrés,fx,M,3,2.7830379047474185,0.7892351908957425
Argentina,alto,Sin estrés,fx,M,4,1.5876553428117905,0.38734840641259916
Argentina,alto,Sin estrés,fx,M,5,2.238463111162786,0.6080650923925335
Argentina,alto,Sin estrés,fx,M,6,3.825092423622872,0.8503645920354351
Argentina,alto,Sin estrés,fx,M,7,2.1135690070650215,0.3881440489797976
Argentina,alto,Sin estrés,fx,M,8,1.7600619724298041,0.2955304353505098
Argentina,alto,Sin estrés,fx,M,9,3.498081812693275,0.5091302418798961
Argentina,alto,Sin estrés,fx,M,10,2.7219349403823228,0.3609175854672468
Argentina,alto,Sin estrés,fx,M,11,1.7592442181603836,0.227601876505625
Argentina,alto,Sin estrés,fx,M,12,3.5458267516962136,0.4643642545649873
Argentina,alto,Sin estrés,fx,M,13,6.073265267317402,0.8386545724057639
Argentina,alto,Sin estrés,fx,M,14,8.049958186760263,1.1332486323875668
Argentina,alto,Sin estrés,fx,M,15,8.53665440523951,1.394469570817071
Argentina,alto,Sin estrés,fx,M,16,13.394970620050103,2.1947376985377134
Argentina,alto,Sin estrés,fx,M,17,15.99226059021667,2.791076104685658
Argentina,alto,Sin estrés,fx,M,18,20.037324403326473,3.8549278801343196
Argentina,alto,Sin estrés,pasivos,M,0,-0.4877314758317356,-0.14789027708089164
Argentina,alto,Sin estrés,pasivos,M,1,8.864807458027688,1.4761379470455438
Argentina,alto,Sin estrés,pasivos,M,2,3.854681127609168,0.5154717820776776
Argentina,alto,Sin estrés,pasivos,M,3,2.329820575053928,0.2508128589707042
Argentina,alto,Sin estrés,pasivos,M,4,-3.162047048235675,-0.29775017460479025
Argentina,alto,Sin estrés,pasivos,M,5,-0.05892050411139471,-0.004318198262216024
Argentina,alto,Sin estrés,pasivos,M,6,-6.345977929818152,-0.36119155744898995
Argentina,alto,Sin estrés,pasivos,M,7,-17.99230542820696,-0.9964527374571511
Argentina,alto,Sin estrés,pasivos,M,8,-19.59258625343596,-1.057834548055677
Argentina,alto,Sin estrés,pasivos,M,9,-8.704847174071986,-0.4196475255605329
Argentina,alto,Sin estrés,pasivos,M,10,-15.023756824678992,-0.6828998236507797
Argentina,alto,Sin estrés,pasivos,M,11,-12.752991904115914,-0.5633168621660077
Argentina,alto,Sin estrés,pasivos,M,12,-12.717307555133976,-0.5615589973426216
Argentina,alto,Sin estrés,pasivos,M,13,-13.468292882262393,-0.5638940149157516
Argentina,alto,Sin estrés,pasivos,M,14,-11.892676292504666,-0.4908174771615654
Argentina,alto,Sin estrés,pasivos,M,15,-16.888728032979337,-0.6631783034779916
Argentina,alto,Sin estrés,pasivos,M,16,-6.290049800501353,-0.2739827686595227
Argentina,alto,Sin estrés,pasivos,M,17,0.1766930505062696,0.007039455784713729
Argentina,alto,Sin estrés,pasivos,M,18,-6.934057175532233,-0.26814426313195705
Argentina,alto,Sin estrés,deuda_me_usd,M,0,19.078367343107722,0.9498297494417329
Argentina,alto,Sin estrés,deuda_me_usd,M,1,24.568883239553102,0.9064474467771924
Argentina,alto,Sin estrés,deuda_me_usd,M,2,32.202069022813625,1.1395728337652176
Argentina,alto,Sin estrés,deuda_me_usd,M,3,28.59614992736362,0.8976012476415559
Argentina,alto,Sin estrés,deuda_me_usd,M,4,22.756053217172653,0.6302965201918481
Argentina,alto,Sin estrés,deuda_me_usd,M,5,1.4114293153442297,0.040587185619380566
Argentina,alto,Sin estrés,deuda_me_usd,M,6,3.9595216287916166,0.10827372963600598
Argentina,alto,Sin estrés,deuda_me_usd,M,7,26.666880588869795,0.5751279110894358
Argentina,alto,Sin estrés,deuda_me_usd,M,8,45.532430470102696,0.8828767275964939
Argentina,alto,Sin estrés,deuda_me_usd,M,9,46.68735712566969,0.7681557604782319
Argentina,alto,Sin estrés,deuda_me_usd,M,10,53.01636707235363,0.7371952417467955
Argentina,alto,Sin estrés,deuda_me_usd,M,11,46.29625788906594,0.6438735961470181
Argentina,alto,Sin estrés,deuda_me_usd,M,12,56.107706391060496,0.6133339746152556
Argentina,alto,Sin estrés,deuda_me_usd,M,13,72.22690898392624,0.6803042420792839
Argentina,alto,Sin estrés,deuda_me_usd,M,14,112.0332930379783,2.5666384629527705
Argentina,alto,Sin estrés,credito,M,0,-0.5924333038463362,-1.142535143002272
Argentina,alto,Sin estrés,credito,M,1,-1.7303291229937912,-1.6836653930779655
Argentina,alto,Sin estrés,credito,M,2,-1.8714730894578688,-1.8280928379664367
Argentina,alto,Sin estrés,credito,M,3,-1.4695758766813438,-1.4156693964786373
Argentina,alto,Sin estrés,credito,M,4,-1.187165599630035,-1.0617349295320302
Argentina,alto,Sin estrés,credito,M,5,-1.163620318532797,-0.8565219575286663
Argentina,alto,Sin estrés,credito,M,6,-1.1144369027962133,-0.7264205830635577
Argentina,alto,Sin estrés,credito,M,7,-0.9801682818158479,-0.5204464462008614
Argentina,alto,Sin estrés,credito,M,8,-1.158766002269923,-0.563099652864566
Argentina,alto,Sin estrés,credito,M,9,-0.9800601888810956,-0.44273986098435314
Argentina,alto,Sin estrés,credito,M,10,-0.8318794362798848,-0.35830636743538247
Argentina,alto,Sin estrés,credito,M,11,-0.9261299474230055,-0.4068455778287289
Argentina,alto,Sin estrés,credito,M,12,-1.8676212507588668,-0.8695790008092984
Argentina,alto,Sin estrés,credito,M,13,-2.4585685050783557,-1.0778747618153333
Argentina,alto,Sin estrés,credito,M,14,-2.38609396336251,-0.967212508006903
Argentina,alto,Sin estrés,credito,M,15,-2.6978549964514684,-0.9106161769343558
Argentina,alto,Sin estrés,credito,M,16,-4.841431848578863,-1.5661170509648246
Argentina,alto,Sin estrés,credito,M,17,-3.4732866351285496,-0.96536800405429
Argentina,alto,Sin estrés,credito,M,18,-3.0267190569146263,-0.8260182506595539
Rusia,alto,Exceso,ipc,M,0,0.17029959087736715,0.5024875892917808
Rusia,alto,Exceso,ipc,M,1,-0.2512353821057722,-0.587255725375408
Rusia,alto,Exceso,ipc,M,2,-0.5723735320871012,-0.7898764114618891
Rusia,alto,Exceso,ipc,M,3,-0.2049656843211653,-0.33220028230227416
Rusia,alto,Exceso,ipc,M,4,0.09933645751656643,0.1462567537849527
Rusia,alto,Exceso,ipc,M,5,0.11538275884503701,0.15519392987587377
Rusia,alto,Exceso,ipc,M,6,0.24056636717671576,0.2861882241195642
Rusia,alto,Exceso,ipc,M,7,0.46083577195372233,0.4881090032578521
Rusia,alto,Exceso,ipc,M,8,0.30371021695017686,0.2940694189659287
Rusia,alto,Exceso,ipc,M,9,-0.1357547572555584,-0.12553793388049478
Rusia,alto,Exceso,ipc,M,10,-0.22256927599253865,-0.18784949598837414
Rusia,alto,Exceso,ipc,M,11,-0.28094811673868475,-0.22786961156486682
Rusia,alto,Exceso,ipc,M,12,-0.3311374425478393,-0.2515252490410841
Rusia,alto,Exceso,ipc,M,13,-0.025610187606415036,-0.01700896426170618
Rusia,alto,Exceso,ipc,M,14,-0.21770128548835443,-0.14255773315441184
Rusia,alto,Exceso,ipc,M,15,-0.21972159482707943,-0.1424701025568548
Rusia,alto,Exceso,ipc,M,16,-0.0929157570790895,-0.05663275979332534
Rusia,alto,Exceso,ipc,M,17,0.08661367615379992,0.0491528863531211
Rusia,alto,Exceso,ipc,M,18,-0.049280550256988714,-0.027079273868303208
Rusia,alto,Exceso,tasa,M,0,-0.9989027251890645,-1.5369900296846755
Rusia,alto,Exceso,tasa,M,1,0.07319782734065872,0.0973837804234271
Rusia,alto,Exceso,tasa,M,2,-0.231763914534737,-0.26757137131825914
Rusia,alto,Exceso,tasa,M,3,-0.8630080384632779,-0.7950923157013002
Rusia,alto,Exceso,tasa,M,4,0.5399944585407425,0.6216518215068454
Rusia,alto,Exceso,tasa,M,5,1.1796025622649804,1.3188492764647897
Rusia,alto,Exceso,tasa,M,6,1.8463805223586582,2.5993831259942914
Rusia,alto,Exceso,tasa,M,7,1.979148569460512,2.4198389169801025
Rusia,alto,Exceso,tasa,M,8,1.7153348334704153,1.9467738241563783
Rusia,alto,Exceso,tasa,M,9,1.5915060559467489,1.8578469005228286
Rusia,alto,Exceso,tasa,M,10,2.3589749581383854,2.7165127701774323
Rusia,alto,Exceso,tasa,M,11,2.41522527222569,2.1237339784040974
Rusia,alto,Exceso,tasa,M,12,1.6183373793515443,1.2489177963849147
Rusia,alto,Exceso,tasa,M,13,2.18683372409541,1.7761945213987829
Rusia,alto,Exceso,tasa,M,14,1.731799345095489,1.5010931959546125
Rusia,alto,Exceso,tasa,M,15,2.3652752480014674,2.172172317502969
Rusia,alto,Exceso,tasa,M,16,1.9043032764740047,1.5137269612629611
Rusia,alto,Exceso,tasa,M,17,1.4298921915908398,1.088086049495005
Rusia,alto,Exceso,tasa,M,18,1.9235572688974338,1.5741190068028759
Rusia,alto,Exceso,fx,M,0,0.12230609957765148,0.1498667546763178
Rusia,alto,Exceso,fx,M,1,-0.7708001034823192,-0.6662268966197344
Rusia,alto,Exceso,fx,M,2,-1.1848385479962804,-0.6652508497688863
Rusia,alto,Exceso,fx,M,3,-0.21514408590613343,-0.12242824212394628
Rusia,alto,Exceso,fx,M,4,0.5004603700886973,0.23844091849742494
Rusia,alto,Exceso,fx,M,5,-0.36298383872822726,-0.17060335599893692
Rusia,alto,Exceso,fx,M,6,-0.5622513097786253,-0.2376056685405244
Rusia,alto,Exceso,fx,M,7,0.7039551618926754,0.26270519079182986
Rusia,alto,Exceso,fx,M,8,-0.03326127655643074,-0.012403146238820648
Rusia,alto,Exceso,fx,M,9,-1.068246357659209,-0.3913397559762027
Rusia,alto,Exceso,fx,M,10,0.333196786523856,0.13899300603285875
Rusia,alto,Exceso,fx,M,11,1.603343602781616,0.6587234058681323
Rusia,alto,Exceso,fx,M,12,1.943648953186918,0.7499923286040703
Rusia,alto,Exceso,fx,M,13,2.48376993267054,0.8338976056316606
Rusia,alto,Exceso,fx,M,14,1.8403290954309597,0.6651671485830503
Rusia,alto,Exceso,fx,M,15,0.6763231795965721,0.2573738070972379
Rusia,alto,Exceso,fx,M,16,0.1324907982269888,0.04813247642960532
Rusia,alto,Exceso,fx,M,17,1.2789704315309336,0.4538263706814189
Rusia,alto,Exceso,fx,M,18,1.1971716239127344,0.42069414025347235
Rusia,alto,Exceso,credito,Q,0,0.9215849180594801,1.278501652923885
Rusia,alto,Exceso,credito,Q,1,1.4615758142574544,1.485217604512781
Rusia,alto,Exceso,credito,Q,2,1.6346689511483405,1.3339354215792922
Rusia,alto,Exceso,credito,Q,3,1.9233524881692157,1.2238251459797902
Rusia,alto,Exceso,credito,Q,4,2.571530698557477,1.2715000795203157
Rusia,alto,Exceso,credito,Q,5,2.781672879708956,1.424554630080968
Rusia,alto,Exceso,credito,Q,6,2.8942407788523252,1.3521621843381642
Rusia,alto,M-actividad,ipc,M,0,0.11300521775230726,0.5076395156212579
Rusia,alto,M-actividad,ipc,M,1,-0.12457653453958376,-0.40737696285633856
Rusia,alto,M-actividad,ipc,M,2,-0.03426705686691544,-0.07669995476492203
Rusia,alto,M-actividad,ipc,M,3,0.8937393298244244,1.2559632688026938
Rusia,alto,M-actividad,ipc,M,4,1.5201947890097671,1.2721745988360038
Rusia,alto,M-actividad,ipc,M,5,1.4823415445984478,1.2476474380655052
Rusia,alto,M-actividad,ipc,M,6,0.9433023598453127,0.8059531435106086
Rusia,alto,M-actividad,ipc,M,7,0.6914969407071587,0.48985881918307456
Rusia,alto,M-actividad,ipc,M,8,1.6928997684265783,1.1531887255113085
Rusia,alto,M-actividad,ipc,M,9,1.5702525188681524,1.077678770248197
Rusia,alto,M-actividad,ipc,M,10,1.4280777251386831,0.9606390173207789
Rusia,alto,M-actividad,ipc,M,11,1.6896445549338914,1.0609606936115814
Rusia,alto,M-actividad,ipc,M,12,1.8356745849063656,1.1037655202250005
Rusia,alto,M-actividad,ipc,M,13,2.2364556785839502,1.3054512049569065
Rusia,alto,M-actividad,ipc,M,14,2.160805358040896,1.2521636566782073
Rusia,alto,M-actividad,ipc,M,15,2.0607797445830274,1.1846123426804176
Rusia,alto,M-actividad,ipc,M,16,2.3295325796540904,1.3075000961368675
Rusia,alto,M-actividad,ipc,M,17,2.6921274574667597,1.4959154182744532
Rusia,alto,M-actividad,ipc,M,18,2.747279307082842,1.5218004997959096
Rusia,alto,M-actividad,tasa,M,0,-1.44434294261959,-1.7262334862716686
Rusia,alto,M-actividad,tasa,M,1,0.2727894467570464,0.30611750648841923
Rusia,alto,M-actividad,tasa,M,2,-0.049498792966618146,-0.045181209652164496
Rusia,alto,M-actividad,tasa,M,3,-0.9159389431068152,-0.8481480429390909
Rusia,alto,M-actividad,tasa,M,4,0.7198263727441401,0.6305792876172989
Rusia,alto,M-actividad,tasa,M,5,-0.5292729625206885,-0.43412239488677395
Rusia,alto,M-actividad,tasa,M,6,0.3669501323097551,0.2759729074214911
Rusia,alto,M-actividad,tasa,M,7,0.8605368146859191,0.5889845595024323
Rusia,alto,M-actividad,tasa,M,8,-0.9232902985611069,-0.6548239494337048
Rusia,alto,M-actividad,tasa,M,9,-0.10219590826477568,-0.07667084037969743
Rusia,alto,M-actividad,tasa,M,10,0.8702290119348512,0.7403988641248171
Rusia,alto,M-actividad,tasa,M,11,0.45407171703207405,0.3636564118203306
Rusia,alto,M-actividad,tasa,M,12,1.2887912618112674,0.7979932110849584
Rusia,alto,M-actividad,tasa,M,13,0.42974880552414607,0.31527962566299417
Rusia,alto,M-actividad,tasa,M,14,-0.11385907208949914,-0.08141909651558156
Rusia,alto,M-actividad,tasa,M,15,0.9596986645674308,0.686318212487656
Rusia,alto,M-actividad,tasa,M,16,1.0853870551346407,0.7485979559880037
Rusia,alto,M-actividad,tasa,M,17,1.3406385457162355,0.9796632861198874
Rusia,alto,M-actividad,tasa,M,18,1.8800932992270798,1.5168455493892372
Rusia,alto,M-actividad,fx,M,0,0.5935393602252235,0.8467870825938427
Rusia,alto,M-actividad,fx,M,1,0.5684350144765862,0.4192904904198181
Rusia,alto,M-actividad,fx,M,2,0.8834610626302654,0.4859892776770766
Rusia,alto,M-actividad,fx,M,3,2.9431366512993593,1.1242861007519571
Rusia,alto,M-actividad,fx,M,4,3.2116015129051148,0.8730568081158552
Rusia,alto,M-actividad,fx,M,5,0.4433054425484758,0.11022729449655044
Rusia,alto,M-actividad,fx,M,6,-2.2472749194433375,-0.5091913235763522
Rusia,alto,M-actividad,fx,M,7,-2.438162030784231,-0.49395957011472746
Rusia,alto,M-actividad,fx,M,8,-0.5539247551474442,-0.11796780632914808
Rusia,alto,M-actividad,fx,M,9,-0.3429757659273984,-0.07683888327912358
Rusia,alto,M-actividad,fx,M,10,-1.0220633007602622,-0.23569078501890856
Rusia,alto,M-actividad,fx,M,11,-0.5501982019013631,-0.12127722292034855
Rusia,alto,M-actividad,fx,M,12,-1.4496657978803094,-0.2956599275284564
Rusia,alto,M-actividad,fx,M,13,-1.761651614063721,-0.33057834599063607
Rusia,alto,M-actividad,fx,M,14,-1.8448991921431808,-0.3327039288539782
Rusia,alto,M-actividad,fx,M,15,-2.916289845552345,-0.529693683055986
Rusia,alto,M-actividad,fx,M,16,-2.559651963548658,-0.453552838503903
Rusia,alto,M-actividad,fx,M,17,-0.4303180404736773,-0.07552810569457248
Rusia,alto,M-actividad,fx,M,18,0.24885346809124026,0.04330709968111398
Rusia,alto,M-actividad,credito,Q,0,2.545922787061925,3.0245722884649697
Rusia,alto,M-actividad,credito,Q,1,3.8129013527997095,2.7201936184115914
Rusia,alto,M-actividad,credito,Q,2,4.29542710276344,2.066932158379525
Rusia,alto,M-actividad,credito,Q,3,4.608693252552144,2.0222031429074248
Rusia,alto,M-actividad,credito,Q,4,5.088824786108416,1.5261441456750082
Rusia,alto,M-actividad,credito,Q,5,4.805269356061439,1.3429933428635241
Rusia,alto,M-actividad,credito,Q,6,3.942799472245546,1.117093612935196
Rusia,alto,Exceso+act,ipc,M,0,0.19051179209997227,0.5276007787499447
Rusia,alto,Exceso+act,ipc,M,1,-0.11166439558717374,-0.2885661646351239
Rusia,alto,Exceso+act,ipc,M,2,-0.36541850810968857,-0.6206340556707111
Rusia,alto,Exceso+act,ipc,M,3,0.09667659745811352,0.16533188910498353
Rusia,alto,Exceso+act,ipc,M,4,0.354997705343339,0.43103395824668994
Rusia,alto,Exceso+act,ipc,M,5,0.4133158156523994,0.4535379525021568
Rusia,alto,Exceso+act,ipc,M,6,0.5987867398401158,0.5952973042292524
Rusia,alto,Exceso+act,ipc,M,7,0.7903706644418721,0.6778155037964577
Rusia,alto,Exceso+act,ipc,M,8,0.6168615585794542,0.4737630191863256
Rusia,alto,Exceso+act,ipc,M,9,0.1893964013962921,0.13599233108803155
Rusia,alto,Exceso+act,ipc,M,10,0.20878876392920093,0.13367874890978282
Rusia,alto,Exceso+act,ipc,M,11,0.14845138312860584,0.09083124542188649
Rusia,alto,Exceso+act,ipc,M,12,0.07457994024404488,0.043163933372051974
Rusia,alto,Exceso+act,ipc,M,13,0.4381198496302381,0.2364763441763026
Rusia,alto,Exceso+act,ipc,M,14,0.2917890773001479,0.1498151060113721
Rusia,alto,Exceso+act,ipc,M,15,0.30049068662078715,0.15209566957237883
Rusia,alto,Exceso+act,ipc,M,16,0.433309291585048,0.2074392507303073
Rusia,alto,Exceso+act,ipc,M,17,0.6622001817214702,0.30669020011475867
Rusia,alto,Exceso+act,ipc,M,18,0.4455351356256657,0.20087335158366965
Rusia,alto,Exceso+act,tasa,M,0,-1.0985712025554342,-1.7598868991789336
Rusia,alto,Exceso+act,tasa,M,1,-0.08634101115357515,-0.11354943552680875
Rusia,alto,Exceso+act,tasa,M,2,-0.5263145713069267,-0.631070013751092
Rusia,alto,Exceso+act,tasa,M,3,-1.120782336777266,-1.0919125980428386
Rusia,alto,Exceso+act,tasa,M,4,0.4082296153943244,0.45280068955617203
Rusia,alto,Exceso+act,tasa,M,5,1.021236503610216,1.03380157492009
Rusia,alto,Exceso+act,tasa,M,6,1.6151683906955132,2.1403419151288796
Rusia,alto,Exceso+act,tasa,M,7,1.7580056361815988,1.9114124732005642
Rusia,alto,Exceso+act,tasa,M,8,1.3814679139663668,1.7033333060781413
Rusia,alto,Exceso+act,tasa,M,9,1.3447037864984237,1.6198995882524467
Rusia,alto,Exceso+act,tasa,M,10,1.9866569603509046,2.355827083711272
Rusia,alto,Exceso+act,tasa,M,11,2.003354042642547,1.8005115094379138
Rusia,alto,Exceso+act,tasa,M,12,1.1668104173233305,0.9071624170172632
Rusia,alto,Exceso+act,tasa,M,13,1.7028094519235784,1.3585581194724532
Rusia,alto,Exceso+act,tasa,M,14,1.2736129040681716,1.0857644967261595
Rusia,alto,Exceso+act,tasa,M,15,1.9844378383574806,1.7589644211458106
Rusia,alto,Exceso+act,tasa,M,16,1.4347225170450366,1.1173957268498873
Rusia,alto,Exceso+act,tasa,M,17,1.0171160101709669,0.7610750059548612
Rusia,alto,Exceso+act,tasa,M,18,1.5260202089937338,1.2198936516475039
Rusia,alto,Exceso+act,fx,M,0,0.14402493227570715,0.157642439035271
Rusia,alto,Exceso+act,fx,M,1,-0.4644586575506798,-0.3855586009137776
Rusia,alto,Exceso+act,fx,M,2,-0.6083428238670521,-0.3657836147446419
Rusia,alto,Exceso+act,fx,M,3,0.5839041611467237,0.30441100507540164
Rusia,alto,Exceso+act,fx,M,4,1.2446443246780687,0.5000474989739365
Rusia,alto,Exceso+act,fx,M,5,0.3691964519551778,0.15384422988246005
Rusia,alto,Exceso+act,fx,M,6,0.34149225842509745,0.13459695849525172
Rusia,alto,Exceso+act,fx,M,7,1.3826746940865158,0.4744665465630529
Rusia,alto,Exceso+act,fx,M,8,0.5717893251593826,0.19326330876722778
Rusia,alto,Exceso+act,fx,M,9,-0.3728351345738845,-0.1227814522357859
Rusia,alto,Exceso+act,fx,M,10,0.9979764961108786,0.3618708965069704
Rusia,alto,Exceso+act,fx,M,11,2.2475671172146345,0.785816264892398
Rusia,alto,Exceso+act,fx,M,12,2.370811536880974,0.7885765845590935
Rusia,alto,Exceso+act,fx,M,13,2.9884393666241857,0.9458732948367319
Rusia,alto,Exceso+act,fx,M,14,2.5025181392839824,0.7956487239421609
Rusia,alto,Exceso+act,fx,M,15,1.4715004619636578,0.4682004873703384
Rusia,alto,Exceso+act,fx,M,16,0.8190800794532217,0.2448125092020481
Rusia,alto,Exceso+act,fx,M,17,2.0562994415133997,0.649548177558297
Rusia,alto,Exceso+act,fx,M,18,1.739009078900732,0.5527852106106755
Rusia,alto,Exceso+act,credito,Q,0,1.1041361750169931,1.3457265337479283
Rusia,alto,Exceso+act,credito,Q,1,1.7090570940145717,1.6945305472930587
Rusia,alto,Exceso+act,credito,Q,2,1.7443663941025358,1.4265812670672635
Rusia,alto,Exceso+act,credito,Q,3,1.8425745116065506,1.2012059305204068
Rusia,alto,Exceso+act,credito,Q,4,2.456938953546599,1.2460747893209116
Rusia,alto,Exceso+act,credito,Q,5,2.5993079431644257,1.385383941972361
Rusia,alto,Exceso+act,credito,Q,6,2.464041669776299,1.1775770253891757
Rusia,alto,Normal,ipc,M,0,0.24975134196547963,0.6460485270589276
Rusia,alto,Normal,ipc,M,1,-0.14042953084254017,-0.3410768526801675
Rusia,alto,Normal,ipc,M,2,-0.36098746319841424,-0.5477010122607542
Rusia,alto,Normal,ipc,M,3,0.12576740178806078,0.21722570910408992
Rusia,alto,Normal,ipc,M,4,0.5379946664427732,0.6658690472882607
Rusia,alto,Normal,ipc,M,5,0.5849649685191681,0.679892909435502
Rusia,alto,Normal,ipc,M,6,0.7604908580140186,0.7441458664825653
Rusia,alto,Normal,ipc,M,7,1.0721075503385409,0.8668433324697984
Rusia,alto,Normal,ipc,M,8,0.9158497179503865,0.649708913965361
Rusia,alto,Normal,ipc,M,9,0.480003292001397,0.32057443779557726
Rusia,alto,Normal,ipc,M,10,0.4126366647451413,0.25314485902066347
Rusia,alto,Normal,ipc,M,11,0.34418425494988886,0.20647095127304457
Rusia,alto,Normal,ipc,M,12,0.29079384958517834,0.1650446113018539
Rusia,alto,Normal,ipc,M,13,0.6169141801011826,0.3103563620647941
Rusia,alto,Normal,ipc,M,14,0.4055235018095757,0.20245693400895348
Rusia,alto,Normal,ipc,M,15,0.3806496582859179,0.19036812103750056
Rusia,alto,Normal,ipc,M,16,0.49877255231662115,0.23882767244513647
Rusia,alto,Normal,ipc,M,17,0.674148123498672,0.3072067725874386
Rusia,alto,Normal,ipc,M,18,0.5079088706276738,0.228677431199093
Rusia,alto,Normal,tasa,M,0,-0.8383995418378073,-1.326134938990819
Rusia,alto,Normal,tasa,M,1,0.3166636028279477,0.4197829779393187
Rusia,alto,Normal,tasa,M,2,-0.014877337143624492,-0.015097162813637427
Rusia,alto,Normal,tasa,M,3,-0.8200104172114642,-0.6447457434122137
Rusia,alto,Normal,tasa,M,4,0.6589291703603878,0.6848797197430605
Rusia,alto,Normal,tasa,M,5,1.3569002935261885,1.771330288056895
Rusia,alto,Normal,tasa,M,6,2.0339043028911443,3.070470462378942
Rusia,alto,Normal,tasa,M,7,2.160102786784437,2.7564125777029473
Rusia,alto,Normal,tasa,M,8,1.8334449271731414,2.047460775617298
Rusia,alto,Normal,tasa,M,9,1.5936607107137255,1.8122848499396775
Rusia,alto,Normal,tasa,M,10,2.317281790638486,2.6411803927712065
Rusia,alto,Normal,tasa,M,11,2.3747034510254186,2.0868327038861967
Rusia,alto,Normal,tasa,M,12,1.5448847486670327,1.2121962224149085
Rusia,alto,Normal,tasa,M,13,2.0943414727219443,1.7260680360914846
Rusia,alto,Normal,tasa,M,14,1.6443802262048917,1.425275096263165
Rusia,alto,Normal,tasa,M,15,2.2949029356389765,2.106820802298793
Rusia,alto,Normal,tasa,M,16,1.8364764113299283,1.4346256097313137
Rusia,alto,Normal,tasa,M,17,1.350989734835359,0.9950636124699009
Rusia,alto,Normal,tasa,M,18,1.843714698722702,1.4582379461539552
Rusia,alto,Normal,fx,M,0,0.7021853053363964,0.7185405402788402
Rusia,alto,Normal,fx,M,1,0.07340992590109807,0.06462544241669418
Rusia,alto,Normal,fx,M,2,-0.039739304526962616,-0.023160789003788904
Rusia,alto,Normal,fx,M,3,1.144703004535113,0.5286431215373957
Rusia,alto,Normal,fx,M,4,1.9012497830840855,0.6109337307710813
Rusia,alto,Normal,fx,M,5,1.2423666598498584,0.4388605042055476
Rusia,alto,Normal,fx,M,6,1.2471948972203872,0.4096422198615763
Rusia,alto,Normal,fx,M,7,2.7666381221863015,0.7586117909788362
Rusia,alto,Normal,fx,M,8,2.2378713949575633,0.6352336290122985
Rusia,alto,Normal,fx,M,9,1.1190017140191224,0.33547095278884365
Rusia,alto,Normal,fx,M,10,2.2864560741606006,0.6969300183438097
Rusia,alto,Normal,fx,M,11,3.529601397285111,1.0241382537722377
Rusia,alto,Normal,fx,M,12,3.827595254598355,1.0506764804520583
Rusia,alto,Normal,fx,M,13,4.384622987184029,1.085389209104405
Rusia,alto,Normal,fx,M,14,3.9451998821131258,1.0483848455169829
Rusia,alto,Normal,fx,M,15,2.8240116293973436,0.8319996946502911
Rusia,alto,Normal,fx,M,16,2.267832621706599,0.6729625079568582
Rusia,alto,Normal,fx,M,17,3.459024777794787,0.9362471766050889
Rusia,alto,Normal,fx,M,18,3.2656247257428883,0.908564554968292
Rusia,alto,Normal,credito,Q,0,1.5588961501697507,2.1338981108710677
Rusia,alto,Normal,credito,Q,1,2.010330380548139,2.0152672191820558
Rusia,alto,Normal,credito,Q,2,2.389966486810093,1.8904025367346047
Rusia,alto,Normal,credito,Q,3,2.766290096712407,1.6942787275446949
Rusia,alto,Normal,credito,Q,4,3.3995936068254644,1.4438439395774068
Rusia,alto,Normal,credito,Q,5,3.390140676108395,1.3929725235843342
Rusia,alto,Normal,credito,Q,6,3.336571235073128,1.2060090242457022
Rusia,alto,Estrés,ipc,M,0,-0.609412892018676,-1.115895125330458
Rusia,alto,Estrés,ipc,M,1,-1.2406443204090944,-1.2663273334319574
Rusia,alto,Estrés,ipc,M,2,-2.367852225379691,-1.1206988779514853
Rusia,alto,Estrés,ipc,M,3,-2.0806246736963705,-0.9349044722615945
Rusia,alto,Estrés,ipc,M,4,-2.2033726833462643,-0.7852072081895687
Rusia,alto,Estrés,ipc,M,5,-2.819346727760168,-0.8616526710394555
Rusia,alto,Estrés,ipc,M,6,-2.964847450671675,-0.8473250219250937
Rusia,alto,Estrés,ipc,M,7,-2.900616212357589,-0.7765711203283758
Rusia,alto,Estrés,ipc,M,8,-3.5288080312664714,-0.9069125910771025
Rusia,alto,Estrés,ipc,M,9,-4.360702808194703,-1.0624649827887427
Rusia,alto,Estrés,ipc,M,10,-4.903653450331222,-1.1263925208828933
Rusia,alto,Estrés,ipc,M,11,-5.238622711959205,-1.1380618087543137
Rusia,alto,Estrés,ipc,M,12,-5.373078931843714,-1.0920677390016988
Rusia,alto,Estrés,ipc,M,13,-5.634872236581001,-1.0913819677147645
Rusia,alto,Estrés,ipc,M,14,-6.518195920690234,-1.20031773120337
Rusia,alto,Estrés,ipc,M,15,-7.010816790843113,-1.2496821181439994
Rusia,alto,Estrés,ipc,M,16,-7.407634344530107,-1.304661667748871
Rusia,alto,Estrés,ipc,M,17,-7.691298819281923,-1.3190589311138152
Rusia,alto,Estrés,ipc,M,18,-8.455514660407035,-1.4290814636398543
Rusia,alto,Estrés,tasa,M,0,1.3750462291237215,0.8210031513582019
Rusia,alto,Estrés,tasa,M,1,2.614588023264032,1.6049671156225684
Rusia,alto,Estrés,tasa,M,2,4.081362330289783,1.7486832050254741
Rusia,alto,Estrés,tasa,M,3,1.9543885451509417,0.6405919278006824
Rusia,alto,Estrés,tasa,M,4,3.0408097300231773,1.0907532993259696
Rusia,alto,Estrés,tasa,M,5,4.413175460643866,1.5881618877492394
Rusia,alto,Estrés,tasa,M,6,1.8087448883177477,0.7863619186756766
Rusia,alto,Estrés,tasa,M,7,2.8554896348134533,1.2447318122816462
Rusia,alto,Estrés,tasa,M,8,1.50948221525715,0.6937929481963785
Rusia,alto,Estrés,tasa,M,9,1.1197024778871256,0.5354784424418446
Rusia,alto,Estrés,tasa,M,10,2.209997108127889,0.9642707422430552
Rusia,alto,Estrés,tasa,M,11,3.686873748308325,1.3345445449450788
Rusia,alto,Estrés,tasa,M,12,3.8766391143654486,1.1731064110133627
Rusia,alto,Estrés,tasa,M,13,4.171262065844973,1.1790980085813514
Rusia,alto,Estrés,tasa,M,14,2.2362009464811594,0.6621668495846139
Rusia,alto,Estrés,tasa,M,15,2.4529208842131065,0.726680567889274
Rusia,alto,Estrés,tasa,M,16,0.5008627348154342,0.156625096665927
Rusia,alto,Estrés,tasa,M,17,-0.5082465637554199,-0.177397153953569
Rusia,alto,Estrés,tasa,M,18,0.390374411235888,0.13361745369564393
Rusia,alto,Estrés,fx,M,0,-1.2922747727979338,-0.6392581952762874
Rusia,alto,Estrés,fx,M,1,-1.001372928148575,-0.29990122793613994
Rusia,alto,Estrés,fx,M,2,-2.4979122536663168,-0.44090357669175934
Rusia,alto,Estrés,fx,M,3,1.3188024479903335,0.22133097457697
Rusia,alto,Estrés,fx,M,4,2.7419890702103773,0.42938755910155474
Rusia,alto,Estrés,fx,M,5,1.2853706411677608,0.19617219507312153
Rusia,alto,Estrés,fx,M,6,0.8672598646388832,0.13628030804226313
Rusia,alto,Estrés,fx,M,7,-0.27546468981413375,-0.04433092522278756
Rusia,alto,Estrés,fx,M,8,-4.867349298286859,-0.7768282157072615
Rusia,alto,Estrés,fx,M,9,-7.754931584414594,-1.0832190421940369
Rusia,alto,Estrés,fx,M,10,-7.5112647576507054,-1.0292730912821961
Rusia,alto,Estrés,fx,M,11,-6.4522001190173714,-0.8772164411553317
Rusia,alto,Estrés,fx,M,12,-5.485120788454113,-0.7027638147480203
Rusia,alto,Estrés,fx,M,13,-5.912199972219378,-0.7235492629455146
Rusia,alto,Estrés,fx,M,14,-7.055006136566128,-0.8398368865390622
Rusia,alto,Estrés,fx,M,15,-8.545995025426802,-0.991142965888042
Rusia,alto,Estrés,fx,M,16,-8.071161500722532,-0.9923421063303275
Rusia,alto,Estrés,fx,M,17,-4.352691688401527,-0.5377061584465788
Rusia,alto,Estrés,fx,M,18,-4.4921045759848965,-0.534816335544691
Rusia,alto,Estrés,credito,Q,0,0.911576527252315,0.7088247518320308
Rusia,alto,Estrés,credito,Q,1,0.8779585469646181,0.4763554056759633
Rusia,alto,Estrés,credito,Q,2,0.33705207736105924,0.14423474659789629
Rusia,alto,Estrés,credito,Q,3,0.723696309870272,0.24636168306621772
Rusia,alto,Estrés,credito,Q,4,1.6552259287638886,0.48518495942837797
Rusia,alto,Estrés,credito,Q,5,1.953046681252622,0.6178470426374499
Rusia,alto,Estrés,credito,Q,6,1.8604563907492215,0.6245688138118779
Rusia,alto,Sin estrés,ipc,M,0,-0.022325783932634104,-0.2111956637347581
Rusia,alto,Sin estrés,ipc,M,1,-0.24261724690349773,-0.6326846955445788
Rusia,alto,Sin estrés,ipc,M,2,-0.19571603595294124,-0.4363653256691863
Rusia,alto,Sin estrés,ipc,M,3,0.050429419813400156,0.10700335392704063
Rusia,alto,Sin estrés,ipc,M,4,-0.10184813318476583,-0.1810404100436194
Rusia,alto,Sin estrés,ipc,M,5,-0.16591115209706625,-0.27407026195855533
Rusia,alto,Sin estrés,ipc,M,6,-0.07148908224791836,-0.09973607669243209
Rusia,alto,Sin estrés,ipc,M,7,0.009710452754144505,0.011358971016516948
Rusia,alto,Sin estrés,ipc,M,8,-0.23476807461877408,-0.24130451906114614
Rusia,alto,Sin estrés,ipc,M,9,-0.8082955157438316,-0.7692908247921545
Rusia,alto,Sin estrés,ipc,M,10,-0.9304987346132965,-0.7463256341142136
Rusia,alto,Sin estrés,ipc,M,11,-1.0432094884116123,-0.7675932650087232
Rusia,alto,Sin estrés,ipc,M,12,-1.1368813922305898,-0.7495988909487179
Rusia,alto,Sin estrés,ipc,M,13,-0.8048628829438977,-0.45270061004367246
Rusia,alto,Sin estrés,ipc,M,14,-1.2898550483937155,-0.7273452107468567
Rusia,alto,Sin estrés,ipc,M,15,-1.4287113382125958,-0.7885731957157665
Rusia,alto,Sin estrés,ipc,M,16,-1.41009887655383,-0.7283016991174179
Rusia,alto,Sin estrés,ipc,M,17,-1.2864527372212524,-0.6058746668189418
Rusia,alto,Sin estrés,ipc,M,18,-1.5061873422776366,-0.673375341715378
Rusia,alto,Sin estrés,tasa,M,0,0.17666837372017113,0.4870170010710775
Rusia,alto,Sin estrés,tasa,M,1,0.4859165472016914,0.7567340302442693
Rusia,alto,Sin estrés,tasa,M,2,-0.040848664383272754,-0.05252554046904293
Rusia,alto,Sin estrés,tasa,M,3,-0.25906519209154216,-0.24104450918072906
Rusia,alto,Sin estrés,tasa,M,4,1.0507166938351977,1.2020818557722996
Rusia,alto,Sin estrés,tasa,M,5,1.9700274327522076,3.2618890190356926
Rusia,alto,Sin estrés,tasa,M,6,2.770134281661074,3.0406429773412955
Rusia,alto,Sin estrés,tasa,M,7,2.6743498528602796,3.8753953099966503
Rusia,alto,Sin estrés,tasa,M,8,2.33492847117169,3.02840881835242
Rusia,alto,Sin estrés,tasa,M,9,2.279762149624355,3.3164818321717826
Rusia,alto,Sin estrés,tasa,M,10,3.1118861330997807,3.7175272210298225
Rusia,alto,Sin estrés,tasa,M,11,3.7445528320382016,3.8563914026737827
Rusia,alto,Sin estrés,tasa,M,12,3.022589345980831,2.6807752249861103
Rusia,alto,Sin estrés,tasa,M,13,3.8031954925515112,3.4386770641536084
Rusia,alto,Sin estrés,tasa,M,14,3.446651913917048,3.186038144591575
Rusia,alto,Sin estrés,tasa,M,15,3.6237594365449026,3.135045109984967
Rusia,alto,Sin estrés,tasa,M,16,3.4699047014382165,2.8691498316368587
Rusia,alto,Sin estrés,tasa,M,17,2.8701496713436283,2.3150585709232177
Rusia,alto,Sin estrés,tasa,M,18,2.960727553714395,2.522099102415607
Rusia,alto,Sin estrés,fx,M,0,-0.4543937259757973,-1.156854520531389
Rusia,alto,Sin estrés,fx,M,1,-0.8270662207426062,-0.7915152187705247
Rusia,alto,Sin estrés,fx,M,2,-0.44286850942725764,-0.38690278342890083
Rusia,alto,Sin estrés,fx,M,3,-0.08293740619363799,-0.05297218870391993
Rusia,alto,Sin estrés,fx,M,4,-0.41597163024078376,-0.22672906134083992
Rusia,alto,Sin estrés,fx,M,5,-1.4606389419859092,-0.7826279937035223
Rusia,alto,Sin estrés,fx,M,6,-1.5001409488844275,-0.7211797807290254
Rusia,alto,Sin estrés,fx,M,7,-0.23291677740680827,-0.09465221073859613
Rusia,alto,Sin estrés,fx,M,8,-0.9244698772827938,-0.36486277236455733
Rusia,alto,Sin estrés,fx,M,9,-2.6397075323904287,-0.9662005815918676
Rusia,alto,Sin estrés,fx,M,10,-1.4638240123804565,-0.5931761963600264
Rusia,alto,Sin estrés,fx,M,11,-0.06674552406172773,-0.02576798339198782
Rusia,alto,Sin estrés,fx,M,12,1.0488659697526792,0.36237290286192425
Rusia,alto,Sin estrés,fx,M,13,2.0893903223408765,0.6300067473362774
Rusia,alto,Sin estrés,fx,M,14,1.1427115751446548,0.38640743869043503
Rusia,alto,Sin estrés,fx,M,15,-0.31981347298260954,-0.11414211059919638
Rusia,alto,Sin estrés,fx,M,16,-0.8994401195650019,-0.3029498596435569
Rusia,alto,Sin estrés,fx,M,17,0.5386405781240624,0.16960393578644206
Rusia,alto,Sin estrés,fx,M,18,0.6540598439565617,0.19682347416372023
Turquía,alto,Exceso,ipc,M,0,0.3033487025523413,0.9137234704302521
Turquía,alto,Exceso,ipc,M,1,1.1542885257342737,1.1129484857647554
Turquía,alto,Exceso,ipc,M,2,1.3943672845010626,0.9329366519742309
Turquía,alto,Exceso,ipc,M,3,1.2013615632068186,0.6834450601961202
Turquía,alto,Exceso,ipc,M,4,1.1921786419250613,0.602263054510929
Turquía,alto,Exceso,ipc,M,5,1.4501319913468935,0.6697412060915127
Turquía,alto,Exceso,ipc,M,6,1.700252638478445,0.7429720042081882
Turquía,alto,Exceso,ipc,M,7,2.1482918736184233,0.8284328795659895
Turquía,alto,Exceso,ipc,M,8,1.6243520657151724,0.5894464390133674
Turquía,alto,Exceso,ipc,M,9,1.0130622364754687,0.3566814569875516
Turquía,alto,Exceso,ipc,M,10,0.5929880637079957,0.19838325371625504
Turquía,alto,Exceso,ipc,M,11,0.4954636174058052,0.16697238080380164
Turquía,alto,Exceso,ipc,M,12,0.6012348178308513,0.1963536436257313
Turquía,alto,Exceso,ipc,M,13,0.7992230549002088,0.24861040805772683
Turquía,alto,Exceso,ipc,M,14,0.7899980772229165,0.22898001253425584
Turquía,alto,Exceso,ipc,M,15,0.9626412893943281,0.27005960824699177
Turquía,alto,Exceso,ipc,M,16,0.9202911632032561,0.2536471527886091
Turquía,alto,Exceso,ipc,M,17,0.9582037625953361,0.26029862457546105
Turquía,alto,Exceso,ipc,M,18,0.7894651187862596,0.20905758535430125
Turquía,alto,Exceso,expect,M,0,0.40298687662328725,1.5686131575027897
Turquía,alto,Exceso,expect,M,1,0.8203355008030286,1.4438052784096371
Turquía,alto,Exceso,expect,M,2,1.2999400334387936,1.4617997631995034
Turquía,alto,Exceso,expect,M,3,1.0667203511687662,1.2409403192073332
Turquía,alto,Exceso,expect,M,4,0.9847884737246624,1.1007316865086203
Turquía,alto,Exceso,expect,M,5,1.0645000621130152,1.1095505102232952
Turquía,alto,Exceso,expect,M,6,1.5824802523633643,1.3497372427248002
Turquía,alto,Exceso,expect,M,7,2.040624615108482,1.4475069742173987
Turquía,alto,Exceso,expect,M,8,1.9282574861169732,1.3605417230439123
Turquía,alto,Exceso,expect,M,9,1.5412882322806303,1.1204167766784283
Turquía,alto,Exceso,expect,M,10,1.14146233545429,0.9788192156729242
Turquía,alto,Exceso,expect,M,11,0.9911326989367981,0.8390860668211972
Turquía,alto,Exceso,expect,M,12,1.0634332055885911,0.9024221709530489
Turquía,alto,Exceso,expect,M,13,1.0764062585187384,0.9668967561849893
Turquía,alto,Exceso,expect,M,14,0.9660735188203723,0.9695124854976778
Turquía,alto,Exceso,expect,M,15,1.0991664364875495,1.0047591406546668
Turquía,alto,Exceso,expect,M,16,1.0107699406459503,0.8836079878355966
Turquía,alto,Exceso,expect,M,17,1.155520571256283,0.8745911282900168
Turquía,alto,Exceso,expect,M,18,0.988551121926156,0.7550260901281225
Turquía,alto,Exceso,tasa,M,0,0.27184872566904084,1.1325890888236327
Turquía,alto,Exceso,tasa,M,1,0.4100206543219926,0.8532768907588089
Turquía,alto,Exceso,tasa,M,2,0.8387559387449925,1.2291520323530873
Turquía,alto,Exceso,tasa,M,3,1.240132717353885,1.375853106694139
Turquía,alto,Exceso,tasa,M,4,1.191858412897639,1.1566328347445427
Turquía,alto,Exceso,tasa,M,5,0.9139386601044355,0.8673921948440619
Turquía,alto,Exceso,tasa,M,6,0.9095605257528937,0.84633423707214
Turquía,alto,Exceso,tasa,M,7,1.144106982137425,0.9614441203014177
Turquía,alto,Exceso,tasa,M,8,1.1260218804342652,0.9014805936959784
Turquía,alto,Exceso,tasa,M,9,1.117024379290989,0.8540515532470893
Turquía,alto,Exceso,tasa,M,10,1.0644817571063467,0.7565803664841828
Turquía,alto,Exceso,tasa,M,11,0.84205503968357,0.5228673058627307
Turquía,alto,Exceso,tasa,M,12,0.43304396573621273,0.2389504408043409
Turquía,alto,Exceso,tasa,M,13,0.08873849606338562,0.04663472885645887
Turquía,alto,Exceso,tasa,M,14,0.001756035677025189,0.0009680070970473923
Turquía,alto,Exceso,tasa,M,15,-0.10735111753056906,-0.06166352439993023
Turquía,alto,Exceso,tasa,M,16,-0.25407858774187053,-0.1494866766694474
Turquía,alto,Exceso,tasa,M,17,-0.4895994375820706,-0.2777437069047902
Turquía,alto,Exceso,tasa,M,18,-0.6560842664036599,-0.3914910589919353
Turquía,alto,Exceso,fx,M,0,3.0502784562100915,1.9838397334207734
Turquía,alto,Exceso,fx,M,1,5.582850771462812,1.7296403816788577
Turquía,alto,Exceso,fx,M,2,5.190404388209508,1.605054619417528
Turquía,alto,Exceso,fx,M,3,3.9142939713055696,1.304855571517015
Turquía,alto,Exceso,fx,M,4,4.106525620848953,1.3214797821700737
Turquía,alto,Exceso,fx,M,5,4.720879672699783,1.7419725651640368
Turquía,alto,Exceso,fx,M,6,5.813722709639044,2.295286161850282
Turquía,alto,Exceso,fx,M,7,4.819236605114388,1.648345591370673
Turquía,alto,Exceso,fx,M,8,2.3062627194530485,0.7239713788174554
Turquía,alto,Exceso,fx,M,9,2.0926722118630803,0.5924139047855821
Turquía,alto,Exceso,fx,M,10,2.020537424012168,0.5500903580147734
Turquía,alto,Exceso,fx,M,11,1.9392850585281303,0.5151091231709665
Turquía,alto,Exceso,fx,M,12,2.182885760067698,0.5354248591292805
Turquía,alto,Exceso,fx,M,13,1.595689597276068,0.39575930208454163
Turquía,alto,Exceso,fx,M,14,0.7328539127792374,0.18566323196966722
Turquía,alto,Exceso,fx,M,15,0.5241553409612509,0.1320680708019456
Turquía,alto,Exceso,fx,M,16,-0.9297527352694186,-0.22905848537925513
Turquía,alto,Exceso,fx,M,17,-1.2868074889567471,-0.287424642463359
Turquía,alto,Exceso,fx,M,18,-1.5902815354727888,-0.32817823138094304
Turquía,alto,Exceso,credito,Q,0,2.7751789402443556,2.801183871463321
Turquía,alto,Exceso,credito,Q,1,3.277639731362459,4.571767788232497
Turquía,alto,Exceso,credito,Q,2,1.6742421730582495,1.2173717790008822
Turquía,alto,Exceso,credito,Q,3,0.8348009582421293,0.4246087565670847
Turquía,alto,Exceso,credito,Q,4,-0.5711903949804746,-0.24739153771607858
Turquía,alto,Exceso,credito,Q,5,-0.6105781251166508,-0.29851091721952344
Turquía,alto,Exceso,credito,Q,6,0.07240731985850624,0.03965909812909672
Turquía,alto,M-actividad,ipc,M,0,0.09176523746632599,0.44809684856071547
Turquía,alto,M-actividad,ipc,M,1,0.6164969951335991,1.0934047145996424
Turquía,alto,M-actividad,ipc,M,2,0.8769946695717002,1.0752639807418805
Turquía,alto,M-actividad,ipc,M,3,0.8817695662378454,0.901558669455143
Turquía,alto,M-actividad,ipc,M,4,0.9401575323015855,0.8631566001973119
Turquía,alto,M-actividad,ipc,M,5,1.2148667775118045,0.9859559076079741
Turquía,alto,M-actividad,ipc,M,6,1.6513597340540163,1.1909729521979768
Turquía,alto,M-actividad,ipc,M,7,2.1776928907503503,1.3734002545568569
Turquía,alto,M-actividad,ipc,M,8,1.6677433498282352,1.0129189463606616
Turquía,alto,M-actividad,ipc,M,9,1.030471541666361,0.5944669126521241
Turquía,alto,M-actividad,ipc,M,10,0.7487996405591069,0.40941022679787115
Turquía,alto,M-actividad,ipc,M,11,0.6471204842705202,0.3417309721610694
Turquía,alto,M-actividad,ipc,M,12,0.5979325304762084,0.2823269285361569
Turquía,alto,M-actividad,ipc,M,13,0.6176611617169209,0.2704746697134981
Turquía,alto,M-actividad,ipc,M,14,0.4543053699314126,0.1887999141911913
Turquía,alto,M-actividad,ipc,M,15,0.41292655678514306,0.1707494723816048
Turquía,alto,M-actividad,ipc,M,16,0.22881066152436635,0.09672131870176176
Turquía,alto,M-actividad,ipc,M,17,0.06193228780200377,0.02564877216966393
Turquía,alto,M-actividad,ipc,M,18,-0.2972696509554614,-0.11977784227172798
Turquía,alto,M-actividad,expect,M,0,0.09550331728036116,0.9343271409962182
Turquía,alto,M-actividad,expect,M,1,0.10671521589750167,0.4893037482047265
Turquía,alto,M-actividad,expect,M,2,0.3120425826933075,0.7775230486311351
Turquía,alto,M-actividad,expect,M,3,0.25714546480887396,0.5809555553572471
Turquía,alto,M-actividad,expect,M,4,0.29892627567572966,0.5906999077585763
Turquía,alto,M-actividad,expect,M,5,0.42281249045223956,0.7556597104377751
Turquía,alto,M-actividad,expect,M,6,0.8202043032012818,1.147362401974796
Turquía,alto,M-actividad,expect,M,7,1.1327147935485034,1.3299072696225678
Turquía,alto,M-actividad,expect,M,8,0.867607754323298,0.9901422759511349
Turquía,alto,M-actividad,expect,M,9,0.5522668050956823,0.5777909583748752
Turquía,alto,M-actividad,expect,M,10,0.3437284823516549,0.40489878181488215
Turquía,alto,M-actividad,expect,M,11,0.2516102655008969,0.2852613618127922
Turquía,alto,M-actividad,expect,M,12,0.22834412799194234,0.2502318597540008
Turquía,alto,M-actividad,expect,M,13,0.07070388391804995,0.06520823416536835
Turquía,alto,M-actividad,expect,M,14,-0.35456541008832354,-0.2814739517974864
Turquía,alto,M-actividad,expect,M,15,-0.5888036427180624,-0.43825987807580297
Turquía,alto,M-actividad,expect,M,16,-1.0633203360318269,-0.7101669406792432
Turquía,alto,M-actividad,expect,M,17,-1.038225163365195,-0.8043112154875398
Turquía,alto,M-actividad,expect,M,18,-1.348495716199901,-0.9985138376757215
Turquía,alto,M-actividad,tasa,M,0,0.08036422503484854,0.6268902831524852
Turquía,alto,M-actividad,tasa,M,1,0.09109575119533164,0.4229463949284726
Turquía,alto,M-actividad,tasa,M,2,0.1567723823324792,0.4974756607533945
Turquía,alto,M-actividad,tasa,M,3,0.2372429899172962,0.5237643346956289
Turquía,alto,M-actividad,tasa,M,4,0.302653044911244,0.5667399661239615
Turquía,alto,M-actividad,tasa,M,5,0.32208186258717186,0.544455115164924
Turquía,alto,M-actividad,tasa,M,6,0.48761727606641103,0.7685073075753915
Turquía,alto,M-actividad,tasa,M,7,0.8246895936256298,1.2188894586023309
Turquía,alto,M-actividad,tasa,M,8,0.9262933194792726,1.3666264308825251
Turquía,alto,M-actividad,tasa,M,9,0.9659840487879976,1.3485249905458492
Turquía,alto,M-actividad,tasa,M,10,1.1074145529876465,1.3457691331442025
Turquía,alto,M-actividad,tasa,M,11,1.2302012190141898,1.4475712285347289
Turquía,alto,M-actividad,tasa,M,12,1.1294824654495605,1.3222066821320442
Turquía,alto,M-actividad,tasa,M,13,1.0840423327951496,1.2684694020323033
Turquía,alto,M-actividad,tasa,M,14,1.113429328331605,1.2686319613211166
Turquía,alto,M-actividad,tasa,M,15,1.0243273002771356,1.1472353580041328
Turquía,alto,M-actividad,tasa,M,16,1.0082485277439854,1.0783867252540094
Turquía,alto,M-actividad,tasa,M,17,0.8424566241455634,0.9084376334082542
Turquía,alto,M-actividad,tasa,M,18,0.5436257617482699,0.5885825402312613
Turquía,alto,M-actividad,fx,M,0,1.646563097776394,1.987448282990058
Turquía,alto,M-actividad,fx,M,1,3.3431727268937146,1.9697523242624744
Turquía,alto,M-actividad,fx,M,2,3.390299745662805,1.8351953448484444
Turquía,alto,M-actividad,fx,M,3,2.954955277220033,1.5829426897396999
Turquía,alto,M-actividad,fx,M,4,3.6374255495927437,1.8169945677764017
Turquía,alto,M-actividad,fx,M,5,4.7860398513763185,2.489312158005068
Turquía,alto,M-actividad,fx,M,6,6.020074402312321,3.278347781922024
Turquía,alto,M-actividad,fx,M,7,5.113496632635936,2.5531849371173863
Turquía,alto,M-actividad,fx,M,8,2.553565503768512,0.9965791026030322
Turquía,alto,M-actividad,fx,M,9,2.196037797828166,0.7958447790948867
Turquía,alto,M-actividad,fx,M,10,2.229483068329922,0.7524259187673329
Turquía,alto,M-actividad,fx,M,11,1.9384496987581152,0.5877647867355832
Turquía,alto,M-actividad,fx,M,12,2.290473126661281,0.6484155186451636
Turquía,alto,M-actividad,fx,M,13,1.5137119829627281,0.42639423347929184
Turquía,alto,M-actividad,fx,M,14,0.3024234443323329,0.08579015997323462
Turquía,alto,M-actividad,fx,M,15,-0.335838498436839,-0.09648509345725849
Turquía,alto,M-actividad,fx,M,16,-1.951534603178865,-0.5566709271069662
Turquía,alto,M-actividad,fx,M,17,-2.970398859176723,-0.8071865585245023
Turquía,alto,M-actividad,fx,M,18,-3.750274302747324,-0.9524065153636642
Turquía,alto,M-actividad,credito,Q,0,1.3351975818981465,2.3051689541981677
Turquía,alto,M-actividad,credito,Q,1,2.7650382877232245,3.387706360458147
Turquía,alto,M-actividad,credito,Q,2,0.9985282023557542,1.1425382257676568
Turquía,alto,M-actividad,credito,Q,3,0.5181075661451324,0.4431811036783973
Turquía,alto,M-actividad,credito,Q,4,-0.358435853692674,-0.27045089222715335
Turquía,alto,M-actividad,credito,Q,5,-0.8367865179177371,-0.6579740808136839
Turquía,alto,M-actividad,credito,Q,6,0.5305110191572036,0.36930473540716524
Turquía,alto,Exceso+act,ipc,M,0,0.27510591883789665,0.8479480263495024
Turquía,alto,Exceso+act,ipc,M,1,1.095786744383973,1.0684703681945489
Turquía,alto,Exceso+act,ipc,M,2,1.2817859698917597,0.8650659807217149
Turquía,alto,Exceso+act,ipc,M,3,1.0303621677884496,0.5951961117446961
Turquía,alto,Exceso+act,ipc,M,4,1.005699221906912,0.51896541076136
Turquía,alto,Exceso+act,ipc,M,5,1.2854861970284657,0.6061960044938846
Turquía,alto,Exceso+act,ipc,M,6,1.541015639644742,0.6870844261204071
Turquía,alto,Exceso+act,ipc,M,7,1.9728721455315053,0.7707609104601914
Turquía,alto,Exceso+act,ipc,M,8,1.3965089102967438,0.5123375727857238
Turquía,alto,Exceso+act,ipc,M,9,0.7338607825588159,0.2615604139337888
Turquía,alto,Exceso+act,ipc,M,10,0.2932866124044765,0.09968135974444928
Turquía,alto,Exceso+act,ipc,M,11,0.20153148495527573,0.06931180202868813
Turquía,alto,Exceso+act,ipc,M,12,0.29011452198066445,0.09672823914161273
Turquía,alto,Exceso+act,ipc,M,13,0.43545161296596446,0.1384226468111034
Turquía,alto,Exceso+act,ipc,M,14,0.252866100441381,0.07516434341643867
Turquía,alto,Exceso+act,ipc,M,15,0.17775373148105694,0.05179241642701597
Turquía,alto,Exceso+act,ipc,M,16,-0.1150697361486149,-0.03366783150359363
Turquía,alto,Exceso+act,ipc,M,17,-0.23533113332273758,-0.07001693593655328
Turquía,alto,Exceso+act,ipc,M,18,-0.4320072558732926,-0.12690459448818248
Turquía,alto,Exceso+act,expect,M,0,0.36627848413396974,1.4409478966295477
Turquía,alto,Exceso+act,expect,M,1,0.7332166683538066,1.3068092649862706
Turquía,alto,Exceso+act,expect,M,2,1.1877853190857366,1.3375153112556495
Turquía,alto,Exceso+act,expect,M,3,0.9308297602997957,1.095865720829823
Turquía,alto,Exceso+act,expect,M,4,0.8572075833227144,0.97004334050333
Turquía,alto,Exceso+act,expect,M,5,0.9477633327574134,1.0060228235577091
Turquía,alto,Exceso+act,expect,M,6,1.4697091534922966,1.2631842897334558
Turquía,alto,Exceso+act,expect,M,7,1.9130744500880548,1.374454818655444
Turquía,alto,Exceso+act,expect,M,8,1.7640535277954723,1.2715535706287089
Turquía,alto,Exceso+act,expect,M,9,1.335358043027617,0.9973523797898294
Turquía,alto,Exceso+act,expect,M,10,0.8965979788066833,0.7978331293715197
Turquía,alto,Exceso+act,expect,M,11,0.7242573717037425,0.6417905495361369
Turquía,alto,Exceso+act,expect,M,12,0.8024198933057608,0.7060357644621358
Turquía,alto,Exceso+act,expect,M,13,0.7866366773753715,0.7206043140213897
Turquía,alto,Exceso+act,expect,M,14,0.6107579767001434,0.6087441447332738
Turquía,alto,Exceso+act,expect,M,15,0.6094266002435762,0.5634257111079352
Turquía,alto,Exceso+act,expect,M,16,0.37451398696614446,0.3340915562079156
Turquía,alto,Exceso+act,expect,M,17,0.41651358256918936,0.35052801244122106
Turquía,alto,Exceso+act,expect,M,18,0.2294505886221157,0.19698197844269097
Turquía,alto,Exceso+act,tasa,M,0,0.20276989217720254,0.9023002413631368
Turquía,alto,Exceso+act,tasa,M,1,0.2459161107547897,0.540005321983108
Turquía,alto,Exceso+act,tasa,M,2,0.6426615439308087,0.9893368970166068
Turquía,alto,Exceso+act,tasa,M,3,1.0425267335867423,1.1998823152126732
Turquía,alto,Exceso+act,tasa,M,4,0.9780027246050584,0.9765285248434679
Turquía,alto,Exceso+act,tasa,M,5,0.7009838507473493,0.6811634649798903
Turquía,alto,Exceso+act,tasa,M,6,0.7457030752615201,0.6994926221563377
Turquía,alto,Exceso+act,tasa,M,7,1.0039457528990143,0.8447395463580811
Turquía,alto,Exceso+act,tasa,M,8,0.9903602407489668,0.7960748243675438
Turquía,alto,Exceso+act,tasa,M,9,1.016542585684897,0.779385902085887
Turquía,alto,Exceso+act,tasa,M,10,0.9978300488777668,0.7052216110185139
Turquía,alto,Exceso+act,tasa,M,11,0.7846599623508755,0.4854852326004151
Turquía,alto,Exceso+act,tasa,M,12,0.391660308566553,0.21696174902887816
Turquía,alto,Exceso+act,tasa,M,13,0.07126154294343749,0.038025936781600905
Turquía,alto,Exceso+act,tasa,M,14,-0.020620750012808775,-0.011613046340224503
Turquía,alto,Exceso+act,tasa,M,15,-0.17050973906914363,-0.10027588471331754
Turquía,alto,Exceso+act,tasa,M,16,-0.39218417372473735,-0.2364581430326065
Turquía,alto,Exceso+act,tasa,M,17,-0.712503503224243,-0.4159441613058059
Turquía,alto,Exceso+act,tasa,M,18,-0.9392561366490589,-0.5798661841340972
Turquía,alto,Exceso+act,fx,M,0,2.9844922040766986,1.9424438998315028
Turquía,alto,Exceso+act,fx,M,1,5.518872023601852,1.6908745172927317
Turquía,alto,Exceso+act,fx,M,2,5.2304631860204625,1.5994133919657434
Turquía,alto,Exceso+act,fx,M,3,4.17693820308668,1.3727468606753308
Turquía,alto,Exceso+act,fx,M,4,4.590005948673422,1.4330852202491564
Turquía,alto,Exceso+act,fx,M,5,5.281554419164131,1.8787207791223675
Turquía,alto,Exceso+act,fx,M,6,6.211135343060539,2.3891996330891914
Turquía,alto,Exceso+act,fx,M,7,4.8730217915591485,1.6546701728862427
Turquía,alto,Exceso+act,fx,M,8,2.0356751000139814,0.6480812693266287
Turquía,alto,Exceso+act,fx,M,9,1.7644041746919283,0.5133626490329144
Turquía,alto,Exceso+act,fx,M,10,1.8575703564533748,0.5220778515160167
Turquía,alto,Exceso+act,fx,M,11,1.9289470317857298,0.5261464687024655
Turquía,alto,Exceso+act,fx,M,12,2.1504089181083694,0.5380390586733921
Turquía,alto,Exceso+act,fx,M,13,1.350167343221457,0.3399559236534562
Turquía,alto,Exceso+act,fx,M,14,0.06964406057467201,0.01798985849373218
Turquía,alto,Exceso+act,fx,M,15,-0.6620934964525251,-0.17247499156211402
Turquía,alto,Exceso+act,fx,M,16,-2.4919525612512423,-0.6637356643547141
Turquía,alto,Exceso+act,fx,M,17,-2.790903237436579,-0.693702981160434
Turquía,alto,Exceso+act,fx,M,18,-2.7990184147924486,-0.6320202152830323
Turquía,alto,Exceso+act,credito,Q,0,3.132536059924455,2.7660011575302974
Turquía,alto,Exceso+act,credito,Q,1,3.520173002479001,3.9352234116114286
Turquía,alto,Exceso+act,credito,Q,2,1.791902974997123,1.2811017024908584
Turquía,alto,Exceso+act,credito,Q,3,0.8797503381389717,0.49180293313562023
Turquía,alto,Exceso+act,credito,Q,4,-0.8083763027429642,-0.3780213243235643
Turquía,alto,Exceso+act,credito,Q,5,-0.6126435042252296,-0.31033446450313495
Turquía,alto,Exceso+act,credito,Q,6,0.8286107879509399,0.4477190812753047
Turquía,alto,Normal,ipc,M,0,0.160307911453143,0.5805714738854604
Turquía,alto,Normal,ipc,M,1,0.8606190330577733,1.0765382372485233
Turquía,alto,Normal,ipc,M,2,1.0796781180449297,0.9204609738060887
Turquía,alto,Normal,ipc,M,3,0.8765950058651706,0.6346988491843634
Turquía,alto,Normal,ipc,M,4,0.8515243383048775,0.5580611962441032
Turquía,alto,Normal,ipc,M,5,1.1020780159302506,0.6658288518568738
Turquía,alto,Normal,ipc,M,6,1.3888038233908495,0.7754588377900464
Turquía,alto,Normal,ipc,M,7,1.7902098494875962,0.862595669522549
Turquía,alto,Normal,ipc,M,8,1.2860857138677546,0.5773487630452248
Turquía,alto,Normal,ipc,M,9,0.7154437134850263,0.30689813785951026
Turquía,alto,Normal,ipc,M,10,0.3338173815365736,0.13387977605148246
Turquía,alto,Normal,ipc,M,11,0.3533351888641848,0.141739888075229
Turquía,alto,Normal,ipc,M,12,0.5165209537717872,0.19958135008843772
Turquía,alto,Normal,ipc,M,13,0.6313447925910065,0.23676436683768734
Turquía,alto,Normal,ipc,M,14,0.44477189347629087,0.16041857771949944
Turquía,alto,Normal,ipc,M,15,0.661519448024484,0.22520667723975518
Turquía,alto,Normal,ipc,M,16,0.7269498049845289,0.23539180316942632
Turquía,alto,Normal,ipc,M,17,0.7372723283498909,0.22976925442331775
Turquía,alto,Normal,ipc,M,18,0.45721358563311404,0.13927124567469445
Turquía,alto,Normal,expect,M,0,0.366544720453148,1.489728185220773
Turquía,alto,Normal,expect,M,1,0.7620478861996122,1.428013186455868
Turquía,alto,Normal,expect,M,2,1.2867155651766147,1.4695352629412233
Turquía,alto,Normal,expect,M,3,1.215412364229037,1.335865524921588
Turquía,alto,Normal,expect,M,4,1.184412915008991,1.2314188303490086
Turquía,alto,Normal,expect,M,5,1.2930120272596841,1.244328409398144
Turquía,alto,Normal,expect,M,6,1.8389418965113882,1.4604909948033875
Turquía,alto,Normal,expect,M,7,2.349512415750397,1.5258588574592216
Turquía,alto,Normal,expect,M,8,2.2348784980629026,1.4594453732540427
Turquía,alto,Normal,expect,M,9,1.8780188725193003,1.2590665295203753
Turquía,alto,Normal,expect,M,10,1.5203002941482067,1.1609635111544834
Turquía,alto,Normal,expect,M,11,1.4136054668386264,1.056090811908344
Turquía,alto,Normal,expect,M,12,1.5520236904963398,1.0858029706411232
Turquía,alto,Normal,expect,M,13,1.6035366369723585,1.0987685145881212
Turquía,alto,Normal,expect,M,14,1.4465480403330995,1.0873406997305444
Turquía,alto,Normal,expect,M,15,1.5486589873922263,1.0803175315688756
Turquía,alto,Normal,expect,M,16,1.486542081775792,0.9899596077261594
Turquía,alto,Normal,expect,M,17,1.6465745914925884,0.9479205214851597
Turquía,alto,Normal,expect,M,18,1.5200482287081298,0.8580020884798575
Turquía,alto,Normal,tasa,M,0,0.165576320611168,0.7883571422802863
Turquía,alto,Normal,tasa,M,1,0.15456081566500704,0.3722927863118234
Turquía,alto,Normal,tasa,M,2,0.5967969453897541,0.9690947510998679
Turquía,alto,Normal,tasa,M,3,1.0488383739131109,1.2228827976445735
Turquía,alto,Normal,tasa,M,4,1.0119615997103544,1.0113492756076217
Turquía,alto,Normal,tasa,M,5,0.7469030035345602,0.7151307481486592
Turquía,alto,Normal,tasa,M,6,0.7791731929834644,0.724486242059013
Turquía,alto,Normal,tasa,M,7,1.0357843112154794,0.8672826697502335
Turquía,alto,Normal,tasa,M,8,1.0537548934119858,0.8441287780519445
Turquía,alto,Normal,tasa,M,9,1.1109123725866665,0.8632609784600177
Turquía,alto,Normal,tasa,M,10,1.1107995695643307,0.8127800010253642
Turquía,alto,Normal,tasa,M,11,0.9007052025537071,0.5792398232831594
Turquía,alto,Normal,tasa,M,12,0.48950433089343975,0.2760962279427576
Turquía,alto,Normal,tasa,M,13,0.26071403059185183,0.1456047755039725
Turquía,alto,Normal,tasa,M,14,0.27266391044919935,0.16547057806505194
Turquía,alto,Normal,tasa,M,15,0.1672975874835859,0.10662969058416506
Turquía,alto,Normal,tasa,M,16,-0.005582987582593388,-0.0036563166299522416
Turquía,alto,Normal,tasa,M,17,-0.27534086143539943,-0.1728144280767776
Turquía,alto,Normal,tasa,M,18,-0.5220184046048421,-0.3380153556937788
Turquía,alto,Normal,fx,M,0,2.6863922784346537,1.9907687307615511
Turquía,alto,Normal,fx,M,1,5.211760881616352,1.7450205251689699
Turquía,alto,Normal,fx,M,2,5.112135062858734,1.6259861699050737
Turquía,alto,Normal,fx,M,3,3.9680730355457783,1.3515851710572266
Turquía,alto,Normal,fx,M,4,4.17465836828511,1.3754759637084637
Turquía,alto,Normal,fx,M,5,4.868918527445734,1.8392766091210877
Turquía,alto,Normal,fx,M,6,6.053816700508271,2.4679551601184646
Turquía,alto,Normal,fx,M,7,5.014324823609692,1.8095804723180582
Turquía,alto,Normal,fx,M,8,2.5595182945711303,0.8576723563983911
Turquía,alto,Normal,fx,M,9,2.3712500253353053,0.7093021461166445
Turquía,alto,Normal,fx,M,10,2.4907515180937914,0.6989430174272212
Turquía,alto,Normal,fx,M,11,2.5695793473342246,0.6803399952624695
Turquía,alto,Normal,fx,M,12,2.6286726697481106,0.6467323169296726
Turquía,alto,Normal,fx,M,13,1.9251117391972628,0.48220800014994025
Turquía,alto,Normal,fx,M,14,1.1661495439794825,0.2854577117643367
Turquía,alto,Normal,fx,M,15,1.1227086472732415,0.2632233045721379
Turquía,alto,Normal,fx,M,16,-0.2332622218624395,-0.05252642713976964
Turquía,alto,Normal,fx,M,17,-0.5353420987611907,-0.1077705744093872
Turquía,alto,Normal,fx,M,18,-0.8996433372298402,-0.17016304870070292
Turquía,alto,Normal,credito,Q,0,2.7053747910932278,3.550678402970396
Turquía,alto,Normal,credito,Q,1,3.6557845588901583,4.956712872751729
Turquía,alto,Normal,credito,Q,2,2.3495837699189837,1.7312938688571875
Turquía,alto,Normal,credito,Q,3,1.6290550911687665,0.8591693218816763
Turquía,alto,Normal,credito,Q,4,0.25071274615064576,0.10828865489917332
Turquía,alto,Normal,credito,Q,5,0.3565099171781738,0.1847455245223461
Turquía,alto,Normal,credito,Q,6,1.2845460543200475,0.8265564718878622
Turquía,alto,Estrés,ipc,M,0,0.6964344883365889,1.0207641435388275
Turquía,alto,Estrés,ipc,M,1,1.7255409644263326,1.123111634771663
Turquía,alto,Estrés,ipc,M,2,1.4063312420801783,0.6387427836402
Turquía,alto,Estrés,ipc,M,3,0.6238502396720637,0.23360968632111284
Turquía,alto,Estrés,ipc,M,4,0.27562219661658294,0.08625976631528041
Turquía,alto,Estrés,ipc,M,5,0.6210207043357339,0.17226571504762006
Turquía,alto,Estrés,ipc,M,6,0.7665277582078385,0.19257694747230938
Turquía,alto,Estrés,ipc,M,7,1.2989842524035802,0.2835820917969701
Turquía,alto,Estrés,ipc,M,8,-0.03095271624603524,-0.00636213704337221
Turquía,alto,Estrés,ipc,M,9,-1.583574310870199,-0.3151107812483785
Turquía,alto,Estrés,ipc,M,10,-2.6777145694867652,-0.5094214549938054
Turquía,alto,Estrés,ipc,M,11,-3.777577838598068,-0.7074142270664144
Turquía,alto,Estrés,ipc,M,12,-4.471790386309786,-0.8127548556696722
Turquía,alto,Estrés,ipc,M,13,-4.369999171566498,-0.7471257565860437
Turquía,alto,Estrés,ipc,M,14,-4.266621168396368,-0.6805353866764506
Turquía,alto,Estrés,ipc,M,15,-4.547288302108424,-0.7152784891845686
Turquía,alto,Estrés,ipc,M,16,-5.416110914023063,-0.8383721775442772
Turquía,alto,Estrés,ipc,M,17,-5.541554031256774,-0.8981110705839773
Turquía,alto,Estrés,ipc,M,18,-5.8126665501393076,-0.9891369790251631
Turquía,alto,Estrés,expect,M,0,0.7729865318869042,2.015251248676312
Turquía,alto,Estrés,expect,M,1,1.3904354451485375,1.622776311353041
Turquía,alto,Estrés,expect,M,2,1.5427645945621251,1.1916471380216966
Turquía,alto,Estrés,expect,M,3,0.18413561495019826,0.11250192807159501
Turquía,alto,Estrés,expect,M,4,-0.16019040283569264,-0.08521947255733643
Turquía,alto,Estrés,expect,M,5,-0.12597686133132213,-0.061400796244396934
Turquía,alto,Estrés,expect,M,6,0.3328162268689505,0.1461807357268318
Turquía,alto,Estrés,expect,M,7,0.7050863801482188,0.28668112081855696
Turquía,alto,Estrés,expect,M,8,0.5123357553445786,0.19622149356877963
Turquía,alto,Estrés,expect,M,9,-0.32635682451490133,-0.1219240655152045
Turquía,alto,Estrés,expect,M,10,-0.9472806207613151,-0.3629879828022222
Turquía,alto,Estrés,expect,M,11,-1.3338747369105826,-0.4960103468457332
Turquía,alto,Estrés,expect,M,12,-1.5291236297203903,-0.5736139288818397
Turquía,alto,Estrés,expect,M,13,-1.8333240957589791,-0.6773056213317853
Turquía,alto,Estrés,expect,M,14,-1.6585418420614255,-0.5392053589443505
Turquía,alto,Estrés,expect,M,15,-1.3324058790058992,-0.40243240545168785
Turquía,alto,Estrés,expect,M,16,-1.8777057832360189,-0.5155289324364262
Turquía,alto,Estrés,expect,M,17,-1.7305770072076823,-0.4972870736481899
Turquía,alto,Estrés,expect,M,18,-2.041528688290896,-0.6015130637704916
Turquía,alto,Estrés,tasa,M,0,0.060255326591097946,0.2009836411632766
Turquía,alto,Estrés,tasa,M,1,0.38821114055521966,0.5768457294676226
Turquía,alto,Estrés,tasa,M,2,0.9530073625938138,1.2245740169212957
Turquía,alto,Estrés,tasa,M,3,1.0541641984989154,0.974326922727634
Turquía,alto,Estrés,tasa,M,4,0.5360764373013321,0.3833538177451935
Turquía,alto,Estrés,tasa,M,5,0.1406630499942757,0.08703472201730106
Turquía,alto,Estrés,tasa,M,6,0.03272549474761144,0.01737986224474141
Turquía,alto,Estrés,tasa,M,7,0.22583702245334047,0.10024909651086121
Turquía,alto,Estrés,tasa,M,8,0.2634762611844559,0.10827075683313345
Turquía,alto,Estrés,tasa,M,9,0.010998463054537888,0.004228376035015377
Turquía,alto,Estrés,tasa,M,10,-0.41927633106584894,-0.13967092896808195
Turquía,alto,Estrés,tasa,M,11,-0.7990394981363859,-0.2252215724600679
Turquía,alto,Estrés,tasa,M,12,-0.9017401902398483,-0.2433423544461809
Turquía,alto,Estrés,tasa,M,13,-1.4941842450248868,-0.37991823194098734
Turquía,alto,Estrés,tasa,M,14,-1.792862795699211,-0.44362493492958016
Turquía,alto,Estrés,tasa,M,15,-1.4400229699031035,-0.367320442650297
Turquía,alto,Estrés,tasa,M,16,-1.2530002316801798,-0.3306939566766298
Turquía,alto,Estrés,tasa,M,17,-1.1009261122020373,-0.2912036443510095
Turquía,alto,Estrés,tasa,M,18,-0.6391981520478285,-0.17241076321278898
Turquía,alto,Estrés,fx,M,0,3.098337505096537,2.158992936892119
Turquía,alto,Estrés,fx,M,1,4.510182754725928,1.400829977919107
Turquía,alto,Estrés,fx,M,2,2.007568235587934,0.5426397948987167
Turquía,alto,Estrés,fx,M,3,-0.39202354917373317,-0.09252590210448002
Turquía,alto,Estrés,fx,M,4,-0.14428171485318408,-0.0332368615464162
Turquía,alto,Estrés,fx,M,5,1.1138048246759027,0.26645902036326363
Turquía,alto,Estrés,fx,M,6,2.741810082009093,0.6017464359536724
Turquía,alto,Estrés,fx,M,7,1.7243151224740685,0.3217920037694532
Turquía,alto,Estrés,fx,M,8,-2.3394432679651147,-0.3769122491564132
Turquía,alto,Estrés,fx,M,9,-3.2509414779423906,-0.47612992047189623
Turquía,alto,Estrés,fx,M,10,-4.260252673049542,-0.5957144240338521
Turquía,alto,Estrés,fx,M,11,-6.21984050149088,-0.8696974606767376
Turquía,alto,Estrés,fx,M,12,-4.918368014601635,-0.6710264195131107
Turquía,alto,Estrés,fx,M,13,-4.429738923301382,-0.5890660828235906
Turquía,alto,Estrés,fx,M,14,-5.578660379823213,-0.7604799758698829
Turquía,alto,Estrés,fx,M,15,-7.366864104744072,-1.004276973388119
Turquía,alto,Estrés,fx,M,16,-10.477955868517519,-1.3826519214698716
Turquía,alto,Estrés,fx,M,17,-11.086320627774617,-1.4705216427966405
Turquía,alto,Estrés,fx,M,18,-11.023390901367545,-1.4061232347199815
Turquía,alto,Estrés,credito,Q,0,5.1001914011421565,4.605932008217622
Turquía,alto,Estrés,credito,Q,1,7.291975300166412,4.085571198680445
Turquía,alto,Estrés,credito,Q,2,7.651861681722097,4.493211968371239
Turquía,alto,Estrés,credito,Q,3,6.32077394985185,2.729847874467639
Turquía,alto,Estrés,credito,Q,4,6.206378697869402,2.9818787175952317
Turquía,alto,Estrés,credito,Q,5,6.212361045878753,3.277852442696355
Turquía,alto,Estrés,credito,Q,6,8.736894988525622,4.063756724143871
Turquía,alto,Sin estrés,ipc,M,0,-0.08151849117667281,-0.36873473976692206
Turquía,alto,Sin estrés,ipc,M,1,-0.0292250120201574,-0.06874756503952806
Turquía,alto,Sin estrés,ipc,M,2,-0.016991154475243866,-0.028206815997509998
Turquía,alto,Sin estrés,ipc,M,3,-0.09642695354488355,-0.12823367064610136
Turquía,alto,Sin estrés,ipc,M,4,-0.25654072381576554,-0.3146341856962156
Turquía,alto,Sin estrés,ipc,M,5,-0.23738950143187,-0.2760891878613314
Turquía,alto,Sin estrés,ipc,M,6,0.03729901583504633,0.04078742373186446
Turquía,alto,Sin estrés,ipc,M,7,0.36631665125485596,0.29638020974595186
Turquía,alto,Sin estrés,ipc,M,8,0.15039930646811214,0.09223254729970055
Turquía,alto,Sin estrés,ipc,M,9,-0.2510164141898837,-0.12909963139314914
Turquía,alto,Sin estrés,ipc,M,10,-0.6549464756935945,-0.3001367529561236
Turquía,alto,Sin estrés,ipc,M,11,-0.6599428863201651,-0.30017887479570443
Turquía,alto,Sin estrés,ipc,M,12,-0.37066222010580696,-0.1606425180873032
Turquía,alto,Sin estrés,ipc,M,13,-0.1402354330612297,-0.05643026981459012
Turquía,alto,Sin estrés,ipc,M,14,-0.2226569555060648,-0.08199938209902745
Turquía,alto,Sin estrés,ipc,M,15,-0.10883115661835904,-0.03648137145112366
Turquía,alto,Sin estrés,ipc,M,16,-0.17994174339723418,-0.05722879798002871
Turquía,alto,Sin estrés,ipc,M,17,-0.008225217412234457,-0.0024118653272318575
Turquía,alto,Sin estrés,ipc,M,18,0.23285213375860755,0.06326674047421799
Turquía,alto,Sin estrés,expect,M,0,0.25714319901673865,1.0584406861185494
Turquía,alto,Sin estrés,expect,M,1,0.2942684318744212,0.8411842091184999
Turquía,alto,Sin estrés,expect,M,2,0.3859120310074031,0.800078903453428
Turquía,alto,Sin estrés,expect,M,3,0.44821857445196717,0.8012145640513978
Turquía,alto,Sin estrés,expect,M,4,0.43195972298179947,0.7362283359403785
Turquía,alto,Sin estrés,expect,M,5,0.5480225535848113,0.9601088721474744
Turquía,alto,Sin estrés,expect,M,6,0.9786159218696903,1.4319540394484704
Turquía,alto,Sin estrés,expect,M,7,1.156665745386929,1.6410891608063107
Turquía,alto,Sin estrés,expect,M,8,1.0874761434969842,1.647711061185039
Turquía,alto,Sin estrés,expect,M,9,0.8737873131809734,1.4530613633625353
Turquía,alto,Sin estrés,expect,M,10,0.7621228472373165,1.2270030492514878
Turquía,alto,Sin estrés,expect,M,11,0.7344493785115246,1.0926969874789787
Turquía,alto,Sin estrés,expect,M,12,0.8990312425592416,1.0879359124008587
Turquía,alto,Sin estrés,expect,M,13,1.1776685919179957,1.1377170547779627
Turquía,alto,Sin estrés,expect,M,14,1.4025756096654118,1.1234177876700262
Turquía,alto,Sin estrés,expect,M,15,1.5311108765022972,1.093750886068347
Turquía,alto,Sin estrés,expect,M,16,1.444341455866009,1.0214883197900577
Turquía,alto,Sin estrés,expect,M,17,1.4678819093481785,0.9008690894957639
Turquía,alto,Sin estrés,expect,M,18,1.440701321079756,0.8135121760472647
Turquía,alto,Sin estrés,tasa,M,0,0.2743076875169934,1.3695301909275737
Turquía,alto,Sin estrés,tasa,M,1,0.4714287246422979,1.1134206751981055
Turquía,alto,Sin estrés,tasa,M,2,0.671449757066699,1.10829724258996
Turquía,alto,Sin estrés,tasa,M,3,0.7594379238695173,1.0077791046915627
Turquía,alto,Sin estrés,tasa,M,4,0.8839256769341046,0.9723747771853347
Turquía,alto,Sin estrés,tasa,M,5,0.7222498715937129,0.7439062212608868
Turquía,alto,Sin estrés,tasa,M,6,0.6648911548991159,0.674160205497528
Turquía,alto,Sin estrés,tasa,M,7,0.8887945434069627,0.8653731889685043
Turquía,alto,Sin estrés,tasa,M,8,0.8487581464583063,0.7756922079064715
Turquía,alto,Sin estrés,tasa,M,9,0.7290881639708642,0.6089530400560511
Turquía,alto,Sin estrés,tasa,M,10,0.6798367375168615,0.527715370975244
Turquía,alto,Sin estrés,tasa,M,11,0.6886475145823449,0.4873087496306671
Turquía,alto,Sin estrés,tasa,M,12,0.3180014476159805,0.1882408897249242
Turquía,alto,Sin estrés,tasa,M,13,0.010898550620158945,0.005940498230975046
Turquía,alto,Sin estrés,tasa,M,14,-0.0562582078247114,-0.031380854929714486
Turquía,alto,Sin estrés,tasa,M,15,-0.14182589765536754,-0.07918273236868878
Turquía,alto,Sin estrés,tasa,M,16,-0.28640605042312367,-0.15818357811932046
Turquía,alto,Sin estrés,tasa,M,17,-0.6431452175197772,-0.3304494801934512
Turquía,alto,Sin estrés,tasa,M,18,-0.9512877326088984,-0.4856184943689964
Turquía,alto,Sin estrés,fx,M,0,1.4754694712501588,1.6183164544466688
Turquía,alto,Sin estrés,fx,M,1,3.1336935104879413,1.424942415405114
Turquía,alto,Sin estrés,fx,M,2,3.413490504635788,1.3741990717059447
Turquía,alto,Sin estrés,fx,M,3,1.9767182726075758,0.9666214052201565
Turquía,alto,Sin estrés,fx,M,4,1.8822715113318997,0.9275448462604856
Turquía,alto,Sin estrés,fx,M,5,2.868609173202006,1.785439230349763
Turquía,alto,Sin estrés,fx,M,6,4.460009278993074,3.029387900110487
Turquía,alto,Sin estrés,fx,M,7,3.4010630032977,1.8065594461568248
Turquía,alto,Sin estrés,fx,M,8,1.0559665745337798,0.45907067851740196
Turquía,alto,Sin estrés,fx,M,9,0.6122974258511917,0.2267379665921347
Turquía,alto,Sin estrés,fx,M,10,0.9263145168846276,0.32743687563962653
Turquía,alto,Sin estrés,fx,M,11,1.259115920130994,0.42038478677596425
Turquía,alto,Sin estrés,fx,M,12,1.5003340001285939,0.41469441236121385
Turquía,alto,Sin estrés,fx,M,13,0.922476372649267,0.24235134268084058
Turquía,alto,Sin estrés,fx,M,14,0.034626470592798345,0.00878433465833867
Turquía,alto,Sin estrés,fx,M,15,0.020713738193606737,0.0049597665117569354
Turquía,alto,Sin estrés,fx,M,16,-1.3855511204897957,-0.3224929793809565
Turquía,alto,Sin estrés,fx,M,17,-1.601413498427518,-0.325710885318756
Turquía,alto,Sin estrés,fx,M,18,-2.0384002395370246,-0.3962121116065358
EE.UU.,bajo,Exceso,tasa,M,0,0.061146765806801825,1.474462315070032
EE.UU.,bajo,Exceso,tasa,M,1,0.08129620248335793,1.1115306001123093
EE.UU.,bajo,Exceso,tasa,M,2,0.09622600811913246,1.0526470731876312
EE.UU.,bajo,Exceso,tasa,M,3,0.16573322383618758,1.4966591021194875
EE.UU.,bajo,Exceso,tasa,M,4,0.21647774419920926,1.645977190613048
EE.UU.,bajo,Exceso,tasa,M,5,0.2469103927894421,1.674895927866635
EE.UU.,bajo,Exceso,tasa,M,6,0.3114980870482667,1.8963460160197985
EE.UU.,bajo,Exceso,tasa,M,7,0.3877477496575693,2.1338168809678804
EE.UU.,bajo,Exceso,tasa,M,8,0.4402684951917328,2.2253467508774625
EE.UU.,bajo,Exceso,tasa,M,9,0.44337552626822785,2.136307745333156
EE.UU.,bajo,Exceso,tasa,M,10,0.41773884302025716,1.9071040755851394
EE.UU.,bajo,Exceso,tasa,M,11,0.4277079361557783,1.8477020208333945
EE.UU.,bajo,Exceso,tasa,M,12,0.4440963009010619,1.7743124933591266
EE.UU.,bajo,Exceso,tasa,M,13,0.39446664300241613,1.4527277391992472
EE.UU.,bajo,Exceso,tasa,M,14,0.30772566739838425,1.0670236144139476
EE.UU.,bajo,Exceso,tasa,M,15,0.26015222547803074,0.8612615710106861
EE.UU.,bajo,Exceso,tasa,M,16,0.2102777310057382,0.6720064492041763
EE.UU.,bajo,Exceso,tasa,M,17,0.13924303149425274,0.428701290730575
EE.UU.,bajo,Exceso,tasa,M,18,0.09709926683196218,0.2859499683166743
EE.UU.,bajo,Exceso,tasa,M,19,0.07013820867911585,0.20121383184587763
EE.UU.,bajo,Exceso,tasa,M,20,0.005148599055482317,0.014382127951606243
EE.UU.,bajo,Exceso,tasa,M,21,-0.004279870160600108,-0.011751005683123856
EE.UU.,bajo,Exceso,tasa,M,22,-0.0015317974340437815,-0.004045084602458604
EE.UU.,bajo,Exceso,tasa,M,23,0.010226937992681338,0.025530934601073665
EE.UU.,bajo,Exceso,tasa,M,24,0.021060065600655098,0.048632924326909556
EE.UU.,bajo,Exceso,tasa,M,25,0.10783430066231844,0.23143897133779623
EE.UU.,bajo,Exceso,tasa,M,26,0.20487810898217468,0.40200716634688977
EE.UU.,bajo,Exceso,tasa,M,27,0.22583421759457342,0.4087715397759314
EE.UU.,bajo,Exceso,tasa,M,28,0.27266920714134574,0.44958672162538904
EE.UU.,bajo,Exceso,tasa,M,29,0.3364745478530827,0.5140329547403671
EE.UU.,bajo,Exceso,tasa,M,30,0.4280118700658006,0.6245004121691671
EE.UU.,bajo,Exceso,tasa,M,31,0.47956561324530506,0.668035947119384
EE.UU.,bajo,Exceso,tasa,M,32,0.5013633170126968,0.6613947852691227
EE.UU.,bajo,Exceso,tasa,M,33,0.5137173300833634,0.6694047933294083
EE.UU.,bajo,Exceso,tasa,M,34,0.5634660952580073,0.7238412480572344
EE.UU.,bajo,Exceso,tasa,M,35,0.6552862522211574,0.8174749886750168
EE.UU.,bajo,Exceso,tasa,M,36,0.6568945075015545,0.8099432710960216
EE.UU.,bajo,Exceso,tasa,M,37,0.6309289848689561,0.782147163301361
EE.UU.,bajo,Exceso,tasa,M,38,0.6946558503049446,0.8850353298288798
EE.UU.,bajo,Exceso,tasa,M,39,0.6840281454520616,0.8638590635112142
EE.UU.,bajo,Exceso,tasa,M,40,0.5168025657381956,0.6324619930558264
EE.UU.,bajo,Exceso,tasa,M,41,0.5672679746267117,0.6810763465916679
EE.UU.,bajo,Exceso,tasa,M,42,0.6222592894661996,0.7533126311545941
EE.UU.,bajo,Exceso,tasa,M,43,0.6756309075575312,0.8254681484218225
EE.UU.,bajo,Exceso,tasa,M,44,0.6469194021807636,0.7939611247119357
EE.UU.,bajo,Exceso,tasa,M,45,0.6255523043967738,0.7763374101781416
EE.UU.,bajo,Exceso,tasa,M,46,0.5720451163053197,0.7027466279445665
EE.UU.,bajo,Exceso,tasa,M,47,0.5758057188491229,0.7000017521554056
EE.UU.,bajo,Exceso,tasa,M,48,0.5319209384137054,0.649088359777729
EE.UU.,bajo,Exceso,credito,M,0,0.3951171118993851,1.6083499040569735
EE.UU.,bajo,Exceso,credito,M,1,0.5669837571389614,1.3048464457168907
EE.UU.,bajo,Exceso,credito,M,2,0.6527761972806004,1.1067283687034366
EE.UU.,bajo,Exceso,credito,M,3,0.2697938626224573,0.3726382645669968
EE.UU.,bajo,Exceso,credito,M,4,0.14316613874537654,0.16226151806817332
EE.UU.,bajo,Exceso,credito,M,5,0.00871423612777611,0.008710699785326384
EE.UU.,bajo,Exceso,credito,M,6,-0.47585290073392605,-0.4359673597474042
EE.UU.,bajo,Exceso,credito,M,7,-0.7593384451130795,-0.6244176339019591
EE.UU.,bajo,Exceso,credito,M,8,-1.1491696766960633,-0.8631057900107321
EE.UU.,bajo,Exceso,credito,M,9,-1.3479833254825961,-0.8948225508455936
EE.UU.,bajo,Exceso,credito,M,10,-1.6315053667456358,-0.9839528271055541
EE.UU.,bajo,Exceso,credito,M,11,-1.696498927936484,-0.9352214161751522
EE.UU.,bajo,Exceso,credito,M,12,-1.944470766414548,-0.981796991027862
EE.UU.,bajo,Exceso,credito,M,13,-2.1543260655909986,-1.0084770699580234
EE.UU.,bajo,Exceso,credito,M,14,-2.345238537584547,-1.0206314904191547
EE.UU.,bajo,Exceso,credito,M,15,-2.2855653341781395,-0.9289305447541856
EE.UU.,bajo,Exceso,credito,M,16,-2.261577042011258,-0.8587954792712887
EE.UU.,bajo,Exceso,credito,M,17,-2.154568408490699,-0.7664152645830401
EE.UU.,bajo,Exceso,credito,M,18,-1.8659657193152046,-0.6239597782670233
EE.UU.,bajo,Exceso,credito,M,19,-1.9265468700373,-0.6182514213711914
EE.UU.,bajo,Exceso,credito,M,20,-1.7345734489127573,-0.542159973564862
EE.UU.,bajo,Exceso,credito,M,21,-1.4387034947622417,-0.4303123733552485
EE.UU.,bajo,Exceso,credito,M,22,-0.9332559338888438,-0.2726875292737692
EE.UU.,bajo,Exceso,credito,M,23,-1.1615999257056955,-0.34466416815664547
EE.UU.,bajo,Exceso,credito,M,24,-1.5589671668410356,-0.4673901001667853
EE.UU.,bajo,Exceso,credito,M,25,-1.6055366218416014,-0.5023122660442123
EE.UU.,bajo,Exceso,credito,M,26,-1.4894539943399394,-0.4712584978181931
EE.UU.,bajo,Exceso,credito,M,27,-1.3966670789831617,-0.4340316368020851
EE.UU.,bajo,Exceso,credito,M,28,-1.5098508217569158,-0.47502743934337033
EE.UU.,bajo,Exceso,credito,M,29,-1.610938350770187,-0.5249097740105011
EE.UU.,bajo,Exceso,credito,M,30,-1.8147958232749926,-0.5594926534819316
EE.UU.,bajo,Exceso,credito,M,31,-1.6594969215782347,-0.5146210953154468
EE.UU.,bajo,Exceso,credito,M,32,-1.5183977788664198,-0.44624252161911765
EE.UU.,bajo,Exceso,credito,M,33,-1.1227761804202518,-0.3265062784546292
EE.UU.,bajo,Exceso,credito,M,34,-1.163304308451369,-0.3253441508058884
EE.UU.,bajo,Exceso,credito,M,35,-1.1078454473136827,-0.2831781486330682
EE.UU.,bajo,Exceso,credito,M,36,-0.9304344095695023,-0.22734224495848285
EE.UU.,bajo,Exceso,credito,M,37,-0.874948530806801,-0.211406657251153
EE.UU.,bajo,Exceso,credito,M,38,-0.9354925882995433,-0.22183003273923488
EE.UU.,bajo,Exceso,credito,M,39,-1.1412296498496088,-0.2698589810854453
EE.UU.,bajo,Exceso,credito,M,40,-1.0507362345648645,-0.24572080974949057
EE.UU.,bajo,Exceso,credito,M,41,-1.2839008669080387,-0.2865948869590389
EE.UU.,bajo,Exceso,credito,M,42,-1.3735108334934276,-0.3062506219066966
EE.UU.,bajo,Exceso,credito,M,43,-1.51755918775921,-0.3362923882238934
EE.UU.,bajo,Exceso,credito,M,44,-1.7410529870943623,-0.3782370243926603
EE.UU.,bajo,Exceso,credito,M,45,-1.8469242180378955,-0.40755953949560525
EE.UU.,bajo,Exceso,credito,M,46,-1.9325649646034546,-0.4164961180492707
EE.UU.,bajo,Exceso,credito,M,47,-2.053356291557235,-0.4410262188461136
EE.UU.,bajo,Exceso,credito,M,48,-1.8983055712876107,-0.4007013640420296
EE.UU.,bajo,Exceso,acciones,M,0,-0.8444575217987775,-0.5570801666697675
EE.UU.,bajo,Exceso,acciones,M,1,0.7197443424720182,0.3095860287261997
EE.UU.,bajo,Exceso,acciones,M,2,2.9752573892405314,1.018766342596227
EE.UU.,bajo,Exceso,acciones,M,3,3.5495347103261956,1.1235010255325688
EE.UU.,bajo,Exceso,acciones,M,4,3.3699499794288905,1.0662856277412813
EE.UU.,bajo,Exceso,acciones,M,5,4.144918752212816,1.320596691517362
EE.UU.,bajo,Exceso,acciones,M,6,6.236970572431838,1.7241411156001385
EE.UU.,bajo,Exceso,acciones,M,7,9.012807599880347,2.1713527663848446
EE.UU.,bajo,Exceso,acciones,M,8,11.205933972312472,2.5539425544318446
EE.UU.,bajo,Exceso,acciones,M,9,11.136686813981344,2.320871307065685
EE.UU.,bajo,Exceso,acciones,M,10,11.94653562113061,2.327355982799692
EE.UU.,bajo,Exceso,acciones,M,11,11.56929057699653,2.136548094894901
EE.UU.,bajo,Exceso,acciones,M,12,12.2545760091994,2.3547015841837253
EE.UU.,bajo,Exceso,acciones,M,13,11.522616439684455,2.1994030941330003
EE.UU.,bajo,Exceso,acciones,M,14,10.766019287808392,2.019092700579718
EE.UU.,bajo,Exceso,acciones,M,15,11.752862527017683,2.07255530618814
EE.UU.,bajo,Exceso,acciones,M,16,12.475397781365114,2.3148803882001103
EE.UU.,bajo,Exceso,acciones,M,17,13.205660130914014,2.467302225397189
EE.UU.,bajo,Exceso,acciones,M,18,12.054199445488914,2.2734202986717267
EE.UU.,bajo,Exceso,acciones,M,19,8.83254496591266,1.7833479297107868
EE.UU.,bajo,Exceso,acciones,M,20,8.348389388142518,1.777323694932959
EE.UU.,bajo,Exceso,acciones,M,21,5.565425835038904,1.247074665100495
EE.UU.,bajo,Exceso,acciones,M,22,3.314081780550672,0.6688994648559542
EE.UU.,bajo,Exceso,acciones,M,23,4.561158448386832,0.845264963690201
EE.UU.,bajo,Exceso,acciones,M,24,3.534782847871578,0.5539110231032833
EE.UU.,bajo,Exceso,acciones,M,25,2.3398098267326346,0.3333781544897499
EE.UU.,bajo,Exceso,acciones,M,26,3.904918451190005,0.5244633647188582
EE.UU.,bajo,Exceso,acciones,M,27,0.545322857683328,0.07845213091033423
EE.UU.,bajo,Exceso,acciones,M,28,-0.3830259157197409,-0.05406515535370184
EE.UU.,bajo,Exceso,acciones,M,29,0.058236845737596576,0.008270799884745834
EE.UU.,bajo,Exceso,acciones,M,30,-1.2460503033200445,-0.16696828442946618
EE.UU.,bajo,Exceso,acciones,M,31,-2.647554272023192,-0.3658277850142832
EE.UU.,bajo,Exceso,acciones,M,32,-4.097783722906623,-0.6238261084283303
EE.UU.,bajo,Exceso,acciones,M,33,-5.5454441386698345,-0.8813328234719087
EE.UU.,bajo,Exceso,acciones,M,34,-5.217879657363489,-0.9014398558850634
EE.UU.,bajo,Exceso,acciones,M,35,-4.512696140409957,-0.7653258499962071
EE.UU.,bajo,Exceso,acciones,M,36,-5.320805851331599,-0.912480253191122
EE.UU.,bajo,Exceso,acciones,M,37,-3.9810192742570547,-0.7022732852810841
EE.UU.,bajo,Exceso,acciones,M,38,-4.249323447712633,-0.81653774629499
EE.UU.,bajo,Exceso,acciones,M,39,-5.37172053366575,-1.1340773866381577
EE.UU.,bajo,Exceso,acciones,M,40,-7.213888528011907,-1.36356220290564
EE.UU.,bajo,Exceso,acciones,M,41,-5.756015549340926,-1.1199029514639134
EE.UU.,bajo,Exceso,acciones,M,42,-2.492677148295617,-0.4786547647777954
EE.UU.,bajo,Exceso,acciones,M,43,-0.7023230159484903,-0.14086721369626462
EE.UU.,bajo,Exceso,acciones,M,44,-4.6648623373455536,-0.8589358979241253
EE.UU.,bajo,Exceso,acciones,M,45,-0.033613752989833934,-0.007558408800063705
EE.UU.,bajo,Exceso,acciones,M,46,0.27862831483803413,0.05811717340105189
EE.UU.,bajo,Exceso,acciones,M,47,-0.896968996437109,-0.1720898625615497
EE.UU.,bajo,Exceso,acciones,M,48,-4.091749523187705,-0.713011326706668
EE.UU.,bajo,Exceso,vivienda,M,0,0.18954290526194084,2.2020260465056603
EE.UU.,bajo,Exceso,vivienda,M,1,0.34106262250033076,2.193901653038232
EE.UU.,bajo,Exceso,vivienda,M,2,0.46184063454880336,2.263325685519437
EE.UU.,bajo,Exceso,vivienda,M,3,0.5080077268080502,1.9471907802213222
EE.UU.,bajo,Exceso,vivienda,M,4,0.828326919812028,2.4219082487350088
EE.UU.,bajo,Exceso,vivienda,M,5,1.137844839745727,2.6865444266404195
EE.UU.,bajo,Exceso,vivienda,M,6,1.386775999222478,2.7895483108132324
EE.UU.,bajo,Exceso,vivienda,M,7,1.5488543771941718,2.7256272777534987
EE.UU.,bajo,Exceso,vivienda,M,8,1.7150992282896194,2.7398879273585672
EE.UU.,bajo,Exceso,vivienda,M,9,1.8621814856663852,2.69074154505055
EE.UU.,bajo,Exceso,vivienda,M,10,2.0808879310447477,2.7085635720157595
EE.UU.,bajo,Exceso,vivienda,M,11,2.4813560082893082,2.8812972921629267
EE.UU.,bajo,Exceso,vivienda,M,12,2.7371266301586403,2.982816585663058
EE.UU.,bajo,Exceso,vivienda,M,13,3.060493445052102,3.2050451644265623
EE.UU.,bajo,Exceso,vivienda,M,14,3.3218268089830243,3.2584626524571214
EE.UU.,bajo,Exceso,vivienda,M,15,3.640318104492997,3.3274652136606706
EE.UU.,bajo,Exceso,vivienda,M,16,4.021273682503557,3.513748032806717
EE.UU.,bajo,Exceso,vivienda,M,17,4.210811175847249,3.513047067855753
EE.UU.,bajo,Exceso,vivienda,M,18,4.421835282808021,3.645084141522805
EE.UU.,bajo,Exceso,vivienda,M,19,4.641517474633346,3.663139362642775
EE.UU.,bajo,Exceso,vivienda,M,20,4.8625349306120675,3.6630904537526967
EE.UU.,bajo,Exceso,vivienda,M,21,4.9309545556728285,3.464935534174348
EE.UU.,bajo,Exceso,vivienda,M,22,5.369725663931435,3.5907052270213247
EE.UU.,bajo,Exceso,vivienda,M,23,5.298794915701538,3.393741350173655
EE.UU.,bajo,Exceso,vivienda,M,24,4.8659163604411875,2.9822587142608636
EE.UU.,bajo,Exceso,vivienda,M,25,5.059792950958421,3.263528534054725
EE.UU.,bajo,Exceso,vivienda,M,26,4.767549959680069,2.9196695088677607
EE.UU.,bajo,Exceso,vivienda,M,27,4.608061665785663,2.8093474625399177
EE.UU.,bajo,Exceso,vivienda,M,28,4.682000212008377,2.8628381798107276
EE.UU.,bajo,Exceso,vivienda,M,29,4.388663437775599,2.6943824390119735
EE.UU.,bajo,Exceso,vivienda,M,30,4.5558479760340544,2.6685828826220934
EE.UU.,bajo,Exceso,vivienda,M,31,4.737592669305596,2.83861687916426
EE.UU.,bajo,Exceso,vivienda,M,32,4.65692781882002,2.677742334285425
EE.UU.,bajo,Exceso,vivienda,M,33,3.8258628631948586,1.8209264518001267
EE.UU.,bajo,Exceso,vivienda,M,34,4.487024410679654,2.3071914926271933
EE.UU.,bajo,Exceso,vivienda,M,35,4.495608659314506,2.154908032735689
EE.UU.,bajo,Exceso,vivienda,M,36,4.754686268914899,2.355754937473185
EE.UU.,bajo,Exceso,vivienda,M,37,4.754403548472631,2.3038718032389145
EE.UU.,bajo,Exceso,vivienda,M,38,4.5304896021192045,2.1429178701196614
EE.UU.,bajo,Exceso,vivienda,M,39,4.5857673986214795,1.9670814086373918
EE.UU.,bajo,Exceso,vivienda,M,40,5.2200140400985005,2.301390259269225
EE.UU.,bajo,Exceso,vivienda,M,41,5.692111305981859,2.401064722938368
EE.UU.,bajo,Exceso,vivienda,M,42,5.50594549675154,2.2412050628004136
EE.UU.,bajo,Exceso,vivienda,M,43,5.131402402375392,2.0241420688738443
EE.UU.,bajo,Exceso,vivienda,M,44,6.344359086987317,2.462449806274149
EE.UU.,bajo,Exceso,vivienda,M,45,6.018193798840231,2.1669598900781386
EE.UU.,bajo,Exceso,vivienda,M,46,6.488157336646513,2.2987043900151716
EE.UU.,bajo,Exceso,vivienda,M,47,6.476843617883713,2.214042747365782
EE.UU.,bajo,Exceso,vivienda,M,48,6.416027111249814,2.1825200894512586
EE.UU.,bajo,Exceso,salario,M,0,0.23272221236789872,1.6603320179128414
EE.UU.,bajo,Exceso,salario,M,1,0.37263420799289637,1.6179934171907482
EE.UU.,bajo,Exceso,salario,M,2,0.43319516089957727,1.56219598395443
EE.UU.,bajo,Exceso,salario,M,3,0.2520201838574575,0.9713369819427498
EE.UU.,bajo,Exceso,salario,M,4,0.18163667273635864,0.710026074100469
EE.UU.,bajo,Exceso,salario,M,5,0.22844144931961693,0.8400438015382029
EE.UU.,bajo,Exceso,salario,M,6,0.18411660692864473,0.7310619426360695
EE.UU.,bajo,Exceso,salario,M,7,0.012089466408691213,0.04512971903077692
EE.UU.,bajo,Exceso,salario,M,8,-0.2087666525501992,-0.7464115978927638
EE.UU.,bajo,Exceso,salario,M,9,-0.2773663113558992,-0.9983670008343181
EE.UU.,bajo,Exceso,salario,M,10,-0.2826922616501969,-0.9758023331642466
EE.UU.,bajo,Exceso,salario,M,11,-0.23199933874975123,-0.7264162730683885
EE.UU.,bajo,Exceso,salario,M,12,-0.2508185591321068,-0.7513789473776522
EE.UU.,bajo,Exceso,salario,M,13,-0.2446650001771356,-0.7451248343556387
EE.UU.,bajo,Exceso,salario,M,14,-0.4081349582251199,-1.2341792035756698
EE.UU.,bajo,Exceso,salario,M,15,-0.3352775774655099,-0.9847908850519775
EE.UU.,bajo,Exceso,salario,M,16,-0.35805945998814415,-1.0401832392291677
EE.UU.,bajo,Exceso,salario,M,17,-0.2903493352312164,-0.8013286061826126
EE.UU.,bajo,Exceso,salario,M,18,-0.41285739221010387,-1.1044678844054103
EE.UU.,bajo,Exceso,salario,M,19,-0.455329447782903,-1.2080536324818119
EE.UU.,bajo,Exceso,salario,M,20,-0.35288104992699093,-0.8839711269220132
EE.UU.,bajo,Exceso,salario,M,21,-0.3938821008317489,-0.9236138046142538
EE.UU.,bajo,Exceso,salario,M,22,-0.2954069613443845,-0.7036489788163749
EE.UU.,bajo,Exceso,salario,M,23,-0.2765048743602266,-0.6473536510489373
EE.UU.,bajo,Exceso,salario,M,24,-0.4907131632969964,-1.0689739057434597
EE.UU.,bajo,Exceso,salario,M,25,-0.596438877926315,-1.2934696653304287
EE.UU.,bajo,Exceso,salario,M,26,-0.48382814436301175,-1.0249013509767353
EE.UU.,bajo,Exceso,salario,M,27,-0.44181923008120516,-0.9703863008991097
EE.UU.,bajo,Exceso,salario,M,28,-0.41202121018714144,-0.9452358307169693
EE.UU.,bajo,Exceso,salario,M,29,-0.4842438877415369,-1.2188018004642474
EE.UU.,bajo,Exceso,salario,M,30,-0.32167524460019564,-0.768024136521972
EE.UU.,bajo,Exceso,salario,M,31,-0.285052004240687,-0.6957912758024777
EE.UU.,bajo,Exceso,salario,M,32,-0.2558848163929529,-0.623843404596787
EE.UU.,bajo,Exceso,salario,M,33,-0.14635862222359108,-0.4141498839661148
EE.UU.,bajo,Exceso,salario,M,34,-0.008973169064088796,-0.026485791281663257
EE.UU.,bajo,Exceso,salario,M,35,0.06797278223907777,0.1806093013462289
EE.UU.,bajo,Exceso,salario,M,36,0.2503005429298035,0.669592424577996
EE.UU.,bajo,Exceso,salario,M,37,0.49726125079367817,1.22888407398084
EE.UU.,bajo,Exceso,salario,M,38,0.46762492813056833,1.120707444313056
EE.UU.,bajo,Exceso,salario,M,39,0.19752345349833778,0.5200592813394677
EE.UU.,bajo,Exceso,salario,M,40,0.27395934968814356,0.7609445829979152
EE.UU.,bajo,Exceso,salario,M,41,0.4769024738883529,1.36336718914688
EE.UU.,bajo,Exceso,salario,M,42,0.61439626947557,1.600817712142587
EE.UU.,bajo,Exceso,salario,M,43,0.5585783882168287,1.2814700004005073
EE.UU.,bajo,Exceso,salario,M,44,0.6369600298583148,1.2552576178112045
EE.UU.,bajo,Exceso,salario,M,45,0.6090621911213374,1.1912661951571242
EE.UU.,bajo,Exceso,salario,M,46,0.5517708522914399,1.0106644078714835
EE.UU.,bajo,Exceso,salario,M,47,0.6696638956487655,1.217725240891903
EE.UU.,bajo,Exceso,salario,M,48,0.8934433723479667,1.6021973438012145
EE.UU.,bajo,Exceso,ipc,M,0,-0.2192651609799794,-2.853630800128994
EE.UU.,bajo,Exceso,ipc,M,1,-0.3737636580959045,-2.803096124647701
EE.UU.,bajo,Exceso,ipc,M,2,-0.40379044637187606,-2.468369076472382
EE.UU.,bajo,Exceso,ipc,M,3,-0.2911095802548763,-1.5528061622810563
EE.UU.,bajo,Exceso,ipc,M,4,-0.2977694647258091,-1.4560512472849019
EE.UU.,bajo,Exceso,ipc,M,5,-0.3799631193454165,-1.720627355885139
EE.UU.,bajo,Exceso,ipc,M,6,-0.35766846197431523,-1.7352202441228823
EE.UU.,bajo,Exceso,ipc,M,7,-0.2425123411300995,-1.084201271006505
EE.UU.,bajo,Exceso,ipc,M,8,-0.0474629997910358,-0.20110877118028483
EE.UU.,bajo,Exceso,ipc,M,9,0.10328145422893742,0.389434766560476
EE.UU.,bajo,Exceso,ipc,M,10,0.1442964562880933,0.4652580139131562
EE.UU.,bajo,Exceso,ipc,M,11,0.16526719980012328,0.46325970305165964
EE.UU.,bajo,Exceso,ipc,M,12,0.20358877376962203,0.4921048924877899
EE.UU.,bajo,Exceso,ipc,M,13,0.3046245444802157,0.6561001942694445
EE.UU.,bajo,Exceso,ipc,M,14,0.5056167003544572,1.0567562845427871
EE.UU.,bajo,Exceso,ipc,M,15,0.5740032517716103,1.1035431165936957
EE.UU.,bajo,Exceso,ipc,M,16,0.6514873610904104,1.1421507915706024
EE.UU.,bajo,Exceso,ipc,M,17,0.7443639305990879,1.1309064037260685
EE.UU.,bajo,Exceso,ipc,M,18,0.8487804625899187,1.148344980026994
EE.UU.,bajo,Exceso,ipc,M,19,0.9763216435987794,1.2234276086817402
EE.UU.,bajo,Exceso,ipc,M,20,1.0602244522421251,1.2129496631980723
EE.UU.,bajo,Exceso,ipc,M,21,1.0854209632499927,1.1347355479870143
EE.UU.,bajo,Exceso,ipc,M,22,1.132068227183278,1.1130055652479143
EE.UU.,bajo,Exceso,ipc,M,23,1.2128348496926518,1.1396023493202283
EE.UU.,bajo,Exceso,ipc,M,24,1.4846750656399426,1.311582700403298
EE.UU.,bajo,Exceso,ipc,M,25,1.6641113347249434,1.3895733829258905
EE.UU.,bajo,Exceso,ipc,M,26,1.639435654282031,1.3702799743299419
EE.UU.,bajo,Exceso,ipc,M,27,1.631656157805463,1.3560313815667129
EE.UU.,bajo,Exceso,ipc,M,28,1.6743009233783777,1.3635605183896629
EE.UU.,bajo,Exceso,ipc,M,29,1.7825904206291403,1.4584165727187872
EE.UU.,bajo,Exceso,ipc,M,30,1.786480184138633,1.4701179699881783
EE.UU.,bajo,Exceso,ipc,M,31,1.8647685903043107,1.4969324117360954
EE.UU.,bajo,Exceso,ipc,M,32,1.7218152364858312,1.3367542773058694
EE.UU.,bajo,Exceso,ipc,M,33,1.7216317336266649,1.3357738372736558
EE.UU.,bajo,Exceso,ipc,M,34,1.7893336241956568,1.379922153653175
EE.UU.,bajo,Exceso,ipc,M,35,1.7595661480680258,1.3168755167428698
EE.UU.,bajo,Exceso,ipc,M,36,1.6708340250762648,1.2241713795752063
EE.UU.,bajo,Exceso,ipc,M,37,1.6684859427262804,1.2346540627891347
EE.UU.,bajo,Exceso,ipc,M,38,1.7590567120382015,1.3200816233827162
EE.UU.,bajo,Exceso,ipc,M,39,1.7756533558764416,1.3180357868325596
EE.UU.,bajo,Exceso,ipc,M,40,1.886204159399804,1.3601147096084292
EE.UU.,bajo,Exceso,ipc,M,41,1.8136997557087746,1.2757244017697134
EE.UU.,bajo,Exceso,ipc,M,42,1.8303997117896682,1.2821094279614458
EE.UU.,bajo,Exceso,ipc,M,43,1.8179569211408788,1.293358860752639
EE.UU.,bajo,Exceso,ipc,M,44,1.8833656532415572,1.3614929106201306
EE.UU.,bajo,Exceso,ipc,M,45,1.948929522117998,1.4029551931365456
EE.UU.,bajo,Exceso,ipc,M,46,2.0387774679874915,1.4496799446282604
EE.UU.,bajo,Exceso,ipc,M,47,1.9871847555805762,1.4151535769130117
EE.UU.,bajo,Exceso,ipc,M,48,1.9000814220643116,1.332615476272733
EE.UU.,bajo,M-actividad,tasa,M,0,-0.10922149781614135,-2.006515030970387
EE.UU.,bajo,M-actividad,tasa,M,1,-0.16515769575233696,-2.2873533776380417
EE.UU.,bajo,M-actividad,tasa,M,2,-0.18133402896065165,-2.1722212473305147
EE.UU.,bajo,M-actividad,tasa,M,3,-0.2171425614562499,-2.0386212142551363
EE.UU.,bajo,M-actividad,tasa,M,4,-0.2429707040227937,-1.9722060559360504
EE.UU.,bajo,M-actividad,tasa,M,5,-0.2179591600137485,-1.5661045411188983
EE.UU.,bajo,M-actividad,tasa,M,6,-0.2373406404973844,-1.4381820410015869
EE.UU.,bajo,M-actividad,tasa,M,7,-0.24514899177480848,-1.3038152043940774
EE.UU.,bajo,M-actividad,tasa,M,8,-0.23321834580818823,-1.0826624054158531
EE.UU.,bajo,M-actividad,tasa,M,9,-0.23374291294971217,-0.9618605043500192
EE.UU.,bajo,M-actividad,tasa,M,10,-0.19543339775186536,-0.7386018660802484
EE.UU.,bajo,M-actividad,tasa,M,11,-0.19581096409467627,-0.663343375089599
EE.UU.,bajo,M-actividad,tasa,M,12,-0.17102236167192966,-0.5413326174908416
EE.UU.,bajo,M-actividad,tasa,M,13,-0.15765028916837148,-0.470494044274591
EE.UU.,bajo,M-actividad,tasa,M,14,-0.15038639129428338,-0.42565021698633676
EE.UU.,bajo,M-actividad,tasa,M,15,-0.1325357418875489,-0.3532657245844328
EE.UU.,bajo,M-actividad,tasa,M,16,-0.1438191255405829,-0.376109092508853
EE.UU.,bajo,M-actividad,tasa,M,17,-0.11255061243183817,-0.2814003428751545
EE.UU.,bajo,M-actividad,tasa,M,18,-0.10054476150416641,-0.24622149100851326
EE.UU.,bajo,M-actividad,tasa,M,19,-0.1081343124073717,-0.2632156628171898
EE.UU.,bajo,M-actividad,tasa,M,20,-0.1035128229574841,-0.2502748715399222
EE.UU.,bajo,M-actividad,tasa,M,21,-0.06348173500656222,-0.15218741778327474
EE.UU.,bajo,M-actividad,tasa,M,22,-0.09222892299831971,-0.22140375475192506
EE.UU.,bajo,M-actividad,tasa,M,23,-0.08373169846528174,-0.19787685814590925
EE.UU.,bajo,M-actividad,tasa,M,24,-0.04990331447060037,-0.11896522063675061
EE.UU.,bajo,M-actividad,tasa,M,25,-0.04317526294978309,-0.09907409247972868
EE.UU.,bajo,M-actividad,tasa,M,26,0.030683780820835484,0.06945432812521685
EE.UU.,bajo,M-actividad,tasa,M,27,0.09577089111847893,0.20965178567038192
EE.UU.,bajo,M-actividad,tasa,M,28,0.13699959976456133,0.28696861796299195
EE.UU.,bajo,M-actividad,tasa,M,29,0.1737023831788579,0.35285629906160076
EE.UU.,bajo,M-actividad,tasa,M,30,0.23579235960227019,0.4717104882854554
EE.UU.,bajo,M-actividad,tasa,M,31,0.30532249144981705,0.5548879707711696
EE.UU.,bajo,M-actividad,tasa,M,32,0.3506325029283719,0.6063065689073516
EE.UU.,bajo,M-actividad,tasa,M,33,0.3770549514339892,0.6302843058128976
EE.UU.,bajo,M-actividad,tasa,M,34,0.40958974405263104,0.6614156718147701
EE.UU.,bajo,M-actividad,tasa,M,35,0.438471606543768,0.6933788456260696
EE.UU.,bajo,M-actividad,tasa,M,36,0.44150294965161074,0.6909006589792375
EE.UU.,bajo,M-actividad,tasa,M,37,0.47526425632074726,0.7191445610191052
EE.UU.,bajo,M-actividad,tasa,M,38,0.4951411162140001,0.7460317093251972
EE.UU.,bajo,M-actividad,tasa,M,39,0.4641485458997553,0.6872152377872436
EE.UU.,bajo,M-actividad,tasa,M,40,0.4865750643292246,0.6971173168805912
EE.UU.,bajo,M-actividad,tasa,M,41,0.4893202170083468,0.6971215512293153
EE.UU.,bajo,M-actividad,tasa,M,42,0.5484653000298648,0.7864394364295494
EE.UU.,bajo,M-actividad,tasa,M,43,0.5611585649491034,0.7994507873912171
EE.UU.,bajo,M-actividad,tasa,M,44,0.5747105631819516,0.8182871307614348
EE.UU.,bajo,M-actividad,tasa,M,45,0.6042450166793023,0.8567028555059049
EE.UU.,bajo,M-actividad,tasa,M,46,0.5861501946726178,0.8485818821376142
EE.UU.,bajo,M-actividad,tasa,M,47,0.5646687654846733,0.8466894433106954
EE.UU.,bajo,M-actividad,tasa,M,48,0.5649880083370695,0.8530263847911839
EE.UU.,bajo,M-actividad,credito,M,0,0.6736575965943101,2.403871223553551
EE.UU.,bajo,M-actividad,credito,M,1,1.0431319442610287,2.0947299272605644
EE.UU.,bajo,M-actividad,credito,M,2,1.006012664252811,2.1396582740815298
EE.UU.,bajo,M-actividad,credito,M,3,0.7606405644575193,1.5491888860983798
EE.UU.,bajo,M-actividad,credito,M,4,0.37486230325852504,0.7158691263605005
EE.UU.,bajo,M-actividad,credito,M,5,0.18069102653017144,0.34853063356097796
EE.UU.,bajo,M-actividad,credito,M,6,0.1544607139743885,0.3250120169597418
EE.UU.,bajo,M-actividad,credito,M,7,-0.2914271065096113,-0.6483388333597834
EE.UU.,bajo,M-actividad,credito,M,8,-0.605235855250682,-1.3747069483463343
EE.UU.,bajo,M-actividad,credito,M,9,-0.8838146657019331,-2.0344826959565685
EE.UU.,bajo,M-actividad,credito,M,10,-1.0379200658262755,-2.263603934807615
EE.UU.,bajo,M-actividad,credito,M,11,-1.1378857161099167,-2.268578950064779
EE.UU.,bajo,M-actividad,credito,M,12,-1.2038211966120087,-2.081373717739336
EE.UU.,bajo,M-actividad,credito,M,13,-1.4401152692104489,-2.190353314666642
EE.UU.,bajo,M-actividad,credito,M,14,-1.6730996452174265,-2.104745620364037
EE.UU.,bajo,M-actividad,credito,M,15,-1.9544383691249887,-2.300939032320868
EE.UU.,bajo,M-actividad,credito,M,16,-2.051510142567985,-2.2682066722676053
EE.UU.,bajo,M-actividad,credito,M,17,-2.23066307062566,-2.2764491494525836
EE.UU.,bajo,M-actividad,credito,M,18,-2.5114316492276036,-2.3339358228949005
EE.UU.,bajo,M-actividad,credito,M,19,-2.4253340252683704,-2.183495709862181
EE.UU.,bajo,M-actividad,credito,M,20,-2.6629189496537538,-2.4045180900318797
EE.UU.,bajo,M-actividad,credito,M,21,-2.622736228687925,-2.400963250245863
EE.UU.,bajo,M-actividad,credito,M,22,-2.881033023210881,-2.605635826101177
EE.UU.,bajo,M-actividad,credito,M,23,-2.9783833849658583,-2.6696591788572297
EE.UU.,bajo,M-actividad,credito,M,24,-3.0940970822975085,-2.7306494994535613
EE.UU.,bajo,M-actividad,credito,M,25,-3.271141636850131,-2.8199418579755475
EE.UU.,bajo,M-actividad,credito,M,26,-3.5471550554335756,-3.142115642569589
EE.UU.,bajo,M-actividad,credito,M,27,-3.6033446999640812,-3.0707546647349697
EE.UU.,bajo,M-actividad,credito,M,28,-3.629019427497112,-3.1768321076052013
EE.UU.,bajo,M-actividad,credito,M,29,-3.722991081925177,-3.0721217569949597
EE.UU.,bajo,M-actividad,credito,M,30,-3.8167305113525507,-2.9008217952207502
EE.UU.,bajo,M-actividad,credito,M,31,-4.212341332056598,-3.2147716363863967
EE.UU.,bajo,M-actividad,credito,M,32,-3.9931885118786976,-2.8648901013069916
EE.UU.,bajo,M-actividad,credito,M,33,-4.329100821330818,-3.0917485907415214
EE.UU.,bajo,M-actividad,credito,M,34,-4.199629812943835,-2.8238203552318053
EE.UU.,bajo,M-actividad,credito,M,35,-4.47030224287373,-2.999305252187664
EE.UU.,bajo,M-actividad,credito,M,36,-4.499674824224119,-2.943223724548502
EE.UU.,bajo,M-actividad,credito,M,37,-4.509226904930463,-3.1457025421447318
EE.UU.,bajo,M-actividad,credito,M,38,-4.492472649332614,-3.0508700897549668
EE.UU.,bajo,M-actividad,credito,M,39,-4.491539984596526,-3.195425338567922
EE.UU.,bajo,M-actividad,credito,M,40,-4.549945277202596,-3.2009412633382834
EE.UU.,bajo,M-actividad,credito,M,41,-4.61432925159077,-3.243437599679198
EE.UU.,bajo,M-actividad,credito,M,42,-4.945655796739462,-3.8673049696075914
EE.UU.,bajo,M-actividad,credito,M,43,-4.818740141154352,-3.4762830741023785
EE.UU.,bajo,M-actividad,credito,M,44,-4.817130678742223,-3.7356680661254273
EE.UU.,bajo,M-actividad,credito,M,45,-5.281933080543097,-3.9090775159102615
EE.UU.,bajo,M-actividad,credito,M,46,-5.100812085409612,-3.8920788083272146
EE.UU.,bajo,M-actividad,credito,M,47,-5.320100835850828,-4.196642031564094
EE.UU.,bajo,M-actividad,credito,M,48,-5.57105504403769,-4.381617094968061
EE.UU.,bajo,M-actividad,acciones,M,0,-1.121987286185285,-0.6797520254902759
EE.UU.,bajo,M-actividad,acciones,M,1,0.32650168168673077,0.1555591543406165
EE.UU.,bajo,M-actividad,acciones,M,2,0.29585932722697605,0.10289680438495795
EE.UU.,bajo,M-actividad,acciones,M,3,0.6305703304201725,0.17714056051017907
EE.UU.,bajo,M-actividad,acciones,M,4,0.48657049570212496,0.10398100207668974
EE.UU.,bajo,M-actividad,acciones,M,5,-0.10098766819858995,-0.020820539600148246
EE.UU.,bajo,M-actividad,acciones,M,6,0.36928772971236024,0.07518866196106123
EE.UU.,bajo,M-actividad,acciones,M,7,-0.5547687096330756,-0.09792849071855282
EE.UU.,bajo,M-actividad,acciones,M,8,-1.4598594447239646,-0.22477932817508445
EE.UU.,bajo,M-actividad,acciones,M,9,-1.456573848912456,-0.20515405074148393
EE.UU.,bajo,M-actividad,acciones,M,10,-1.0116110060518626,-0.12832634141311197
EE.UU.,bajo,M-actividad,acciones,M,11,-2.5435483195108666,-0.31919549844262185
EE.UU.,bajo,M-actividad,acciones,M,12,-3.2096603295282375,-0.3857568851508361
EE.UU.,bajo,M-actividad,acciones,M,13,-3.912422859951654,-0.47766937019453776
EE.UU.,bajo,M-actividad,acciones,M,14,-3.0980988083774488,-0.38608264326913666
EE.UU.,bajo,M-actividad,acciones,M,15,-4.00389588220503,-0.45661380409754826
EE.UU.,bajo,M-actividad,acciones,M,16,-4.632468646812816,-0.4992024982404763
EE.UU.,bajo,M-actividad,acciones,M,17,-4.063936638824157,-0.44083565501403915
EE.UU.,bajo,M-actividad,acciones,M,18,-3.675816285438146,-0.3994519596774673
EE.UU.,bajo,M-actividad,acciones,M,19,-3.4024930852964848,-0.35345369742885685
EE.UU.,bajo,M-actividad,acciones,M,20,-2.4701995078926777,-0.27019034840266953
EE.UU.,bajo,M-actividad,acciones,M,21,-3.5855651470251773,-0.4020582643320274
EE.UU.,bajo,M-actividad,acciones,M,22,-5.876688547182945,-0.6838827176795979
EE.UU.,bajo,M-actividad,acciones,M,23,-6.331576187613175,-0.7662658096844358
EE.UU.,bajo,M-actividad,acciones,M,24,-6.469839974785598,-0.7706275205259427
EE.UU.,bajo,M-actividad,acciones,M,25,-8.003753173157943,-1.0788391257631582
EE.UU.,bajo,M-actividad,acciones,M,26,-9.393238905365607,-1.342414414381345
EE.UU.,bajo,M-actividad,acciones,M,27,-10.247452841755521,-1.5167319017459204
EE.UU.,bajo,M-actividad,acciones,M,28,-8.467112303459079,-1.1976133442956007
EE.UU.,bajo,M-actividad,acciones,M,29,-8.98325023517638,-1.2305848053809605
EE.UU.,bajo,M-actividad,acciones,M,30,-11.688215458599599,-1.6064488244052346
EE.UU.,bajo,M-actividad,acciones,M,31,-11.323550585428064,-1.6439689230044678
EE.UU.,bajo,M-actividad,acciones,M,32,-14.025891690621963,-1.9114618075472247
EE.UU.,bajo,M-actividad,acciones,M,33,-14.667463499705267,-1.8780445862664839
EE.UU.,bajo,M-actividad,acciones,M,34,-14.247153063864534,-1.8100819081823265
EE.UU.,bajo,M-actividad,acciones,M,35,-13.521622016308754,-1.706049917475585
EE.UU.,bajo,M-actividad,acciones,M,36,-14.116449396175152,-1.6625029768181196
EE.UU.,bajo,M-actividad,acciones,M,37,-14.026102458236382,-1.722611787158142
EE.UU.,bajo,M-actividad,acciones,M,38,-15.316585115397242,-1.7656522295948862
EE.UU.,bajo,M-actividad,acciones,M,39,-15.358320751469353,-1.8109053976184772
EE.UU.,bajo,M-actividad,acciones,M,40,-14.901266611680244,-1.625485867440312
EE.UU.,bajo,M-actividad,acciones,M,41,-15.171525486697922,-1.7142628595587666
EE.UU.,bajo,M-actividad,acciones,M,42,-14.085306498582693,-1.5771642385137747
EE.UU.,bajo,M-actividad,acciones,M,43,-15.111264597048596,-1.749439875197758
EE.UU.,bajo,M-actividad,acciones,M,44,-14.001401419334375,-1.6111117298414326
EE.UU.,bajo,M-actividad,acciones,M,45,-13.273129008539838,-1.3800363235783029
EE.UU.,bajo,M-actividad,acciones,M,46,-11.23795438733129,-1.1748122201374207
EE.UU.,bajo,M-actividad,acciones,M,47,-8.962753255458983,-0.909435681571476
EE.UU.,bajo,M-actividad,acciones,M,48,-6.639437197034524,-0.6494097170588898
EE.UU.,bajo,M-actividad,vivienda,M,0,0.008678615693122643,0.08959815073683808
EE.UU.,bajo,M-actividad,vivienda,M,1,0.006582257590100865,0.04189083688243869
EE.UU.,bajo,M-actividad,vivienda,M,2,-0.042296358710924575,-0.2300916103913261
EE.UU.,bajo,M-actividad,vivienda,M,3,-0.10468584155894572,-0.4790324302647556
EE.UU.,bajo,M-actividad,vivienda,M,4,-0.10836420344039546,-0.3655368161978219
EE.UU.,bajo,M-actividad,vivienda,M,5,-0.023103322680792404,-0.06093649772687522
EE.UU.,bajo,M-actividad,vivienda,M,6,0.20941039994276198,0.44350670971064665
EE.UU.,bajo,M-actividad,vivienda,M,7,0.37456254793124794,0.6613079455143493
EE.UU.,bajo,M-actividad,vivienda,M,8,0.5076401260636998,0.8161782932055935
EE.UU.,bajo,M-actividad,vivienda,M,9,0.5655925149562887,0.8074956736831085
EE.UU.,bajo,M-actividad,vivienda,M,10,0.5394669076395775,0.688576194498002
EE.UU.,bajo,M-actividad,vivienda,M,11,0.5976076936056468,0.7130418757637534
EE.UU.,bajo,M-actividad,vivienda,M,12,0.6480735100285027,0.7043767413810997
EE.UU.,bajo,M-actividad,vivienda,M,13,0.756515614398484,0.7483754261436752
EE.UU.,bajo,M-actividad,vivienda,M,14,0.8834362895487687,0.8170688628503183
EE.UU.,bajo,M-actividad,vivienda,M,15,1.0541585287113775,0.9115257272992855
EE.UU.,bajo,M-actividad,vivienda,M,16,1.231849233881258,0.9892774437309
EE.UU.,bajo,M-actividad,vivienda,M,17,1.4664637035819301,1.1113302282095592
EE.UU.,bajo,M-actividad,vivienda,M,18,1.608233828461619,1.211836541777532
EE.UU.,bajo,M-actividad,vivienda,M,19,1.7595011770305165,1.3146414639594917
EE.UU.,bajo,M-actividad,vivienda,M,20,1.8309654823651578,1.2752674950486784
EE.UU.,bajo,M-actividad,vivienda,M,21,2.226174520390549,1.5655420850002473
EE.UU.,bajo,M-actividad,vivienda,M,22,2.4670997089266353,1.6396135530687177
EE.UU.,bajo,M-actividad,vivienda,M,23,2.602048737359164,1.6394211652840098
EE.UU.,bajo,M-actividad,vivienda,M,24,2.856448669455875,1.757897942044943
EE.UU.,bajo,M-actividad,vivienda,M,25,2.949918416771049,1.7453643328808761
EE.UU.,bajo,M-actividad,vivienda,M,26,2.724919723968711,1.5786374329056523
EE.UU.,bajo,M-actividad,vivienda,M,27,2.7101141553404857,1.5741866670592501
EE.UU.,bajo,M-actividad,vivienda,M,28,2.7955278613055277,1.660548418992032
EE.UU.,bajo,M-actividad,vivienda,M,29,2.5674342516755577,1.5235491122568314
EE.UU.,bajo,M-actividad,vivienda,M,30,2.6343311072935736,1.6552565756203328
EE.UU.,bajo,M-actividad,vivienda,M,31,2.8066807803499247,1.8644814290277172
EE.UU.,bajo,M-actividad,vivienda,M,32,2.1868915039330616,1.2760796129080783
EE.UU.,bajo,M-actividad,vivienda,M,33,2.7037562018543015,1.858155887348958
EE.UU.,bajo,M-actividad,vivienda,M,34,1.8697403103804324,1.0481742803300858
EE.UU.,bajo,M-actividad,vivienda,M,35,1.9864817086874964,1.1781706326319805
EE.UU.,bajo,M-actividad,vivienda,M,36,1.7077084012159287,0.9466487415157615
EE.UU.,bajo,M-actividad,vivienda,M,37,2.158228673890702,1.29571209296594
EE.UU.,bajo,M-actividad,vivienda,M,38,1.8377100357507892,1.041437110355049
EE.UU.,bajo,M-actividad,vivienda,M,39,1.7172341649821021,0.9280081439991944
EE.UU.,bajo,M-actividad,vivienda,M,40,2.122064219470994,1.2730868569389144
EE.UU.,bajo,M-actividad,vivienda,M,41,2.009233987545206,1.1981117724725652
EE.UU.,bajo,M-actividad,vivienda,M,42,2.5692163349160726,1.4549278047014342
EE.UU.,bajo,M-actividad,vivienda,M,43,2.4956677530440845,1.5186706472056086
EE.UU.,bajo,M-actividad,vivienda,M,44,2.5447441156536317,1.5679844271527152
EE.UU.,bajo,M-actividad,vivienda,M,45,3.0124132061410673,1.731340714191921
EE.UU.,bajo,M-actividad,vivienda,M,46,3.2420158772821597,1.7464066724289526
EE.UU.,bajo,M-actividad,vivienda,M,47,3.6757137321392452,1.8550235977632068
EE.UU.,bajo,M-actividad,vivienda,M,48,3.8106432326731325,1.8716580024557843
EE.UU.,bajo,M-actividad,salario,M,0,0.7052008052111216,1.9286586515034496
EE.UU.,bajo,M-actividad,salario,M,1,0.9694746633545908,2.0443054683400512
EE.UU.,bajo,M-actividad,salario,M,2,0.8177999647678202,2.277504002778774
EE.UU.,bajo,M-actividad,salario,M,3,0.651950627292093,2.418967447845399
EE.UU.,bajo,M-actividad,salario,M,4,0.6348835524415636,2.146807267482619
EE.UU.,bajo,M-actividad,salario,M,5,0.5725854138410331,1.68337485889475
EE.UU.,bajo,M-actividad,salario,M,6,0.6485389676479562,1.9605713458969014
EE.UU.,bajo,M-actividad,salario,M,7,0.6728658110648733,1.9884590062414236
EE.UU.,bajo,M-actividad,salario,M,8,0.8024124179574312,2.089717077338458
EE.UU.,bajo,M-actividad,salario,M,9,0.7529457872684769,1.9493248424470786
EE.UU.,bajo,M-actividad,salario,M,10,0.6606741798418566,1.5679676199726227
EE.UU.,bajo,M-actividad,salario,M,11,0.6289359061397498,1.5531367109785315
EE.UU.,bajo,M-actividad,salario,M,12,0.7910211802445473,2.0225472748785682
EE.UU.,bajo,M-actividad,salario,M,13,0.7672658920672736,1.7815120443160333
EE.UU.,bajo,M-actividad,salario,M,14,0.7232367910712646,1.808554850900601
EE.UU.,bajo,M-actividad,salario,M,15,0.6967456477619407,1.813810280608241
EE.UU.,bajo,M-actividad,salario,M,16,0.6905224780853385,1.7342863700961435
EE.UU.,bajo,M-actividad,salario,M,17,0.7942235112871434,1.8435923027239614
EE.UU.,bajo,M-actividad,salario,M,18,0.7218691247955162,1.6865638126680804
EE.UU.,bajo,M-actividad,salario,M,19,0.6146626582623465,1.4283351340323567
EE.UU.,bajo,M-actividad,salario,M,20,0.6124045869536642,1.4127855769491497
EE.UU.,bajo,M-actividad,salario,M,21,0.638098829564653,1.3907041385165173
EE.UU.,bajo,M-actividad,salario,M,22,0.6364642062773551,1.4322713109797665
EE.UU.,bajo,M-actividad,salario,M,23,0.5695695263498538,1.3792014522966622
EE.UU.,bajo,M-actividad,salario,M,24,0.5155370840526153,1.2008227395557933
EE.UU.,bajo,M-actividad,salario,M,25,0.428581869837322,0.9912399711634553
EE.UU.,bajo,M-actividad,salario,M,26,0.20381569090107324,0.46936249961758025
EE.UU.,bajo,M-actividad,salario,M,27,0.08267328083259995,0.19529777552701494
EE.UU.,bajo,M-actividad,salario,M,28,0.15798119864575108,0.3699030968046149
EE.UU.,bajo,M-actividad,salario,M,29,0.14592403268975415,0.35183003565815496
EE.UU.,bajo,M-actividad,salario,M,30,0.03342232473394623,0.07895252717900873
EE.UU.,bajo,M-actividad,salario,M,31,-0.007389074275899021,-0.017615367318041746
EE.UU.,bajo,M-actividad,salario,M,32,0.020208253288506818,0.04917960115860617
EE.UU.,bajo,M-actividad,salario,M,33,-0.005084893713331321,-0.012915106835836361
EE.UU.,bajo,M-actividad,salario,M,34,-0.08941484441846209,-0.23872671495455486
EE.UU.,bajo,M-actividad,salario,M,35,-0.18904523181960436,-0.45353126504674024
EE.UU.,bajo,M-actividad,salario,M,36,-0.24515263158188644,-0.5775446422464172
EE.UU.,bajo,M-actividad,salario,M,37,-0.1475614383553332,-0.3529540232642621
EE.UU.,bajo,M-actividad,salario,M,38,-0.09837591146569948,-0.2372772891231967
EE.UU.,bajo,M-actividad,salario,M,39,0.03517637281546748,0.08711277319016206
EE.UU.,bajo,M-actividad,salario,M,40,-0.009192512218019033,-0.022955906714530634
EE.UU.,bajo,M-actividad,salario,M,41,-0.1807878461344167,-0.4336729314727791
EE.UU.,bajo,M-actividad,salario,M,42,-0.16788154959860319,-0.4425850992699223
EE.UU.,bajo,M-actividad,salario,M,43,-0.1633091699307067,-0.409961107777292
EE.UU.,bajo,M-actividad,salario,M,44,0.03128398277691786,0.08406610442634421
EE.UU.,bajo,M-actividad,salario,M,45,-0.1956651640463679,-0.470011914935818
EE.UU.,bajo,M-actividad,salario,M,46,-0.2554243375129451,-0.6050526152895724
EE.UU.,bajo,M-actividad,salario,M,47,-0.25388973173481777,-0.655584329549815
EE.UU.,bajo,M-actividad,salario,M,48,-0.2752121636792753,-0.6656141962929417
EE.UU.,bajo,M-actividad,ipc,M,0,-0.06511129125565361,-0.7941396914649614
EE.UU.,bajo,M-actividad,ipc,M,1,-0.1540916326406551,-1.1464519661023806
EE.UU.,bajo,M-actividad,ipc,M,2,-0.23509192606652984,-1.506932044608476
EE.UU.,bajo,M-actividad,ipc,M,3,-0.2350898853560446,-1.2114592555071724
EE.UU.,bajo,M-actividad,ipc,M,4,-0.18856836717938455,-0.7925336373632321
EE.UU.,bajo,M-actividad,ipc,M,5,-0.10256638587590901,-0.37560291876463464
EE.UU.,bajo,M-actividad,ipc,M,6,-0.15415889655779152,-0.5166771310094445
EE.UU.,bajo,M-actividad,ipc,M,7,-0.1849354976362657,-0.5842959277110584
EE.UU.,bajo,M-actividad,ipc,M,8,-0.21835929709747653,-0.6084799110350393
EE.UU.,bajo,M-actividad,ipc,M,9,-0.20456090664900808,-0.5496542412783436
EE.UU.,bajo,M-actividad,ipc,M,10,-0.165855136013541,-0.418623075791129
EE.UU.,bajo,M-actividad,ipc,M,11,-0.18517792486450171,-0.46129516322081937
EE.UU.,bajo,M-actividad,ipc,M,12,-0.21687122757968252,-0.5166543955585654
EE.UU.,bajo,M-actividad,ipc,M,13,-0.19710485217303486,-0.4491553975830263
EE.UU.,bajo,M-actividad,ipc,M,14,-0.20842395287475723,-0.4644428325809076
EE.UU.,bajo,M-actividad,ipc,M,15,-0.1151274509667835,-0.24582030222082094
EE.UU.,bajo,M-actividad,ipc,M,16,-0.052248683975252175,-0.11162638021958021
EE.UU.,bajo,M-actividad,ipc,M,17,-0.05476096981427836,-0.10919223876244828
EE.UU.,bajo,M-actividad,ipc,M,18,0.0017159880886619683,0.0032558250831557453
EE.UU.,bajo,M-actividad,ipc,M,19,0.10030222410564721,0.17331977079500405
EE.UU.,bajo,M-actividad,ipc,M,20,0.18683587155612869,0.3082109304024167
EE.UU.,bajo,M-actividad,ipc,M,21,0.2205111722584605,0.335663560138858
EE.UU.,bajo,M-actividad,ipc,M,22,0.20425825495453967,0.2928777916297662
EE.UU.,bajo,M-actividad,ipc,M,23,0.26910894191766566,0.3460137743847014
EE.UU.,bajo,M-actividad,ipc,M,24,0.32574810166279966,0.397467255782543
EE.UU.,bajo,M-actividad,ipc,M,25,0.4220237094706463,0.49395173607664705
EE.UU.,bajo,M-actividad,ipc,M,26,0.6421302290660437,0.6831319899307098
EE.UU.,bajo,M-actividad,ipc,M,27,0.7534414140392027,0.802009174965845
EE.UU.,bajo,M-actividad,ipc,M,28,0.7138012523686111,0.7744501395605179
EE.UU.,bajo,M-actividad,ipc,M,29,0.7117095481869776,0.7664053059234093
EE.UU.,bajo,M-actividad,ipc,M,30,0.8374566155690609,0.9005864309529141
EE.UU.,bajo,M-actividad,ipc,M,31,0.8423123507759472,0.8733974165853005
EE.UU.,bajo,M-actividad,ipc,M,32,0.8716304890739262,0.9232344849539812
EE.UU.,bajo,M-actividad,ipc,M,33,0.8906883742249379,0.924023124140094
EE.UU.,bajo,M-actividad,ipc,M,34,0.9320277622729255,0.9505543674844608
EE.UU.,bajo,M-actividad,ipc,M,35,0.9527819224822556,0.9837295339289918
EE.UU.,bajo,M-actividad,ipc,M,36,1.0116798623243752,1.0443473537559445
EE.UU.,bajo,M-actividad,ipc,M,37,0.9627133620466943,0.9772070249689853
EE.UU.,bajo,M-actividad,ipc,M,38,0.9688142239514249,0.9668813683167107
EE.UU.,bajo,M-actividad,ipc,M,39,0.8925889155116716,0.867666925819544
EE.UU.,bajo,M-actividad,ipc,M,40,0.9284342427580373,0.9104920293760566
EE.UU.,bajo,M-actividad,ipc,M,41,0.9993802034680577,0.9574977183991895
EE.UU.,bajo,M-actividad,ipc,M,42,0.9604939596624721,0.8984125673226342
EE.UU.,bajo,M-actividad,ipc,M,43,0.9918827346231729,0.9291617739902088
EE.UU.,bajo,M-actividad,ipc,M,44,0.9573386259266157,0.8980654746064988
EE.UU.,bajo,M-actividad,ipc,M,45,0.9905071289675899,0.950511323941983
EE.UU.,bajo,M-actividad,ipc,M,46,1.0069470330332484,0.9712247577903989
EE.UU.,bajo,M-actividad,ipc,M,47,1.0171970535302433,0.9695947993783813
EE.UU.,bajo,M-actividad,ipc,M,48,0.9867346696854742,0.942575570191598
EE.UU.,bajo,Exceso+act,tasa,M,0,0.06433563435478862,1.7999671593966164
EE.UU.,bajo,Exceso+act,tasa,M,1,0.09370512059993003,1.4499683591470967
EE.UU.,bajo,Exceso+act,tasa,M,2,0.109830463017807,1.2353207746802222
EE.UU.,bajo,Exceso+act,tasa,M,3,0.18060369868230694,1.6170814570016407
EE.UU.,bajo,Exceso+act,tasa,M,4,0.23380986200701626,1.7893807239838693
EE.UU.,bajo,Exceso+act,tasa,M,5,0.26819428249969185,1.8058375451226318
EE.UU.,bajo,Exceso+act,tasa,M,6,0.3340742922429362,1.9855433132085218
EE.UU.,bajo,Exceso+act,tasa,M,7,0.4185477297085263,2.1873171568988696
EE.UU.,bajo,Exceso+act,tasa,M,8,0.4800158092880781,2.24953632107734
EE.UU.,bajo,Exceso+act,tasa,M,9,0.49121656300635663,2.16848554026254
EE.UU.,bajo,Exceso+act,tasa,M,10,0.4818508244062433,2.029815786882725
EE.UU.,bajo,Exceso+act,tasa,M,11,0.5121066239636913,2.062460813508832
EE.UU.,bajo,Exceso+act,tasa,M,12,0.5433502668340274,2.013833811245852
EE.UU.,bajo,Exceso+act,tasa,M,13,0.489391993315919,1.7145738282691032
EE.UU.,bajo,Exceso+act,tasa,M,14,0.39376685003183587,1.3018680814846364
EE.UU.,bajo,Exceso+act,tasa,M,15,0.33690237626085273,1.0509667786927586
EE.UU.,bajo,Exceso+act,tasa,M,16,0.28290160930101516,0.8425101217805521
EE.UU.,bajo,Exceso+act,tasa,M,17,0.21651251747627837,0.6133921258829292
EE.UU.,bajo,Exceso+act,tasa,M,18,0.1593757237177697,0.43219222115114503
EE.UU.,bajo,Exceso+act,tasa,M,19,0.11424028935632227,0.2985239187095752
EE.UU.,bajo,Exceso+act,tasa,M,20,0.0378111568397454,0.09738097888052072
EE.UU.,bajo,Exceso+act,tasa,M,21,0.03450899488187456,0.08546671435864715
EE.UU.,bajo,Exceso+act,tasa,M,22,0.031028001768442254,0.0744643535588878
EE.UU.,bajo,Exceso+act,tasa,M,23,0.035268244782868066,0.0814392241767691
EE.UU.,bajo,Exceso+act,tasa,M,24,0.03348367935309868,0.07235463537268313
EE.UU.,bajo,Exceso+act,tasa,M,25,0.10584387655070897,0.21902380797640034
EE.UU.,bajo,Exceso+act,tasa,M,26,0.2098844690463793,0.4106012554692435
EE.UU.,bajo,Exceso+act,tasa,M,27,0.2328441475474098,0.4289626889486344
EE.UU.,bajo,Exceso+act,tasa,M,28,0.26165627713793194,0.44692633034899365
EE.UU.,bajo,Exceso+act,tasa,M,29,0.3042764268338357,0.49896019295452726
EE.UU.,bajo,Exceso+act,tasa,M,30,0.3889151583666393,0.6176533108471065
EE.UU.,bajo,Exceso+act,tasa,M,31,0.4276705239463237,0.6533517393687233
EE.UU.,bajo,Exceso+act,tasa,M,32,0.4389380368603511,0.6374734316387758
EE.UU.,bajo,Exceso+act,tasa,M,33,0.4335329226701857,0.624434955882754
EE.UU.,bajo,Exceso+act,tasa,M,34,0.48478987453785594,0.6693330429900615
EE.UU.,bajo,Exceso+act,tasa,M,35,0.5784799953639718,0.760269533680213
EE.UU.,bajo,Exceso+act,tasa,M,36,0.5572352268018912,0.7208465416953379
EE.UU.,bajo,Exceso+act,tasa,M,37,0.5400481914527261,0.6826568226401103
EE.UU.,bajo,Exceso+act,tasa,M,38,0.6256193813213681,0.788096801514024
EE.UU.,bajo,Exceso+act,tasa,M,39,0.6072645955358944,0.754371746755233
EE.UU.,bajo,Exceso+act,tasa,M,40,0.4139235541697034,0.49858631078412713
EE.UU.,bajo,Exceso+act,tasa,M,41,0.43928999001182784,0.5023207488606626
EE.UU.,bajo,Exceso+act,tasa,M,42,0.4974794321730787,0.5636171486909654
EE.UU.,bajo,Exceso+act,tasa,M,43,0.5506066418974319,0.6022720840071718
EE.UU.,bajo,Exceso+act,tasa,M,44,0.5371098269968764,0.5704978239760796
EE.UU.,bajo,Exceso+act,tasa,M,45,0.5160633684951804,0.5321400352992394
EE.UU.,bajo,Exceso+act,tasa,M,46,0.4439272301297724,0.4355676861830091
EE.UU.,bajo,Exceso+act,tasa,M,47,0.4174110662777827,0.39439660903049656
EE.UU.,bajo,Exceso+act,tasa,M,48,0.33828608414845224,0.3075423945306342
EE.UU.,bajo,Exceso+act,credito,M,0,0.5714810551554234,2.748398945153705
EE.UU.,bajo,Exceso+act,credito,M,1,1.0119346364311579,2.993774718387224
EE.UU.,bajo,Exceso+act,credito,M,2,1.3665107780450567,2.962251377807501
EE.UU.,bajo,Exceso+act,credito,M,3,1.1296575213391504,1.9544170355420816
EE.UU.,bajo,Exceso+act,credito,M,4,1.1579093542634746,1.6514016700700422
EE.UU.,bajo,Exceso+act,credito,M,5,1.2373535452909243,1.949014121732727
EE.UU.,bajo,Exceso+act,credito,M,6,1.0680510751196255,1.9494480839580322
EE.UU.,bajo,Exceso+act,credito,M,7,0.9479375671547638,1.7182523187291057
EE.UU.,bajo,Exceso+act,credito,M,8,0.6279958399188179,1.1012190872980692
EE.UU.,bajo,Exceso+act,credito,M,9,0.5654099628239537,0.9088150305830692
EE.UU.,bajo,Exceso+act,credito,M,10,0.4867907285259457,0.736080220633455
EE.UU.,bajo,Exceso+act,credito,M,11,0.6162347390023646,0.8022959180064853
EE.UU.,bajo,Exceso+act,credito,M,12,0.6731387737345856,0.81065067476266
EE.UU.,bajo,Exceso+act,credito,M,13,0.7082548578853174,0.8116886490202625
EE.UU.,bajo,Exceso+act,credito,M,14,0.6610980302527205,0.6998351062918104
EE.UU.,bajo,Exceso+act,credito,M,15,0.9653778960920649,0.9766205381254782
EE.UU.,bajo,Exceso+act,credito,M,16,1.2840387621637728,1.1564779904323241
EE.UU.,bajo,Exceso+act,credito,M,17,1.7137770658995093,1.3770026713947205
EE.UU.,bajo,Exceso+act,credito,M,18,2.2405808368904707,1.5389709084087728
EE.UU.,bajo,Exceso+act,credito,M,19,2.472080156041875,1.580914759157266
EE.UU.,bajo,Exceso+act,credito,M,20,2.8777894214741315,1.7243285723366568
EE.UU.,bajo,Exceso+act,credito,M,21,3.5228046582743717,1.879608353164623
EE.UU.,bajo,Exceso+act,credito,M,22,4.465604123767717,2.2997722671878815
EE.UU.,bajo,Exceso+act,credito,M,23,4.245672699402512,2.165756509743243
EE.UU.,bajo,Exceso+act,credito,M,24,3.9892190376859866,2.1614899700095314
EE.UU.,bajo,Exceso+act,credito,M,25,3.992637209731783,2.2596184879068466
EE.UU.,bajo,Exceso+act,credito,M,26,3.9370989760826793,2.2116498083240415
EE.UU.,bajo,Exceso+act,credito,M,27,4.029145189707715,2.1275601292518895
EE.UU.,bajo,Exceso+act,credito,M,28,4.135436127997536,2.170135312035259
EE.UU.,bajo,Exceso+act,credito,M,29,4.17018371270818,2.2574532438312565
EE.UU.,bajo,Exceso+act,credito,M,30,3.9901915494508695,1.9411743377725468
EE.UU.,bajo,Exceso+act,credito,M,31,4.127443314381615,2.052146933071928
EE.UU.,bajo,Exceso+act,credito,M,32,4.294512953286344,1.9798546692765664
EE.UU.,bajo,Exceso+act,credito,M,33,4.985646637320394,2.3908760496097425
EE.UU.,bajo,Exceso+act,credito,M,34,5.112217691751485,2.188757713270086
EE.UU.,bajo,Exceso+act,credito,M,35,5.363159928859887,1.9755571118529152
EE.UU.,bajo,Exceso+act,credito,M,36,5.804025511687682,2.0356514508123214
EE.UU.,bajo,Exceso+act,credito,M,37,5.8805836774559905,1.9717452268389135
EE.UU.,bajo,Exceso+act,credito,M,38,5.701705141147691,1.85213379528374
EE.UU.,bajo,Exceso+act,credito,M,39,5.5301940517587855,1.7783483312306823
EE.UU.,bajo,Exceso+act,credito,M,40,5.843617466903201,1.8558862219631511
EE.UU.,bajo,Exceso+act,credito,M,41,5.792766899497583,1.7109064395921805
EE.UU.,bajo,Exceso+act,credito,M,42,5.579305176452572,1.626688778325326
EE.UU.,bajo,Exceso+act,credito,M,43,5.287232592572326,1.4637906649628125
EE.UU.,bajo,Exceso+act,credito,M,44,5.002356240122804,1.4039484883504647
EE.UU.,bajo,Exceso+act,credito,M,45,5.051398067610384,1.3694963273264371
EE.UU.,bajo,Exceso+act,credito,M,46,5.123891980955664,1.3649681997681764
EE.UU.,bajo,Exceso+act,credito,M,47,5.073668698878138,1.3316509452657166
EE.UU.,bajo,Exceso+act,credito,M,48,5.223167965938325,1.3357041667364808
EE.UU.,bajo,Exceso+act,acciones,M,0,-0.5855732383213559,-0.3870716110833817
EE.UU.,bajo,Exceso+act,acciones,M,1,1.5135941989098094,0.5847992318392801
EE.UU.,bajo,Exceso+act,acciones,M,2,3.9664717033308685,1.2809304277062081
EE.UU.,bajo,Exceso+act,acciones,M,3,5.062822252686329,1.492210146423608
EE.UU.,bajo,Exceso+act,acciones,M,4,5.272025170182959,1.4688888153084696
EE.UU.,bajo,Exceso+act,acciones,M,5,6.532587720620367,1.7909881150283402
EE.UU.,bajo,Exceso+act,acciones,M,6,9.522288998681905,2.3397304409534034
EE.UU.,bajo,Exceso+act,acciones,M,7,12.258048874848583,2.6063358869796973
EE.UU.,bajo,Exceso+act,acciones,M,8,14.069570870977042,2.7665618488004187
EE.UU.,bajo,Exceso+act,acciones,M,9,14.158322358041161,2.551596170380064
EE.UU.,bajo,Exceso+act,acciones,M,10,15.424606048229338,2.4808938986298505
EE.UU.,bajo,Exceso+act,acciones,M,11,15.198652536931277,2.313722194073105
EE.UU.,bajo,Exceso+act,acciones,M,12,15.930202720770808,2.394356921179617
EE.UU.,bajo,Exceso+act,acciones,M,13,15.86650785613292,2.368828415980737
EE.UU.,bajo,Exceso+act,acciones,M,14,16.009356184508725,2.398557158690058
EE.UU.,bajo,Exceso+act,acciones,M,15,17.26470673032384,2.4122548817851017
EE.UU.,bajo,Exceso+act,acciones,M,16,17.75145660173399,2.4373805182974437
EE.UU.,bajo,Exceso+act,acciones,M,17,18.829977226826777,2.63319668078728
EE.UU.,bajo,Exceso+act,acciones,M,18,17.703288259919134,2.495429563801295
EE.UU.,bajo,Exceso+act,acciones,M,19,14.893643911222346,2.1257429057894153
EE.UU.,bajo,Exceso+act,acciones,M,20,15.2794991251798,2.3282959362852615
EE.UU.,bajo,Exceso+act,acciones,M,21,12.913910282957312,2.006418977577187
EE.UU.,bajo,Exceso+act,acciones,M,22,9.971576402565015,1.4053915345848416
EE.UU.,bajo,Exceso+act,acciones,M,23,12.127467872002397,1.7239358875543038
EE.UU.,bajo,Exceso+act,acciones,M,24,12.639025971956912,1.7282872206271715
EE.UU.,bajo,Exceso+act,acciones,M,25,11.471283216313118,1.38852382883909
EE.UU.,bajo,Exceso+act,acciones,M,26,12.714297418192782,1.4321011393097394
EE.UU.,bajo,Exceso+act,acciones,M,27,8.994329020409598,1.0218808581835805
EE.UU.,bajo,Exceso+act,acciones,M,28,9.041087959935766,1.0397482616431144
EE.UU.,bajo,Exceso+act,acciones,M,29,10.201232919540598,1.1231150760275421
EE.UU.,bajo,Exceso+act,acciones,M,30,9.738266798527082,1.0470408876146482
EE.UU.,bajo,Exceso+act,acciones,M,31,8.757278271231781,0.922673448361338
EE.UU.,bajo,Exceso+act,acciones,M,32,6.6568706559085875,0.7343177097596086
EE.UU.,bajo,Exceso+act,acciones,M,33,3.881269282210217,0.3903725830082561
EE.UU.,bajo,Exceso+act,acciones,M,34,4.106073091426207,0.4315127266281521
EE.UU.,bajo,Exceso+act,acciones,M,35,5.308307912574611,0.5766422992621832
EE.UU.,bajo,Exceso+act,acciones,M,36,3.345716331415976,0.35372624084120835
EE.UU.,bajo,Exceso+act,acciones,M,37,4.018251076323253,0.42062873838240006
EE.UU.,bajo,Exceso+act,acciones,M,38,2.653956861880512,0.2889344982240587
EE.UU.,bajo,Exceso+act,acciones,M,39,0.04130436197039855,0.004678454588894478
EE.UU.,bajo,Exceso+act,acciones,M,40,-2.3536396699439357,-0.2522310165138476
EE.UU.,bajo,Exceso+act,acciones,M,41,-1.0197794533122821,-0.11711717419513812
EE.UU.,bajo,Exceso+act,acciones,M,42,1.8339055760835556,0.2120594678905368
EE.UU.,bajo,Exceso+act,acciones,M,43,2.143283095105251,0.24728273869956552
EE.UU.,bajo,Exceso+act,acciones,M,44,-3.4078273531817382,-0.32544114247553163
EE.UU.,bajo,Exceso+act,acciones,M,45,0.2528180684320196,0.02776308929992119
EE.UU.,bajo,Exceso+act,acciones,M,46,-1.4057845795659054,-0.14893205175624671
EE.UU.,bajo,Exceso+act,acciones,M,47,-2.4014413096458735,-0.27877719729830996
EE.UU.,bajo,Exceso+act,acciones,M,48,-5.364025943931558,-0.565909857162084
EE.UU.,bajo,Exceso+act,vivienda,M,0,0.18923977095645145,2.1691355005951083
EE.UU.,bajo,Exceso+act,vivienda,M,1,0.338868962498699,2.1449316297509076
EE.UU.,bajo,Exceso+act,vivienda,M,2,0.4356798090865423,1.809450027757577
EE.UU.,bajo,Exceso+act,vivienda,M,3,0.4202527827302521,1.3103610585143055
EE.UU.,bajo,Exceso+act,vivienda,M,4,0.672040861738706,1.641408255147781
EE.UU.,bajo,Exceso+act,vivienda,M,5,0.9146346252621653,1.857287675868591
EE.UU.,bajo,Exceso+act,vivienda,M,6,1.1354234636679175,1.9599475696835047
EE.UU.,bajo,Exceso+act,vivienda,M,7,1.2881170777759687,1.9900644491869703
EE.UU.,bajo,Exceso+act,vivienda,M,8,1.4624861463545482,2.065730335999219
EE.UU.,bajo,Exceso+act,vivienda,M,9,1.6072145470942392,2.0938921611595456
EE.UU.,bajo,Exceso+act,vivienda,M,10,1.7588948592520917,2.1234603214853207
EE.UU.,bajo,Exceso+act,vivienda,M,11,2.1541981591246415,2.3640095035495636
EE.UU.,bajo,Exceso+act,vivienda,M,12,2.3657668910517433,2.468761572362161
EE.UU.,bajo,Exceso+act,vivienda,M,13,2.6257018970047574,2.634926933426301
EE.UU.,bajo,Exceso+act,vivienda,M,14,2.8780099832452692,2.6985670213088393
EE.UU.,bajo,Exceso+act,vivienda,M,15,3.221562074366526,2.772880009740078
EE.UU.,bajo,Exceso+act,vivienda,M,16,3.6572557740504354,2.844956294382821
EE.UU.,bajo,Exceso+act,vivienda,M,17,3.9679513801546684,2.7858608404127403
EE.UU.,bajo,Exceso+act,vivienda,M,18,4.34977769467079,2.938600608804096
EE.UU.,bajo,Exceso+act,vivienda,M,19,4.654062099543115,2.930796819292818
EE.UU.,bajo,Exceso+act,vivienda,M,20,4.932492208054927,2.8654350755151414
EE.UU.,bajo,Exceso+act,vivienda,M,21,5.172738010331429,2.7413925023522414
EE.UU.,bajo,Exceso+act,vivienda,M,22,5.716366438464492,2.9312978315231493
EE.UU.,bajo,Exceso+act,vivienda,M,23,5.682478514101142,2.659338760910684
EE.UU.,bajo,Exceso+act,vivienda,M,24,5.401006661414223,2.3246559187187295
EE.UU.,bajo,Exceso+act,vivienda,M,25,5.777102447635491,2.578934934582712
EE.UU.,bajo,Exceso+act,vivienda,M,26,5.514156206930058,2.2349637817388692
EE.UU.,bajo,Exceso+act,vivienda,M,27,5.516659699839897,2.183174808244032
EE.UU.,bajo,Exceso+act,vivienda,M,28,5.82781900547652,2.305256878219239
EE.UU.,bajo,Exceso+act,vivienda,M,29,5.592790179365684,2.1746270094133604
EE.UU.,bajo,Exceso+act,vivienda,M,30,6.03742652239462,2.1865964725086
EE.UU.,bajo,Exceso+act,vivienda,M,31,6.498657137915511,2.4623911508722505
EE.UU.,bajo,Exceso+act,vivienda,M,32,6.531169326778574,2.34692326381256
EE.UU.,bajo,Exceso+act,vivienda,M,33,5.685414419617871,1.742543954405189
EE.UU.,bajo,Exceso+act,vivienda,M,34,6.737152513462843,2.1396289562827255
EE.UU.,bajo,Exceso+act,vivienda,M,35,6.8500520236561515,2.011379935907316
EE.UU.,bajo,Exceso+act,vivienda,M,36,7.089928201401142,2.045461620153567
EE.UU.,bajo,Exceso+act,vivienda,M,37,7.198742138618973,2.0344003503756305
EE.UU.,bajo,Exceso+act,vivienda,M,38,6.974370938008089,1.9509360274029346
EE.UU.,bajo,Exceso+act,vivienda,M,39,7.115429882155117,1.8737638140521187
EE.UU.,bajo,Exceso+act,vivienda,M,40,8.058203651349437,2.0891669375679136
EE.UU.,bajo,Exceso+act,vivienda,M,41,8.86367238789212,2.1823106835744497
EE.UU.,bajo,Exceso+act,vivienda,M,42,8.606692538521415,2.0905655045385565
EE.UU.,bajo,Exceso+act,vivienda,M,43,8.509643780748966,2.0185775294011012
EE.UU.,bajo,Exceso+act,vivienda,M,44,9.894378914962717,2.2746685206229946
EE.UU.,bajo,Exceso+act,vivienda,M,45,9.918478013102128,2.0744451552729015
EE.UU.,bajo,Exceso+act,vivienda,M,46,10.719645155137519,2.1545273651425605
EE.UU.,bajo,Exceso+act,vivienda,M,47,10.890040482334575,2.081065275411894
EE.UU.,bajo,Exceso+act,vivienda,M,48,10.870899946347139,2.142166579232049
EE.UU.,bajo,Exceso+act,salario,M,0,0.1972104628963033,1.5967017029481547
EE.UU.,bajo,Exceso+act,salario,M,1,0.2950457620553181,1.3880116594985907
EE.UU.,bajo,Exceso+act,salario,M,2,0.3045785786291351,1.1797934723409216
EE.UU.,bajo,Exceso+act,salario,M,3,0.1041434880638733,0.41434705847178616
EE.UU.,bajo,Exceso+act,salario,M,4,0.05765323078269813,0.22090449467034498
EE.UU.,bajo,Exceso+act,salario,M,5,0.0844501047008547,0.32934256527191547
EE.UU.,bajo,Exceso+act,salario,M,6,0.050260935530940076,0.19061674603697476
EE.UU.,bajo,Exceso+act,salario,M,7,-0.1072579522402417,-0.36069215565957313
EE.UU.,bajo,Exceso+act,salario,M,8,-0.26968401108223083,-0.8320650380314855
EE.UU.,bajo,Exceso+act,salario,M,9,-0.30659866797203983,-0.9531062169387852
EE.UU.,bajo,Exceso+act,salario,M,10,-0.32420259041064764,-0.9787719162389592
EE.UU.,bajo,Exceso+act,salario,M,11,-0.26027000399525113,-0.7333830947327282
EE.UU.,bajo,Exceso+act,salario,M,12,-0.2298480006737636,-0.6105077325191287
EE.UU.,bajo,Exceso+act,salario,M,13,-0.22730794162707613,-0.5804286601542173
EE.UU.,bajo,Exceso+act,salario,M,14,-0.37133308870525444,-0.9363639997316517
EE.UU.,bajo,Exceso+act,salario,M,15,-0.3018499067470822,-0.7679068008429955
EE.UU.,bajo,Exceso+act,salario,M,16,-0.3303349810431473,-0.8111361333950518
EE.UU.,bajo,Exceso+act,salario,M,17,-0.277523650889411,-0.6563794523237855
EE.UU.,bajo,Exceso+act,salario,M,18,-0.3751981238605271,-0.9023616296636163
EE.UU.,bajo,Exceso+act,salario,M,19,-0.3739386657200941,-0.9252486169633347
EE.UU.,bajo,Exceso+act,salario,M,20,-0.2390200985211618,-0.5888486993091467
EE.UU.,bajo,Exceso+act,salario,M,21,-0.26114826912891587,-0.5999173004129417
EE.UU.,bajo,Exceso+act,salario,M,22,-0.08576514423702243,-0.20361950029386117
EE.UU.,bajo,Exceso+act,salario,M,23,-0.03179835063214853,-0.077929720463752
EE.UU.,bajo,Exceso+act,salario,M,24,-0.18406083131298803,-0.427917210325201
EE.UU.,bajo,Exceso+act,salario,M,25,-0.2696016144605211,-0.6646064483994842
EE.UU.,bajo,Exceso+act,salario,M,26,-0.20429533468575528,-0.48396856209362127
EE.UU.,bajo,Exceso+act,salario,M,27,-0.2169922067923901,-0.514776758618995
EE.UU.,bajo,Exceso+act,salario,M,28,-0.1600420606081302,-0.36821503167973507
EE.UU.,bajo,Exceso+act,salario,M,29,-0.2314748627462064,-0.5597205409607962
EE.UU.,bajo,Exceso+act,salario,M,30,-0.02950425725631688,-0.06579870173703582
EE.UU.,bajo,Exceso+act,salario,M,31,0.003061231029700684,0.00684457832854704
EE.UU.,bajo,Exceso+act,salario,M,32,0.019268550226759232,0.04421408288892484
EE.UU.,bajo,Exceso+act,salario,M,33,0.16131187279104647,0.4074463819107197
EE.UU.,bajo,Exceso+act,salario,M,34,0.3639129931496599,0.9643377973696763
EE.UU.,bajo,Exceso+act,salario,M,35,0.4835540810762755,1.1751134653260127
EE.UU.,bajo,Exceso+act,salario,M,36,0.679112929362365,1.676419152030644
EE.UU.,bajo,Exceso+act,salario,M,37,0.9005820864758145,2.083796115034692
EE.UU.,bajo,Exceso+act,salario,M,38,0.8646533515945527,1.9123706297524603
EE.UU.,bajo,Exceso+act,salario,M,39,0.6328114334275061,1.4334338629300007
EE.UU.,bajo,Exceso+act,salario,M,40,0.7348264944050065,1.6648135287506265
EE.UU.,bajo,Exceso+act,salario,M,41,0.8910084497130117,2.1259896120316735
EE.UU.,bajo,Exceso+act,salario,M,42,0.9729407534546081,2.267942309263437
EE.UU.,bajo,Exceso+act,salario,M,43,0.9272712347637034,2.0411129806221497
EE.UU.,bajo,Exceso+act,salario,M,44,1.0028200054795255,1.9389683725751188
EE.UU.,bajo,Exceso+act,salario,M,45,0.9227239170520581,1.739500836224863
EE.UU.,bajo,Exceso+act,salario,M,46,0.9355391913633654,1.6099062896112282
EE.UU.,bajo,Exceso+act,salario,M,47,1.0638793284473744,1.887407131324736
EE.UU.,bajo,Exceso+act,salario,M,48,1.2383215695967698,2.204386259330324
EE.UU.,bajo,Exceso+act,ipc,M,0,-0.2147139936976235,-2.765813858036463
EE.UU.,bajo,Exceso+act,ipc,M,1,-0.3763069144839668,-3.1631663172780295
EE.UU.,bajo,Exceso+act,ipc,M,2,-0.42639620926900423,-2.5999847095135564
EE.UU.,bajo,Exceso+act,ipc,M,3,-0.32432809782920957,-1.5679382657271552
EE.UU.,bajo,Exceso+act,ipc,M,4,-0.33520418666516505,-1.5011974327579845
EE.UU.,bajo,Exceso+act,ipc,M,5,-0.3976017624844872,-1.7008748743107946
EE.UU.,bajo,Exceso+act,ipc,M,6,-0.36356064851163006,-1.521802057966412
EE.UU.,bajo,Exceso+act,ipc,M,7,-0.2512478264640539,-0.872297335531846
EE.UU.,bajo,Exceso+act,ipc,M,8,-0.075543546443404,-0.2313604812047614
EE.UU.,bajo,Exceso+act,ipc,M,9,0.057988205239850765,0.1657092214240103
EE.UU.,bajo,Exceso+act,ipc,M,10,0.091013170870054,0.23676877407664979
EE.UU.,bajo,Exceso+act,ipc,M,11,0.08135887717271584,0.19323768316461118
EE.UU.,bajo,Exceso+act,ipc,M,12,0.07513817782730903,0.1605905483052248
EE.UU.,bajo,Exceso+act,ipc,M,13,0.11512776325124519,0.22403361513883865
EE.UU.,bajo,Exceso+act,ipc,M,14,0.25099686339903404,0.49731437546287394
EE.UU.,bajo,Exceso+act,ipc,M,15,0.3087376361636442,0.6065338366525825
EE.UU.,bajo,Exceso+act,ipc,M,16,0.39596064401613584,0.7255869832917792
EE.UU.,bajo,Exceso+act,ipc,M,17,0.45172073665609835,0.7761799375833562
EE.UU.,bajo,Exceso+act,ipc,M,18,0.49395971417029394,0.8448268770101038
EE.UU.,bajo,Exceso+act,ipc,M,19,0.59535000127289,1.004283053073619
EE.UU.,bajo,Exceso+act,ipc,M,20,0.6496323231119565,1.0594523885933502
EE.UU.,bajo,Exceso+act,ipc,M,21,0.616577477518606,0.9663477938964746
EE.UU.,bajo,Exceso+act,ipc,M,22,0.6171859842259133,0.9181460396575873
EE.UU.,bajo,Exceso+act,ipc,M,23,0.638677116286487,0.9275125594396056
EE.UU.,bajo,Exceso+act,ipc,M,24,0.8215010612634398,1.153991119925795
EE.UU.,bajo,Exceso+act,ipc,M,25,0.9484579135566358,1.2940475861824798
EE.UU.,bajo,Exceso+act,ipc,M,26,0.9595700303660702,1.2829479898312248
EE.UU.,bajo,Exceso+act,ipc,M,27,0.966460483531801,1.244972756586927
EE.UU.,bajo,Exceso+act,ipc,M,28,0.9779608467833003,1.2372293538542662
EE.UU.,bajo,Exceso+act,ipc,M,29,1.0557724412502998,1.362007342979148
EE.UU.,bajo,Exceso+act,ipc,M,30,1.077976462674076,1.3804521338370037
EE.UU.,bajo,Exceso+act,ipc,M,31,1.162333736979865,1.4648814976553124
EE.UU.,bajo,Exceso+act,ipc,M,32,0.9696163691937942,1.195031933371269
EE.UU.,bajo,Exceso+act,ipc,M,33,0.9526909678117732,1.1886982663451893
EE.UU.,bajo,Exceso+act,ipc,M,34,0.985805139683782,1.2455309763817557
EE.UU.,bajo,Exceso+act,ipc,M,35,0.8923293291411094,1.0918380481388206
EE.UU.,bajo,Exceso+act,ipc,M,36,0.8018106920497977,0.9785947220413939
EE.UU.,bajo,Exceso+act,ipc,M,37,0.8354599025676905,1.0485279295544316
EE.UU.,bajo,Exceso+act,ipc,M,38,0.9528308566001288,1.1969728794793328
EE.UU.,bajo,Exceso+act,ipc,M,39,0.9605711158174356,1.1673910215011536
EE.UU.,bajo,Exceso+act,ipc,M,40,1.0347558552570204,1.2165010043940168
EE.UU.,bajo,Exceso+act,ipc,M,41,0.9749413308133974,1.0968189062346931
EE.UU.,bajo,Exceso+act,ipc,M,42,1.0116630244324492,1.1328824248757854
EE.UU.,bajo,Exceso+act,ipc,M,43,1.0128749149686849,1.1432181882608996
EE.UU.,bajo,Exceso+act,ipc,M,44,1.0848679520728008,1.1970087000931031
EE.UU.,bajo,Exceso+act,ipc,M,45,1.1290583392362852,1.2011210102439356
EE.UU.,bajo,Exceso+act,ipc,M,46,1.1854444579685803,1.2329333840617893
EE.UU.,bajo,Exceso+act,ipc,M,47,1.122566027783421,1.1894780085293355
EE.UU.,bajo,Exceso+act,ipc,M,48,1.0348485042968372,1.0735225634221972
Zona euro,bajo,Exceso,tasa,M,0,0.02980677057144644,0.7535443584362548
Zona euro,bajo,Exceso,tasa,M,1,0.05680546399814271,0.7764869038295439
Zona euro,bajo,Exceso,tasa,M,2,0.09168436078815397,0.9121252384255459
Zona euro,bajo,Exceso,tasa,M,3,0.09038726557822754,0.7584271963380367
Zona euro,bajo,Exceso,tasa,M,4,0.10534911963799716,0.7986799943006423
Zona euro,bajo,Exceso,tasa,M,5,0.16822146492816636,1.1232174182202017
Zona euro,bajo,Exceso,tasa,M,6,0.2521933343084278,1.4661252842279606
Zona euro,bajo,Exceso,tasa,M,7,0.31807007609931587,1.6042230034127714
Zona euro,bajo,Exceso,tasa,M,8,0.38232760494009604,1.6867036380297658
Zona euro,bajo,Exceso,tasa,M,9,0.4802472157458081,1.8856890057545175
Zona euro,bajo,Exceso,tasa,M,10,0.517847816122519,1.867494715636689
Zona euro,bajo,Exceso,tasa,M,11,0.5744525318181575,1.9074520068301295
Zona euro,bajo,Exceso,tasa,M,12,0.6200076621972952,1.8844472637419396
Zona euro,bajo,Exceso,tasa,M,13,0.6488430249445428,1.8537491369675678
Zona euro,bajo,Exceso,tasa,M,14,0.6757851507904541,1.8745884649099436
Zona euro,bajo,Exceso,tasa,M,15,0.7199623779709305,1.927693934328622
Zona euro,bajo,Exceso,tasa,M,16,0.7255642267973359,1.9045834772358716
Zona euro,bajo,Exceso,tasa,M,17,0.7230899920325493,1.8810212592406759
Zona euro,bajo,Exceso,tasa,M,18,0.6549574952314791,1.659150520616897
Zona euro,bajo,Exceso,tasa,M,19,0.6465398709871578,1.5925272441413465
Zona euro,bajo,Exceso,tasa,M,20,0.6092866379583466,1.4707084724581048
Zona euro,bajo,Exceso,tasa,M,21,0.6037433009747047,1.4461896080991625
Zona euro,bajo,Exceso,tasa,M,22,0.5717905959098512,1.3536791605530862
Zona euro,bajo,Exceso,tasa,M,23,0.5089757282953045,1.1816963434089105
Zona euro,bajo,Exceso,tasa,M,24,0.4649826340985468,1.0468792265903815
Zona euro,bajo,Exceso,tasa,M,25,0.42963709870565603,0.957267282446681
Zona euro,bajo,Exceso,tasa,M,26,0.3934296330083157,0.8592464249966718
Zona euro,bajo,Exceso,tasa,M,27,0.37368271059653,0.8053632385878109
Zona euro,bajo,Exceso,tasa,M,28,0.3764045854126744,0.8040667829918952
Zona euro,bajo,Exceso,tasa,M,29,0.41626561602536716,0.8888391959154611
Zona euro,bajo,Exceso,tasa,M,30,0.49458468771563247,1.05431770150689
Zona euro,bajo,Exceso,tasa,M,31,0.5475532219696493,1.1582779029608243
Zona euro,bajo,Exceso,tasa,M,32,0.5761726249636467,1.1999079702153364
Zona euro,bajo,Exceso,tasa,M,33,0.5712258759903881,1.1849382231484114
Zona euro,bajo,Exceso,tasa,M,34,0.5837920947468873,1.1811937347633594
Zona euro,bajo,Exceso,tasa,M,35,0.44470648053065576,0.7732305599790462
Zona euro,bajo,Exceso,tasa,M,36,0.423571531254642,0.7135543638561775
Zona euro,bajo,Exceso,tasa,M,37,0.4389033149509948,0.7195609793013836
Zona euro,bajo,Exceso,tasa,M,38,0.6757160090862955,1.232076460966667
Zona euro,bajo,Exceso,tasa,M,39,0.7282542799630684,1.3073427185071633
Zona euro,bajo,Exceso,tasa,M,40,0.7665516456186272,1.38250318265186
Zona euro,bajo,Exceso,tasa,M,41,0.9392866099310515,1.797902818592657
Zona euro,bajo,Exceso,tasa,M,42,0.9889026290384086,1.8197603384774572
Zona euro,bajo,Exceso,tasa,M,43,1.0578988290110756,1.9353310108585255
Zona euro,bajo,Exceso,tasa,M,44,1.4614472782008974,2.6121393589859734
Zona euro,bajo,Exceso,tasa,M,45,1.5514384668872694,2.6968191179278374
Zona euro,bajo,Exceso,tasa,M,46,1.5357090677920338,2.6848680568984546
Zona euro,bajo,Exceso,tasa,M,47,1.8357961488861563,2.627734666336713
Zona euro,bajo,Exceso,tasa,M,48,1.8036173683137358,2.490867031572699
Zona euro,bajo,Exceso,acciones,M,0,-3.2632238505560363,-1.4410097151087171
Zona euro,bajo,Exceso,acciones,M,1,-2.1882323304311853,-0.7172465207352376
Zona euro,bajo,Exceso,acciones,M,2,-1.550653625609146,-0.46876737377132693
Zona euro,bajo,Exceso,acciones,M,3,-0.2497680123337669,-0.07379987509505548
Zona euro,bajo,Exceso,acciones,M,4,0.12238215022068522,0.03387785011490932
Zona euro,bajo,Exceso,acciones,M,5,-1.1424476774318764,-0.27751093413805056
Zona euro,bajo,Exceso,acciones,M,6,-0.6830522391208158,-0.1545081205113591
Zona euro,bajo,Exceso,acciones,M,7,-0.11395586185021145,-0.02434695573649412
Zona euro,bajo,Exceso,acciones,M,8,-0.5946064788801485,-0.1152262453696794
Zona euro,bajo,Exceso,acciones,M,9,0.11530607858604347,0.02273350950104238
Zona euro,bajo,Exceso,acciones,M,10,0.655945532335729,0.1362008261430042
Zona euro,bajo,Exceso,acciones,M,11,1.608278537670453,0.34342211427927505
Zona euro,bajo,Exceso,acciones,M,12,1.3448797837906257,0.2853893320712074
Zona euro,bajo,Exceso,acciones,M,13,1.3036499753432405,0.26649376913787254
Zona euro,bajo,Exceso,acciones,M,14,1.809296711276113,0.34188412245800126
Zona euro,bajo,Exceso,acciones,M,15,1.1142881782636307,0.21253326858762528
Zona euro,bajo,Exceso,acciones,M,16,0.17409125729970487,0.029563869649101997
Zona euro,bajo,Exceso,acciones,M,17,-1.1279778941284453,-0.1723574049217232
Zona euro,bajo,Exceso,acciones,M,18,-1.8232764491694162,-0.28326555809273446
Zona euro,bajo,Exceso,acciones,M,19,-2.178219478000492,-0.31532628459457174
Zona euro,bajo,Exceso,acciones,M,20,-4.634376157538385,-0.6277938140780687
Zona euro,bajo,Exceso,acciones,M,21,-7.453732822988108,-0.962913787279018
Zona euro,bajo,Exceso,acciones,M,22,-9.063233565457061,-1.1747744252565837
Zona euro,bajo,Exceso,acciones,M,23,-8.740058226639102,-1.1988845454798642
Zona euro,bajo,Exceso,acciones,M,24,-8.2222533393709,-1.121517556004836
Zona euro,bajo,Exceso,acciones,M,25,-8.573346065979834,-1.122321395140492
Zona euro,bajo,Exceso,acciones,M,26,-7.491020818263813,-1.0318997629757756
Zona euro,bajo,Exceso,acciones,M,27,-5.842579612758838,-0.8700550313386864
Zona euro,bajo,Exceso,acciones,M,28,-6.664586257546292,-0.9181840960942692
Zona euro,bajo,Exceso,acciones,M,29,-5.797799729242152,-0.8717182419916293
Zona euro,bajo,Exceso,acciones,M,30,-5.043741907278924,-0.7496320291168481
Zona euro,bajo,Exceso,acciones,M,31,-3.5909028950788384,-0.5196487683880908
Zona euro,bajo,Exceso,acciones,M,32,-0.2701686343595834,-0.0434288111741521
Zona euro,bajo,Exceso,acciones,M,33,0.6726075116520486,0.10765158235642232
Zona euro,bajo,Exceso,acciones,M,34,1.4369569110897547,0.22071317199869978
Zona euro,bajo,Exceso,acciones,M,35,0.24488527381222577,0.03583102069315233
Zona euro,bajo,Exceso,acciones,M,36,-0.044125207730270066,-0.006267358412787884
Zona euro,bajo,Exceso,acciones,M,37,0.8957356808341879,0.144304682678162
Zona euro,bajo,Exceso,acciones,M,38,-2.747595514898861,-0.4485365861393118
Zona euro,bajo,Exceso,acciones,M,39,-4.733201315362801,-0.6901056151752827
Zona euro,bajo,Exceso,acciones,M,40,-1.8161469243009796,-0.30518356691774995
Zona euro,bajo,Exceso,acciones,M,41,-1.728957956802469,-0.2753061227588837
Zona euro,bajo,Exceso,acciones,M,42,-3.3070595120467106,-0.468678104202105
Zona euro,bajo,Exceso,acciones,M,43,-6.234104772608206,-0.8643777700677537
Zona euro,bajo,Exceso,acciones,M,44,-6.598658030250249,-0.857680396746637
Zona euro,bajo,Exceso,acciones,M,45,-6.41290319127368,-0.7868353410585601
Zona euro,bajo,Exceso,acciones,M,46,-10.195266342649155,-1.1276551295802857
Zona euro,bajo,Exceso,acciones,M,47,-8.580745327319578,-0.995187633602264
Zona euro,bajo,Exceso,acciones,M,48,-7.254737115634514,-0.7656048550713038
Zona euro,bajo,Exceso,ipc,M,0,-0.08606117345610337,-0.7172487941753856
Zona euro,bajo,Exceso,ipc,M,1,0.05001650307199609,0.2609453859515354
Zona euro,bajo,Exceso,ipc,M,2,0.4160390840136597,1.606112832516248
Zona euro,bajo,Exceso,ipc,M,3,0.6489717576038698,2.262105156046305
Zona euro,bajo,Exceso,ipc,M,4,0.7965400235228443,2.3219654252458977
Zona euro,bajo,Exceso,ipc,M,5,0.7981197981506066,1.9964834079780949
Zona euro,bajo,Exceso,ipc,M,6,0.6822326498298872,1.4888511999488345
Zona euro,bajo,Exceso,ipc,M,7,0.6344873487580497,1.238967783272196
Zona euro,bajo,Exceso,ipc,M,8,0.781401751194122,1.4133877703500406
Zona euro,bajo,Exceso,ipc,M,9,0.9286028732973294,1.7760451187337016
Zona euro,bajo,Exceso,ipc,M,10,0.9092605640838263,1.8996702149901987
Zona euro,bajo,Exceso,ipc,M,11,0.6915590148329536,1.42956154692889
Zona euro,bajo,Exceso,ipc,M,12,0.5890531676836746,1.0181879399560299
Zona euro,bajo,Exceso,ipc,M,13,0.6434372672005457,1.0636485131625415
Zona euro,bajo,Exceso,ipc,M,14,0.9228117591718598,1.41116870039355
Zona euro,bajo,Exceso,ipc,M,15,1.0500310542135585,1.6080424313603603
Zona euro,bajo,Exceso,ipc,M,16,1.0293686261702621,1.624318059035462
Zona euro,bajo,Exceso,ipc,M,17,0.8803675379897642,1.2963419303670514
Zona euro,bajo,Exceso,ipc,M,18,0.8060346671455546,1.1639970961105675
Zona euro,bajo,Exceso,ipc,M,19,0.7153992418699678,1.004149136441607
Zona euro,bajo,Exceso,ipc,M,20,0.8806259001498781,1.3423703603969614
Zona euro,bajo,Exceso,ipc,M,21,1.0635295051228304,1.8102142363812392
Zona euro,bajo,Exceso,ipc,M,22,1.0871080527273533,1.8630344898189375
Zona euro,bajo,Exceso,ipc,M,23,1.029857391051085,1.6607964891887999
Zona euro,bajo,Exceso,ipc,M,24,1.0022125889740106,1.4509529320018058
Zona euro,bajo,Exceso,ipc,M,25,1.1967101021517876,1.698616910742512
Zona euro,bajo,Exceso,ipc,M,26,1.4437643421864594,1.9482205055671993
Zona euro,bajo,Exceso,ipc,M,27,1.5295758720761272,1.9851616452637557
Zona euro,bajo,Exceso,ipc,M,28,1.5500971995516963,1.8609857973796364
Zona euro,bajo,Exceso,ipc,M,29,1.682917112450886,1.97423120286385
Zona euro,bajo,Exceso,ipc,M,30,1.7530690771196513,1.952276273676456
Zona euro,bajo,Exceso,ipc,M,31,1.9515200379109616,2.0291564048675825
Zona euro,bajo,Exceso,ipc,M,32,1.9962346255774914,2.0706673817288612
Zona euro,bajo,Exceso,ipc,M,33,2.0045614883402934,2.075620803981658
Zona euro,bajo,Exceso,ipc,M,34,2.0014728311354304,1.9793010218340819
Zona euro,bajo,Exceso,ipc,M,35,1.744323509943849,1.6342327766512565
Zona euro,bajo,Exceso,ipc,M,36,1.8074874492863868,1.6602981874425171
Zona euro,bajo,Exceso,ipc,M,37,1.8744798847316644,1.695260912265509
Zona euro,bajo,Exceso,ipc,M,38,2.1561394930745688,1.921177155505062
Zona euro,bajo,Exceso,ipc,M,39,2.2510045779670875,1.8918637699568017
Zona euro,bajo,Exceso,ipc,M,40,2.270699924098806,1.878222313034725
Zona euro,bajo,Exceso,ipc,M,41,2.5778133841325146,2.0708699024634436
Zona euro,bajo,Exceso,ipc,M,42,2.516581819664765,1.959433624494013
Zona euro,bajo,Exceso,ipc,M,43,2.4003470065370136,1.8532166909325603
Zona euro,bajo,Exceso,ipc,M,44,2.8709561853921413,2.2137112048942424
Zona euro,bajo,Exceso,ipc,M,45,2.8331719022701685,2.1372706406686284
Zona euro,bajo,Exceso,ipc,M,46,2.8476260163221063,2.048852786732756
Zona euro,bajo,Exceso,ipc,M,47,3.215460376938643,2.2326524323593646
Zona euro,bajo,Exceso,ipc,M,48,3.2477078880067047,2.309378507989128
Zona euro,bajo,Exceso,fx,M,0,1.0426286216553118,1.7136496728032904
Zona euro,bajo,Exceso,fx,M,1,2.335181802464694,2.048232121915519
Zona euro,bajo,Exceso,fx,M,2,1.2457185181809756,0.8716339529585307
Zona euro,bajo,Exceso,fx,M,3,1.03211203332641,0.5781401702875885
Zona euro,bajo,Exceso,fx,M,4,1.1213157199077222,0.5048165320688897
Zona euro,bajo,Exceso,fx,M,5,0.7975083089261115,0.3271414606413626
Zona euro,bajo,Exceso,fx,M,6,1.043721570611354,0.4184814157322875
Zona euro,bajo,Exceso,fx,M,7,0.520727929807972,0.20231976919410102
Zona euro,bajo,Exceso,fx,M,8,-0.7750542024179252,-0.2699322836624225
Zona euro,bajo,Exceso,fx,M,9,-0.8429103258749078,-0.295341559961018
Zona euro,bajo,Exceso,fx,M,10,-0.8289741506487892,-0.2823825569853808
Zona euro,bajo,Exceso,fx,M,11,-1.1871830760015085,-0.40799886215778297
Zona euro,bajo,Exceso,fx,M,12,-1.3830585258954269,-0.4537140619592439
Zona euro,bajo,Exceso,fx,M,13,-2.4306259400359767,-0.790809047120283
Zona euro,bajo,Exceso,fx,M,14,-3.0405947047238713,-0.975655475718793
Zona euro,bajo,Exceso,fx,M,15,-4.3687870500098205,-1.6185492227467166
Zona euro,bajo,Exceso,fx,M,16,-4.599719658568159,-1.6006116777311823
Zona euro,bajo,Exceso,fx,M,17,-4.557322995234651,-1.630261574239424
Zona euro,bajo,Exceso,fx,M,18,-5.41689625287325,-1.9732084029801675
Zona euro,bajo,Exceso,fx,M,19,-5.808093634942127,-2.1142011864032133
Zona euro,bajo,Exceso,fx,M,20,-3.996179465692714,-1.5009943396932417
Zona euro,bajo,Exceso,fx,M,21,-2.8982422584251704,-1.041594196177783
Zona euro,bajo,Exceso,fx,M,22,-3.0779377246622905,-1.1257662527103243
Zona euro,bajo,Exceso,fx,M,23,-2.8480884838450216,-0.9810070727608567
Zona euro,bajo,Exceso,fx,M,24,-2.2550137253901688,-0.7267546306971209
Zona euro,bajo,Exceso,fx,M,25,-1.9079959243161935,-0.6129005056532825
Zona euro,bajo,Exceso,fx,M,26,-1.9641114695335142,-0.6026046189624001
Zona euro,bajo,Exceso,fx,M,27,-1.7248093918919467,-0.5109233670455944
Zona euro,bajo,Exceso,fx,M,28,-0.4376779020541781,-0.12343593692444972
Zona euro,bajo,Exceso,fx,M,29,0.3483540273582691,0.09886454727507937
Zona euro,bajo,Exceso,fx,M,30,0.2487233886296547,0.0663891914366129
Zona euro,bajo,Exceso,fx,M,31,-0.6890607946481595,-0.21174183628938562
Zona euro,bajo,Exceso,fx,M,32,-0.7233156659216711,-0.23069517821351537
Zona euro,bajo,Exceso,fx,M,33,-2.0451840548723785,-0.6465308815008205
Zona euro,bajo,Exceso,fx,M,34,-2.6166924876684647,-0.7417932134552481
Zona euro,bajo,Exceso,fx,M,35,-2.056546437225971,-0.557599915839477
Zona euro,bajo,Exceso,fx,M,36,-3.264521738482933,-0.8687824826253535
Zona euro,bajo,Exceso,fx,M,37,-3.7105927932749445,-0.8297101098570835
Zona euro,bajo,Exceso,fx,M,38,-3.4685858213889826,-0.7174245676186219
Zona euro,bajo,Exceso,fx,M,39,-4.097572959558097,-0.8639067512655102
Zona euro,bajo,Exceso,fx,M,40,-4.223220320949608,-0.848840542674934
Zona euro,bajo,Exceso,fx,M,41,-4.55893562305006,-0.9155567695004396
Zona euro,bajo,Exceso,fx,M,42,-5.001841951176295,-0.9637330329442603
Zona euro,bajo,Exceso,fx,M,43,-5.44718839402945,-1.031290325899382
Zona euro,bajo,Exceso,fx,M,44,-6.429169330456901,-1.3999112883892169
Zona euro,bajo,Exceso,fx,M,45,-7.419022941198108,-1.6894846780573824
Zona euro,bajo,Exceso,fx,M,46,-7.408118432631845,-1.6776099239938196
Zona euro,bajo,Exceso,fx,M,47,-6.947026481567927,-1.5252665335231403
Zona euro,bajo,Exceso,fx,M,48,-6.009666450010346,-1.3178802052205607
Zona euro,bajo,Exceso,vivienda,Q,0,-0.011612768507637166,-0.04569703017558084
Zona euro,bajo,Exceso,vivienda,Q,1,-0.6771728168989476,-1.419453440272864
Zona euro,bajo,Exceso,vivienda,Q,2,-0.5086388605421238,-0.7602680565762038
Zona euro,bajo,Exceso,vivienda,Q,3,-0.8428343835417641,-1.0505878821406984
Zona euro,bajo,Exceso,vivienda,Q,4,-0.6773580260450843,-0.6305340805395339
Zona euro,bajo,Exceso,vivienda,Q,5,-0.7676085775423571,-0.5339548854606389
Zona euro,bajo,Exceso,vivienda,Q,6,-0.5128279838446973,-0.2859482666094655
Zona euro,bajo,Exceso,vivienda,Q,7,-1.362168682093543,-0.6747360094890548
Zona euro,bajo,Exceso,vivienda,Q,8,-1.7164146218838146,-0.7377512490495676
Zona euro,bajo,Exceso,vivienda,Q,9,-2.5960666676758763,-1.0077659605819973
Zona euro,bajo,Exceso,vivienda,Q,10,-5.232827340439732,-1.779949034399487
Zona euro,bajo,Exceso,vivienda,Q,11,-5.812654674546825,-1.7016242675282387
Zona euro,bajo,Exceso,vivienda,Q,12,-6.533769627843882,-1.8258249808127733
Zona euro,bajo,Exceso,credito,Q,0,2.595537245920827,2.994304023558298
Zona euro,bajo,Exceso,credito,Q,1,3.123279430988842,2.320916911346247
Zona euro,bajo,Exceso,credito,Q,2,3.419183591420771,2.314486192684128
Zona euro,bajo,Exceso,credito,Q,3,3.856011953396526,2.0712363899188633
Zona euro,bajo,Exceso,credito,Q,4,4.0513449683516,2.229170307931486
Zona euro,bajo,Exceso,credito,Q,5,3.9862015190885014,2.023385060396445
Zona euro,bajo,Exceso,credito,Q,6,4.89325642245885,2.2118309562557052
Zona euro,bajo,Exceso,credito,Q,7,5.308475687636932,2.100050465354434
Zona euro,bajo,Exceso,credito,Q,8,6.269694836207833,1.9037292040160445
Zona euro,bajo,Exceso,credito,Q,9,8.684369772782032,2.2458784559951437
Zona euro,bajo,Exceso,credito,Q,10,7.985350255138041,1.5185783817194474
Zona euro,bajo,Exceso,credito,Q,11,7.231209316183222,1.1214519324845673
Zona euro,bajo,Exceso,credito,Q,12,5.064660140195992,0.6426311877345072
Zona euro,bajo,M-actividad,tasa,M,0,-0.01932454715922798,-0.735209649060689
Zona euro,bajo,M-actividad,tasa,M,1,-0.056045377582776966,-0.9096057592242657
Zona euro,bajo,M-actividad,tasa,M,2,-0.09497141087163684,-1.0377844149981204
Zona euro,bajo,M-actividad,tasa,M,3,-0.14271210477817647,-1.2040187774149473
Zona euro,bajo,M-actividad,tasa,M,4,-0.1836730864863957,-1.2870220150508198
Zona euro,bajo,M-actividad,tasa,M,5,-0.2109645135301552,-1.2919512862751008
Zona euro,bajo,M-actividad,tasa,M,6,-0.24110815591449697,-1.2829122856884458
Zona euro,bajo,M-actividad,tasa,M,7,-0.2609716441898357,-1.245647795137914
Zona euro,bajo,M-actividad,tasa,M,8,-0.27005409291685695,-1.178423709904824
Zona euro,bajo,M-actividad,tasa,M,9,-0.26450419255793933,-1.09057978042704
Zona euro,bajo,M-actividad,tasa,M,10,-0.2565888076948058,-1.0186742696628734
Zona euro,bajo,M-actividad,tasa,M,11,-0.23646653930442146,-0.9138706951698276
Zona euro,bajo,M-actividad,tasa,M,12,-0.2235434728407085,-0.8423188868351122
Zona euro,bajo,M-actividad,tasa,M,13,-0.19688422097009944,-0.7297603687540422
Zona euro,bajo,M-actividad,tasa,M,14,-0.1842589308601044,-0.657220539902576
Zona euro,bajo,M-actividad,tasa,M,15,-0.1729836822146763,-0.6057693992652826
Zona euro,bajo,M-actividad,tasa,M,16,-0.1658879837900914,-0.5674510081943687
Zona euro,bajo,M-actividad,tasa,M,17,-0.17441729054621546,-0.5971326115663884
Zona euro,bajo,M-actividad,tasa,M,18,-0.18892408780483433,-0.6424307620018841
Zona euro,bajo,M-actividad,tasa,M,19,-0.213064362471446,-0.7193742773224635
Zona euro,bajo,M-actividad,tasa,M,20,-0.2222939591308221,-0.738044895223648
Zona euro,bajo,M-actividad,tasa,M,21,-0.22740252394352797,-0.7423648718997392
Zona euro,bajo,M-actividad,tasa,M,22,-0.24835011942329727,-0.7877859128919747
Zona euro,bajo,M-actividad,tasa,M,23,-0.25585529265337537,-0.8027596537613946
Zona euro,bajo,M-actividad,tasa,M,24,-0.2564240349984642,-0.8100973447179702
Zona euro,bajo,M-actividad,tasa,M,25,-0.264332042553461,-0.8291201098153803
Zona euro,bajo,M-actividad,tasa,M,26,-0.26691151238836885,-0.8284384287724408
Zona euro,bajo,M-actividad,tasa,M,27,-0.2413072785889528,-0.7401379533307032
Zona euro,bajo,M-actividad,tasa,M,28,-0.22329944332073867,-0.6675095197134374
Zona euro,bajo,M-actividad,tasa,M,29,-0.1808914866769636,-0.5197670121787932
Zona euro,bajo,M-actividad,tasa,M,30,-0.1291844467114215,-0.36138369701572054
Zona euro,bajo,M-actividad,tasa,M,31,-0.08189303204948661,-0.22208950799252472
Zona euro,bajo,M-actividad,tasa,M,32,-0.049606873510179214,-0.13091161102683105
Zona euro,bajo,M-actividad,tasa,M,33,-0.02273455336855821,-0.058693438175051474
Zona euro,bajo,M-actividad,tasa,M,34,0.008848334630521853,0.022281728183059322
Zona euro,bajo,M-actividad,tasa,M,35,0.031034362024666147,0.07729665585286237
Zona euro,bajo,M-actividad,tasa,M,36,0.055484960029011376,0.13574405605856468
Zona euro,bajo,M-actividad,tasa,M,37,0.07843257985118444,0.18820782673592146
Zona euro,bajo,M-actividad,tasa,M,38,0.10224825827233372,0.24122217675401705
Zona euro,bajo,M-actividad,tasa,M,39,0.1132126357343705,0.2673509356587385
Zona euro,bajo,M-actividad,tasa,M,40,0.12090181820477763,0.2802312742053637
Zona euro,bajo,M-actividad,tasa,M,41,0.1269435855891691,0.3008808918028044
Zona euro,bajo,M-actividad,tasa,M,42,0.13404657161555286,0.30709927468730486
Zona euro,bajo,M-actividad,tasa,M,43,0.14908500471419778,0.3495144698451463
Zona euro,bajo,M-actividad,tasa,M,44,0.16604368547670662,0.40225995491691974
Zona euro,bajo,M-actividad,tasa,M,45,0.15215143171679835,0.35018213745242704
Zona euro,bajo,M-actividad,tasa,M,46,0.153673429973212,0.34482150160711506
Zona euro,bajo,M-actividad,tasa,M,47,0.153898271160631,0.3424758346806547
Zona euro,bajo,M-actividad,tasa,M,48,0.15548023013513684,0.35092293699491056
Zona euro,bajo,M-actividad,acciones,M,0,-2.060145159035912,-1.7837254982617743
Zona euro,bajo,M-actividad,acciones,M,1,-1.638158959394515,-1.2038431175957618
Zona euro,bajo,M-actividad,acciones,M,2,-2.098923668660372,-1.5092459834978191
Zona euro,bajo,M-actividad,acciones,M,3,-1.7364167854377284,-1.198659457981351
Zona euro,bajo,M-actividad,acciones,M,4,-0.9503448286397326,-0.5996331539051739
Zona euro,bajo,M-actividad,acciones,M,5,-1.8325570064311691,-0.9423311540257813
Zona euro,bajo,M-actividad,acciones,M,6,-1.2155386747003276,-0.6098782156317143
Zona euro,bajo,M-actividad,acciones,M,7,-1.2428160238793868,-0.5643512180560872
Zona euro,bajo,M-actividad,acciones,M,8,-0.63791688612847,-0.26448879697954125
Zona euro,bajo,M-actividad,acciones,M,9,-1.378139140724278,-0.5079066121601112
Zona euro,bajo,M-actividad,acciones,M,10,-2.13740695480076,-0.8003954149176699
Zona euro,bajo,M-actividad,acciones,M,11,-1.5353748665649738,-0.6129502374105319
Zona euro,bajo,M-actividad,acciones,M,12,-1.3291369133234927,-0.4759613035817581
Zona euro,bajo,M-actividad,acciones,M,13,-1.3958547388660538,-0.4916934504591951
Zona euro,bajo,M-actividad,acciones,M,14,-1.2269912935129093,-0.4034164321659479
Zona euro,bajo,M-actividad,acciones,M,15,-0.45957431125029624,-0.14398867575060575
Zona euro,bajo,M-actividad,acciones,M,16,-1.359976127789816,-0.37305212778399627
Zona euro,bajo,M-actividad,acciones,M,17,-0.8360390322388814,-0.2164040585247656
Zona euro,bajo,M-actividad,acciones,M,18,0.05392901637952639,0.01322769707486055
Zona euro,bajo,M-actividad,acciones,M,19,-0.016609763316833837,-0.003929632988862893
Zona euro,bajo,M-actividad,acciones,M,20,-0.19718931375307922,-0.045177227808297506
Zona euro,bajo,M-actividad,acciones,M,21,-1.2157147795645646,-0.26594853534899654
Zona euro,bajo,M-actividad,acciones,M,22,-1.1937578231499006,-0.2789477348535774
Zona euro,bajo,M-actividad,acciones,M,23,-2.2597707826714104,-0.546983624568209
Zona euro,bajo,M-actividad,acciones,M,24,-2.5067840239011105,-0.6118475002127197
Zona euro,bajo,M-actividad,acciones,M,25,-3.1936521621604523,-0.795534893276006
Zona euro,bajo,M-actividad,acciones,M,26,-3.571952198141117,-0.9724743063669327
Zona euro,bajo,M-actividad,acciones,M,27,-3.7070438380327033,-1.1339918503624005
Zona euro,bajo,M-actividad,acciones,M,28,-3.2691661345305385,-1.0034845856761516
Zona euro,bajo,M-actividad,acciones,M,29,-3.8513794106066674,-1.256566692385438
Zona euro,bajo,M-actividad,acciones,M,30,-4.300243200443152,-1.3183532796262287
Zona euro,bajo,M-actividad,acciones,M,31,-4.9760223476980014,-1.447159729117164
Zona euro,bajo,M-actividad,acciones,M,32,-5.02768486360386,-1.3515764780749533
Zona euro,bajo,M-actividad,acciones,M,33,-5.89611712073766,-1.477044457806584
Zona euro,bajo,M-actividad,acciones,M,34,-5.5448471906785235,-1.3176447712201957
Zona euro,bajo,M-actividad,acciones,M,35,-6.476211110453624,-1.5080859975513177
Zona euro,bajo,M-actividad,acciones,M,36,-6.960833329230993,-1.5872218255584982
Zona euro,bajo,M-actividad,acciones,M,37,-6.79786875132158,-1.5561975565585688
Zona euro,bajo,M-actividad,acciones,M,38,-7.884047820663116,-1.6747583064186613
Zona euro,bajo,M-actividad,acciones,M,39,-8.772607875298561,-1.683637426512591
Zona euro,bajo,M-actividad,acciones,M,40,-8.32355638680343,-1.5739858715410824
Zona euro,bajo,M-actividad,acciones,M,41,-8.400379186826893,-1.5697332069783236
Zona euro,bajo,M-actividad,acciones,M,42,-8.243639508235617,-1.6535044975034932
Zona euro,bajo,M-actividad,acciones,M,43,-8.393507167474048,-1.6372929618197967
Zona euro,bajo,M-actividad,acciones,M,44,-7.671572028317236,-1.4569303344489624
Zona euro,bajo,M-actividad,acciones,M,45,-6.468819993828163,-1.3112740744694336
Zona euro,bajo,M-actividad,acciones,M,46,-6.401430816202546,-1.0954661481759422
Zona euro,bajo,M-actividad,acciones,M,47,-5.7442402489207725,-0.9907373970890418
Zona euro,bajo,M-actividad,acciones,M,48,-4.531824278393875,-0.7074648594855154
Zona euro,bajo,M-actividad,ipc,M,0,-0.07368595317756925,-1.9997411076799132
Zona euro,bajo,M-actividad,ipc,M,1,-0.1466992915467887,-2.5544122447478625
Zona euro,bajo,M-actividad,ipc,M,2,-0.1556548385643504,-1.7495656047183794
Zona euro,bajo,M-actividad,ipc,M,3,-0.11192999848887193,-0.9351546675669922
Zona euro,bajo,M-actividad,ipc,M,4,-0.13024361065445375,-0.9416417952466557
Zona euro,bajo,M-actividad,ipc,M,5,-0.17967160733844692,-1.0251108972489678
Zona euro,bajo,M-actividad,ipc,M,6,-0.22251544999930173,-1.0342584137908615
Zona euro,bajo,M-actividad,ipc,M,7,-0.20153834372644688,-0.8326630217824356
Zona euro,bajo,M-actividad,ipc,M,8,-0.19597000682202964,-0.6931058363352661
Zona euro,bajo,M-actividad,ipc,M,9,-0.013046251916935106,-0.042530175518408875
Zona euro,bajo,M-actividad,ipc,M,10,0.041777242068441904,0.12317563932554172
Zona euro,bajo,M-actividad,ipc,M,11,-0.008282647771592544,-0.027242435609583986
Zona euro,bajo,M-actividad,ipc,M,12,-0.041289122970704514,-0.12558153523078786
Zona euro,bajo,M-actividad,ipc,M,13,-0.03368663533561154,-0.09909798528371574
Zona euro,bajo,M-actividad,ipc,M,14,-0.016390458893850234,-0.04517628112621455
Zona euro,bajo,M-actividad,ipc,M,15,0.0019444245161520657,0.005154283638243981
Zona euro,bajo,M-actividad,ipc,M,16,-0.0073589198670395255,-0.019756090589492126
Zona euro,bajo,M-actividad,ipc,M,17,-0.039296808860264126,-0.10355891340019101
Zona euro,bajo,M-actividad,ipc,M,18,-0.13660876728347035,-0.3689747233998195
Zona euro,bajo,M-actividad,ipc,M,19,-0.0774914331739723,-0.2018333697039414
Zona euro,bajo,M-actividad,ipc,M,20,-0.0605942115636109,-0.15049655251504845
Zona euro,bajo,M-actividad,ipc,M,21,0.10856051722827569,0.25638508106078883
Zona euro,bajo,M-actividad,ipc,M,22,0.09533037090516405,0.222144235610022
Zona euro,bajo,M-actividad,ipc,M,23,0.2365669726354634,0.5426232856666365
Zona euro,bajo,M-actividad,ipc,M,24,0.26638443559859254,0.5793716901080499
Zona euro,bajo,M-actividad,ipc,M,25,0.3075399220945464,0.6413301814253191
Zona euro,bajo,M-actividad,ipc,M,26,0.366404349886415,0.7397437075317322
Zona euro,bajo,M-actividad,ipc,M,27,0.4526670644728825,0.8690943129878446
Zona euro,bajo,M-actividad,ipc,M,28,0.44282704791392963,0.8173983174713434
Zona euro,bajo,M-actividad,ipc,M,29,0.5021795167491266,0.8817431428765894
Zona euro,bajo,M-actividad,ipc,M,30,0.5923129859202155,0.9624310885384405
Zona euro,bajo,M-actividad,ipc,M,31,0.7564371331371486,1.1541454213386024
Zona euro,bajo,M-actividad,ipc,M,32,0.7179248264221765,1.1383621873876848
Zona euro,bajo,M-actividad,ipc,M,33,0.8357018449299002,1.348265437256928
Zona euro,bajo,M-actividad,ipc,M,34,0.8854981832689964,1.4178584150573985
Zona euro,bajo,M-actividad,ipc,M,35,0.9946423391786242,1.6065321657941425
Zona euro,bajo,M-actividad,ipc,M,36,1.0065933424400737,1.6155668350054886
Zona euro,bajo,M-actividad,ipc,M,37,0.9880653027522882,1.6001422192767825
Zona euro,bajo,M-actividad,ipc,M,38,0.9890807860718184,1.6176793392519004
Zona euro,bajo,M-actividad,ipc,M,39,1.0248635628481748,1.6378426772629515
Zona euro,bajo,M-actividad,ipc,M,40,1.0523345277169893,1.6848097836120333
Zona euro,bajo,M-actividad,ipc,M,41,1.1079193154330595,1.741050278089396
Zona euro,bajo,M-actividad,ipc,M,42,1.0645435044807559,1.6482254639318874
Zona euro,bajo,M-actividad,ipc,M,43,1.083752237699042,1.6722502187079566
Zona euro,bajo,M-actividad,ipc,M,44,1.0375998123518198,1.6931653979674206
Zona euro,bajo,M-actividad,ipc,M,45,1.1582861098301005,1.8768024596416728
Zona euro,bajo,M-actividad,ipc,M,46,1.1900034299890279,1.9338846657528224
Zona euro,bajo,M-actividad,ipc,M,47,1.2744059722942744,2.1986686172916436
Zona euro,bajo,M-actividad,ipc,M,48,1.2114150193865454,2.0453584170915566
Zona euro,bajo,M-actividad,fx,M,0,0.1880873123740019,0.6208121205900181
Zona euro,bajo,M-actividad,fx,M,1,0.2434058537223224,0.5346253894427474
Zona euro,bajo,M-actividad,fx,M,2,-0.051076866716151234,-0.09244609575447567
Zona euro,bajo,M-actividad,fx,M,3,-0.18865312308368634,-0.26467175471042576
Zona euro,bajo,M-actividad,fx,M,4,-0.6435455525519179,-0.7707163173214477
Zona euro,bajo,M-actividad,fx,M,5,-0.91740170498688,-0.9491361838218372
Zona euro,bajo,M-actividad,fx,M,6,-0.7392302955044602,-0.6982595988886521
Zona euro,bajo,M-actividad,fx,M,7,-0.9253609829443141,-0.8812028301169741
Zona euro,bajo,M-actividad,fx,M,8,-0.9878709718593768,-0.8552446014023771
Zona euro,bajo,M-actividad,fx,M,9,-1.0457499561312245,-0.8255910870772168
Zona euro,bajo,M-actividad,fx,M,10,-0.7544422170316926,-0.5637977103014379
Zona euro,bajo,M-actividad,fx,M,11,-0.6119874245679867,-0.4611505793272749
Zona euro,bajo,M-actividad,fx,M,12,-0.9461425104533293,-0.7226789307068533
Zona euro,bajo,M-actividad,fx,M,13,-1.2695859970654706,-0.9369533432097694
Zona euro,bajo,M-actividad,fx,M,14,-1.2257459161492692,-0.8238282342494616
Zona euro,bajo,M-actividad,fx,M,15,-1.45990097667741,-1.0132060854452083
Zona euro,bajo,M-actividad,fx,M,16,-1.5108705605360104,-0.9635994558506175
Zona euro,bajo,M-actividad,fx,M,17,-1.5177404579506788,-0.8999388631585704
Zona euro,bajo,M-actividad,fx,M,18,-2.0981685482502126,-1.227176932771871
Zona euro,bajo,M-actividad,fx,M,19,-2.14339765349084,-1.2244929146284111
Zona euro,bajo,M-actividad,fx,M,20,-2.040723268559478,-1.1558180658391788
Zona euro,bajo,M-actividad,fx,M,21,-2.0820912288164757,-1.1751180052946661
Zona euro,bajo,M-actividad,fx,M,22,-2.4197805370154275,-1.3336575475056156
Zona euro,bajo,M-actividad,fx,M,23,-2.4180702843493322,-1.3209856376369826
Zona euro,bajo,M-actividad,fx,M,24,-2.1903068210514376,-1.1142402594713097
Zona euro,bajo,M-actividad,fx,M,25,-1.846131177128063,-0.8835207253463061
Zona euro,bajo,M-actividad,fx,M,26,-2.068686331787492,-1.0010572869400196
Zona euro,bajo,M-actividad,fx,M,27,-1.6657639566644356,-0.7699995490185582
Zona euro,bajo,M-actividad,fx,M,28,-1.481303046076826,-0.6518027473273625
Zona euro,bajo,M-actividad,fx,M,29,-1.3539977807891699,-0.5725227205616131
Zona euro,bajo,M-actividad,fx,M,30,-1.18100653869909,-0.5048265777734461
Zona euro,bajo,M-actividad,fx,M,31,-1.1551156244118723,-0.4812483638906735
Zona euro,bajo,M-actividad,fx,M,32,-1.4236038104230013,-0.6384755668640656
Zona euro,bajo,M-actividad,fx,M,33,-1.7983723303230035,-0.7925927886384511
Zona euro,bajo,M-actividad,fx,M,34,-1.722110566802949,-0.8097718615768483
Zona euro,bajo,M-actividad,fx,M,35,-1.5677647679437399,-0.6801916807281145
Zona euro,bajo,M-actividad,fx,M,36,-1.9416542529294007,-0.8138990579654023
Zona euro,bajo,M-actividad,fx,M,37,-1.8120903257929173,-0.7530611445547272
Zona euro,bajo,M-actividad,fx,M,38,-1.9253246204497998,-0.7645820347434462
Zona euro,bajo,M-actividad,fx,M,39,-2.331783382086937,-0.9059240385370682
Zona euro,bajo,M-actividad,fx,M,40,-1.9964929296891565,-0.7707935713119763
Zona euro,bajo,M-actividad,fx,M,41,-1.8690831293155308,-0.6841608768472431
Zona euro,bajo,M-actividad,fx,M,42,-1.5854785280274055,-0.5889322595042954
Zona euro,bajo,M-actividad,fx,M,43,-1.89048313340243,-0.701794459714274
Zona euro,bajo,M-actividad,fx,M,44,-2.1685665310966775,-0.7961101619877773
Zona euro,bajo,M-actividad,fx,M,45,-2.410202909737332,-0.8930066703110078
Zona euro,bajo,M-actividad,fx,M,46,-2.389433250865223,-0.8670517591688867
Zona euro,bajo,M-actividad,fx,M,47,-2.420913398477937,-0.8728434759389708
Zona euro,bajo,M-actividad,fx,M,48,-1.9889423901926084,-0.7302630980346485
Zona euro,bajo,M-actividad,vivienda,Q,0,0.0911923912192587,0.7629432186092037
Zona euro,bajo,M-actividad,vivienda,Q,1,-0.10402649257831145,-0.49704416390182166
Zona euro,bajo,M-actividad,vivienda,Q,2,-0.1292069567917634,-0.36386821747223536
Zona euro,bajo,M-actividad,vivienda,Q,3,-0.4349285595387132,-0.9734862411587972
Zona euro,bajo,M-actividad,vivienda,Q,4,-0.4321235652714722,-0.6822859718822559
Zona euro,bajo,M-actividad,vivienda,Q,5,-0.5453599123611803,-0.6367474279670073
Zona euro,bajo,M-actividad,vivienda,Q,6,-0.34510528180239486,-0.3516315496348313
Zona euro,bajo,M-actividad,vivienda,Q,7,-0.471201360331526,-0.44342859562501113
Zona euro,bajo,M-actividad,vivienda,Q,8,-0.40066225675087447,-0.3528556058710688
Zona euro,bajo,M-actividad,vivienda,Q,9,-0.5700978205868383,-0.4940488123632454
Zona euro,bajo,M-actividad,vivienda,Q,10,-1.2487351762390797,-1.1129025379585895
Zona euro,bajo,M-actividad,vivienda,Q,11,-1.6955790791544376,-1.4991840844151
Zona euro,bajo,M-actividad,vivienda,Q,12,-1.6934790717917532,-1.4964572969276042
Zona euro,bajo,M-actividad,credito,Q,0,1.2544638014697096,2.972072137920382
Zona euro,bajo,M-actividad,credito,Q,1,2.097555522687766,3.858742236262992
Zona euro,bajo,M-actividad,credito,Q,2,2.9954032760864764,4.657930078651007
Zona euro,bajo,M-actividad,credito,Q,3,4.082322376587763,5.4118589396790675
Zona euro,bajo,M-actividad,credito,Q,4,4.0405051134155325,5.276440120699876
Zona euro,bajo,M-actividad,credito,Q,5,3.678102307037654,3.899231640792268
Zona euro,bajo,M-actividad,credito,Q,6,3.7035181046459504,3.2781184417418405
Zona euro,bajo,M-actividad,credito,Q,7,3.717438294589964,2.8445180024335013
Zona euro,bajo,M-actividad,credito,Q,8,3.609454153257697,2.62105779986797
Zona euro,bajo,M-actividad,credito,Q,9,3.8788001947798705,2.5682110508760454
Zona euro,bajo,M-actividad,credito,Q,10,3.455923295052049,1.972262181122062
Zona euro,bajo,M-actividad,credito,Q,11,3.2561128453500956,1.6136210980363292
Zona euro,bajo,M-actividad,credito,Q,12,2.2333262539228267,0.9923194532819918
Zona euro,bajo,Exceso+act,tasa,M,0,0.027468987660211188,0.5951239246017143
Zona euro,bajo,Exceso+act,tasa,M,1,0.0626522246090845,0.7271605415953838
Zona euro,bajo,Exceso+act,tasa,M,2,0.09031999699731733,0.7709640895701976
Zona euro,bajo,Exceso+act,tasa,M,3,0.07727391944559825,0.5584073026925135
Zona euro,bajo,Exceso+act,tasa,M,4,0.0845017946918028,0.5568748942415108
Zona euro,bajo,Exceso+act,tasa,M,5,0.14891587113705948,0.904516017122097
Zona euro,bajo,Exceso+act,tasa,M,6,0.2420562479402823,1.3246570925906345
Zona euro,bajo,Exceso+act,tasa,M,7,0.3096048560029121,1.5020987703513353
Zona euro,bajo,Exceso+act,tasa,M,8,0.3622657182122554,1.5580253988251014
Zona euro,bajo,Exceso+act,tasa,M,9,0.4606208879931947,1.76965532757382
Zona euro,bajo,Exceso+act,tasa,M,10,0.4845437244253387,1.7315493104417397
Zona euro,bajo,Exceso+act,tasa,M,11,0.5367522298350905,1.759481354987824
Zona euro,bajo,Exceso+act,tasa,M,12,0.580235200296475,1.7455569824546913
Zona euro,bajo,Exceso+act,tasa,M,13,0.5987979355910212,1.7155569032764835
Zona euro,bajo,Exceso+act,tasa,M,14,0.6178570206375861,1.741363286107425
Zona euro,bajo,Exceso+act,tasa,M,15,0.6676445001903568,1.8246209640984274
Zona euro,bajo,Exceso+act,tasa,M,16,0.6816650537262712,1.8489407346861089
Zona euro,bajo,Exceso+act,tasa,M,17,0.6960655366613936,1.8905156757396622
Zona euro,bajo,Exceso+act,tasa,M,18,0.639908232197304,1.7146152013344573
Zona euro,bajo,Exceso+act,tasa,M,19,0.6437001785668631,1.6979387789763076
Zona euro,bajo,Exceso+act,tasa,M,20,0.6072761859449585,1.5856440198025903
Zona euro,bajo,Exceso+act,tasa,M,21,0.5945721887290636,1.5746284570305296
Zona euro,bajo,Exceso+act,tasa,M,22,0.564935474572834,1.5025090249714372
Zona euro,bajo,Exceso+act,tasa,M,23,0.5050665115295292,1.3204227000515112
Zona euro,bajo,Exceso+act,tasa,M,24,0.45869489106775796,1.1488133541442866
Zona euro,bajo,Exceso+act,tasa,M,25,0.4354937141440701,1.0711949333750073
Zona euro,bajo,Exceso+act,tasa,M,26,0.4000923951837687,0.9421473291437595
Zona euro,bajo,Exceso+act,tasa,M,27,0.3859279554245943,0.8768589550251805
Zona euro,bajo,Exceso+act,tasa,M,28,0.38880853191782494,0.8580709448721908
Zona euro,bajo,Exceso+act,tasa,M,29,0.44424144641663976,0.9586234163900711
Zona euro,bajo,Exceso+act,tasa,M,30,0.5437892699247552,1.1370000851323039
Zona euro,bajo,Exceso+act,tasa,M,31,0.6073496415181189,1.2304618249560209
Zona euro,bajo,Exceso+act,tasa,M,32,0.6386645381176514,1.252993583699697
Zona euro,bajo,Exceso+act,tasa,M,33,0.631393797787212,1.2302807659113746
Zona euro,bajo,Exceso+act,tasa,M,34,0.6290960738944454,1.1605624367253864
Zona euro,bajo,Exceso+act,tasa,M,35,0.4835596113316212,0.752874337207231
Zona euro,bajo,Exceso+act,tasa,M,36,0.44145415549887146,0.6541546541147593
Zona euro,bajo,Exceso+act,tasa,M,37,0.5403899393486017,0.8118285361007247
Zona euro,bajo,Exceso+act,tasa,M,38,0.7548509623541036,1.2355669527523225
Zona euro,bajo,Exceso+act,tasa,M,39,0.8188896535960088,1.3153403145770597
Zona euro,bajo,Exceso+act,tasa,M,40,0.864439749000992,1.4266636128562458
Zona euro,bajo,Exceso+act,tasa,M,41,1.0217796719878482,1.789886939074579
Zona euro,bajo,Exceso+act,tasa,M,42,1.042113031266497,1.7425212663205056
Zona euro,bajo,Exceso+act,tasa,M,43,1.0913527275971493,1.8022781702804014
Zona euro,bajo,Exceso+act,tasa,M,44,1.5512997409188853,2.545526424672304
Zona euro,bajo,Exceso+act,tasa,M,45,1.6655594571844763,2.684224191966659
Zona euro,bajo,Exceso+act,tasa,M,46,1.6776364203237648,2.638825097078086
Zona euro,bajo,Exceso+act,tasa,M,47,2.0511210253420895,2.418958656774725
Zona euro,bajo,Exceso+act,tasa,M,48,1.995083776994811,2.2956537645956296
Zona euro,bajo,Exceso+act,acciones,M,0,-2.373033488211828,-0.9382368789787728
Zona euro,bajo,Exceso+act,acciones,M,1,-1.4595184345747898,-0.4238118316205007
Zona euro,bajo,Exceso+act,acciones,M,2,-0.17143840595178889,-0.04742237985312594
Zona euro,bajo,Exceso+act,acciones,M,3,1.1839239808715538,0.3208174747066715
Zona euro,bajo,Exceso+act,acciones,M,4,1.5681065903076126,0.41145296931288755
Zona euro,bajo,Exceso+act,acciones,M,5,-0.015264519154426281,-0.0034456566320911408
Zona euro,bajo,Exceso+act,acciones,M,6,0.6094511142847211,0.12203682098527943
Zona euro,bajo,Exceso+act,acciones,M,7,1.2043320878187105,0.22374784120861355
Zona euro,bajo,Exceso+act,acciones,M,8,0.7586343554089426,0.12830106273694156
Zona euro,bajo,Exceso+act,acciones,M,9,1.1454908232012606,0.19284770160545933
Zona euro,bajo,Exceso+act,acciones,M,10,2.185388791977391,0.3730198513032239
Zona euro,bajo,Exceso+act,acciones,M,11,2.338245131202856,0.38700956239328255
Zona euro,bajo,Exceso+act,acciones,M,12,1.7996228312608262,0.30747113335380705
Zona euro,bajo,Exceso+act,acciones,M,13,2.352940564897187,0.3986614894713897
Zona euro,bajo,Exceso+act,acciones,M,14,3.1007950574107186,0.49086391848590144
Zona euro,bajo,Exceso+act,acciones,M,15,2.5993746388372694,0.4351312091846446
Zona euro,bajo,Exceso+act,acciones,M,16,1.8928919878426624,0.29794479956913045
Zona euro,bajo,Exceso+act,acciones,M,17,0.578128549804068,0.08059033581603717
Zona euro,bajo,Exceso+act,acciones,M,18,0.2181342427705827,0.031258155012932894
Zona euro,bajo,Exceso+act,acciones,M,19,-0.4579997756250289,-0.06088927822480158
Zona euro,bajo,Exceso+act,acciones,M,20,-2.0137942391035004,-0.24040727649354351
Zona euro,bajo,Exceso+act,acciones,M,21,-5.172493134617273,-0.6036395424212321
Zona euro,bajo,Exceso+act,acciones,M,22,-6.45817329815193,-0.7488640096078973
Zona euro,bajo,Exceso+act,acciones,M,23,-6.471076842736922,-0.7909007295306638
Zona euro,bajo,Exceso+act,acciones,M,24,-6.083045084691161,-0.7250412717039719
Zona euro,bajo,Exceso+act,acciones,M,25,-6.7919343055305115,-0.7682853473699899
Zona euro,bajo,Exceso+act,acciones,M,26,-5.93652223380346,-0.684580765470301
Zona euro,bajo,Exceso+act,acciones,M,27,-4.786316739086542,-0.5992066441633481
Zona euro,bajo,Exceso+act,acciones,M,28,-5.521558571704301,-0.651683566380282
Zona euro,bajo,Exceso+act,acciones,M,29,-4.725647928963566,-0.6072879724974214
Zona euro,bajo,Exceso+act,acciones,M,30,-4.14919432600319,-0.5324121982500359
Zona euro,bajo,Exceso+act,acciones,M,31,-2.496142621652197,-0.3132054214503436
Zona euro,bajo,Exceso+act,acciones,M,32,2.033511316699992,0.2879585914379685
Zona euro,bajo,Exceso+act,acciones,M,33,4.022662201638306,0.5939493906362846
Zona euro,bajo,Exceso+act,acciones,M,34,3.8984670989187187,0.5569477334271805
Zona euro,bajo,Exceso+act,acciones,M,35,2.3944979275255265,0.3309882472036786
Zona euro,bajo,Exceso+act,acciones,M,36,2.3452200687778255,0.3270585800224595
Zona euro,bajo,Exceso+act,acciones,M,37,2.9857109176867076,0.4545857108256057
Zona euro,bajo,Exceso+act,acciones,M,38,-1.6642385838861262,-0.24719605038628015
Zona euro,bajo,Exceso+act,acciones,M,39,-3.9593541836324255,-0.5325265282642961
Zona euro,bajo,Exceso+act,acciones,M,40,-1.360757655903329,-0.20929340767377624
Zona euro,bajo,Exceso+act,acciones,M,41,-1.1777445393785115,-0.16602564400748956
Zona euro,bajo,Exceso+act,acciones,M,42,-2.4336801907962307,-0.30393089472451446
Zona euro,bajo,Exceso+act,acciones,M,43,-5.311316005791996,-0.658110869996357
Zona euro,bajo,Exceso+act,acciones,M,44,-6.283939134860729,-0.7206580176131279
Zona euro,bajo,Exceso+act,acciones,M,45,-5.989515164410288,-0.6332098562975572
Zona euro,bajo,Exceso+act,acciones,M,46,-9.057887622651675,-0.8830687068202543
Zona euro,bajo,Exceso+act,acciones,M,47,-6.374187931452763,-0.6344068698896137
Zona euro,bajo,Exceso+act,acciones,M,48,-6.041148874362191,-0.5703864341832834
Zona euro,bajo,Exceso+act,ipc,M,0,-0.1691057020485432,-1.4877067175834298
Zona euro,bajo,Exceso+act,ipc,M,1,-0.05362645314788501,-0.32157056884396096
Zona euro,bajo,Exceso+act,ipc,M,2,0.30359956483705797,1.3471148477174457
Zona euro,bajo,Exceso+act,ipc,M,3,0.523618076100764,2.0318163466493004
Zona euro,bajo,Exceso+act,ipc,M,4,0.5936537005408278,2.2422040046938565
Zona euro,bajo,Exceso+act,ipc,M,5,0.6709390989383003,2.0920230619849622
Zona euro,bajo,Exceso+act,ipc,M,6,0.4806717517201071,1.3070978305169958
Zona euro,bajo,Exceso+act,ipc,M,7,0.4502876407265865,1.0987764911188243
Zona euro,bajo,Exceso+act,ipc,M,8,0.5666881493444302,1.2878162402559308
Zona euro,bajo,Exceso+act,ipc,M,9,0.683550039429385,1.6161514665549397
Zona euro,bajo,Exceso+act,ipc,M,10,0.6217564858634999,1.5423980898531253
Zona euro,bajo,Exceso+act,ipc,M,11,0.482652024931884,1.2095012564415333
Zona euro,bajo,Exceso+act,ipc,M,12,0.3782743051126951,0.8612874755174442
Zona euro,bajo,Exceso+act,ipc,M,13,0.3977023768703763,0.8485549958317653
Zona euro,bajo,Exceso+act,ipc,M,14,0.6421563307834647,1.2771617476671133
Zona euro,bajo,Exceso+act,ipc,M,15,0.7826508817217561,1.564882703662845
Zona euro,bajo,Exceso+act,ipc,M,16,0.6872155067181173,1.4650428238010071
Zona euro,bajo,Exceso+act,ipc,M,17,0.6249179599568431,1.1792743480198864
Zona euro,bajo,Exceso+act,ipc,M,18,0.5627498351023732,1.0584518931886615
Zona euro,bajo,Exceso+act,ipc,M,19,0.5753975001990479,1.07648636024527
Zona euro,bajo,Exceso+act,ipc,M,20,0.6882431294064659,1.2530809350900363
Zona euro,bajo,Exceso+act,ipc,M,21,0.8233374892602014,1.4287524535050247
Zona euro,bajo,Exceso+act,ipc,M,22,0.892107043337611,1.3858450804624485
Zona euro,bajo,Exceso+act,ipc,M,23,0.9837232613206317,1.3595726190665167
Zona euro,bajo,Exceso+act,ipc,M,24,0.9975724661815526,1.1822646930364686
Zona euro,bajo,Exceso+act,ipc,M,25,1.1896062429366208,1.360968898673174
Zona euro,bajo,Exceso+act,ipc,M,26,1.4466727297110293,1.5755610467454035
Zona euro,bajo,Exceso+act,ipc,M,27,1.5471208108790737,1.5931017317627798
Zona euro,bajo,Exceso+act,ipc,M,28,1.599318338630039,1.5481522160244328
Zona euro,bajo,Exceso+act,ipc,M,29,1.8531451073714496,1.7838342387458113
Zona euro,bajo,Exceso+act,ipc,M,30,1.9038887830758435,1.7307332819280374
Zona euro,bajo,Exceso+act,ipc,M,31,2.09524775819401,1.7308012767712535
Zona euro,bajo,Exceso+act,ipc,M,32,2.150512993137433,1.7956288853278197
Zona euro,bajo,Exceso+act,ipc,M,33,2.1673715986466933,1.8353005269552387
Zona euro,bajo,Exceso+act,ipc,M,34,2.172090964633499,1.7770891783947713
Zona euro,bajo,Exceso+act,ipc,M,35,1.967282407958822,1.4955639001045244
Zona euro,bajo,Exceso+act,ipc,M,36,2.035206925687501,1.517362643910649
Zona euro,bajo,Exceso+act,ipc,M,37,2.183689309200352,1.6003478166572067
Zona euro,bajo,Exceso+act,ipc,M,38,2.4723799182259962,1.7655722194239896
Zona euro,bajo,Exceso+act,ipc,M,39,2.5221102379584655,1.7250460001158456
Zona euro,bajo,Exceso+act,ipc,M,40,2.5628559049642177,1.768056701944497
Zona euro,bajo,Exceso+act,ipc,M,41,2.8926961612098,1.966272069392574
Zona euro,bajo,Exceso+act,ipc,M,42,2.7829149334484873,1.8356838470906256
Zona euro,bajo,Exceso+act,ipc,M,43,2.65199371380567,1.7635343418015539
Zona euro,bajo,Exceso+act,ipc,M,44,3.1599937497746295,2.143116074239778
Zona euro,bajo,Exceso+act,ipc,M,45,3.1116105332250408,2.0551409149652775
Zona euro,bajo,Exceso+act,ipc,M,46,3.1479986998623364,2.0121407554597632
Zona euro,bajo,Exceso+act,ipc,M,47,3.6004054997591264,2.1467642536833083
Zona euro,bajo,Exceso+act,ipc,M,48,3.618115498960265,2.167829617015182
Zona euro,bajo,Exceso+act,fx,M,0,1.0442459371722044,1.7057143939259818
Zona euro,bajo,Exceso+act,fx,M,1,2.3382011960048517,1.8650822590143314
Zona euro,bajo,Exceso+act,fx,M,2,0.9874197818851597,0.592906909444633
Zona euro,bajo,Exceso+act,fx,M,3,0.8085929363065009,0.38889593170290176
Zona euro,bajo,Exceso+act,fx,M,4,0.9782259424085245,0.3838107772126786
Zona euro,bajo,Exceso+act,fx,M,5,0.5710030061410369,0.20918215876146654
Zona euro,bajo,Exceso+act,fx,M,6,0.5841011806014311,0.2203783246964741
Zona euro,bajo,Exceso+act,fx,M,7,0.057659241694242025,0.02169845185074215
Zona euro,bajo,Exceso+act,fx,M,8,-1.5780634730142453,-0.542599995406913
Zona euro,bajo,Exceso+act,fx,M,9,-1.782921992570069,-0.6049037565110142
Zona euro,bajo,Exceso+act,fx,M,10,-1.9339625321860061,-0.6142193668338901
Zona euro,bajo,Exceso+act,fx,M,11,-1.9601743272886922,-0.6237194314182982
Zona euro,bajo,Exceso+act,fx,M,12,-1.4168884704281584,-0.45058087364455246
Zona euro,bajo,Exceso+act,fx,M,13,-2.0643382406304416,-0.6745844996079483
Zona euro,bajo,Exceso+act,fx,M,14,-3.169900659458079,-1.0030018532356062
Zona euro,bajo,Exceso+act,fx,M,15,-4.7912802440588385,-1.739594154130373
Zona euro,bajo,Exceso+act,fx,M,16,-5.014735388267851,-1.760323199942667
Zona euro,bajo,Exceso+act,fx,M,17,-4.993044899238033,-1.7483964534898369
Zona euro,bajo,Exceso+act,fx,M,18,-5.992213293952406,-2.0623017630067917
Zona euro,bajo,Exceso+act,fx,M,19,-6.625792664304557,-2.29561307273696
Zona euro,bajo,Exceso+act,fx,M,20,-5.043394309553963,-1.812334721558457
Zona euro,bajo,Exceso+act,fx,M,21,-3.9622217229848706,-1.365951239103985
Zona euro,bajo,Exceso+act,fx,M,22,-3.9865300243120805,-1.4138895385691495
Zona euro,bajo,Exceso+act,fx,M,23,-3.3417819435179017,-1.1054163512489081
Zona euro,bajo,Exceso+act,fx,M,24,-2.6640291504935774,-0.8082537026042217
Zona euro,bajo,Exceso+act,fx,M,25,-2.2101822244163216,-0.6683706670368349
Zona euro,bajo,Exceso+act,fx,M,26,-2.0036971595743487,-0.5969218504167869
Zona euro,bajo,Exceso+act,fx,M,27,-1.6629976333663257,-0.48326290477671263
Zona euro,bajo,Exceso+act,fx,M,28,-0.23336988729181107,-0.06327344155131642
Zona euro,bajo,Exceso+act,fx,M,29,0.9669508867728078,0.25797175345424683
Zona euro,bajo,Exceso+act,fx,M,30,1.0625579664387417,0.2676659114552875
Zona euro,bajo,Exceso+act,fx,M,31,0.23107641618817096,0.06604592644702136
Zona euro,bajo,Exceso+act,fx,M,32,-0.2884504269430592,-0.09012838023294308
Zona euro,bajo,Exceso+act,fx,M,33,-2.050251663619049,-0.6631982159749474
Zona euro,bajo,Exceso+act,fx,M,34,-2.313025354808912,-0.6635396951947026
Zona euro,bajo,Exceso+act,fx,M,35,-1.7929043358504264,-0.505209588068519
Zona euro,bajo,Exceso+act,fx,M,36,-3.0249302590241633,-0.8454576016674683
Zona euro,bajo,Exceso+act,fx,M,37,-3.6798444197279814,-0.8784997736197808
Zona euro,bajo,Exceso+act,fx,M,38,-3.022728037637359,-0.6645201463899709
Zona euro,bajo,Exceso+act,fx,M,39,-3.3971356631799696,-0.7651926257621713
Zona euro,bajo,Exceso+act,fx,M,40,-3.315100587689553,-0.7186172521958873
Zona euro,bajo,Exceso+act,fx,M,41,-3.97220626459589,-0.946451411889875
Zona euro,bajo,Exceso+act,fx,M,42,-4.0634233134016196,-0.9457850456531032
Zona euro,bajo,Exceso+act,fx,M,43,-4.168512804063158,-0.9300354016291436
Zona euro,bajo,Exceso+act,fx,M,44,-4.983349318104061,-1.254730619119928
Zona euro,bajo,Exceso+act,fx,M,45,-6.026178401143622,-1.614288950728518
Zona euro,bajo,Exceso+act,fx,M,46,-5.956379080175374,-1.6837075417085985
Zona euro,bajo,Exceso+act,fx,M,47,-5.85584519419438,-1.5647504143329845
Zona euro,bajo,Exceso+act,fx,M,48,-5.56601696852011,-1.5482136640840984
Zona euro,bajo,Exceso+act,vivienda,Q,0,-0.009687644203180992,-0.032511732022663185
Zona euro,bajo,Exceso+act,vivienda,Q,1,-0.6963087737422264,-1.2674564212479889
Zona euro,bajo,Exceso+act,vivienda,Q,2,-0.6595719552837299,-0.882937170503515
Zona euro,bajo,Exceso+act,vivienda,Q,3,-1.2003487253231035,-1.3061834894688795
Zona euro,bajo,Exceso+act,vivienda,Q,4,-1.2765814646598639,-1.0679262256904174
Zona euro,bajo,Exceso+act,vivienda,Q,5,-1.7348028465235672,-1.201423141185565
Zona euro,bajo,Exceso+act,vivienda,Q,6,-1.651122218285683,-0.9727193273253638
Zona euro,bajo,Exceso+act,vivienda,Q,7,-2.654186165442454,-1.3506814135434124
Zona euro,bajo,Exceso+act,vivienda,Q,8,-3.094411001624832,-1.3341522067341063
Zona euro,bajo,Exceso+act,vivienda,Q,9,-3.9086187416635263,-1.5364984480264348
Zona euro,bajo,Exceso+act,vivienda,Q,10,-6.100639518007316,-2.122904491731924
Zona euro,bajo,Exceso+act,vivienda,Q,11,-6.770542074039156,-2.049169727180388
Zona euro,bajo,Exceso+act,vivienda,Q,12,-7.4173561115623565,-2.173197006192998
Zona euro,bajo,Exceso+act,credito,Q,0,2.977994191938716,4.774557395867503
Zona euro,bajo,Exceso+act,credito,Q,1,3.8993851747666253,4.426237992409814
Zona euro,bajo,Exceso+act,credito,Q,2,4.03892907828999,3.9741730256199914
Zona euro,bajo,Exceso+act,credito,Q,3,4.413482285007011,3.2698477936355883
Zona euro,bajo,Exceso+act,credito,Q,4,4.383868937114668,2.3188695306636844
Zona euro,bajo,Exceso+act,credito,Q,5,3.966037440290503,1.6975473051162362
Zona euro,bajo,Exceso+act,credito,Q,6,4.763577408211417,1.8378543918463826
Zona euro,bajo,Exceso+act,credito,Q,7,5.026269312090064,1.76024632859972
Zona euro,bajo,Exceso+act,credito,Q,8,5.675278455103486,1.5633554533392593
Zona euro,bajo,Exceso+act,credito,Q,9,7.559270537975613,1.8752820323587518
Zona euro,bajo,Exceso+act,credito,Q,10,6.38272065964256,1.287426148220102
Zona euro,bajo,Exceso+act,credito,Q,11,5.258545494678998,0.9350087125067084
Zona euro,bajo,Exceso+act,credito,Q,12,2.5791568465953976,0.37742327002550907
Canadá,bajo,Exceso,tasa,M,0,-0.0834106927088875,-2.017896646038848
Canadá,bajo,Exceso,tasa,M,1,-0.05503791981044579,-0.8169460157147286
Canadá,bajo,Exceso,tasa,M,2,-0.09552927517893796,-1.1066787830522908
Canadá,bajo,Exceso,tasa,M,3,-0.029646247785491214,-0.2907997388955263
Canadá,bajo,Exceso,tasa,M,4,0.013117112534725367,0.10635427680512956
Canadá,bajo,Exceso,tasa,M,5,0.00757329207512884,0.05646821349728084
Canadá,bajo,Exceso,tasa,M,6,-0.02364490808719456,-0.14328135794315053
Canadá,bajo,Exceso,tasa,M,7,-0.0048840492385452,-0.0246663416602372
Canadá,bajo,Exceso,tasa,M,8,0.02186708610830318,0.09745255340059433
Canadá,bajo,Exceso,tasa,M,9,0.11251282687307984,0.43909006433615155
Canadá,bajo,Exceso,tasa,M,10,0.10337707158785034,0.3627742298014774
Canadá,bajo,Exceso,tasa,M,11,0.07558616618920899,0.23046796103950676
Canadá,bajo,Exceso,tasa,M,12,0.06236357889997406,0.17796617865319247
Canadá,bajo,Exceso,tasa,M,13,0.010508291835559222,0.027272200113028996
Canadá,bajo,Exceso,tasa,M,14,0.02222952772307147,0.053918654404042574
Canadá,bajo,Exceso,tasa,M,15,0.005437765013411486,0.012663325372016077
Canadá,bajo,Exceso,tasa,M,16,-0.024816011576731446,-0.053873947625107256
Canadá,bajo,Exceso,tasa,M,17,-0.025491274179530645,-0.05338411543272633
Canadá,bajo,Exceso,tasa,M,18,-0.0414048950458555,-0.08438395020512342
Canadá,bajo,Exceso,tasa,M,19,-0.07767216170803201,-0.15337075520846302
Canadá,bajo,Exceso,tasa,M,20,-0.07808318474296844,-0.15109734530441762
Canadá,bajo,Exceso,tasa,M,21,-0.1279185316719627,-0.24393755797663938
Canadá,bajo,Exceso,tasa,M,22,-0.10874949093170994,-0.20151134082832375
Canadá,bajo,Exceso,tasa,M,23,-0.0394760428145092,-0.07424654632866562
Canadá,bajo,Exceso,tasa,M,24,-0.025280102912614493,-0.04763694650897679
Canadá,bajo,Exceso,tasa,M,25,0.004705625720475736,0.008689261488831921
Canadá,bajo,Exceso,tasa,M,26,0.050278899228191905,0.09256940615658028
Canadá,bajo,Exceso,tasa,M,27,0.14468464378155238,0.2652269338189618
Canadá,bajo,Exceso,tasa,M,28,0.15326081822118148,0.27111973461602357
Canadá,bajo,Exceso,tasa,M,29,0.2559838478370184,0.4493429420413409
Canadá,bajo,Exceso,tasa,M,30,0.3293003063276018,0.5722151071991753
Canadá,bajo,Exceso,tasa,M,31,0.3625436593213305,0.6212007064570599
Canadá,bajo,Exceso,tasa,M,32,0.40922698788926604,0.7297614682824678
Canadá,bajo,Exceso,tasa,M,33,0.4297085583143955,0.7673176735025808
Canadá,bajo,Exceso,tasa,M,34,0.40630246811738685,0.748366428099329
Canadá,bajo,Exceso,tasa,M,35,0.4313400957004942,0.8172540386551614
Canadá,bajo,Exceso,tasa,M,36,0.454663687415287,0.8588712071275635
Canadá,bajo,Exceso,tasa,M,37,0.46847964450897633,0.8900779701798351
Canadá,bajo,Exceso,tasa,M,38,0.5326708404322259,1.0328869233290923
Canadá,bajo,Exceso,tasa,M,39,0.5599749086173161,1.066663229041842
Canadá,bajo,Exceso,tasa,M,40,0.6136909322698122,1.1594839365551752
Canadá,bajo,Exceso,tasa,M,41,0.5970486101955008,1.1147494728051588
Canadá,bajo,Exceso,tasa,M,42,0.6057016020347963,1.131053382660563
Canadá,bajo,Exceso,tasa,M,43,0.5830423910027076,1.073365202085847
Canadá,bajo,Exceso,tasa,M,44,0.582017682047496,1.0778949351438298
Canadá,bajo,Exceso,tasa,M,45,0.6258458492053095,1.1435023557863608
Canadá,bajo,Exceso,tasa,M,46,0.6043510402057638,1.0980212426987879
Canadá,bajo,Exceso,tasa,M,47,0.5391539850922095,0.9708346976107376
Canadá,bajo,Exceso,tasa,M,48,0.4932001816715137,0.9058923467904575
Canadá,bajo,Exceso,acciones,M,0,-1.251163679409988,-1.6506732607448549
Canadá,bajo,Exceso,acciones,M,1,-0.2676140173276326,-0.23045745041928867
Canadá,bajo,Exceso,acciones,M,2,-1.2338434998352497,-0.8823596432894963
Canadá,bajo,Exceso,acciones,M,3,-2.3904792004223188,-1.600164571161585
Canadá,bajo,Exceso,acciones,M,4,-2.862160823129408,-1.7913027933292736
Canadá,bajo,Exceso,acciones,M,5,-3.3759015260575835,-1.7662392793116914
Canadá,bajo,Exceso,acciones,M,6,-2.916815160677101,-1.1855455081072115
Canadá,bajo,Exceso,acciones,M,7,-1.4745682277156578,-0.5039743209108223
Canadá,bajo,Exceso,acciones,M,8,-1.969817414198777,-0.6341040877382195
Canadá,bajo,Exceso,acciones,M,9,-1.7898408287963246,-0.5422275056987772
Canadá,bajo,Exceso,acciones,M,10,-1.0079779523850765,-0.30519276104210846
Canadá,bajo,Exceso,acciones,M,11,-1.294561606185705,-0.37790591046542116
Canadá,bajo,Exceso,acciones,M,12,-0.8157666800122052,-0.25117611481696894
Canadá,bajo,Exceso,acciones,M,13,-1.2623960465666608,-0.3728530644508809
Canadá,bajo,Exceso,acciones,M,14,-2.4366883462063846,-0.679586524239545
Canadá,bajo,Exceso,acciones,M,15,-2.4570464552396376,-0.6388492204029433
Canadá,bajo,Exceso,acciones,M,16,-2.3694296352798045,-0.5953492102431633
Canadá,bajo,Exceso,acciones,M,17,-3.676165815721575,-0.9413002852247679
Canadá,bajo,Exceso,acciones,M,18,-3.7308588684279425,-0.8907771227331065
Canadá,bajo,Exceso,acciones,M,19,-4.5856389820753245,-1.080666578050487
Canadá,bajo,Exceso,acciones,M,20,-4.993530470807364,-1.2251870916737295
Canadá,bajo,Exceso,acciones,M,21,-4.815088115968078,-1.188022700633394
Canadá,bajo,Exceso,acciones,M,22,-6.109852238086323,-1.4836502263213436
Canadá,bajo,Exceso,acciones,M,23,-6.383044823699905,-1.4066766604003824
Canadá,bajo,Exceso,acciones,M,24,-7.279410597324813,-1.5839006979861876
Canadá,bajo,Exceso,acciones,M,25,-8.17374258044547,-1.7574130726741892
Canadá,bajo,Exceso,acciones,M,26,-7.363526771682758,-1.5792574807549338
Canadá,bajo,Exceso,acciones,M,27,-6.5766966902301185,-1.4582582902452308
Canadá,bajo,Exceso,acciones,M,28,-6.4961990793764075,-1.4078607353231434
Canadá,bajo,Exceso,acciones,M,29,-6.845400362130122,-1.5303825321074198
Canadá,bajo,Exceso,acciones,M,30,-6.989160557889341,-1.585463178217864
Canadá,bajo,Exceso,acciones,M,31,-7.149618423997472,-1.6279348562184808
Canadá,bajo,Exceso,acciones,M,32,-5.479801166657542,-1.2487081297014548
Canadá,bajo,Exceso,acciones,M,33,-4.991119009841652,-1.0797978109451911
Canadá,bajo,Exceso,acciones,M,34,-4.256811753396425,-0.948549193570424
Canadá,bajo,Exceso,acciones,M,35,-4.28347755114788,-1.0331615049251583
Canadá,bajo,Exceso,acciones,M,36,-4.741086384786983,-1.2460120788738078
Canadá,bajo,Exceso,acciones,M,37,-5.340403290004068,-1.545203708114148
Canadá,bajo,Exceso,acciones,M,38,-5.238361349867061,-1.4848014884843448
Canadá,bajo,Exceso,acciones,M,39,-5.651260311225146,-1.5803888997695505
Canadá,bajo,Exceso,acciones,M,40,-6.460833832338474,-1.7874690945730303
Canadá,bajo,Exceso,acciones,M,41,-6.234240592814698,-1.6240814689500125
Canadá,bajo,Exceso,acciones,M,42,-7.200343152479629,-1.6528419694182646
Canadá,bajo,Exceso,acciones,M,43,-7.124429834173332,-1.611001941127282
Canadá,bajo,Exceso,acciones,M,44,-7.500087962272555,-1.7424699539949902
Canadá,bajo,Exceso,acciones,M,45,-8.407640792326248,-1.8687540362095563
Canadá,bajo,Exceso,acciones,M,46,-7.667952045578696,-1.804252543899537
Canadá,bajo,Exceso,acciones,M,47,-7.9805504332695545,-1.8010695942441823
Canadá,bajo,Exceso,acciones,M,48,-9.207079255580936,-1.8914631659795675
Canadá,bajo,Exceso,salario,M,0,-0.29594448075903895,-0.9144543825953
Canadá,bajo,Exceso,salario,M,1,-0.12189040431739871,-0.3432999502341426
Canadá,bajo,Exceso,salario,M,2,0.12979053526124196,0.30804319680493925
Canadá,bajo,Exceso,salario,M,3,-0.22097917450903995,-0.5130774553392767
Canadá,bajo,Exceso,salario,M,4,0.21090355549152762,0.5001546247443676
Canadá,bajo,Exceso,salario,M,5,0.0861775581345225,0.1910294629470851
Canadá,bajo,Exceso,salario,M,6,0.5849072445514537,1.1167827442626608
Canadá,bajo,Exceso,salario,M,7,0.5239375327973441,0.9234964869371197
Canadá,bajo,Exceso,salario,M,8,0.6401964692877593,1.4262679888458052
Canadá,bajo,Exceso,salario,M,9,0.33890239711739195,0.6858577926105424
Canadá,bajo,Exceso,salario,M,10,0.49247138292828,1.2061353588999837
Canadá,bajo,Exceso,salario,M,11,0.13141392234165494,0.3022319368227929
Canadá,bajo,Exceso,salario,M,12,0.44052654821880954,0.8506679253214747
Canadá,bajo,Exceso,salario,M,13,-0.25207397688509414,-0.4983186115622429
Canadá,bajo,Exceso,salario,M,14,0.24236501963337048,0.49004545747803363
Canadá,bajo,Exceso,salario,M,15,0.10289200015734916,0.23851127350619317
Canadá,bajo,Exceso,salario,M,16,-0.6040673128445082,-1.2939174214539215
Canadá,bajo,Exceso,salario,M,17,-0.34645681485280044,-0.6557516402784788
Canadá,bajo,Exceso,salario,M,18,-0.012467893953827693,-0.022740000168009675
Canadá,bajo,Exceso,salario,M,19,0.03459017484425708,0.06914283395619227
Canadá,bajo,Exceso,salario,M,20,-0.2772337902750676,-0.657268466287392
Canadá,bajo,Exceso,salario,M,21,-0.10375440587878666,-0.1783149971620457
Canadá,bajo,Exceso,salario,M,22,-0.7057827474162292,-1.2884673393972161
Canadá,bajo,Exceso,salario,M,23,-0.7323370164107709,-1.3207842554880558
Canadá,bajo,Exceso,salario,M,24,-1.3448491062988892,-2.932379947673234
Canadá,bajo,Exceso,salario,M,25,-0.8657419083084479,-1.6760019050365769
Canadá,bajo,Exceso,salario,M,26,-1.1848632157630234,-2.083627856978039
Canadá,bajo,Exceso,salario,M,27,-1.5695401092875738,-2.452439910070091
Canadá,bajo,Exceso,salario,M,28,-0.33403207990569345,-0.8285940973203108
Canadá,bajo,Exceso,salario,M,29,-0.7610640322787033,-1.6568720548617897
Canadá,bajo,Exceso,salario,M,30,-0.6475835187097596,-1.6706664093654202
Canadá,bajo,Exceso,salario,M,31,-1.110258222238052,-1.9580592175463558
Canadá,bajo,Exceso,salario,M,32,-0.4786509364801859,-0.9036415044892212
Canadá,bajo,Exceso,salario,M,33,-0.21715186991247346,-0.3768270581062822
Canadá,bajo,Exceso,salario,M,34,0.37704434723151115,0.6714990973388099
Canadá,bajo,Exceso,salario,M,35,0.2354805262193707,0.4076976308045289
Canadá,bajo,Exceso,salario,M,36,0.6647554671058312,0.7704605564710645
Canadá,bajo,Exceso,salario,M,37,-0.4509194345882952,-0.9723239874018418
Canadá,bajo,Exceso,salario,M,38,-0.4666361771532582,-1.01251351670853
Canadá,bajo,Exceso,salario,M,39,0.20486882844867113,0.37255668449666685
Canadá,bajo,Exceso,salario,M,40,-0.9736680297320366,-1.6095979114051016
Canadá,bajo,Exceso,salario,M,41,-0.498759970680857,-0.7606399460974489
Canadá,bajo,Exceso,salario,M,42,-0.18700932682753116,-0.33851187614233225
Canadá,bajo,Exceso,salario,M,43,0.12206746815564726,0.23038154296989147
Canadá,bajo,Exceso,salario,M,44,0.11162237550624789,0.17312134855935288
Canadá,bajo,Exceso,salario,M,45,0.03912387538019312,0.07570286736760465
Canadá,bajo,Exceso,salario,M,46,-0.37524903911532137,-0.7464147606379454
Canadá,bajo,Exceso,salario,M,47,-0.7032281218887114,-1.3390646851255845
Canadá,bajo,Exceso,salario,M,48,-1.4333794395302304,-1.868970791656007
Canadá,bajo,Exceso,ipc,M,0,0.20828934910305816,3.1297062534081705
Canadá,bajo,Exceso,ipc,M,1,0.2469675256750309,2.582464483287517
Canadá,bajo,Exceso,ipc,M,2,0.2602891758684925,2.2627413061117148
Canadá,bajo,Exceso,ipc,M,3,0.335729041465904,2.2805002274698234
Canadá,bajo,Exceso,ipc,M,4,0.44184504846974615,2.467542329354989
Canadá,bajo,Exceso,ipc,M,5,0.4208043731042394,1.9434664480485093
Canadá,bajo,Exceso,ipc,M,6,0.34016151774048475,1.3495127538217835
Canadá,bajo,Exceso,ipc,M,7,0.38756999159272026,1.2669366822967154
Canadá,bajo,Exceso,ipc,M,8,0.49382387597251753,1.6102481345511528
Canadá,bajo,Exceso,ipc,M,9,0.5206912220185579,1.718354817042798
Canadá,bajo,Exceso,ipc,M,10,0.6639557364806601,2.260901415980424
Canadá,bajo,Exceso,ipc,M,11,0.7280525186605011,2.666982300003578
Canadá,bajo,Exceso,ipc,M,12,0.7256630635847274,2.566772979334615
Canadá,bajo,Exceso,ipc,M,13,0.8030368150135099,2.9555100064503996
Canadá,bajo,Exceso,ipc,M,14,0.8034239855413049,3.057090779347578
Canadá,bajo,Exceso,ipc,M,15,0.7316246924120835,2.4739430842367
Canadá,bajo,Exceso,ipc,M,16,0.6746685422402687,2.1458665640067105
Canadá,bajo,Exceso,ipc,M,17,0.6653252799208815,2.1190074798439915
Canadá,bajo,Exceso,ipc,M,18,0.6739795530659495,2.0075490314367976
Canadá,bajo,Exceso,ipc,M,19,0.5645164457331068,1.6473587638231988
Canadá,bajo,Exceso,ipc,M,20,0.5639243600033833,1.5754271712061225
Canadá,bajo,Exceso,ipc,M,21,0.5962470699008998,1.4974093611141472
Canadá,bajo,Exceso,ipc,M,22,0.6460301400541999,1.4371610245164712
Canadá,bajo,Exceso,ipc,M,23,0.6673054525816685,1.3789798349518279
Canadá,bajo,Exceso,ipc,M,24,0.8275465236582633,1.5271143567091527
Canadá,bajo,Exceso,ipc,M,25,0.8214213746067575,1.4115319035183336
Canadá,bajo,Exceso,ipc,M,26,0.8775884768085379,1.4809775473621503
Canadá,bajo,Exceso,ipc,M,27,0.9509661173555074,1.6427513187760285
Canadá,bajo,Exceso,ipc,M,28,0.9851701241835026,1.579062654829513
Canadá,bajo,Exceso,ipc,M,29,0.9257400626217489,1.4677445311342125
Canadá,bajo,Exceso,ipc,M,30,0.9447979754031363,1.5304115643259972
Canadá,bajo,Exceso,ipc,M,31,0.808210164641745,1.2550084181942303
Canadá,bajo,Exceso,ipc,M,32,0.792697555659354,1.1499577082919645
Canadá,bajo,Exceso,ipc,M,33,0.8731516643002222,1.245622159074902
Canadá,bajo,Exceso,ipc,M,34,0.8849163952543795,1.2452488025615762
Canadá,bajo,Exceso,ipc,M,35,0.8866035477258634,1.2843121183558406
Canadá,bajo,Exceso,ipc,M,36,1.1006024120659377,1.5663585502764297
Canadá,bajo,Exceso,ipc,M,37,1.1162445135237449,1.5585591908735108
Canadá,bajo,Exceso,ipc,M,38,1.1900853560301248,1.6291677679734082
Canadá,bajo,Exceso,ipc,M,39,1.1508985543334265,1.550760739979053
Canadá,bajo,Exceso,ipc,M,40,1.0730973426732997,1.4935904424044288
Canadá,bajo,Exceso,ipc,M,41,0.961885568934909,1.3625320824912395
Canadá,bajo,Exceso,ipc,M,42,0.6040897210121539,1.0164607622079311
Canadá,bajo,Exceso,ipc,M,43,0.6464202418335021,1.013050429752407
Canadá,bajo,Exceso,ipc,M,44,0.6420082331375577,1.0664898893514072
Canadá,bajo,Exceso,ipc,M,45,0.5019586835080274,0.8700299535789647
Canadá,bajo,Exceso,ipc,M,46,0.7726145026201204,1.1938445349348008
Canadá,bajo,Exceso,ipc,M,47,0.88861858210375,1.2899793885549244
Canadá,bajo,Exceso,ipc,M,48,0.9597362068339321,1.4254290639624827
Canadá,bajo,Exceso,fx,M,0,0.7819951730926146,1.9375698911567214
Canadá,bajo,Exceso,fx,M,1,0.5840675937048782,0.8463384160882547
Canadá,bajo,Exceso,fx,M,2,0.4151938725767631,0.4552220780369802
Canadá,bajo,Exceso,fx,M,3,0.26935846144548103,0.2688066227697968
Canadá,bajo,Exceso,fx,M,4,0.8435138334527451,0.7803540275644067
Canadá,bajo,Exceso,fx,M,5,1.1903955390820251,1.0005910158810665
Canadá,bajo,Exceso,fx,M,6,0.8460732108562689,0.6348516502953783
Canadá,bajo,Exceso,fx,M,7,1.0633544331242504,0.7705116224738906
Canadá,bajo,Exceso,fx,M,8,0.553164160337491,0.3857013189987547
Canadá,bajo,Exceso,fx,M,9,0.9460421478188253,0.6185822883929886
Canadá,bajo,Exceso,fx,M,10,0.7827436237707665,0.47048310010697236
Canadá,bajo,Exceso,fx,M,11,0.6572204115098966,0.3680741918276237
Canadá,bajo,Exceso,fx,M,12,0.7196995673727552,0.37383331221539673
Canadá,bajo,Exceso,fx,M,13,0.8724800242328965,0.4701023932918715
Canadá,bajo,Exceso,fx,M,14,1.5086661652514934,0.8105841679994258
Canadá,bajo,Exceso,fx,M,15,1.7802339445834263,0.9310959468650338
Canadá,bajo,Exceso,fx,M,16,1.5505724973052433,0.7432243827152101
Canadá,bajo,Exceso,fx,M,17,1.646374462160041,0.7656183611800065
Canadá,bajo,Exceso,fx,M,18,1.8673710798413474,0.8518060717694175
Canadá,bajo,Exceso,fx,M,19,2.049991859841192,0.8804528625407749
Canadá,bajo,Exceso,fx,M,20,1.9339212048997736,0.8125661486323245
Canadá,bajo,Exceso,fx,M,21,2.025942873740655,0.8458841384648292
Canadá,bajo,Exceso,fx,M,22,2.9249351344288193,1.1450381756918877
Canadá,bajo,Exceso,fx,M,23,3.1727777444490877,1.1813620043521218
Canadá,bajo,Exceso,fx,M,24,3.125483405982718,1.18147920142621
Canadá,bajo,Exceso,fx,M,25,3.323435237339326,1.2679377058392742
Canadá,bajo,Exceso,fx,M,26,2.8527334738668118,1.0839441318630465
Canadá,bajo,Exceso,fx,M,27,2.769697052399305,1.092296018620038
Canadá,bajo,Exceso,fx,M,28,2.469562950330967,1.052580388515758
Canadá,bajo,Exceso,fx,M,29,2.1609564839852577,0.9790733016381811
Canadá,bajo,Exceso,fx,M,30,1.8703438083691855,0.8306426474307483
Canadá,bajo,Exceso,fx,M,31,1.8008623183188468,0.8192443350586974
Canadá,bajo,Exceso,fx,M,32,1.8632962797114156,0.8125681042722861
Canadá,bajo,Exceso,fx,M,33,1.9739346355968477,0.8775032480691017
Canadá,bajo,Exceso,fx,M,34,1.6813439638023298,0.7176019659563342
Canadá,bajo,Exceso,fx,M,35,1.90484803649241,0.8454351398510586
Canadá,bajo,Exceso,fx,M,36,1.6264991037097831,0.679211592192283
Canadá,bajo,Exceso,fx,M,37,1.574552561714993,0.6614387705924415
Canadá,bajo,Exceso,fx,M,38,1.1446358702290362,0.5137810013396326
Canadá,bajo,Exceso,fx,M,39,0.8639835206992672,0.37904909482889704
Canadá,bajo,Exceso,fx,M,40,0.9645220142230114,0.4120255465027922
Canadá,bajo,Exceso,fx,M,41,1.1854772041161186,0.49435160769287223
Canadá,bajo,Exceso,fx,M,42,1.270792108347899,0.542701766452114
Canadá,bajo,Exceso,fx,M,43,1.6698733357243065,0.6694491427942613
Canadá,bajo,Exceso,fx,M,44,2.0625334861809375,0.807755913633823
Canadá,bajo,Exceso,fx,M,45,2.1686726856934584,0.8215051407174093
Canadá,bajo,Exceso,fx,M,46,1.9469097335474264,0.7021968615090697
Canadá,bajo,Exceso,fx,M,47,1.83586154372881,0.6632787836812041
Canadá,bajo,Exceso,fx,M,48,2.091331030505427,0.743304304146408
Canadá,bajo,Exceso,vivienda,Q,0,0.619226139127512,1.3602809852256974
Canadá,bajo,Exceso,vivienda,Q,1,1.3551542679443647,1.470056988296078
Canadá,bajo,Exceso,vivienda,Q,2,0.02922245244496774,0.026189755596338158
Canadá,bajo,Exceso,vivienda,Q,3,-0.8529626640896322,-0.6346638566460003
Canadá,bajo,Exceso,vivienda,Q,4,-0.06077883890873803,-0.03997430541302491
Canadá,bajo,Exceso,vivienda,Q,5,-0.2596708317338807,-0.15033038525106235
Canadá,bajo,Exceso,vivienda,Q,6,1.3206549555696907,0.6526400358574561
Canadá,bajo,Exceso,vivienda,Q,7,2.0871054452751805,0.9340658992722302
Canadá,bajo,Exceso,vivienda,Q,8,2.250993898132708,0.9376286983499816
Canadá,bajo,Exceso,vivienda,Q,9,2.085834411904889,0.8587366373595723
Canadá,bajo,Exceso,vivienda,Q,10,0.8075335672187476,0.2924402030003632
Canadá,bajo,Exceso,vivienda,Q,11,0.9019988647145507,0.3035770812245711
Canadá,bajo,Exceso,vivienda,Q,12,1.0039932340668636,0.32513129089147164
Canadá,bajo,Exceso,credito,Q,0,0.21484140978617333,0.4544511140721208
Canadá,bajo,Exceso,credito,Q,1,0.31114044258513474,0.33056669228352226
Canadá,bajo,Exceso,credito,Q,2,0.2753706937196705,0.19825154346822074
Canadá,bajo,Exceso,credito,Q,3,0.0028886742323545045,0.0019467626606812977
Canadá,bajo,Exceso,credito,Q,4,0.6734109915297606,0.46408409219347196
Canadá,bajo,Exceso,credito,Q,5,1.1509450115220388,0.8073891874104124
Canadá,bajo,Exceso,credito,Q,6,1.8491717875348055,1.2266423069704373
Canadá,bajo,Exceso,credito,Q,7,1.7596915348370539,0.9577614172867027
Canadá,bajo,Exceso,credito,Q,8,2.54082852136541,1.1936658424116828
Canadá,bajo,Exceso,credito,Q,9,2.6091709306879047,1.0570001870061496
Canadá,bajo,Exceso,credito,Q,10,2.6857375836061177,1.0367116799486389
Canadá,bajo,Exceso,credito,Q,11,2.7242828196306688,0.9239579843509836
Canadá,bajo,Exceso,credito,Q,12,2.4051227841217946,0.7913622893967293
Canadá,bajo,M-actividad,tasa,M,0,-0.13244770985814222,-3.063294211568118
Canadá,bajo,M-actividad,tasa,M,1,-0.14466179962407252,-2.6393200649599184
Canadá,bajo,M-actividad,tasa,M,2,-0.21290168568616785,-2.973956482119211
Canadá,bajo,M-actividad,tasa,M,3,-0.22393631124696908,-2.9961728497999904
Canadá,bajo,M-actividad,tasa,M,4,-0.25136187619142736,-2.991607784921556
Canadá,bajo,M-actividad,tasa,M,5,-0.2527396190964339,-2.8722921631024767
Canadá,bajo,M-actividad,tasa,M,6,-0.2715994401596251,-2.735278391929699
Canadá,bajo,M-actividad,tasa,M,7,-0.2879025054683837,-2.501449687636713
Canadá,bajo,M-actividad,tasa,M,8,-0.27917577940522176,-1.9580324820463453
Canadá,bajo,M-actividad,tasa,M,9,-0.33237543289547944,-2.084736291718558
Canadá,bajo,M-actividad,tasa,M,10,-0.3361406406482455,-1.8711144918249984
Canadá,bajo,M-actividad,tasa,M,11,-0.34135319656028934,-1.7611478750850091
Canadá,bajo,M-actividad,tasa,M,12,-0.36334187291260445,-1.8013902858326967
Canadá,bajo,M-actividad,tasa,M,13,-0.3777429191251767,-1.7994637710615875
Canadá,bajo,M-actividad,tasa,M,14,-0.4045130259564264,-1.8042483048631581
Canadá,bajo,M-actividad,tasa,M,15,-0.4634300361600234,-1.9608187245727764
Canadá,bajo,M-actividad,tasa,M,16,-0.5179747382277388,-2.0507279315793117
Canadá,bajo,M-actividad,tasa,M,17,-0.5252173306330732,-1.9959446563060672
Canadá,bajo,M-actividad,tasa,M,18,-0.5447108127484893,-2.0503749803430686
Canadá,bajo,M-actividad,tasa,M,19,-0.5467719917387599,-2.0422300773980333
Canadá,bajo,M-actividad,tasa,M,20,-0.5507406900782732,-2.104368636428873
Canadá,bajo,M-actividad,tasa,M,21,-0.5338932543322773,-2.050822697369835
Canadá,bajo,M-actividad,tasa,M,22,-0.5217826572946492,-1.9831179111366868
Canadá,bajo,M-actividad,tasa,M,23,-0.5014332669716007,-1.864683064464833
Canadá,bajo,M-actividad,tasa,M,24,-0.4239973981344847,-1.545330506089549
Canadá,bajo,M-actividad,tasa,M,25,-0.3815300578932583,-1.3095145608271872
Canadá,bajo,M-actividad,tasa,M,26,-0.3605579241495539,-1.1662727667883732
Canadá,bajo,M-actividad,tasa,M,27,-0.2917342398739732,-0.8952712993917957
Canadá,bajo,M-actividad,tasa,M,28,-0.22513955005542488,-0.6633876095147083
Canadá,bajo,M-actividad,tasa,M,29,-0.16617470314918953,-0.4683678223798184
Canadá,bajo,M-actividad,tasa,M,30,-0.12348174882567647,-0.34042292096580823
Canadá,bajo,M-actividad,tasa,M,31,-0.07828092418583817,-0.21194802692588802
Canadá,bajo,M-actividad,tasa,M,32,-0.055348276747628745,-0.14673207881530886
Canadá,bajo,M-actividad,tasa,M,33,-0.034613931332689675,-0.09025932870446157
Canadá,bajo,M-actividad,tasa,M,34,0.03225001729172848,0.08545338936195349
Canadá,bajo,M-actividad,tasa,M,35,0.03926517062466205,0.10471805259602728
Canadá,bajo,M-actividad,tasa,M,36,0.007658244242856806,0.020268811783365984
Canadá,bajo,M-actividad,tasa,M,37,0.021101702691151258,0.05579548147919048
Canadá,bajo,M-actividad,tasa,M,38,0.08962560721601659,0.23712442587916444
Canadá,bajo,M-actividad,tasa,M,39,0.09983744758993085,0.25941956234417785
Canadá,bajo,M-actividad,tasa,M,40,0.11524637431865134,0.2942017406210244
Canadá,bajo,M-actividad,tasa,M,41,0.14393728033452394,0.3757614675127482
Canadá,bajo,M-actividad,tasa,M,42,0.16719175972877348,0.43282250141962736
Canadá,bajo,M-actividad,tasa,M,43,0.17301972548951905,0.449661035285171
Canadá,bajo,M-actividad,tasa,M,44,0.1945947751367082,0.5202361210731947
Canadá,bajo,M-actividad,tasa,M,45,0.19436179028841757,0.5137873859330417
Canadá,bajo,M-actividad,tasa,M,46,0.18643134106213755,0.49187473645894153
Canadá,bajo,M-actividad,tasa,M,47,0.18345325182918257,0.4838606838611432
Canadá,bajo,M-actividad,tasa,M,48,0.19663014183342725,0.548780927628392
Canadá,bajo,M-actividad,acciones,M,0,-0.7772260668908586,-0.8934204065039791
Canadá,bajo,M-actividad,acciones,M,1,0.12496847272071213,0.1478577502907219
Canadá,bajo,M-actividad,acciones,M,2,-0.06842103248899875,-0.07411389486583493
Canadá,bajo,M-actividad,acciones,M,3,0.014203556176312304,0.01313921163041949
Canadá,bajo,M-actividad,acciones,M,4,-0.5028381607691522,-0.34410740388888233
Canadá,bajo,M-actividad,acciones,M,5,-0.8246153678077172,-0.5569118351117823
Canadá,bajo,M-actividad,acciones,M,6,-0.4163930436778308,-0.2709861151616894
Canadá,bajo,M-actividad,acciones,M,7,-1.5610525917404399,-0.800546512636437
Canadá,bajo,M-actividad,acciones,M,8,-1.3485136904972619,-0.5964101684463134
Canadá,bajo,M-actividad,acciones,M,9,-1.393878282335895,-0.5284357561126328
Canadá,bajo,M-actividad,acciones,M,10,-1.9294354535319727,-0.6533753203283003
Canadá,bajo,M-actividad,acciones,M,11,-2.2020414326061175,-0.7056054973220899
Canadá,bajo,M-actividad,acciones,M,12,-3.0053111392438923,-0.8799617937748633
Canadá,bajo,M-actividad,acciones,M,13,-3.3713046516377583,-0.9761707157151172
Canadá,bajo,M-actividad,acciones,M,14,-3.164915130048446,-0.8647246737141653
Canadá,bajo,M-actividad,acciones,M,15,-2.8719458113644745,-0.7590778742450632
Canadá,bajo,M-actividad,acciones,M,16,-2.8876755190877,-0.7904113790850267
Canadá,bajo,M-actividad,acciones,M,17,-1.5344675670391075,-0.4486845442615007
Canadá,bajo,M-actividad,acciones,M,18,-1.6585698952784995,-0.50984213501358
Canadá,bajo,M-actividad,acciones,M,19,-1.0810804273377403,-0.34112979409895766
Canadá,bajo,M-actividad,acciones,M,20,-1.3626475314545496,-0.4291923877853114
Canadá,bajo,M-actividad,acciones,M,21,-1.8959688648332629,-0.6119254699981301
Canadá,bajo,M-actividad,acciones,M,22,-2.409614384465157,-0.8110964457914148
Canadá,bajo,M-actividad,acciones,M,23,-2.568276911832914,-0.8391766124089145
Canadá,bajo,M-actividad,acciones,M,24,-2.50629982757268,-0.7792327431164231
Canadá,bajo,M-actividad,acciones,M,25,-2.8842904630929658,-0.9814464230259664
Canadá,bajo,M-actividad,acciones,M,26,-3.24200830804784,-1.0687816177854819
Canadá,bajo,M-actividad,acciones,M,27,-3.532915425442097,-1.2223211531186493
Canadá,bajo,M-actividad,acciones,M,28,-3.411906452536402,-1.173131452548669
Canadá,bajo,M-actividad,acciones,M,29,-4.133431480557648,-1.3474996757473412
Canadá,bajo,M-actividad,acciones,M,30,-4.750524626578983,-1.5248055696901195
Canadá,bajo,M-actividad,acciones,M,31,-4.660980750453989,-1.4901814271577463
Canadá,bajo,M-actividad,acciones,M,32,-4.486799799326518,-1.4981093486405987
Canadá,bajo,M-actividad,acciones,M,33,-4.417638410865305,-1.5217148218775831
Canadá,bajo,M-actividad,acciones,M,34,-3.267883992660457,-1.2120048099092466
Canadá,bajo,M-actividad,acciones,M,35,-3.6432383406054694,-1.5461574833387364
Canadá,bajo,M-actividad,acciones,M,36,-2.853592390203041,-1.2458726479004414
Canadá,bajo,M-actividad,acciones,M,37,-2.6881037445072287,-1.1595829236068862
Canadá,bajo,M-actividad,acciones,M,38,-3.4045817002766268,-1.5292674934268273
Canadá,bajo,M-actividad,acciones,M,39,-3.7757271899777582,-1.5168205248386541
Canadá,bajo,M-actividad,acciones,M,40,-4.115745840744058,-1.686344001884
Canadá,bajo,M-actividad,acciones,M,41,-4.72762979940573,-1.7074761914971135
Canadá,bajo,M-actividad,acciones,M,42,-5.266997374826287,-1.8338327883550654
Canadá,bajo,M-actividad,acciones,M,43,-5.684134578780258,-1.9965628491247354
Canadá,bajo,M-actividad,acciones,M,44,-5.593398597285052,-1.7694474923255377
Canadá,bajo,M-actividad,acciones,M,45,-4.8485997658904205,-1.4230790280750736
Canadá,bajo,M-actividad,acciones,M,46,-5.6047398842093,-1.5625319319507498
Canadá,bajo,M-actividad,acciones,M,47,-5.7830464523739975,-1.4115639094333754
Canadá,bajo,M-actividad,acciones,M,48,-6.051251370573549,-1.5030070330633976
Canadá,bajo,M-actividad,salario,M,0,0.42254183579674676,1.9088138512312873
Canadá,bajo,M-actividad,salario,M,1,0.48186095142647073,2.156623285979188
Canadá,bajo,M-actividad,salario,M,2,-0.15765510859248844,-0.4953818588096584
Canadá,bajo,M-actividad,salario,M,3,0.3870275322500742,1.6343262168630297
Canadá,bajo,M-actividad,salario,M,4,-0.014024254432342217,-0.04221509768946583
Canadá,bajo,M-actividad,salario,M,5,0.014098309108616744,0.05643181640601693
Canadá,bajo,M-actividad,salario,M,6,0.05911438117901323,0.17725103204041415
Canadá,bajo,M-actividad,salario,M,7,0.37886745470804584,1.0662567012974105
Canadá,bajo,M-actividad,salario,M,8,0.33358104929823884,0.8057996688235864
Canadá,bajo,M-actividad,salario,M,9,0.7396348588501458,1.8132892819643036
Canadá,bajo,M-actividad,salario,M,10,0.18455274578427439,0.4593242130644009
Canadá,bajo,M-actividad,salario,M,11,0.6438437131145558,1.778291732479878
Canadá,bajo,M-actividad,salario,M,12,-0.14273811425587402,-0.3876321482211334
Canadá,bajo,M-actividad,salario,M,13,0.4288437649704596,1.0655507015417058
Canadá,bajo,M-actividad,salario,M,14,0.3518583122698794,0.9346231196462998
Canadá,bajo,M-actividad,salario,M,15,0.34965979718819556,0.9943172250319352
Canadá,bajo,M-actividad,salario,M,16,0.5464422048172105,1.5235937631477432
Canadá,bajo,M-actividad,salario,M,17,0.049761943340656166,0.11694580856584409
Canadá,bajo,M-actividad,salario,M,18,-0.045573953963446684,-0.1272003746881268
Canadá,bajo,M-actividad,salario,M,19,-0.13750965612633792,-0.37394137947329853
Canadá,bajo,M-actividad,salario,M,20,-0.3387966560446742,-0.6923948942249418
Canadá,bajo,M-actividad,salario,M,21,-0.5346986410213872,-1.3208037951444025
Canadá,bajo,M-actividad,salario,M,22,-0.02143242224382709,-0.050046191100286894
Canadá,bajo,M-actividad,salario,M,23,-0.4627185773892654,-1.019010327678042
Canadá,bajo,M-actividad,salario,M,24,-0.36005661186932036,-0.8819872968841488
Canadá,bajo,M-actividad,salario,M,25,-0.6760089124108559,-1.6980171048647998
Canadá,bajo,M-actividad,salario,M,26,-0.764472786955233,-2.281976014616771
Canadá,bajo,M-actividad,salario,M,27,-0.5569763439722557,-1.3998346476108638
Canadá,bajo,M-actividad,salario,M,28,-0.3346103096797083,-0.7851327831376999
Canadá,bajo,M-actividad,salario,M,29,-0.21019298065376069,-0.5147575867720501
Canadá,bajo,M-actividad,salario,M,30,-0.16582080804205654,-0.40812748062914395
Canadá,bajo,M-actividad,salario,M,31,-0.2239297984218919,-0.4314523774979666
Canadá,bajo,M-actividad,salario,M,32,0.1561518696322141,0.3312590192017288
Canadá,bajo,M-actividad,salario,M,33,0.19409669439999405,0.3542937888860772
Canadá,bajo,M-actividad,salario,M,34,0.0891749214274477,0.1560601310722864
Canadá,bajo,M-actividad,salario,M,35,-0.022299830777275292,-0.03632959050529356
Canadá,bajo,M-actividad,salario,M,36,0.1201852598807856,0.21431447067002554
Canadá,bajo,M-actividad,salario,M,37,0.4318706263009634,0.670786566723332
Canadá,bajo,M-actividad,salario,M,38,0.07619335614330405,0.21177915678472697
Canadá,bajo,M-actividad,salario,M,39,0.37290318966915714,0.7558571384008882
Canadá,bajo,M-actividad,salario,M,40,-0.036981687399473634,-0.10726616307980175
Canadá,bajo,M-actividad,salario,M,41,0.17369637149176884,0.3715852402559837
Canadá,bajo,M-actividad,salario,M,42,-1.2687175775248456,-2.976732223495675
Canadá,bajo,M-actividad,salario,M,43,-0.5265281348095683,-1.4007214628621851
Canadá,bajo,M-actividad,salario,M,44,0.34115890667884674,1.0598633158071507
Canadá,bajo,M-actividad,salario,M,45,-0.221066953899156,-0.7707970324188778
Canadá,bajo,M-actividad,salario,M,46,-0.039252660378390765,-0.11967408759019202
Canadá,bajo,M-actividad,salario,M,47,0.3676501756736902,1.0758234705366565
Canadá,bajo,M-actividad,salario,M,48,0.20792947965619787,0.5071629586538896
Canadá,bajo,M-actividad,ipc,M,0,-0.132950227070924,-2.304404371636785
Canadá,bajo,M-actividad,ipc,M,1,-0.21223265742416494,-2.4102929156310915
Canadá,bajo,M-actividad,ipc,M,2,-0.18395753616853133,-2.2081292814836293
Canadá,bajo,M-actividad,ipc,M,3,-0.1644170036731341,-1.8319665965105325
Canadá,bajo,M-actividad,ipc,M,4,-0.1490440909963977,-1.4028481100262067
Canadá,bajo,M-actividad,ipc,M,5,-0.1665489675428332,-1.4112603858226518
Canadá,bajo,M-actividad,ipc,M,6,-0.15889627576988408,-1.1469537446629083
Canadá,bajo,M-actividad,ipc,M,7,-0.13558361483546294,-0.9266313550637996
Canadá,bajo,M-actividad,ipc,M,8,-0.12935798796501827,-0.7613517414896769
Canadá,bajo,M-actividad,ipc,M,9,-0.1187113594250667,-0.6853381830908556
Canadá,bajo,M-actividad,ipc,M,10,-0.14557664053993757,-0.8358149410680178
Canadá,bajo,M-actividad,ipc,M,11,-0.15149566555753255,-0.925258412298353
Canadá,bajo,M-actividad,ipc,M,12,-0.2535573422332897,-1.453714416306799
Canadá,bajo,M-actividad,ipc,M,13,-0.33879639616413415,-1.7953255199439047
Canadá,bajo,M-actividad,ipc,M,14,-0.3974480731873628,-1.8923547105403464
Canadá,bajo,M-actividad,ipc,M,15,-0.36232821657863373,-1.6967959923391804
Canadá,bajo,M-actividad,ipc,M,16,-0.3553823602163762,-1.5636890965607586
Canadá,bajo,M-actividad,ipc,M,17,-0.32573683272370935,-1.413642747773826
Canadá,bajo,M-actividad,ipc,M,18,-0.2784312592000319,-1.1644940143857672
Canadá,bajo,M-actividad,ipc,M,19,-0.2475360477535326,-0.9805057951845252
Canadá,bajo,M-actividad,ipc,M,20,-0.14780625940283776,-0.6241453882664972
Canadá,bajo,M-actividad,ipc,M,21,-0.1294321371781881,-0.5181796866641354
Canadá,bajo,M-actividad,ipc,M,22,-0.09173071512359482,-0.33792985012671456
Canadá,bajo,M-actividad,ipc,M,23,0.031159818610953238,0.09959759380644363
Canadá,bajo,M-actividad,ipc,M,24,-0.012636973497621634,-0.03527144014176376
Canadá,bajo,M-actividad,ipc,M,25,0.04312234019388943,0.11080059417809937
Canadá,bajo,M-actividad,ipc,M,26,0.15198396829646788,0.3625507965589029
Canadá,bajo,M-actividad,ipc,M,27,0.14053673698595864,0.3162532134895412
Canadá,bajo,M-actividad,ipc,M,28,0.05392822152274486,0.12077503691435015
Canadá,bajo,M-actividad,ipc,M,29,0.0584721445686002,0.13505351324627737
Canadá,bajo,M-actividad,ipc,M,30,0.10417689921907577,0.23021246871526013
Canadá,bajo,M-actividad,ipc,M,31,0.15440228102077697,0.328921829375096
Canadá,bajo,M-actividad,ipc,M,32,0.09572804260045757,0.20251904802175236
Canadá,bajo,M-actividad,ipc,M,33,0.10364601430640066,0.22854408895334352
Canadá,bajo,M-actividad,ipc,M,34,0.22618140904242023,0.5212561817254435
Canadá,bajo,M-actividad,ipc,M,35,0.2701320104455973,0.6104209537441632
Canadá,bajo,M-actividad,ipc,M,36,0.3752840201473433,0.8581547336775633
Canadá,bajo,M-actividad,ipc,M,37,0.35974944952326626,0.790899188961253
Canadá,bajo,M-actividad,ipc,M,38,0.3839124237644925,0.8207215330649931
Canadá,bajo,M-actividad,ipc,M,39,0.34751359617669897,0.7379604754698715
Canadá,bajo,M-actividad,ipc,M,40,0.30296935130810865,0.62324839858426
Canadá,bajo,M-actividad,ipc,M,41,0.32201121958827894,0.6838124904340148
Canadá,bajo,M-actividad,ipc,M,42,0.2594298580499814,0.5219724013661922
Canadá,bajo,M-actividad,ipc,M,43,0.14289362705072667,0.27770628851125706
Canadá,bajo,M-actividad,ipc,M,44,0.09266244450631267,0.1899009002503019
Canadá,bajo,M-actividad,ipc,M,45,-0.005795847418397837,-0.012270006265543722
Canadá,bajo,M-actividad,ipc,M,46,-0.045380486940204995,-0.09183195551519045
Canadá,bajo,M-actividad,ipc,M,47,-0.30949623469712784,-0.588044191858906
Canadá,bajo,M-actividad,ipc,M,48,0.2997812053866561,0.5908235050744007
Canadá,bajo,M-actividad,fx,M,0,0.20776464624557375,0.7743340755260035
Canadá,bajo,M-actividad,fx,M,1,0.04725086811888328,0.1362019475895171
Canadá,bajo,M-actividad,fx,M,2,-0.061285257068748364,-0.17824902362664724
Canadá,bajo,M-actividad,fx,M,3,-0.21135946751411688,-0.562580703928096
Canadá,bajo,M-actividad,fx,M,4,-0.08626520997110038,-0.17047556448370005
Canadá,bajo,M-actividad,fx,M,5,-0.26736886595776915,-0.4703838061160635
Canadá,bajo,M-actividad,fx,M,6,-0.6263712476769989,-1.0885216595794691
Canadá,bajo,M-actividad,fx,M,7,-0.6580002936970835,-0.9908245834940027
Canadá,bajo,M-actividad,fx,M,8,-0.8431353601048281,-1.0389814572567495
Canadá,bajo,M-actividad,fx,M,9,-0.9804417724493311,-1.0798223672942286
Canadá,bajo,M-actividad,fx,M,10,-0.8967358822982923,-0.8370263374117792
Canadá,bajo,M-actividad,fx,M,11,-1.0049722557876768,-0.8546864173937557
Canadá,bajo,M-actividad,fx,M,12,-0.9112359244245503,-0.722636065067543
Canadá,bajo,M-actividad,fx,M,13,-1.0477785371428827,-0.7789298894760813
Canadá,bajo,M-actividad,fx,M,14,-1.2612188227109797,-0.9229478375619256
Canadá,bajo,M-actividad,fx,M,15,-1.0143090776317245,-0.7672539781776616
Canadá,bajo,M-actividad,fx,M,16,-0.905227556153009,-0.7251242525708477
Canadá,bajo,M-actividad,fx,M,17,-1.4164759441230352,-1.24491069606072
Canadá,bajo,M-actividad,fx,M,18,-1.9368388827700556,-1.7898570419190785
Canadá,bajo,M-actividad,fx,M,19,-2.142290979401835,-2.119544969301781
Canadá,bajo,M-actividad,fx,M,20,-2.1997313594785,-2.404590053775928
Canadá,bajo,M-actividad,fx,M,21,-2.4084128103128095,-2.6894810717248716
Canadá,bajo,M-actividad,fx,M,22,-2.555535264602754,-3.248195075749128
Canadá,bajo,M-actividad,fx,M,23,-2.559333934050322,-3.082397495850486
Canadá,bajo,M-actividad,fx,M,24,-2.7158495198645536,-3.1032927373666204
Canadá,bajo,M-actividad,fx,M,25,-2.4072598185374163,-2.795536625208901
Canadá,bajo,M-actividad,fx,M,26,-2.188583738527508,-2.4330284971536305
Canadá,bajo,M-actividad,fx,M,27,-2.2276068279555337,-2.5015093797101633
Canadá,bajo,M-actividad,fx,M,28,-2.5715648660490626,-2.798295949381568
Canadá,bajo,M-actividad,fx,M,29,-2.452991788469584,-2.5411630079459613
Canadá,bajo,M-actividad,fx,M,30,-1.9148784429889423,-1.9037843929853924
Canadá,bajo,M-actividad,fx,M,31,-2.000923059858708,-2.028159958513279
Canadá,bajo,M-actividad,fx,M,32,-1.799613504189028,-1.9835026493433716
Canadá,bajo,M-actividad,fx,M,33,-1.7616392423186542,-2.08435561274169
Canadá,bajo,M-actividad,fx,M,34,-2.1100876692545514,-2.564480501919172
Canadá,bajo,M-actividad,fx,M,35,-2.295255772918102,-2.6228477671937984
Canadá,bajo,M-actividad,fx,M,36,-2.4654839203279924,-2.6956634146934353
Canadá,bajo,M-actividad,fx,M,37,-2.753029156207725,-2.791017390843921
Canadá,bajo,M-actividad,fx,M,38,-2.8601654492367095,-2.864627706257299
Canadá,bajo,M-actividad,fx,M,39,-2.9413412246527244,-2.96628133656872
Canadá,bajo,M-actividad,fx,M,40,-2.7804908023237473,-2.81956504771956
Canadá,bajo,M-actividad,fx,M,41,-2.454612802697476,-2.403205987999917
Canadá,bajo,M-actividad,fx,M,42,-2.4496976120510525,-2.459534053912165
Canadá,bajo,M-actividad,fx,M,43,-2.3243672921509066,-2.4581335785572644
Canadá,bajo,M-actividad,fx,M,44,-2.4377260517471915,-2.7332684967612604
Canadá,bajo,M-actividad,fx,M,45,-2.8146753406285105,-2.9950415665863908
Canadá,bajo,M-actividad,fx,M,46,-2.678086448617852,-2.725306982919546
Canadá,bajo,M-actividad,fx,M,47,-2.6024323919571852,-2.5550832636163
Canadá,bajo,M-actividad,fx,M,48,-2.266514077294874,-2.1810706090885024
Canadá,bajo,M-actividad,vivienda,Q,0,0.16681119321621868,0.6064163046193338
Canadá,bajo,M-actividad,vivienda,Q,1,0.6681169309817196,1.258603112087282
Canadá,bajo,M-actividad,vivienda,Q,2,1.4035729096161025,1.7464628572641008
Canadá,bajo,M-actividad,vivienda,Q,3,0.8026511274871135,0.7487734813395048
Canadá,bajo,M-actividad,vivienda,Q,4,1.2780287765312563,1.0435554698055038
Canadá,bajo,M-actividad,vivienda,Q,5,1.8867492168089295,1.5398261438451344
Canadá,bajo,M-actividad,vivienda,Q,6,2.5826689859908223,1.9640248366581836
Canadá,bajo,M-actividad,vivienda,Q,7,4.205945422224325,3.160654888954518
Canadá,bajo,M-actividad,vivienda,Q,8,3.830383786124165,2.4787337070158326
Canadá,bajo,M-actividad,vivienda,Q,9,2.9341664823389677,1.5410117114077868
Canadá,bajo,M-actividad,vivienda,Q,10,2.731444455260913,1.3104702545644806
Canadá,bajo,M-actividad,vivienda,Q,11,2.4830987946627534,1.1920259784969152
Canadá,bajo,M-actividad,vivienda,Q,12,2.7300174367735064,1.2826702642399532
Canadá,bajo,M-actividad,credito,Q,0,1.8964212634183393,7.927652047841853
Canadá,bajo,M-actividad,credito,Q,1,2.8078217695213223,7.1705722358182395
Canadá,bajo,M-actividad,credito,Q,2,3.7112962782906225,5.970280637392369
Canadá,bajo,M-actividad,credito,Q,3,4.201237653487414,5.435442887016268
Canadá,bajo,M-actividad,credito,Q,4,4.3459453825575185,4.806890082624033
Canadá,bajo,M-actividad,credito,Q,5,4.703830563873229,3.805555801200521
Canadá,bajo,M-actividad,credito,Q,6,4.755279790349372,2.9977544579251725
Canadá,bajo,M-actividad,credito,Q,7,4.486305659164739,2.2887371854802456
Canadá,bajo,M-actividad,credito,Q,8,3.5298989721723406,1.5442035961484604
Canadá,bajo,M-actividad,credito,Q,9,2.924079315339812,1.1750578776937517
Canadá,bajo,M-actividad,credito,Q,10,2.6084116944506497,0.9347162544892397
Canadá,bajo,M-actividad,credito,Q,11,2.5856472020129977,0.8900640059703975
Canadá,bajo,M-actividad,credito,Q,12,2.548328936549102,0.8544834851520643
Canadá,bajo,Exceso+act,tasa,M,0,-0.08699766551552655,-1.9847642944105721
Canadá,bajo,Exceso+act,tasa,M,1,-0.03895466966319401,-0.5475667897584967
Canadá,bajo,Exceso+act,tasa,M,2,-0.07401949388578205,-0.8413569127134745
Canadá,bajo,Exceso+act,tasa,M,3,0.017835256495521905,0.1729562092697606
Canadá,bajo,Exceso+act,tasa,M,4,0.08112694931849138,0.661585612097986
Canadá,bajo,Exceso+act,tasa,M,5,0.1029735866433175,0.8158437904751519
Canadá,bajo,Exceso+act,tasa,M,6,0.08727241550090827,0.5671386741872895
Canadá,bajo,Exceso+act,tasa,M,7,0.1299701167009915,0.7062284510209911
Canadá,bajo,Exceso+act,tasa,M,8,0.17926689295320009,0.8461206832466535
Canadá,bajo,Exceso+act,tasa,M,9,0.2809837190344554,1.1357099148876557
Canadá,bajo,Exceso+act,tasa,M,10,0.2889353985422995,1.034772221221234
Canadá,bajo,Exceso+act,tasa,M,11,0.27902989874317696,0.8830180382248064
Canadá,bajo,Exceso+act,tasa,M,12,0.2778183585185901,0.8305820345850364
Canadá,bajo,Exceso+act,tasa,M,13,0.23183885877315272,0.6309120655174068
Canadá,bajo,Exceso+act,tasa,M,14,0.23680673589719597,0.6003623699337578
Canadá,bajo,Exceso+act,tasa,M,15,0.2031093439870144,0.4941295983633652
Canadá,bajo,Exceso+act,tasa,M,16,0.14251450257205867,0.3202071892293231
Canadá,bajo,Exceso+act,tasa,M,17,0.11820366495083769,0.2561049814328987
Canadá,bajo,Exceso+act,tasa,M,18,0.09265947609847817,0.19787985124346924
Canadá,bajo,Exceso+act,tasa,M,19,0.05902983827212716,0.12237283922051821
Canadá,bajo,Exceso+act,tasa,M,20,0.06188614018904082,0.12508337807473963
Canadá,bajo,Exceso+act,tasa,M,21,0.01648081459199862,0.032934352778462
Canadá,bajo,Exceso+act,tasa,M,22,0.033700939991316854,0.06401224233860846
Canadá,bajo,Exceso+act,tasa,M,23,0.08818567765114121,0.16744129065747138
Canadá,bajo,Exceso+act,tasa,M,24,0.08941191997347972,0.17038740833679084
Canadá,bajo,Exceso+act,tasa,M,25,0.09416546316590907,0.17647607830971918
Canadá,bajo,Exceso+act,tasa,M,26,0.09573907304039002,0.17881409681549176
Canadá,bajo,Exceso+act,tasa,M,27,0.1765472289173885,0.32937658071687265
Canadá,bajo,Exceso+act,tasa,M,28,0.17162514324643213,0.31491719310242944
Canadá,bajo,Exceso+act,tasa,M,29,0.26579143442024444,0.48961678710831946
Canadá,bajo,Exceso+act,tasa,M,30,0.33016909988630033,0.6163928354348955
Canadá,bajo,Exceso+act,tasa,M,31,0.3620188438874877,0.6773974465796333
Canadá,bajo,Exceso+act,tasa,M,32,0.40409198316538547,0.8000629928348675
Canadá,bajo,Exceso+act,tasa,M,33,0.40392654111249837,0.8100697592923126
Canadá,bajo,Exceso+act,tasa,M,34,0.36487453628100047,0.766495666035786
Canadá,bajo,Exceso+act,tasa,M,35,0.3685459866941504,0.8125329752233861
Canadá,bajo,Exceso+act,tasa,M,36,0.3706191506609466,0.850967458138501
Canadá,bajo,Exceso+act,tasa,M,37,0.36698755250486687,0.8745639434737399
Canadá,bajo,Exceso+act,tasa,M,38,0.4294151684590834,1.0696904581090676
Canadá,bajo,Exceso+act,tasa,M,39,0.4484562508111671,1.1224403592865764
Canadá,bajo,Exceso+act,tasa,M,40,0.48912401814882855,1.233217375346049
Canadá,bajo,Exceso+act,tasa,M,41,0.46676700839474516,1.1973108255556408
Canadá,bajo,Exceso+act,tasa,M,42,0.4796625598512657,1.2395522017278937
Canadá,bajo,Exceso+act,tasa,M,43,0.44803227424794134,1.1474662483896996
Canadá,bajo,Exceso+act,tasa,M,44,0.45148022910388685,1.1188834756474801
Canadá,bajo,Exceso+act,tasa,M,45,0.4872411373202562,1.1889573115375018
Canadá,bajo,Exceso+act,tasa,M,46,0.4683394652095767,1.12713347989529
Canadá,bajo,Exceso+act,tasa,M,47,0.40469282291058895,0.9685587852467864
Canadá,bajo,Exceso+act,tasa,M,48,0.3718933755018061,0.9064054696925913
Canadá,bajo,Exceso+act,acciones,M,0,-1.3303628823216613,-1.7757329764434797
Canadá,bajo,Exceso+act,acciones,M,1,-0.1568281912186974,-0.12901714355051522
Canadá,bajo,Exceso+act,acciones,M,2,-1.1318243799236787,-0.7475991951229181
Canadá,bajo,Exceso+act,acciones,M,3,-2.2222144871218767,-1.3253024354171499
Canadá,bajo,Exceso+act,acciones,M,4,-2.939406956347725,-1.5888443684652234
Canadá,bajo,Exceso+act,acciones,M,5,-3.724845520976151,-1.7539282968648156
Canadá,bajo,Exceso+act,acciones,M,6,-3.3404604279244006,-1.3118839315816595
Canadá,bajo,Exceso+act,acciones,M,7,-2.2627475454048733,-0.7893435859097424
Canadá,bajo,Exceso+act,acciones,M,8,-2.813281565659839,-0.95146367770858
Canadá,bajo,Exceso+act,acciones,M,9,-2.6154737332191824,-0.8566179443954887
Canadá,bajo,Exceso+act,acciones,M,10,-1.7951630032725894,-0.5810906721221704
Canadá,bajo,Exceso+act,acciones,M,11,-1.979388189221901,-0.6186947424698339
Canadá,bajo,Exceso+act,acciones,M,12,-1.6036713190234724,-0.5195554606480628
Canadá,bajo,Exceso+act,acciones,M,13,-2.179769611668553,-0.7491712438864865
Canadá,bajo,Exceso+act,acciones,M,14,-3.292839346671274,-1.1195764286700443
Canadá,bajo,Exceso+act,acciones,M,15,-3.320500904523233,-1.1036058192194023
Canadá,bajo,Exceso+act,acciones,M,16,-3.297882693141108,-1.1091790748318913
Canadá,bajo,Exceso+act,acciones,M,17,-4.0565955695109555,-1.4477719799394189
Canadá,bajo,Exceso+act,acciones,M,18,-3.786666088829439,-1.2250491932992045
Canadá,bajo,Exceso+act,acciones,M,19,-4.3507354677542605,-1.40104603342933
Canadá,bajo,Exceso+act,acciones,M,20,-4.527169577450029,-1.4980572653196746
Canadá,bajo,Exceso+act,acciones,M,21,-4.418539861322296,-1.4338295681860735
Canadá,bajo,Exceso+act,acciones,M,22,-5.851058647672897,-1.900382645434724
Canadá,bajo,Exceso+act,acciones,M,23,-6.19795106955468,-1.7558015146326262
Canadá,bajo,Exceso+act,acciones,M,24,-7.2370835771355075,-1.9238954038637959
Canadá,bajo,Exceso+act,acciones,M,25,-7.787871583170419,-2.0377607265569075
Canadá,bajo,Exceso+act,acciones,M,26,-6.5419036696919814,-1.7398910194286994
Canadá,bajo,Exceso+act,acciones,M,27,-5.451219189605659,-1.5450984708606954
Canadá,bajo,Exceso+act,acciones,M,28,-5.003593240695604,-1.3586002954017398
Canadá,bajo,Exceso+act,acciones,M,29,-5.095709824478586,-1.3667819867604218
Canadá,bajo,Exceso+act,acciones,M,30,-5.261989493457264,-1.4031305620267887
Canadá,bajo,Exceso+act,acciones,M,31,-5.5436917564556065,-1.437180477308695
Canadá,bajo,Exceso+act,acciones,M,32,-4.060606386730386,-1.0644214693514056
Canadá,bajo,Exceso+act,acciones,M,33,-3.8421039896218754,-0.9901061407406723
Canadá,bajo,Exceso+act,acciones,M,34,-2.806426077180301,-0.7536281648049915
Canadá,bajo,Exceso+act,acciones,M,35,-3.062516488745315,-0.90695439215432
Canadá,bajo,Exceso+act,acciones,M,36,-3.211671263383418,-1.0032165385298262
Canadá,bajo,Exceso+act,acciones,M,37,-3.5478302247810833,-1.2639358666376088
Canadá,bajo,Exceso+act,acciones,M,38,-3.5357952219776445,-1.2788909067532173
Canadá,bajo,Exceso+act,acciones,M,39,-4.173060110254978,-1.4769603816947892
Canadá,bajo,Exceso+act,acciones,M,40,-5.344988735612618,-1.875084163561625
Canadá,bajo,Exceso+act,acciones,M,41,-5.566105005153998,-2.0655393581704145
Canadá,bajo,Exceso+act,acciones,M,42,-7.073836594138014,-2.354390312135282
Canadá,bajo,Exceso+act,acciones,M,43,-7.624528371103757,-2.80782115380218
Canadá,bajo,Exceso+act,acciones,M,44,-8.566238212345283,-3.4927744838445305
Canadá,bajo,Exceso+act,acciones,M,45,-9.947076946943104,-3.63922035925254
Canadá,bajo,Exceso+act,acciones,M,46,-9.437061176354916,-3.755160259654563
Canadá,bajo,Exceso+act,acciones,M,47,-10.30531437652878,-3.5811104258543303
Canadá,bajo,Exceso+act,acciones,M,48,-10.970223696635982,-3.102413575596467
Canadá,bajo,Exceso+act,salario,M,0,-0.16741839979290007,-0.5334852184218729
Canadá,bajo,Exceso+act,salario,M,1,0.14591223355496907,0.41235862049459293
Canadá,bajo,Exceso+act,salario,M,2,0.33161700332346633,0.8106111830088185
Canadá,bajo,Exceso+act,salario,M,3,0.059318667503624536,0.13124258974463165
Canadá,bajo,Exceso+act,salario,M,4,0.3552572141378146,0.8133535279156199
Canadá,bajo,Exceso+act,salario,M,5,0.20876730734253368,0.41393749154522885
Canadá,bajo,Exceso+act,salario,M,6,0.6238800271696873,1.1862866074662548
Canadá,bajo,Exceso+act,salario,M,7,0.6005291558893078,1.080320279251063
Canadá,bajo,Exceso+act,salario,M,8,0.6873236271212003,1.45275896438334
Canadá,bajo,Exceso+act,salario,M,9,0.4797019100655736,0.9675796233483188
Canadá,bajo,Exceso+act,salario,M,10,0.5419496676292926,1.1143239705862138
Canadá,bajo,Exceso+act,salario,M,11,0.32841822715494373,0.6991206856560757
Canadá,bajo,Exceso+act,salario,M,12,0.4590482668327137,0.9433985072951524
Canadá,bajo,Exceso+act,salario,M,13,-0.01920970006849848,-0.038484729965156714
Canadá,bajo,Exceso+act,salario,M,14,0.4442129324863242,0.9107412902031322
Canadá,bajo,Exceso+act,salario,M,15,0.38853332030903087,0.9041991632768447
Canadá,bajo,Exceso+act,salario,M,16,-0.29445364712395244,-0.6481390678855319
Canadá,bajo,Exceso+act,salario,M,17,-0.09728453206188158,-0.18246037696411155
Canadá,bajo,Exceso+act,salario,M,18,0.13993501627436536,0.26793731655327263
Canadá,bajo,Exceso+act,salario,M,19,0.12276646773223182,0.2786171494531949
Canadá,bajo,Exceso+act,salario,M,20,-0.27334106351894777,-0.6254387251131479
Canadá,bajo,Exceso+act,salario,M,21,-0.10118888258510776,-0.19052520512000534
Canadá,bajo,Exceso+act,salario,M,22,-0.6385093849103572,-1.2881934100016397
Canadá,bajo,Exceso+act,salario,M,23,-0.6639280071105982,-1.3169062311841861
Canadá,bajo,Exceso+act,salario,M,24,-1.2217327824456297,-2.9053775423505463
Canadá,bajo,Exceso+act,salario,M,25,-0.7475995869296039,-1.517634531146289
Canadá,bajo,Exceso+act,salario,M,26,-1.2298227710360032,-2.1121898652170064
Canadá,bajo,Exceso+act,salario,M,27,-1.6015174054679633,-2.62704751774233
Canadá,bajo,Exceso+act,salario,M,28,-0.37370542818667424,-0.9996427940434418
Canadá,bajo,Exceso+act,salario,M,29,-0.7587156754979585,-1.6723331427455703
Canadá,bajo,Exceso+act,salario,M,30,-0.7142499446493951,-1.933357962540623
Canadá,bajo,Exceso+act,salario,M,31,-1.1438134933527073,-2.0272602862880746
Canadá,bajo,Exceso+act,salario,M,32,-0.5443092070747904,-1.1328301136942625
Canadá,bajo,Exceso+act,salario,M,33,-0.23883108239667486,-0.4651917101414532
Canadá,bajo,Exceso+act,salario,M,34,0.3043540755327753,0.5551365275631748
Canadá,bajo,Exceso+act,salario,M,35,0.14817229063954063,0.27912859529380957
Canadá,bajo,Exceso+act,salario,M,36,0.5683247304678368,0.6338115928090496
Canadá,bajo,Exceso+act,salario,M,37,-0.44062658167369895,-1.0295946223800831
Canadá,bajo,Exceso+act,salario,M,38,-0.50943897279105,-1.0818763568053256
Canadá,bajo,Exceso+act,salario,M,39,0.34140000886274025,0.552952459208188
Canadá,bajo,Exceso+act,salario,M,40,-0.9155084953483972,-1.5171214040963086
Canadá,bajo,Exceso+act,salario,M,41,-0.3384894425162764,-0.5231272096003365
Canadá,bajo,Exceso+act,salario,M,42,-0.6404647253009172,-1.1527463535142246
Canadá,bajo,Exceso+act,salario,M,43,-0.26244685801494805,-0.47952895406347523
Canadá,bajo,Exceso+act,salario,M,44,-0.05622358161649884,-0.07818759599682264
Canadá,bajo,Exceso+act,salario,M,45,-0.1714038191213105,-0.3406660104910224
Canadá,bajo,Exceso+act,salario,M,46,-0.5371380619939515,-1.0489322384612974
Canadá,bajo,Exceso+act,salario,M,47,-0.5783069524255711,-1.2526391299196997
Canadá,bajo,Exceso+act,salario,M,48,-1.187990041667324,-2.264539052390357
Canadá,bajo,Exceso+act,ipc,M,0,0.229332875603654,3.32204765069352
Canadá,bajo,Exceso+act,ipc,M,1,0.24749653972191427,2.4127109079935867
Canadá,bajo,Exceso+act,ipc,M,2,0.2542191759861806,1.9952503466220162
Canadá,bajo,Exceso+act,ipc,M,3,0.33769969608848166,1.9954085098605912
Canadá,bajo,Exceso+act,ipc,M,4,0.4838534382633595,2.3311864776416504
Canadá,bajo,Exceso+act,ipc,M,5,0.4742381107121963,1.8311021330734507
Canadá,bajo,Exceso+act,ipc,M,6,0.40314070382272554,1.3293890532065638
Canadá,bajo,Exceso+act,ipc,M,7,0.46826374454476566,1.2953758573030272
Canadá,bajo,Exceso+act,ipc,M,8,0.5874764881837442,1.5953814319884156
Canadá,bajo,Exceso+act,ipc,M,9,0.6162819187320668,1.6942533541769245
Canadá,bajo,Exceso+act,ipc,M,10,0.7437168431853225,2.0928553738842814
Canadá,bajo,Exceso+act,ipc,M,11,0.7705028807925824,2.2867803989075433
Canadá,bajo,Exceso+act,ipc,M,12,0.7263398007189168,2.0754948749645465
Canadá,bajo,Exceso+act,ipc,M,13,0.7331156827035071,2.1397993718651036
Canadá,bajo,Exceso+act,ipc,M,14,0.6780444837569882,2.035932754770013
Canadá,bajo,Exceso+act,ipc,M,15,0.5990434372699862,1.683804170379219
Canadá,bajo,Exceso+act,ipc,M,16,0.5611847068610144,1.5157969378046205
Canadá,bajo,Exceso+act,ipc,M,17,0.5726483711717741,1.534802422477607
Canadá,bajo,Exceso+act,ipc,M,18,0.6057321012706254,1.5378518061572926
Canadá,bajo,Exceso+act,ipc,M,19,0.5080328009978372,1.2565906223632106
Canadá,bajo,Exceso+act,ipc,M,20,0.5341718127672965,1.3414403359182137
Canadá,bajo,Exceso+act,ipc,M,21,0.5336176432857003,1.2758089604918588
Canadá,bajo,Exceso+act,ipc,M,22,0.5320691658914577,1.2090580508164388
Canadá,bajo,Exceso+act,ipc,M,23,0.5099348898667271,1.1708722753456675
Canadá,bajo,Exceso+act,ipc,M,24,0.6088752559373942,1.314955492268203
Canadá,bajo,Exceso+act,ipc,M,25,0.5691576139590323,1.1437028229356787
Canadá,bajo,Exceso+act,ipc,M,26,0.6221809560317476,1.2672750685099297
Canadá,bajo,Exceso+act,ipc,M,27,0.701579483329643,1.4441211253668325
Canadá,bajo,Exceso+act,ipc,M,28,0.7409900785739469,1.4170883013958482
Canadá,bajo,Exceso+act,ipc,M,29,0.6903258288337151,1.2528449794982963
Canadá,bajo,Exceso+act,ipc,M,30,0.7269696295897443,1.3341949056084823
Canadá,bajo,Exceso+act,ipc,M,31,0.6095758996527306,1.1077902672949247
Canadá,bajo,Exceso+act,ipc,M,32,0.5854085272492463,1.0159700354259804
Canadá,bajo,Exceso+act,ipc,M,33,0.6447099145291517,1.1463502071122926
Canadá,bajo,Exceso+act,ipc,M,34,0.6642847237458771,1.2045690593939702
Canadá,bajo,Exceso+act,ipc,M,35,0.6477730214532119,1.2717156757439005
Canadá,bajo,Exceso+act,ipc,M,36,0.8601305446697561,1.650080843011741
Canadá,bajo,Exceso+act,ipc,M,37,0.8402495496094755,1.5899396668032293
Canadá,bajo,Exceso+act,ipc,M,38,0.9372095678415858,1.7527527576791653
Canadá,bajo,Exceso+act,ipc,M,39,0.8849961435145243,1.6360732440338213
Canadá,bajo,Exceso+act,ipc,M,40,0.8091445322935819,1.4669021594149092
Canadá,bajo,Exceso+act,ipc,M,41,0.6976538418264125,1.3080285525718538
Canadá,bajo,Exceso+act,ipc,M,42,0.29822584430108495,0.6914610688162833
Canadá,bajo,Exceso+act,ipc,M,43,0.3390347321633158,0.7311595363057438
Canadá,bajo,Exceso+act,ipc,M,44,0.29221241062565295,0.6924917231500609
Canadá,bajo,Exceso+act,ipc,M,45,0.037471993610389415,0.07454263564168885
Canadá,bajo,Exceso+act,ipc,M,46,0.26825344581240224,0.5465903335428072
Canadá,bajo,Exceso+act,ipc,M,47,0.2325178267439436,0.4614483694027808
Canadá,bajo,Exceso+act,ipc,M,48,0.6863557773780335,1.3910179472775117
Canadá,bajo,Exceso+act,fx,M,0,0.8663833848277978,2.213385676853901
Canadá,bajo,Exceso+act,fx,M,1,0.7985127048767398,1.2270824147405643
Canadá,bajo,Exceso+act,fx,M,2,0.7508044702925541,0.852250281473966
Canadá,bajo,Exceso+act,fx,M,3,0.6712436926325365,0.6806700500032987
Canadá,bajo,Exceso+act,fx,M,4,1.4337350235090074,1.313859276849947
Canadá,bajo,Exceso+act,fx,M,5,1.9313484724096786,1.6188978959671754
Canadá,bajo,Exceso+act,fx,M,6,1.7606862041341844,1.3705074127324697
Canadá,bajo,Exceso+act,fx,M,7,2.0934319336616265,1.5973491142397531
Canadá,bajo,Exceso+act,fx,M,8,1.6130398300735882,1.1771931643190794
Canadá,bajo,Exceso+act,fx,M,9,2.1407817351619927,1.4757517176611867
Canadá,bajo,Exceso+act,fx,M,10,2.170307685488038,1.3397634085250427
Canadá,bajo,Exceso+act,fx,M,11,2.2214089468022573,1.2813219281540893
Canadá,bajo,Exceso+act,fx,M,12,2.3918124424719993,1.2584747619041916
Canadá,bajo,Exceso+act,fx,M,13,2.6399047731200502,1.4169912133027183
Canadá,bajo,Exceso+act,fx,M,14,3.3294548064057046,1.7366099428295494
Canadá,bajo,Exceso+act,fx,M,15,3.74330847254315,1.9040554260150178
Canadá,bajo,Exceso+act,fx,M,16,3.6502924827212597,1.7690022645732582
Canadá,bajo,Exceso+act,fx,M,17,3.6390641835867577,1.7409060306669195
Canadá,bajo,Exceso+act,fx,M,18,3.7068212727829066,1.7264816953409379
Canadá,bajo,Exceso+act,fx,M,19,3.816893588873434,1.6682820684407713
Canadá,bajo,Exceso+act,fx,M,20,3.6424978223135938,1.5432324729463855
Canadá,bajo,Exceso+act,fx,M,21,3.756941650256607,1.574992488920934
Canadá,bajo,Exceso+act,fx,M,22,4.785638985640979,1.8805338273321206
Canadá,bajo,Exceso+act,fx,M,23,5.298215518645779,1.995817004548661
Canadá,bajo,Exceso+act,fx,M,24,5.414264889584403,2.04273407387938
Canadá,bajo,Exceso+act,fx,M,25,5.700873156797012,2.112290812211573
Canadá,bajo,Exceso+act,fx,M,26,5.300876928262779,1.9310823060444862
Canadá,bajo,Exceso+act,fx,M,27,5.303657942249504,1.8877407139604185
Canadá,bajo,Exceso+act,fx,M,28,4.902170387116186,1.7867023900925632
Canadá,bajo,Exceso+act,fx,M,29,4.399747707621264,1.6680164453036357
Canadá,bajo,Exceso+act,fx,M,30,4.080856033414841,1.4799360749207195
Canadá,bajo,Exceso+act,fx,M,31,4.007306470300924,1.4898664084930968
Canadá,bajo,Exceso+act,fx,M,32,4.233873016223644,1.524888755531034
Canadá,bajo,Exceso+act,fx,M,33,4.483277344873375,1.6201696563532466
Canadá,bajo,Exceso+act,fx,M,34,4.215492439811473,1.4729007143850923
Canadá,bajo,Exceso+act,fx,M,35,4.468741425660186,1.6179948630401113
Canadá,bajo,Exceso+act,fx,M,36,4.292905048337561,1.4559974902367885
Canadá,bajo,Exceso+act,fx,M,37,4.206322723740265,1.428164139858962
Canadá,bajo,Exceso+act,fx,M,38,3.786671035573134,1.3010105437007171
Canadá,bajo,Exceso+act,fx,M,39,3.5029889654670034,1.172809241332451
Canadá,bajo,Exceso+act,fx,M,40,3.6882806102408208,1.1997737920472442
Canadá,bajo,Exceso+act,fx,M,41,4.010219402195798,1.2737661999675365
Canadá,bajo,Exceso+act,fx,M,42,4.109339541380951,1.396251238612595
Canadá,bajo,Exceso+act,fx,M,43,4.553371760184098,1.497564825488111
Canadá,bajo,Exceso+act,fx,M,44,4.931739798865931,1.6039071508570684
Canadá,bajo,Exceso+act,fx,M,45,4.913609158233328,1.5304277781435545
Canadá,bajo,Exceso+act,fx,M,46,4.615395197033214,1.3633516480967538
Canadá,bajo,Exceso+act,fx,M,47,4.480755740778469,1.3131814410895235
Canadá,bajo,Exceso+act,fx,M,48,4.878653918291535,1.376682226788296
Canadá,bajo,Exceso+act,vivienda,Q,0,0.4803645105233703,0.9355641568252296
Canadá,bajo,Exceso+act,vivienda,Q,1,1.332992179807077,1.2591185401343692
Canadá,bajo,Exceso+act,vivienda,Q,2,0.022758437721612068,0.020023657342530178
Canadá,bajo,Exceso+act,vivienda,Q,3,-1.2755436248480259,-1.0183047628386561
Canadá,bajo,Exceso+act,vivienda,Q,4,-0.7447790287026995,-0.5020701526825906
Canadá,bajo,Exceso+act,vivienda,Q,5,-0.7738259781388357,-0.4504402906504789
Canadá,bajo,Exceso+act,vivienda,Q,6,1.0836031870104783,0.5730525151613794
Canadá,bajo,Exceso+act,vivienda,Q,7,2.1331004606609065,1.0092749995088957
Canadá,bajo,Exceso+act,vivienda,Q,8,2.253471822779847,0.9458042833699143
Canadá,bajo,Exceso+act,vivienda,Q,9,1.9736040020844496,0.7683914473192335
Canadá,bajo,Exceso+act,vivienda,Q,10,0.7677561069261989,0.25919611299449563
Canadá,bajo,Exceso+act,vivienda,Q,11,0.8825611710755674,0.2789898478047755
Canadá,bajo,Exceso+act,vivienda,Q,12,1.2102490250109956,0.3616167611925544
Canadá,bajo,Exceso+act,credito,Q,0,0.3279984216501283,0.7513268779227162
Canadá,bajo,Exceso+act,credito,Q,1,0.5616937219943804,0.6562801883400018
Canadá,bajo,Exceso+act,credito,Q,2,0.5504390731474552,0.442671270531348
Canadá,bajo,Exceso+act,credito,Q,3,0.21633419817005345,0.16102231151412585
Canadá,bajo,Exceso+act,credito,Q,4,0.9838085433317237,0.6818392902095964
Canadá,bajo,Exceso+act,credito,Q,5,1.6356965505076104,1.1000316503147747
Canadá,bajo,Exceso+act,credito,Q,6,2.495982200788582,1.6364793533642383
Canadá,bajo,Exceso+act,credito,Q,7,2.4887628830352506,1.3399825744482923
Canadá,bajo,Exceso+act,credito,Q,8,3.187496657659995,1.5277984735308627
Canadá,bajo,Exceso+act,credito,Q,9,3.052122581870181,1.288272700670567
Canadá,bajo,Exceso+act,credito,Q,10,3.1639184370771676,1.2482061336134955
Canadá,bajo,Exceso+act,credito,Q,11,3.246879997797657,1.1191663220587396
Canadá,bajo,Exceso+act,credito,Q,12,3.05897358299623,1.0096042162765244
Reino Unido,bajo,Exceso,tasa,M,0,-0.09594182325181502,-1.9725040954279258
Reino Unido,bajo,Exceso,tasa,M,1,-0.21008690492128684,-1.8786980201468446
Reino Unido,bajo,Exceso,tasa,M,2,-0.2787929328987213,-1.7110923456776719
Reino Unido,bajo,Exceso,tasa,M,3,-0.3333486378320408,-1.6313179461213785
Reino Unido,bajo,Exceso,tasa,M,4,-0.3769146265765517,-1.5998939215559012
Reino Unido,bajo,Exceso,tasa,M,5,-0.394537215452409,-1.5105145199674308
Reino Unido,bajo,Exceso,tasa,M,6,-0.39320143615405495,-1.4272313399037184
Reino Unido,bajo,Exceso,tasa,M,7,-0.38671623404314454,-1.3504135976669496
Reino Unido,bajo,Exceso,tasa,M,8,-0.3950324108903628,-1.3069117325959845
Reino Unido,bajo,Exceso,tasa,M,9,-0.44068422838036087,-1.3696866978952589
Reino Unido,bajo,Exceso,tasa,M,10,-0.5132847077874136,-1.4872508975926975
Reino Unido,bajo,Exceso,tasa,M,11,-0.5444078141071423,-1.4801973783512496
Reino Unido,bajo,Exceso,tasa,M,12,-0.5837608768366509,-1.4993195789299052
Reino Unido,bajo,Exceso,tasa,M,13,-0.5487063263376778,-1.3615892699702594
Reino Unido,bajo,Exceso,tasa,M,14,-0.5447161339092111,-1.3354415850654306
Reino Unido,bajo,Exceso,tasa,M,15,-0.5198246421241448,-1.2704258972540146
Reino Unido,bajo,Exceso,tasa,M,16,-0.5002939890522193,-1.220281853563625
Reino Unido,bajo,Exceso,tasa,M,17,-0.5194719487734984,-1.2660138905037552
Reino Unido,bajo,Exceso,tasa,M,18,-0.5929930267055639,-1.431076950525756
Reino Unido,bajo,Exceso,tasa,M,19,-0.6530532328033349,-1.5283061881864752
Reino Unido,bajo,Exceso,tasa,M,20,-0.6814497020235307,-1.5371350938440638
Reino Unido,bajo,Exceso,tasa,M,21,-0.6702339170191102,-1.4728399444818114
Reino Unido,bajo,Exceso,tasa,M,22,-0.6613827489094414,-1.430400077887962
Reino Unido,bajo,Exceso,tasa,M,23,-0.6604549491541571,-1.4022724029758078
Reino Unido,bajo,Exceso,tasa,M,24,-0.6518635706680012,-1.3595724791052755
Reino Unido,bajo,Exceso,tasa,M,25,-0.7188961839394191,-1.510213287898322
Reino Unido,bajo,Exceso,tasa,M,26,-0.6869785320330282,-1.4362849605309103
Reino Unido,bajo,Exceso,tasa,M,27,-0.7266249595781058,-1.525990037345081
Reino Unido,bajo,Exceso,tasa,M,28,-0.7236463028610326,-1.5206867237015578
Reino Unido,bajo,Exceso,tasa,M,29,-0.6608301943934634,-1.3632221910878026
Reino Unido,bajo,Exceso,tasa,M,30,-0.6204842235777939,-1.2554823362222796
Reino Unido,bajo,Exceso,tasa,M,31,-0.5858524751134939,-1.1793540386158627
Reino Unido,bajo,Exceso,tasa,M,32,-0.5777163436871497,-1.1676228838068983
Reino Unido,bajo,Exceso,tasa,M,33,-0.6201740155704666,-1.2396778611382875
Reino Unido,bajo,Exceso,tasa,M,34,-0.5831777669896987,-1.20455322577226
Reino Unido,bajo,Exceso,tasa,M,35,-0.5556747809038256,-1.1961928186917798
Reino Unido,bajo,Exceso,tasa,M,36,-0.5117275211656206,-1.1922314071554667
Reino Unido,bajo,Exceso,tasa,M,37,-0.5810260057334622,-1.367016592680781
Reino Unido,bajo,Exceso,tasa,M,38,-0.6484275208842402,-1.517802452880682
Reino Unido,bajo,Exceso,tasa,M,39,-0.521468340243062,-1.2239030938645408
Reino Unido,bajo,Exceso,tasa,M,40,-0.41778469693305703,-0.9381722464943655
Reino Unido,bajo,Exceso,tasa,M,41,-0.5443378034148785,-1.2978628529172418
Reino Unido,bajo,Exceso,tasa,M,42,-0.5064167165372294,-1.2075165910011163
Reino Unido,bajo,Exceso,tasa,M,43,-0.548624015677214,-1.3668132417811525
Reino Unido,bajo,Exceso,tasa,M,44,-0.5822302488366368,-1.5049277467652096
Reino Unido,bajo,Exceso,tasa,M,45,-0.5723162882156456,-1.4359190892806402
Reino Unido,bajo,Exceso,tasa,M,46,-0.5377276126868253,-1.2881118103268216
Reino Unido,bajo,Exceso,tasa,M,47,-0.5141592125859609,-1.2129151330554717
Reino Unido,bajo,Exceso,tasa,M,48,-0.6175680208423453,-1.7010781627357239
Reino Unido,bajo,Exceso,acciones,M,0,-2.165045845297785,-1.795261633923231
Reino Unido,bajo,Exceso,acciones,M,1,-2.78011036580668,-1.773811754081402
Reino Unido,bajo,Exceso,acciones,M,2,-1.6035505748557528,-0.9355640660249646
Reino Unido,bajo,Exceso,acciones,M,3,-1.1114966843623482,-0.6648194922873563
Reino Unido,bajo,Exceso,acciones,M,4,-0.9807964307014743,-0.5369836750760255
Reino Unido,bajo,Exceso,acciones,M,5,-1.0395939070939026,-0.5276347687054468
Reino Unido,bajo,Exceso,acciones,M,6,-0.6449839433994683,-0.3195184603264902
Reino Unido,bajo,Exceso,acciones,M,7,1.13926621889679,0.5127907380572522
Reino Unido,bajo,Exceso,acciones,M,8,1.4495472140412267,0.6652590566285084
Reino Unido,bajo,Exceso,acciones,M,9,1.5621069588637204,0.7086156671010072
Reino Unido,bajo,Exceso,acciones,M,10,1.5628254753062056,0.7123342547064025
Reino Unido,bajo,Exceso,acciones,M,11,0.9355161403421086,0.43367142320752405
Reino Unido,bajo,Exceso,acciones,M,12,0.8529401069940838,0.4228311203205158
Reino Unido,bajo,Exceso,acciones,M,13,1.1505894278705036,0.5362448090745092
Reino Unido,bajo,Exceso,acciones,M,14,0.7140170126261001,0.30643776900919656
Reino Unido,bajo,Exceso,acciones,M,15,0.9769887281812739,0.4158337740194726
Reino Unido,bajo,Exceso,acciones,M,16,1.3005303664894154,0.5234590717301081
Reino Unido,bajo,Exceso,acciones,M,17,0.28277483068185544,0.10946659207520433
Reino Unido,bajo,Exceso,acciones,M,18,0.20918132604170997,0.07915341420802109
Reino Unido,bajo,Exceso,acciones,M,19,0.2845965579793399,0.10243200862799932
Reino Unido,bajo,Exceso,acciones,M,20,0.9497832830727746,0.33782055146196593
Reino Unido,bajo,Exceso,acciones,M,21,1.604037832240132,0.5639401749006291
Reino Unido,bajo,Exceso,acciones,M,22,1.3235668444459419,0.4386671232659444
Reino Unido,bajo,Exceso,acciones,M,23,1.4322453973810165,0.4469955671911275
Reino Unido,bajo,Exceso,acciones,M,24,2.53089050589343,0.7743467344601557
Reino Unido,bajo,Exceso,acciones,M,25,2.745959947427532,0.8073583492388181
Reino Unido,bajo,Exceso,acciones,M,26,1.9773916971116294,0.5607231897794039
Reino Unido,bajo,Exceso,acciones,M,27,0.9879898244724838,0.29243485726061463
Reino Unido,bajo,Exceso,acciones,M,28,-0.5609452268253703,-0.1676156221362332
Reino Unido,bajo,Exceso,acciones,M,29,0.4647814885635111,0.13485568019921362
Reino Unido,bajo,Exceso,acciones,M,30,-0.6305669022360717,-0.17834007953666867
Reino Unido,bajo,Exceso,acciones,M,31,-0.6299605883944419,-0.17047623202506723
Reino Unido,bajo,Exceso,acciones,M,32,-0.06357283736746633,-0.018668208624636157
Reino Unido,bajo,Exceso,acciones,M,33,-0.048995064433290436,-0.014029828237088865
Reino Unido,bajo,Exceso,acciones,M,34,-0.4062922681583356,-0.1058266819141539
Reino Unido,bajo,Exceso,acciones,M,35,-0.643247278877551,-0.1879970539664456
Reino Unido,bajo,Exceso,acciones,M,36,-1.9194858162554989,-0.5475546941742121
Reino Unido,bajo,Exceso,acciones,M,37,-1.292902855307854,-0.3465942267054372
Reino Unido,bajo,Exceso,acciones,M,38,-0.7911761438553283,-0.22174904108895366
Reino Unido,bajo,Exceso,acciones,M,39,-0.8145592209667052,-0.22950613373116444
Reino Unido,bajo,Exceso,acciones,M,40,-0.5142232373631398,-0.14136139636606876
Reino Unido,bajo,Exceso,acciones,M,41,-1.3496659429630244,-0.3782102643887985
Reino Unido,bajo,Exceso,acciones,M,42,-0.995466797566253,-0.2617568132149735
Reino Unido,bajo,Exceso,acciones,M,43,-1.6097605180990169,-0.3979434348167719
Reino Unido,bajo,Exceso,acciones,M,44,-1.4286008905613887,-0.3485449006453004
Reino Unido,bajo,Exceso,acciones,M,45,-1.303504736480404,-0.32670633032696794
Reino Unido,bajo,Exceso,acciones,M,46,-1.1937603295588717,-0.30937572520838474
Reino Unido,bajo,Exceso,acciones,M,47,-0.264183825162394,-0.06889874593040637
Reino Unido,bajo,Exceso,acciones,M,48,0.4484889701245526,0.11709560753756613
Reino Unido,bajo,Exceso,salario,M,0,-0.23838545367981234,-1.4671355171434888
Reino Unido,bajo,Exceso,salario,M,1,-0.30521277520865775,-0.9285544639310279
Reino Unido,bajo,Exceso,salario,M,2,-0.3650754806144771,-1.055988833376842
Reino Unido,bajo,Exceso,salario,M,3,-0.4658446988599412,-1.171832904543878
Reino Unido,bajo,Exceso,salario,M,4,-0.3062102898597336,-0.8136629608193855
Reino Unido,bajo,Exceso,salario,M,5,-0.2124266965197429,-0.6970389626572743
Reino Unido,bajo,Exceso,salario,M,6,-0.06794512353852859,-0.19794373097353343
Reino Unido,bajo,Exceso,salario,M,7,0.0026194879540074045,0.0069937009394239295
Reino Unido,bajo,Exceso,salario,M,8,-0.057111487342928216,-0.14233028774595993
Reino Unido,bajo,Exceso,salario,M,9,-0.1609133018108788,-0.38038643358335505
Reino Unido,bajo,Exceso,salario,M,10,-0.16811105513721397,-0.43630591744952657
Reino Unido,bajo,Exceso,salario,M,11,-0.1628626463929164,-0.4224594933071295
Reino Unido,bajo,Exceso,salario,M,12,-0.42632019641137214,-1.0312658852389063
Reino Unido,bajo,Exceso,salario,M,13,-0.34116934170906543,-0.7739923781275625
Reino Unido,bajo,Exceso,salario,M,14,-0.3271112873088942,-0.6484374350855342
Reino Unido,bajo,Exceso,salario,M,15,-0.36937223443244643,-0.7553836638298325
Reino Unido,bajo,Exceso,salario,M,16,-0.39231262086863206,-0.9102937194488452
Reino Unido,bajo,Exceso,salario,M,17,-0.4156138509512187,-0.9116205872068721
Reino Unido,bajo,Exceso,salario,M,18,-0.7098549104339382,-1.5023490541443336
Reino Unido,bajo,Exceso,salario,M,19,-0.759328634372737,-1.6739837975976066
Reino Unido,bajo,Exceso,salario,M,20,-0.6237604546869776,-1.3249769822973694
Reino Unido,bajo,Exceso,salario,M,21,-0.5960004924280357,-1.2868234935636644
Reino Unido,bajo,Exceso,salario,M,22,-0.7010552995785625,-1.3960628963610133
Reino Unido,bajo,Exceso,salario,M,23,-0.6177354000010693,-1.186865059591942
Reino Unido,bajo,Exceso,salario,M,24,-0.7292278200720792,-1.336248154865709
Reino Unido,bajo,Exceso,salario,M,25,-0.822161253911676,-1.366871822174323
Reino Unido,bajo,Exceso,salario,M,26,-0.7223405546702639,-1.1458338590842978
Reino Unido,bajo,Exceso,salario,M,27,-0.969407103760647,-1.6115901592893753
Reino Unido,bajo,Exceso,salario,M,28,-1.0326463601688158,-1.7252114230591284
Reino Unido,bajo,Exceso,salario,M,29,-1.1442687950422366,-1.8114016290068669
Reino Unido,bajo,Exceso,salario,M,30,-1.1065344701159894,-1.7678990253209679
Reino Unido,bajo,Exceso,salario,M,31,-1.0831698807952064,-1.6743651021779888
Reino Unido,bajo,Exceso,salario,M,32,-1.0326521925321939,-1.5243743323309331
Reino Unido,bajo,Exceso,salario,M,33,-1.0163252503717273,-1.4930059490049206
Reino Unido,bajo,Exceso,salario,M,34,-0.8741112619218627,-1.370214103242334
Reino Unido,bajo,Exceso,salario,M,35,-1.1331108453180088,-1.683516625631849
Reino Unido,bajo,Exceso,salario,M,36,-1.1477021112042372,-1.7336460460092766
Reino Unido,bajo,Exceso,salario,M,37,-1.2804021974700097,-1.957847066059163
Reino Unido,bajo,Exceso,salario,M,38,-1.2114921232097406,-1.7246937607685011
Reino Unido,bajo,Exceso,salario,M,39,-1.165798713040223,-1.6623712278508533
Reino Unido,bajo,Exceso,salario,M,40,-1.4674725953658754,-2.047995978816338
Reino Unido,bajo,Exceso,salario,M,41,-1.5077722005937548,-1.9832793824426875
Reino Unido,bajo,Exceso,salario,M,42,-1.2308982060112368,-1.622696091722326
Reino Unido,bajo,Exceso,salario,M,43,-1.284917108907818,-1.551905796456451
Reino Unido,bajo,Exceso,salario,M,44,-1.262120636018753,-1.516810518528004
Reino Unido,bajo,Exceso,salario,M,45,-1.0590592705639135,-1.212259090961219
Reino Unido,bajo,Exceso,salario,M,46,-1.3310035067722368,-1.44992227500373
Reino Unido,bajo,Exceso,salario,M,47,-1.5497267390869416,-1.715815156933215
Reino Unido,bajo,Exceso,salario,M,48,-1.3890924380482461,-1.4987115344964514
Reino Unido,bajo,Exceso,ipc,M,0,0.01597485616526571,0.30392121361509844
Reino Unido,bajo,Exceso,ipc,M,1,0.005582063468039687,0.05827990552762229
Reino Unido,bajo,Exceso,ipc,M,2,-0.03142856954557953,-0.23396189122547303
Reino Unido,bajo,Exceso,ipc,M,3,-0.03715533166446103,-0.24297383195333466
Reino Unido,bajo,Exceso,ipc,M,4,0.0575327018007258,0.33825821086635965
Reino Unido,bajo,Exceso,ipc,M,5,0.08828315105497056,0.4588622468000504
Reino Unido,bajo,Exceso,ipc,M,6,0.09500743980579707,0.4451394457863429
Reino Unido,bajo,Exceso,ipc,M,7,0.1481990436083684,0.6263947273960355
Reino Unido,bajo,Exceso,ipc,M,8,0.20056435131702996,0.7074407031035488
Reino Unido,bajo,Exceso,ipc,M,9,0.17184170654747996,0.6037245841369866
Reino Unido,bajo,Exceso,ipc,M,10,0.21025571225045492,0.7157362747291872
Reino Unido,bajo,Exceso,ipc,M,11,0.32989620966980315,1.046461782811463
Reino Unido,bajo,Exceso,ipc,M,12,0.4695562989844585,1.2825099194342584
Reino Unido,bajo,Exceso,ipc,M,13,0.4439300795768696,1.0907940420575604
Reino Unido,bajo,Exceso,ipc,M,14,0.521570513192359,1.2016615718654349
Reino Unido,bajo,Exceso,ipc,M,15,0.6069958562255529,1.3231281973744473
Reino Unido,bajo,Exceso,ipc,M,16,0.6437172470064044,1.3459933589640531
Reino Unido,bajo,Exceso,ipc,M,17,0.6399672389297557,1.3202397811186313
Reino Unido,bajo,Exceso,ipc,M,18,0.7371887978457301,1.4229883780911898
Reino Unido,bajo,Exceso,ipc,M,19,0.8041352153744472,1.453173188387019
Reino Unido,bajo,Exceso,ipc,M,20,0.8208881604738966,1.415911739837644
Reino Unido,bajo,Exceso,ipc,M,21,0.7812198943775206,1.3167434826050055
Reino Unido,bajo,Exceso,ipc,M,22,0.7905858458030416,1.3017695947055026
Reino Unido,bajo,Exceso,ipc,M,23,0.7977008357663298,1.2613055208393764
Reino Unido,bajo,Exceso,ipc,M,24,0.919025822388488,1.3822567430968504
Reino Unido,bajo,Exceso,ipc,M,25,0.9815549108320449,1.4242493776570964
Reino Unido,bajo,Exceso,ipc,M,26,1.0566105570248636,1.503785130206106
Reino Unido,bajo,Exceso,ipc,M,27,1.1392357630171452,1.5935945498430257
Reino Unido,bajo,Exceso,ipc,M,28,1.2083757955573076,1.6226505059488494
Reino Unido,bajo,Exceso,ipc,M,29,1.1984031712859464,1.6150316137105047
Reino Unido,bajo,Exceso,ipc,M,30,1.24390625825542,1.6747131414131615
Reino Unido,bajo,Exceso,ipc,M,31,1.3458109175238948,1.6990300007362502
Reino Unido,bajo,Exceso,ipc,M,32,1.3580583944502584,1.6770936741223748
Reino Unido,bajo,Exceso,ipc,M,33,1.3559315043086213,1.6880036972651402
Reino Unido,bajo,Exceso,ipc,M,34,1.36158046379005,1.6913820082500695
Reino Unido,bajo,Exceso,ipc,M,35,1.4979751976136881,1.847848356864868
Reino Unido,bajo,Exceso,ipc,M,36,1.5478457677011446,1.8757711142234543
Reino Unido,bajo,Exceso,ipc,M,37,1.568134955063666,1.871124431532298
Reino Unido,bajo,Exceso,ipc,M,38,1.4535230933363361,1.7456905596990324
Reino Unido,bajo,Exceso,ipc,M,39,1.49807115083587,1.8186367312845126
Reino Unido,bajo,Exceso,ipc,M,40,1.5737405872934058,1.8993003803410595
Reino Unido,bajo,Exceso,ipc,M,41,1.514745265329395,1.83103915081906
Reino Unido,bajo,Exceso,ipc,M,42,1.410248630037678,1.7380757111023966
Reino Unido,bajo,Exceso,ipc,M,43,1.3051951083787343,1.6270417310152276
Reino Unido,bajo,Exceso,ipc,M,44,1.0661546373697859,1.370673847195492
Reino Unido,bajo,Exceso,ipc,M,45,0.9560512925127789,1.2468115896918097
Reino Unido,bajo,Exceso,ipc,M,46,0.954765120710303,1.2679570496165435
Reino Unido,bajo,Exceso,ipc,M,47,1.010854484492322,1.3344439782238064
Reino Unido,bajo,Exceso,ipc,M,48,1.2067084802789072,1.614487861216363
Reino Unido,bajo,Exceso,fx,M,0,1.5847824185194328,3.1304677859918417
Reino Unido,bajo,Exceso,fx,M,1,3.3967745579996764,3.6975347535144696
Reino Unido,bajo,Exceso,fx,M,2,3.972903651797963,3.76486362250195
Reino Unido,bajo,Exceso,fx,M,3,3.9656384589247327,3.323905457045444
Reino Unido,bajo,Exceso,fx,M,4,4.291386064261575,3.0886267706868535
Reino Unido,bajo,Exceso,fx,M,5,3.6165248051051075,2.4862103335913446
Reino Unido,bajo,Exceso,fx,M,6,2.865020190149018,2.108961729792372
Reino Unido,bajo,Exceso,fx,M,7,2.9680300333778398,2.254620007809398
Reino Unido,bajo,Exceso,fx,M,8,2.0195724792825773,1.5375929653946998
Reino Unido,bajo,Exceso,fx,M,9,2.117679421424849,1.4484769381401499
Reino Unido,bajo,Exceso,fx,M,10,2.0815617408778144,1.2809214034307226
Reino Unido,bajo,Exceso,fx,M,11,1.2890902444076084,0.7448836219064322
Reino Unido,bajo,Exceso,fx,M,12,0.6520684423310036,0.3587132940342166
Reino Unido,bajo,Exceso,fx,M,13,0.035881422719804885,0.019409868571174226
Reino Unido,bajo,Exceso,fx,M,14,-0.35558786960251726,-0.18582513560452082
Reino Unido,bajo,Exceso,fx,M,15,-0.6728845832544789,-0.3640598748115649
Reino Unido,bajo,Exceso,fx,M,16,-0.9766332752831429,-0.5193193788977135
Reino Unido,bajo,Exceso,fx,M,17,-1.406168077190784,-0.7518216648210946
Reino Unido,bajo,Exceso,fx,M,18,-1.2538901487806795,-0.5958184234973327
Reino Unido,bajo,Exceso,fx,M,19,-0.7757935522361173,-0.3497188019963354
Reino Unido,bajo,Exceso,fx,M,20,-0.17703508695150055,-0.08226372429727562
Reino Unido,bajo,Exceso,fx,M,21,-0.1472296621147004,-0.06822334521963193
Reino Unido,bajo,Exceso,fx,M,22,-0.13459948703872632,-0.06288519562198708
Reino Unido,bajo,Exceso,fx,M,23,0.7196337706098026,0.33423860334826144
Reino Unido,bajo,Exceso,fx,M,24,1.165658932292038,0.573448189714396
Reino Unido,bajo,Exceso,fx,M,25,1.11621799480692,0.558663973082251
Reino Unido,bajo,Exceso,fx,M,26,1.0082511624705355,0.4705453558864249
Reino Unido,bajo,Exceso,fx,M,27,1.1228148745426962,0.5239706900193615
Reino Unido,bajo,Exceso,fx,M,28,1.2179877945771738,0.5180341180807494
Reino Unido,bajo,Exceso,fx,M,29,1.2104570673381265,0.4934711169006915
Reino Unido,bajo,Exceso,fx,M,30,0.6684591114677342,0.2649700773619644
Reino Unido,bajo,Exceso,fx,M,31,0.1363019556769822,0.05295173289975509
Reino Unido,bajo,Exceso,fx,M,32,-0.18412710492352186,-0.06981746440001371
Reino Unido,bajo,Exceso,fx,M,33,-0.004597532176394484,-0.0017324458741069906
Reino Unido,bajo,Exceso,fx,M,34,0.5070069967087957,0.17972293153043228
Reino Unido,bajo,Exceso,fx,M,35,1.1095592102433753,0.38523754909621
Reino Unido,bajo,Exceso,fx,M,36,0.37470166677854755,0.12452252352849062
Reino Unido,bajo,Exceso,fx,M,37,0.9863121052562017,0.3182552275293689
Reino Unido,bajo,Exceso,fx,M,38,1.7529325806940892,0.5851905223689237
Reino Unido,bajo,Exceso,fx,M,39,1.1920343490058065,0.4209814042039902
Reino Unido,bajo,Exceso,fx,M,40,1.2451456844487452,0.4541170077327079
Reino Unido,bajo,Exceso,fx,M,41,1.758958379769783,0.6537195718556698
Reino Unido,bajo,Exceso,fx,M,42,2.658007928170411,0.9937719094065451
Reino Unido,bajo,Exceso,fx,M,43,2.4568718154952585,0.9524985601867334
Reino Unido,bajo,Exceso,fx,M,44,2.436827455029729,0.9868435049562029
Reino Unido,bajo,Exceso,fx,M,45,2.6782573531273783,1.083761701510364
Reino Unido,bajo,Exceso,fx,M,46,1.8918103772654735,0.8037403534221529
Reino Unido,bajo,Exceso,fx,M,47,0.7411223433956822,0.3386332220676714
Reino Unido,bajo,Exceso,fx,M,48,1.0795124946056005,0.5176466209522345
Reino Unido,bajo,Exceso,vivienda,Q,0,-0.37432850782658983,-0.5912536470461514
Reino Unido,bajo,Exceso,vivienda,Q,1,-0.8704244013645148,-0.8237384022082233
Reino Unido,bajo,Exceso,vivienda,Q,2,-0.9612608313665555,-0.7510234335664897
Reino Unido,bajo,Exceso,vivienda,Q,3,-1.0155315865987042,-0.6897641632736963
Reino Unido,bajo,Exceso,vivienda,Q,4,-1.1881579880139586,-0.6472930677500418
Reino Unido,bajo,Exceso,vivienda,Q,5,-2.041323786343811,-0.9870413521587016
Reino Unido,bajo,Exceso,vivienda,Q,6,-2.69394247494863,-1.1692472609993894
Reino Unido,bajo,Exceso,vivienda,Q,7,-2.9661559177220522,-1.1641008040198422
Reino Unido,bajo,Exceso,vivienda,Q,8,-2.8953822346056786,-1.0396797827616788
Reino Unido,bajo,Exceso,vivienda,Q,9,-3.4993445229472346,-1.1750225522760118
Reino Unido,bajo,Exceso,vivienda,Q,10,-4.021474641692162,-1.272429957744264
Reino Unido,bajo,Exceso,vivienda,Q,11,-4.547357529548304,-1.3765695389359867
Reino Unido,bajo,Exceso,vivienda,Q,12,-5.3908651643401315,-1.488130782793944
Reino Unido,bajo,Exceso,credito,Q,0,2.1143641199309813,3.0854570087943682
Reino Unido,bajo,Exceso,credito,Q,1,2.296655970847682,1.743643373638549
Reino Unido,bajo,Exceso,credito,Q,2,2.145894768737758,1.3292350342494574
Reino Unido,bajo,Exceso,credito,Q,3,3.0986202450068356,1.3806132743064288
Reino Unido,bajo,Exceso,credito,Q,4,3.4625896885147656,1.4007942034837901
Reino Unido,bajo,Exceso,credito,Q,5,2.8362647868916664,1.1519893538287664
Reino Unido,bajo,Exceso,credito,Q,6,3.1586913970617445,1.2330718101537044
Reino Unido,bajo,Exceso,credito,Q,7,3.1880147310252354,1.2605255927335715
Reino Unido,bajo,Exceso,credito,Q,8,3.313855797892872,1.3733984957867993
Reino Unido,bajo,Exceso,credito,Q,9,3.307435905217675,1.3098581309384254
Reino Unido,bajo,Exceso,credito,Q,10,3.3783861997887192,1.3190666206970565
Reino Unido,bajo,Exceso,credito,Q,11,2.328214620724374,0.8959538683027933
Reino Unido,bajo,Exceso,credito,Q,12,2.1014087808013038,0.7865136353579159
Reino Unido,bajo,M-actividad,tasa,M,0,-0.050651684120625276,-1.3747507986157577
Reino Unido,bajo,M-actividad,tasa,M,1,-0.09525467218850821,-1.269174459484093
Reino Unido,bajo,M-actividad,tasa,M,2,-0.14320302693695003,-1.4237909708257983
Reino Unido,bajo,M-actividad,tasa,M,3,-0.18197252149192544,-1.5003745992793445
Reino Unido,bajo,M-actividad,tasa,M,4,-0.1995648486648991,-1.453660923557003
Reino Unido,bajo,M-actividad,tasa,M,5,-0.21560008790800933,-1.3776507152212591
Reino Unido,bajo,M-actividad,tasa,M,6,-0.22398118537633313,-1.3258921265958343
Reino Unido,bajo,M-actividad,tasa,M,7,-0.2030634742017959,-1.1191948839695232
Reino Unido,bajo,M-actividad,tasa,M,8,-0.19773535628451144,-0.9795974276139037
Reino Unido,bajo,M-actividad,tasa,M,9,-0.2044296826529462,-0.9385000134430969
Reino Unido,bajo,M-actividad,tasa,M,10,-0.22314335954214287,-0.9617691813689064
Reino Unido,bajo,M-actividad,tasa,M,11,-0.21932686322980527,-0.9068862758222921
Reino Unido,bajo,M-actividad,tasa,M,12,-0.19456801107190544,-0.7729579057235508
Reino Unido,bajo,M-actividad,tasa,M,13,-0.179658399444179,-0.6908775779933708
Reino Unido,bajo,M-actividad,tasa,M,14,-0.20075661757959662,-0.7565462744912091
Reino Unido,bajo,M-actividad,tasa,M,15,-0.17056358435062952,-0.6378729625183209
Reino Unido,bajo,M-actividad,tasa,M,16,-0.15657664422928838,-0.5752172600252161
Reino Unido,bajo,M-actividad,tasa,M,17,-0.1751366956572243,-0.6390120869929771
Reino Unido,bajo,M-actividad,tasa,M,18,-0.21468225586833473,-0.7723186556482363
Reino Unido,bajo,M-actividad,tasa,M,19,-0.25081415366420834,-0.8652181573655308
Reino Unido,bajo,M-actividad,tasa,M,20,-0.2791975738617567,-0.9268390714637462
Reino Unido,bajo,M-actividad,tasa,M,21,-0.29590140172642065,-0.9496784103575896
Reino Unido,bajo,M-actividad,tasa,M,22,-0.2785055603598201,-0.8693243723085845
Reino Unido,bajo,M-actividad,tasa,M,23,-0.2861905453499297,-0.8472476651441598
Reino Unido,bajo,M-actividad,tasa,M,24,-0.305155207526801,-0.8581635009001054
Reino Unido,bajo,M-actividad,tasa,M,25,-0.3273226735098712,-0.9033521072102333
Reino Unido,bajo,M-actividad,tasa,M,26,-0.3221893431382262,-0.8734121637608645
Reino Unido,bajo,M-actividad,tasa,M,27,-0.3693472942645587,-0.9772743923042823
Reino Unido,bajo,M-actividad,tasa,M,28,-0.37250708109642955,-0.9818210641922026
Reino Unido,bajo,M-actividad,tasa,M,29,-0.30959254898850397,-0.7934990627154604
Reino Unido,bajo,M-actividad,tasa,M,30,-0.27669730214128097,-0.6905924991560469
Reino Unido,bajo,M-actividad,tasa,M,31,-0.26641393074978137,-0.6594172620067046
Reino Unido,bajo,M-actividad,tasa,M,32,-0.24171883551557674,-0.60608412046553
Reino Unido,bajo,M-actividad,tasa,M,33,-0.24817629681292663,-0.6180971049036839
Reino Unido,bajo,M-actividad,tasa,M,34,-0.2570978784808947,-0.6481113565091106
Reino Unido,bajo,M-actividad,tasa,M,35,-0.2384687646808848,-0.627777723762249
Reino Unido,bajo,M-actividad,tasa,M,36,-0.22627661391667866,-0.6255109150421232
Reino Unido,bajo,M-actividad,tasa,M,37,-0.2512084769019579,-0.7180945139932823
Reino Unido,bajo,M-actividad,tasa,M,38,-0.26849519465512284,-0.7663929211632439
Reino Unido,bajo,M-actividad,tasa,M,39,-0.26207405292666575,-0.7531395246925596
Reino Unido,bajo,M-actividad,tasa,M,40,-0.2606239547299098,-0.7577186254696819
Reino Unido,bajo,M-actividad,tasa,M,41,-0.30882462777043407,-0.9182804612117755
Reino Unido,bajo,M-actividad,tasa,M,42,-0.31784430975020694,-0.9834564708272401
Reino Unido,bajo,M-actividad,tasa,M,43,-0.2955659448323743,-0.9285383849239548
Reino Unido,bajo,M-actividad,tasa,M,44,-0.2665771490007694,-0.824669136959855
Reino Unido,bajo,M-actividad,tasa,M,45,-0.21700628199396704,-0.6695349348578807
Reino Unido,bajo,M-actividad,tasa,M,46,-0.09601445222352167,-0.253356055530981
Reino Unido,bajo,M-actividad,tasa,M,47,-0.06850060125471294,-0.16230786064402836
Reino Unido,bajo,M-actividad,tasa,M,48,-0.08980414660351957,-0.22596394482500706
Reino Unido,bajo,M-actividad,acciones,M,0,-0.7379904557366874,-0.8944758590524176
Reino Unido,bajo,M-actividad,acciones,M,1,-1.0704956365157317,-1.2128543431644558
Reino Unido,bajo,M-actividad,acciones,M,2,-0.27402914382522203,-0.29161854843614593
Reino Unido,bajo,M-actividad,acciones,M,3,0.46823705321614384,0.5285748711415038
Reino Unido,bajo,M-actividad,acciones,M,4,0.833121505690261,0.8693068530840982
Reino Unido,bajo,M-actividad,acciones,M,5,1.0739711115340234,0.8749035855849416
Reino Unido,bajo,M-actividad,acciones,M,6,1.463745680507308,1.0817213663808214
Reino Unido,bajo,M-actividad,acciones,M,7,2.0702716195112387,1.4454589911961813
Reino Unido,bajo,M-actividad,acciones,M,8,2.2411347036511975,1.7032057328021388
Reino Unido,bajo,M-actividad,acciones,M,9,2.1396201259637038,1.6698534485813223
Reino Unido,bajo,M-actividad,acciones,M,10,1.965899827271388,1.346727626036984
Reino Unido,bajo,M-actividad,acciones,M,11,1.5138336736246292,1.070636578891095
Reino Unido,bajo,M-actividad,acciones,M,12,1.5026537548439642,1.0694559974934117
Reino Unido,bajo,M-actividad,acciones,M,13,1.4979740954581002,1.0202597180343622
Reino Unido,bajo,M-actividad,acciones,M,14,1.3944859256108062,0.8851070601579507
Reino Unido,bajo,M-actividad,acciones,M,15,1.23483376876627,0.7406481853767783
Reino Unido,bajo,M-actividad,acciones,M,16,0.5581963744091955,0.30438861573739906
Reino Unido,bajo,M-actividad,acciones,M,17,0.23241825229434554,0.12327591942804185
Reino Unido,bajo,M-actividad,acciones,M,18,0.3588346812796753,0.18183828840686053
Reino Unido,bajo,M-actividad,acciones,M,19,0.5734306518240103,0.2553945221460149
Reino Unido,bajo,M-actividad,acciones,M,20,0.6124762238295598,0.26244197150944815
Reino Unido,bajo,M-actividad,acciones,M,21,0.7533614193198227,0.3044922209743806
Reino Unido,bajo,M-actividad,acciones,M,22,0.5722126935132188,0.20473009874465925
Reino Unido,bajo,M-actividad,acciones,M,23,0.39027728009054385,0.13530890317685385
Reino Unido,bajo,M-actividad,acciones,M,24,0.6786834166419721,0.23203029137578446
Reino Unido,bajo,M-actividad,acciones,M,25,0.8116625037260028,0.2736482577000248
Reino Unido,bajo,M-actividad,acciones,M,26,0.8994483813217237,0.30654943172118027
Reino Unido,bajo,M-actividad,acciones,M,27,0.4428339725808511,0.15872044769553262
Reino Unido,bajo,M-actividad,acciones,M,28,0.5353792646318523,0.20444825663173705
Reino Unido,bajo,M-actividad,acciones,M,29,0.8536184465248413,0.3331578603802587
Reino Unido,bajo,M-actividad,acciones,M,30,0.2697367826953112,0.10078069499100058
Reino Unido,bajo,M-actividad,acciones,M,31,0.5271813088193394,0.20193150633559107
Reino Unido,bajo,M-actividad,acciones,M,32,1.0883946684726908,0.43038201406907167
Reino Unido,bajo,M-actividad,acciones,M,33,1.2777665188338372,0.48473367267903245
Reino Unido,bajo,M-actividad,acciones,M,34,1.4079599965105136,0.5116613032909562
Reino Unido,bajo,M-actividad,acciones,M,35,1.2689492948682148,0.491739598160492
Reino Unido,bajo,M-actividad,acciones,M,36,0.5136653645013596,0.18665853964683926
Reino Unido,bajo,M-actividad,acciones,M,37,0.6872652792458959,0.24942458892005717
Reino Unido,bajo,M-actividad,acciones,M,38,0.4352287874598886,0.1585478956291156
Reino Unido,bajo,M-actividad,acciones,M,39,0.520735680041586,0.18584990792996806
Reino Unido,bajo,M-actividad,acciones,M,40,0.7652951416678672,0.27158631695329055
Reino Unido,bajo,M-actividad,acciones,M,41,0.2390753492481924,0.08321518314077332
Reino Unido,bajo,M-actividad,acciones,M,42,0.4259190800583502,0.14810974700320265
Reino Unido,bajo,M-actividad,acciones,M,43,0.43856759594129757,0.15167892752869233
Reino Unido,bajo,M-actividad,acciones,M,44,0.5682251855666243,0.1871502061033758
Reino Unido,bajo,M-actividad,acciones,M,45,0.4122261452497362,0.1345021058261418
Reino Unido,bajo,M-actividad,acciones,M,46,0.02154493381103635,0.007335539428039163
Reino Unido,bajo,M-actividad,acciones,M,47,0.2955805146719385,0.10012551991255553
Reino Unido,bajo,M-actividad,acciones,M,48,0.6651869228890579,0.22170339775011427
Reino Unido,bajo,M-actividad,salario,M,0,-0.318076703080842,-1.6529113858220543
Reino Unido,bajo,M-actividad,salario,M,1,-0.324142102965912,-1.2084610188808538
Reino Unido,bajo,M-actividad,salario,M,2,-0.5753994830094458,-2.2118327526265267
Reino Unido,bajo,M-actividad,salario,M,3,-0.6391354477022847,-2.4490117855549993
Reino Unido,bajo,M-actividad,salario,M,4,-0.40965782409410223,-2.0158766613093473
Reino Unido,bajo,M-actividad,salario,M,5,-0.4808731920986615,-2.3128755372851324
Reino Unido,bajo,M-actividad,salario,M,6,-0.2791834250203796,-1.0707560566442336
Reino Unido,bajo,M-actividad,salario,M,7,-0.22871868326380804,-0.8326996434470763
Reino Unido,bajo,M-actividad,salario,M,8,-0.39858667767938716,-1.260494411780686
Reino Unido,bajo,M-actividad,salario,M,9,-0.47407075737565824,-1.5732019235572632
Reino Unido,bajo,M-actividad,salario,M,10,-0.5049655146785222,-1.7160247196864333
Reino Unido,bajo,M-actividad,salario,M,11,-0.7207380302876346,-2.3847562057896003
Reino Unido,bajo,M-actividad,salario,M,12,-0.7672482529297262,-3.003842855127244
Reino Unido,bajo,M-actividad,salario,M,13,-0.643836583597903,-2.707447376111183
Reino Unido,bajo,M-actividad,salario,M,14,-0.7022612299017195,-2.6533269209409225
Reino Unido,bajo,M-actividad,salario,M,15,-0.7879214429747654,-2.7599623052514755
Reino Unido,bajo,M-actividad,salario,M,16,-0.9443954631339361,-3.1241963726116007
Reino Unido,bajo,M-actividad,salario,M,17,-0.8808986345076978,-2.884760319288337
Reino Unido,bajo,M-actividad,salario,M,18,-1.1717565068573823,-4.251598039296442
Reino Unido,bajo,M-actividad,salario,M,19,-1.1229077944848043,-4.028015977604854
Reino Unido,bajo,M-actividad,salario,M,20,-1.0901689888829507,-3.73321792108257
Reino Unido,bajo,M-actividad,salario,M,21,-1.144628606982524,-4.032740429415687
Reino Unido,bajo,M-actividad,salario,M,22,-1.2105326823015075,-4.016440799880495
Reino Unido,bajo,M-actividad,salario,M,23,-1.100665136710513,-3.4234681830674774
Reino Unido,bajo,M-actividad,salario,M,24,-1.235318851396451,-3.9111549780042862
Reino Unido,bajo,M-actividad,salario,M,25,-1.325490084121239,-3.987404930998254
Reino Unido,bajo,M-actividad,salario,M,26,-1.329316322827027,-3.8855158036386217
Reino Unido,bajo,M-actividad,salario,M,27,-1.3897495709162073,-4.082600166217218
Reino Unido,bajo,M-actividad,salario,M,28,-1.4496435293895233,-4.228923441841817
Reino Unido,bajo,M-actividad,salario,M,29,-1.5198178322635254,-4.539882457726832
Reino Unido,bajo,M-actividad,salario,M,30,-1.4688502642881012,-4.320120079630319
Reino Unido,bajo,M-actividad,salario,M,31,-1.4902075893909483,-3.922431545309945
Reino Unido,bajo,M-actividad,salario,M,32,-1.4705898626324703,-4.224597020928539
Reino Unido,bajo,M-actividad,salario,M,33,-1.3800675196719183,-3.283473699912603
Reino Unido,bajo,M-actividad,salario,M,34,-1.3513684851685346,-3.4921966414492203
Reino Unido,bajo,M-actividad,salario,M,35,-1.442648940548474,-3.3284055780968367
Reino Unido,bajo,M-actividad,salario,M,36,-1.5247745421857648,-3.2032751656128666
Reino Unido,bajo,M-actividad,salario,M,37,-1.659437579739044,-3.3968384764405806
Reino Unido,bajo,M-actividad,salario,M,38,-1.6202554598328007,-3.546308247036007
Reino Unido,bajo,M-actividad,salario,M,39,-1.6427207552457286,-3.427428892794477
Reino Unido,bajo,M-actividad,salario,M,40,-1.6815334350570066,-3.1471775865635423
Reino Unido,bajo,M-actividad,salario,M,41,-1.8475256348431632,-3.432222528555202
Reino Unido,bajo,M-actividad,salario,M,42,-1.7633055460737412,-3.4454145161713385
Reino Unido,bajo,M-actividad,salario,M,43,-1.8571225111071143,-3.381650289906268
Reino Unido,bajo,M-actividad,salario,M,44,-1.7708080932808898,-3.3056689857123436
Reino Unido,bajo,M-actividad,salario,M,45,-1.863928086573453,-3.433840517258632
Reino Unido,bajo,M-actividad,salario,M,46,-1.7617026706056707,-3.367088017517953
Reino Unido,bajo,M-actividad,salario,M,47,-1.7246331542454219,-2.7920211205343053
Reino Unido,bajo,M-actividad,salario,M,48,-1.8235095092335534,-2.6936572265969536
Reino Unido,bajo,M-actividad,ipc,M,0,-0.021638225946589325,-0.5720974357854473
Reino Unido,bajo,M-actividad,ipc,M,1,-0.06261274115111903,-0.9462950801381894
Reino Unido,bajo,M-actividad,ipc,M,2,-0.04403536815072043,-0.4730932659495574
Reino Unido,bajo,M-actividad,ipc,M,3,0.009849827031270518,0.09317210306545527
Reino Unido,bajo,M-actividad,ipc,M,4,0.08001431263241053,0.6396540314229725
Reino Unido,bajo,M-actividad,ipc,M,5,0.10611198666875045,0.7056220904518589
Reino Unido,bajo,M-actividad,ipc,M,6,0.16133416106009582,0.9546883982506873
Reino Unido,bajo,M-actividad,ipc,M,7,0.1893147270363997,1.0006733159705188
Reino Unido,bajo,M-actividad,ipc,M,8,0.24932945201265835,1.1713689553946398
Reino Unido,bajo,M-actividad,ipc,M,9,0.3264882321719548,1.4422293105507262
Reino Unido,bajo,M-actividad,ipc,M,10,0.38850753867467763,1.5468507028104308
Reino Unido,bajo,M-actividad,ipc,M,11,0.47877959456488894,1.7429461411540301
Reino Unido,bajo,M-actividad,ipc,M,12,0.47541420178194504,1.6864395484005434
Reino Unido,bajo,M-actividad,ipc,M,13,0.5011130303065099,1.694543507683997
Reino Unido,bajo,M-actividad,ipc,M,14,0.5965274933222683,1.9456578343765294
Reino Unido,bajo,M-actividad,ipc,M,15,0.6672326380294412,2.0335410714061126
Reino Unido,bajo,M-actividad,ipc,M,16,0.7175195173140456,2.0478051829329402
Reino Unido,bajo,M-actividad,ipc,M,17,0.7734832555713319,2.1235307017354352
Reino Unido,bajo,M-actividad,ipc,M,18,0.7814068937572772,2.0998509944567076
Reino Unido,bajo,M-actividad,ipc,M,19,0.8441004305701857,2.1528063346804744
Reino Unido,bajo,M-actividad,ipc,M,20,0.8657353518091498,2.1451413570262794
Reino Unido,bajo,M-actividad,ipc,M,21,0.8828481442372662,2.0935259563718223
Reino Unido,bajo,M-actividad,ipc,M,22,0.867359850529011,2.001270088042801
Reino Unido,bajo,M-actividad,ipc,M,23,0.867161147252896,1.9542735481719855
Reino Unido,bajo,M-actividad,ipc,M,24,0.9534887868590924,2.120865592001467
Reino Unido,bajo,M-actividad,ipc,M,25,0.9466514242024239,2.064298433820156
Reino Unido,bajo,M-actividad,ipc,M,26,1.007612362093044,2.237526944039156
Reino Unido,bajo,M-actividad,ipc,M,27,1.0746133755039797,2.3051077141977245
Reino Unido,bajo,M-actividad,ipc,M,28,1.0635815595142593,2.2564094094143785
Reino Unido,bajo,M-actividad,ipc,M,29,1.038813206176756,2.194436058089688
Reino Unido,bajo,M-actividad,ipc,M,30,1.092413592622567,2.2738655233180607
Reino Unido,bajo,M-actividad,ipc,M,31,1.1643344612325355,2.3491874068531495
Reino Unido,bajo,M-actividad,ipc,M,32,1.1532630626817524,2.320308722833058
Reino Unido,bajo,M-actividad,ipc,M,33,1.135811837980566,2.2858779212825207
Reino Unido,bajo,M-actividad,ipc,M,34,1.1484151884704512,2.3218972965008793
Reino Unido,bajo,M-actividad,ipc,M,35,1.218572246097914,2.4489761997558435
Reino Unido,bajo,M-actividad,ipc,M,36,1.2762150986334695,2.450779708279695
Reino Unido,bajo,M-actividad,ipc,M,37,1.3487737787367176,2.553079373002763
Reino Unido,bajo,M-actividad,ipc,M,38,1.3240250901533877,2.4636294501031903
Reino Unido,bajo,M-actividad,ipc,M,39,1.2941559370523923,2.438295593877285
Reino Unido,bajo,M-actividad,ipc,M,40,1.2769126468496625,2.4222487101721044
Reino Unido,bajo,M-actividad,ipc,M,41,1.2432174399591756,2.3618916475266674
Reino Unido,bajo,M-actividad,ipc,M,42,1.2364825744019703,2.400859246122313
Reino Unido,bajo,M-actividad,ipc,M,43,1.0893205680817748,2.07455372421879
Reino Unido,bajo,M-actividad,ipc,M,44,0.949694404352543,1.7938444401349034
Reino Unido,bajo,M-actividad,ipc,M,45,0.8434111855042791,1.5911024192431305
Reino Unido,bajo,M-actividad,ipc,M,46,0.5465228049257641,0.9441957695337246
Reino Unido,bajo,M-actividad,ipc,M,47,0.2694370429905025,0.35003945395120056
Reino Unido,bajo,M-actividad,ipc,M,48,0.846434041425015,1.4773333946950327
Reino Unido,bajo,M-actividad,fx,M,0,0.8865266390827027,2.415005784496315
Reino Unido,bajo,M-actividad,fx,M,1,1.3220705784171372,2.3023119384596233
Reino Unido,bajo,M-actividad,fx,M,2,1.6281449095902314,2.2967950280316844
Reino Unido,bajo,M-actividad,fx,M,3,1.3778429309659095,1.6591387394859156
Reino Unido,bajo,M-actividad,fx,M,4,1.1634614623255277,1.1750495430116878
Reino Unido,bajo,M-actividad,fx,M,5,1.1294047625478547,1.0881089843952014
Reino Unido,bajo,M-actividad,fx,M,6,0.9768009341856039,1.0081199096207238
Reino Unido,bajo,M-actividad,fx,M,7,0.7307837139527434,0.7489219809936785
Reino Unido,bajo,M-actividad,fx,M,8,0.5708064883451708,0.5760819974294676
Reino Unido,bajo,M-actividad,fx,M,9,0.8180513498795177,0.7661452121997608
Reino Unido,bajo,M-actividad,fx,M,10,0.9387307904133502,0.7803042667466947
Reino Unido,bajo,M-actividad,fx,M,11,0.58318396537168,0.46519700576248957
Reino Unido,bajo,M-actividad,fx,M,12,0.3701097954442722,0.29336091648921386
Reino Unido,bajo,M-actividad,fx,M,13,0.07217511226481946,0.0547915758086362
Reino Unido,bajo,M-actividad,fx,M,14,-0.02211669891627109,-0.016518284836196936
Reino Unido,bajo,M-actividad,fx,M,15,-0.07292692785372501,-0.05703186654477032
Reino Unido,bajo,M-actividad,fx,M,16,0.004727631277410724,0.003724542019937462
Reino Unido,bajo,M-actividad,fx,M,17,-0.32453246333407176,-0.2629549049376508
Reino Unido,bajo,M-actividad,fx,M,18,-0.43220195654503885,-0.33404521313832536
Reino Unido,bajo,M-actividad,fx,M,19,-0.1483808388213039,-0.1055623723551039
Reino Unido,bajo,M-actividad,fx,M,20,0.3513832694676977,0.26361026208471305
Reino Unido,bajo,M-actividad,fx,M,21,0.28597312273187636,0.1986308504728427
Reino Unido,bajo,M-actividad,fx,M,22,0.06587787850871457,0.044513189577032646
Reino Unido,bajo,M-actividad,fx,M,23,0.49395132815278475,0.31158654993781165
Reino Unido,bajo,M-actividad,fx,M,24,0.7261216900160224,0.46234449712388936
Reino Unido,bajo,M-actividad,fx,M,25,0.8059764874475239,0.5238335249564667
Reino Unido,bajo,M-actividad,fx,M,26,0.9429155855141996,0.6229616053243835
Reino Unido,bajo,M-actividad,fx,M,27,1.198286391777072,0.7728891588266581
Reino Unido,bajo,M-actividad,fx,M,28,1.3250115142221002,0.8401755725620346
Reino Unido,bajo,M-actividad,fx,M,29,1.2348735912435764,0.8057522357523803
Reino Unido,bajo,M-actividad,fx,M,30,0.7107416693134097,0.44397395590069544
Reino Unido,bajo,M-actividad,fx,M,31,0.7225070296745477,0.4588086982543271
Reino Unido,bajo,M-actividad,fx,M,32,0.20874347269560228,0.13382739231641155
Reino Unido,bajo,M-actividad,fx,M,33,0.027902704272092113,0.018149652165976665
Reino Unido,bajo,M-actividad,fx,M,34,0.02596408506301992,0.015629707614524282
Reino Unido,bajo,M-actividad,fx,M,35,0.4649640051520924,0.27757944528095146
Reino Unido,bajo,M-actividad,fx,M,36,0.020611559875759078,0.012684822046229149
Reino Unido,bajo,M-actividad,fx,M,37,0.17468690333003495,0.10125659636358644
Reino Unido,bajo,M-actividad,fx,M,38,0.3123066052459567,0.18758964143863924
Reino Unido,bajo,M-actividad,fx,M,39,0.06346086121080655,0.03946709345824757
Reino Unido,bajo,M-actividad,fx,M,40,-0.13668155048275302,-0.08660117835715918
Reino Unido,bajo,M-actividad,fx,M,41,0.2828749924650059,0.18261878118782163
Reino Unido,bajo,M-actividad,fx,M,42,1.0960045458754817,0.705309379731333
Reino Unido,bajo,M-actividad,fx,M,43,0.7376837780986993,0.48732914738822214
Reino Unido,bajo,M-actividad,fx,M,44,0.7848253635714222,0.5227012833055283
Reino Unido,bajo,M-actividad,fx,M,45,0.6346777622377175,0.4140600487011034
Reino Unido,bajo,M-actividad,fx,M,46,0.6784693686793404,0.45995700989332655
Reino Unido,bajo,M-actividad,fx,M,47,0.37694599087088854,0.2700381103132007
Reino Unido,bajo,M-actividad,fx,M,48,0.6915463565891302,0.4870249086943288
Reino Unido,bajo,M-actividad,vivienda,Q,0,-0.5461085197175705,-2.21280262355555
Reino Unido,bajo,M-actividad,vivienda,Q,1,-1.0263204705666433,-2.2114806886824168
Reino Unido,bajo,M-actividad,vivienda,Q,2,-0.8576463379143209,-1.3200119234455037
Reino Unido,bajo,M-actividad,vivienda,Q,3,-0.8708486221400233,-1.0905498728952212
Reino Unido,bajo,M-actividad,vivienda,Q,4,-1.2082286305133905,-1.383503863423843
Reino Unido,bajo,M-actividad,vivienda,Q,5,-2.396288736188983,-2.290673568516413
Reino Unido,bajo,M-actividad,vivienda,Q,6,-3.1763882860430543,-2.4171542527741634
Reino Unido,bajo,M-actividad,vivienda,Q,7,-3.420494892447619,-2.08512122818982
Reino Unido,bajo,M-actividad,vivienda,Q,8,-3.740321387635748,-2.179614847461944
Reino Unido,bajo,M-actividad,vivienda,Q,9,-4.158631450224616,-2.3116692746322465
Reino Unido,bajo,M-actividad,vivienda,Q,10,-4.219352683023609,-2.412111407925339
Reino Unido,bajo,M-actividad,vivienda,Q,11,-4.383887497094033,-2.4819181590449397
Reino Unido,bajo,M-actividad,vivienda,Q,12,-4.913544203201939,-2.6142790171123953
Reino Unido,bajo,M-actividad,credito,Q,0,1.0746088363016078,1.987416335214383
Reino Unido,bajo,M-actividad,credito,Q,1,0.9574736877722365,1.1427582717498084
Reino Unido,bajo,M-actividad,credito,Q,2,1.0584632894157524,1.020187991493885
Reino Unido,bajo,M-actividad,credito,Q,3,1.7306127824927346,1.3175926889377734
Reino Unido,bajo,M-actividad,credito,Q,4,1.5377518023648906,1.1613888127671317
Reino Unido,bajo,M-actividad,credito,Q,5,1.0961170916535359,0.8043032885652931
Reino Unido,bajo,M-actividad,credito,Q,6,1.3149426538575772,0.9253537970949683
Reino Unido,bajo,M-actividad,credito,Q,7,1.2522824445867131,0.8122097984574896
Reino Unido,bajo,M-actividad,credito,Q,8,1.2465596617408672,0.7685035270016323
Reino Unido,bajo,M-actividad,credito,Q,9,1.106896923653172,0.6431278859047599
Reino Unido,bajo,M-actividad,credito,Q,10,0.7612037449968858,0.41871655440228966
Reino Unido,bajo,M-actividad,credito,Q,11,0.152885283300544,0.0767663181652404
Reino Unido,bajo,M-actividad,credito,Q,12,-0.3423797522091818,-0.16465609174759815
Reino Unido,bajo,Exceso+act,tasa,M,0,-0.08958769726975242,-1.7849108584303905
Reino Unido,bajo,Exceso+act,tasa,M,1,-0.19296940345148303,-1.718103207018789
Reino Unido,bajo,Exceso+act,tasa,M,2,-0.27004912428483036,-1.631028613246176
Reino Unido,bajo,Exceso+act,tasa,M,3,-0.33328050912446083,-1.5825341532033785
Reino Unido,bajo,Exceso+act,tasa,M,4,-0.3768239881041495,-1.5471517396516885
Reino Unido,bajo,Exceso+act,tasa,M,5,-0.39480662781665116,-1.4580228745380541
Reino Unido,bajo,Exceso+act,tasa,M,6,-0.39237853654610544,-1.3719040479938724
Reino Unido,bajo,Exceso+act,tasa,M,7,-0.3908327615295006,-1.316889608884347
Reino Unido,bajo,Exceso+act,tasa,M,8,-0.4063764890506077,-1.2994515832201778
Reino Unido,bajo,Exceso+act,tasa,M,9,-0.453296161399393,-1.3594518586525128
Reino Unido,bajo,Exceso+act,tasa,M,10,-0.5268701879489246,-1.4614364139379064
Reino Unido,bajo,Exceso+act,tasa,M,11,-0.5604121643431438,-1.4457503105795793
Reino Unido,bajo,Exceso+act,tasa,M,12,-0.6026572016099411,-1.4650747243890212
Reino Unido,bajo,Exceso+act,tasa,M,13,-0.569570921612572,-1.3423473836864797
Reino Unido,bajo,Exceso+act,tasa,M,14,-0.5615311433206316,-1.3079646509298524
Reino Unido,bajo,Exceso+act,tasa,M,15,-0.5382561115094583,-1.2501297404385414
Reino Unido,bajo,Exceso+act,tasa,M,16,-0.5265612643206544,-1.2222644854783722
Reino Unido,bajo,Exceso+act,tasa,M,17,-0.5433870091071501,-1.2565065027537652
Reino Unido,bajo,Exceso+act,tasa,M,18,-0.6019810999493598,-1.3709414301013039
Reino Unido,bajo,Exceso+act,tasa,M,19,-0.6546092042998239,-1.439035270497003
Reino Unido,bajo,Exceso+act,tasa,M,20,-0.6826360219893451,-1.4439632189941853
Reino Unido,bajo,Exceso+act,tasa,M,21,-0.6723742526537606,-1.3845813251460315
Reino Unido,bajo,Exceso+act,tasa,M,22,-0.6674008895952847,-1.3485535041772485
Reino Unido,bajo,Exceso+act,tasa,M,23,-0.6741400683196288,-1.328100924126472
Reino Unido,bajo,Exceso+act,tasa,M,24,-0.6709200250673978,-1.2912016276396603
Reino Unido,bajo,Exceso+act,tasa,M,25,-0.7425332690107911,-1.4268787859269756
Reino Unido,bajo,Exceso+act,tasa,M,26,-0.7044399513734211,-1.3372831357430899
Reino Unido,bajo,Exceso+act,tasa,M,27,-0.7270373863168575,-1.3851671953155216
Reino Unido,bajo,Exceso+act,tasa,M,28,-0.7243734901949972,-1.375999151143454
Reino Unido,bajo,Exceso+act,tasa,M,29,-0.6706342532907349,-1.246202829369484
Reino Unido,bajo,Exceso+act,tasa,M,30,-0.634473724980462,-1.1507905157301939
Reino Unido,bajo,Exceso+act,tasa,M,31,-0.6064281351937342,-1.0918563322822323
Reino Unido,bajo,Exceso+act,tasa,M,32,-0.6134666485645982,-1.1044664174738412
Reino Unido,bajo,Exceso+act,tasa,M,33,-0.6588477709941375,-1.173875624629684
Reino Unido,bajo,Exceso+act,tasa,M,34,-0.6220579916281065,-1.1433821984205124
Reino Unido,bajo,Exceso+act,tasa,M,35,-0.5957381109545022,-1.1398188028728944
Reino Unido,bajo,Exceso+act,tasa,M,36,-0.5616541694442142,-1.1543891284073446
Reino Unido,bajo,Exceso+act,tasa,M,37,-0.6276360919850864,-1.2993484967675697
Reino Unido,bajo,Exceso+act,tasa,M,38,-0.6944562166232641,-1.4272451901447858
Reino Unido,bajo,Exceso+act,tasa,M,39,-0.5539409232517626,-1.156206161083554
Reino Unido,bajo,Exceso+act,tasa,M,40,-0.44533339490087415,-0.9037678639248108
Reino Unido,bajo,Exceso+act,tasa,M,41,-0.5862484289582489,-1.2450439237854931
Reino Unido,bajo,Exceso+act,tasa,M,42,-0.5583465411586274,-1.2067001660120864
Reino Unido,bajo,Exceso+act,tasa,M,43,-0.6055717109104248,-1.3741670298694961
Reino Unido,bajo,Exceso+act,tasa,M,44,-0.6551410845325873,-1.581957257798893
Reino Unido,bajo,Exceso+act,tasa,M,45,-0.6556266620397867,-1.6347119343862218
Reino Unido,bajo,Exceso+act,tasa,M,46,-0.6307398808353677,-1.5976298271206488
Reino Unido,bajo,Exceso+act,tasa,M,47,-0.6082806437212581,-1.5869452199867842
Reino Unido,bajo,Exceso+act,tasa,M,48,-0.7005449993418922,-2.042736119876908
Reino Unido,bajo,Exceso+act,acciones,M,0,-2.355905551538383,-1.8801701560275268
Reino Unido,bajo,Exceso+act,acciones,M,1,-3.0552003693513563,-1.8501808683409855
Reino Unido,bajo,Exceso+act,acciones,M,2,-1.7579698565312394,-0.9823470287841721
Reino Unido,bajo,Exceso+act,acciones,M,3,-1.256594549053907,-0.7133750656254467
Reino Unido,bajo,Exceso+act,acciones,M,4,-1.2505606966201082,-0.6496945491108819
Reino Unido,bajo,Exceso+act,acciones,M,5,-1.4775952003610269,-0.7112689441508452
Reino Unido,bajo,Exceso+act,acciones,M,6,-1.119410310228842,-0.5325500318349018
Reino Unido,bajo,Exceso+act,acciones,M,7,0.7706730678510444,0.31640691110865804
Reino Unido,bajo,Exceso+act,acciones,M,8,1.2379871445869695,0.5057540301508889
Reino Unido,bajo,Exceso+act,acciones,M,9,1.3850906759622672,0.5615713523038467
Reino Unido,bajo,Exceso+act,acciones,M,10,1.557034126441688,0.6397716180687679
Reino Unido,bajo,Exceso+act,acciones,M,11,1.004857618541944,0.4310961873787544
Reino Unido,bajo,Exceso+act,acciones,M,12,0.8185500522076866,0.37100894143621216
Reino Unido,bajo,Exceso+act,acciones,M,13,1.0993454907521225,0.4770254292600235
Reino Unido,bajo,Exceso+act,acciones,M,14,0.6275702506313587,0.25513541016467345
Reino Unido,bajo,Exceso+act,acciones,M,15,0.9516256693534767,0.38804697338624733
Reino Unido,bajo,Exceso+act,acciones,M,16,1.3845182148988873,0.5349458057738002
Reino Unido,bajo,Exceso+act,acciones,M,17,0.40305029970002626,0.1492643605524383
Reino Unido,bajo,Exceso+act,acciones,M,18,0.13863133550604398,0.05057028373575488
Reino Unido,bajo,Exceso+act,acciones,M,19,0.10225588305610755,0.03593518264464036
Reino Unido,bajo,Exceso+act,acciones,M,20,0.7670567282407684,0.26551500553889773
Reino Unido,bajo,Exceso+act,acciones,M,21,1.4882041357585674,0.5005334517843797
Reino Unido,bajo,Exceso+act,acciones,M,22,1.4206123868586746,0.4565439810058861
Reino Unido,bajo,Exceso+act,acciones,M,23,1.6467014411323762,0.5105421496689214
Reino Unido,bajo,Exceso+act,acciones,M,24,2.759572592175664,0.8398841551455526
Reino Unido,bajo,Exceso+act,acciones,M,25,2.9233866190764193,0.8592919987152428
Reino Unido,bajo,Exceso+act,acciones,M,26,2.012302309789132,0.5694411082436693
Reino Unido,bajo,Exceso+act,acciones,M,27,0.7393453920594241,0.21579977943801107
Reino Unido,bajo,Exceso+act,acciones,M,28,-0.8611659291601892,-0.25222876443234704
Reino Unido,bajo,Exceso+act,acciones,M,29,0.26574892968101926,0.07575712227830779
Reino Unido,bajo,Exceso+act,acciones,M,30,-0.799637139828892,-0.2180264020961071
Reino Unido,bajo,Exceso+act,acciones,M,31,-0.6904674297113276,-0.1818743538261112
Reino Unido,bajo,Exceso+act,acciones,M,32,-0.18069745328088255,-0.05227700095353247
Reino Unido,bajo,Exceso+act,acciones,M,33,-0.12629782964340483,-0.03626983505123559
Reino Unido,bajo,Exceso+act,acciones,M,34,-0.5008556097529359,-0.13303990919614223
Reino Unido,bajo,Exceso+act,acciones,M,35,-0.7988937061397308,-0.23428770390144857
Reino Unido,bajo,Exceso+act,acciones,M,36,-2.0204259560681175,-0.571654484853983
Reino Unido,bajo,Exceso+act,acciones,M,37,-1.2500302537456138,-0.3331635939130703
Reino Unido,bajo,Exceso+act,acciones,M,38,-0.6565085149639102,-0.18521009103912042
Reino Unido,bajo,Exceso+act,acciones,M,39,-0.6530539617796671,-0.1854177204093196
Reino Unido,bajo,Exceso+act,acciones,M,40,-0.5059349972816761,-0.13910014648531047
Reino Unido,bajo,Exceso+act,acciones,M,41,-1.3732257179802028,-0.3839858146810965
Reino Unido,bajo,Exceso+act,acciones,M,42,-0.913526316231263,-0.2369538370415692
Reino Unido,bajo,Exceso+act,acciones,M,43,-1.6863297230737713,-0.4064551642008496
Reino Unido,bajo,Exceso+act,acciones,M,44,-1.5231162801702964,-0.3590809977222854
Reino Unido,bajo,Exceso+act,acciones,M,45,-1.3390589445535963,-0.3234968434849869
Reino Unido,bajo,Exceso+act,acciones,M,46,-1.0519430553991846,-0.265353740729506
Reino Unido,bajo,Exceso+act,acciones,M,47,0.12878832215298974,0.03277554898725247
Reino Unido,bajo,Exceso+act,acciones,M,48,0.7592153793447342,0.19493400643618256
Reino Unido,bajo,Exceso+act,salario,M,0,-0.2609369607665396,-1.559737937216327
Reino Unido,bajo,Exceso+act,salario,M,1,-0.2965323284358434,-0.8675651795834147
Reino Unido,bajo,Exceso+act,salario,M,2,-0.338992460599472,-0.9852434992032774
Reino Unido,bajo,Exceso+act,salario,M,3,-0.4085134148894255,-1.0101884103985068
Reino Unido,bajo,Exceso+act,salario,M,4,-0.2433201000132881,-0.6545386403830823
Reino Unido,bajo,Exceso+act,salario,M,5,-0.1779369282692725,-0.6105795689948831
Reino Unido,bajo,Exceso+act,salario,M,6,-0.050401519258091346,-0.15924500232433395
Reino Unido,bajo,Exceso+act,salario,M,7,0.011064631515748616,0.033189722684414585
Reino Unido,bajo,Exceso+act,salario,M,8,-0.010218220776098533,-0.028720358908091537
Reino Unido,bajo,Exceso+act,salario,M,9,-0.11467266827789796,-0.2983390539993662
Reino Unido,bajo,Exceso+act,salario,M,10,-0.12657423943763726,-0.3603693716168421
Reino Unido,bajo,Exceso+act,salario,M,11,-0.08849197653825977,-0.24527798189414693
Reino Unido,bajo,Exceso+act,salario,M,12,-0.37790059255960645,-0.9627789737676237
Reino Unido,bajo,Exceso+act,salario,M,13,-0.3530083818228774,-0.8655067613209356
Reino Unido,bajo,Exceso+act,salario,M,14,-0.3766404634111795,-0.790723781979305
Reino Unido,bajo,Exceso+act,salario,M,15,-0.35713915935262475,-0.7939118867972412
Reino Unido,bajo,Exceso+act,salario,M,16,-0.35765822699637595,-0.8782862218950237
Reino Unido,bajo,Exceso+act,salario,M,17,-0.3699421692536474,-0.8774809254948862
Reino Unido,bajo,Exceso+act,salario,M,18,-0.7039246043661729,-1.5815459069527116
Reino Unido,bajo,Exceso+act,salario,M,19,-0.757062663907011,-1.7046525512416644
Reino Unido,bajo,Exceso+act,salario,M,20,-0.6106309133037704,-1.380108066292201
Reino Unido,bajo,Exceso+act,salario,M,21,-0.6083127828942387,-1.3684711942671512
Reino Unido,bajo,Exceso+act,salario,M,22,-0.7448652018092039,-1.5039949403797845
Reino Unido,bajo,Exceso+act,salario,M,23,-0.6702031400702424,-1.3646556961331904
Reino Unido,bajo,Exceso+act,salario,M,24,-0.7691717464165164,-1.5118543674054463
Reino Unido,bajo,Exceso+act,salario,M,25,-0.8856769218963791,-1.4882183027415148
Reino Unido,bajo,Exceso+act,salario,M,26,-0.7720665241762498,-1.2246169558515485
Reino Unido,bajo,Exceso+act,salario,M,27,-0.9979363409326816,-1.6464132137606402
Reino Unido,bajo,Exceso+act,salario,M,28,-1.0200098163756688,-1.6862286339083772
Reino Unido,bajo,Exceso+act,salario,M,29,-1.113745407020606,-1.7688791610894188
Reino Unido,bajo,Exceso+act,salario,M,30,-1.1175205757435869,-1.7932743377789433
Reino Unido,bajo,Exceso+act,salario,M,31,-1.1297411789487686,-1.7458042836311527
Reino Unido,bajo,Exceso+act,salario,M,32,-1.0750004979168588,-1.622969905053275
Reino Unido,bajo,Exceso+act,salario,M,33,-1.0524405232304779,-1.6110464568632896
Reino Unido,bajo,Exceso+act,salario,M,34,-0.9276580222145465,-1.5015808385314982
Reino Unido,bajo,Exceso+act,salario,M,35,-1.190068690423623,-1.8286493210856245
Reino Unido,bajo,Exceso+act,salario,M,36,-1.1733677805221583,-1.844174260833182
Reino Unido,bajo,Exceso+act,salario,M,37,-1.2869673523063612,-2.0349918685903385
Reino Unido,bajo,Exceso+act,salario,M,38,-1.228523934990695,-1.8460579741066587
Reino Unido,bajo,Exceso+act,salario,M,39,-1.1880177056707821,-1.7314418189266871
Reino Unido,bajo,Exceso+act,salario,M,40,-1.4675838245960373,-2.119212577065029
Reino Unido,bajo,Exceso+act,salario,M,41,-1.5202636258706599,-2.0351172942077684
Reino Unido,bajo,Exceso+act,salario,M,42,-1.2207626239949159,-1.6340766970836111
Reino Unido,bajo,Exceso+act,salario,M,43,-1.3215200795056583,-1.6289226125275738
Reino Unido,bajo,Exceso+act,salario,M,44,-1.3391967165981338,-1.6733405011616656
Reino Unido,bajo,Exceso+act,salario,M,45,-1.1022593312727145,-1.3515406782901291
Reino Unido,bajo,Exceso+act,salario,M,46,-1.4535815202192872,-1.677970989898888
Reino Unido,bajo,Exceso+act,salario,M,47,-1.75858118023343,-2.0064048570954434
Reino Unido,bajo,Exceso+act,salario,M,48,-1.5570513523806249,-1.70765514785285
Reino Unido,bajo,Exceso+act,ipc,M,0,0.02508511563342028,0.47535226053270774
Reino Unido,bajo,Exceso+act,ipc,M,1,0.019468307228792683,0.2076682684629117
Reino Unido,bajo,Exceso+act,ipc,M,2,-0.0026712358377605286,-0.020567438475870115
Reino Unido,bajo,Exceso+act,ipc,M,3,-0.006632349620268135,-0.045057596270633334
Reino Unido,bajo,Exceso+act,ipc,M,4,0.08325120406581957,0.5041578592451348
Reino Unido,bajo,Exceso+act,ipc,M,5,0.1101249717004378,0.5967675368046197
Reino Unido,bajo,Exceso+act,ipc,M,6,0.11205172242058092,0.5444949400253092
Reino Unido,bajo,Exceso+act,ipc,M,7,0.17332137556625424,0.7667312201299002
Reino Unido,bajo,Exceso+act,ipc,M,8,0.22845761054856467,0.8570677791748597
Reino Unido,bajo,Exceso+act,ipc,M,9,0.1802556729812056,0.6735895670151403
Reino Unido,bajo,Exceso+act,ipc,M,10,0.19734226397583574,0.7014669662254668
Reino Unido,bajo,Exceso+act,ipc,M,11,0.31117533230661565,1.0016441885815115
Reino Unido,bajo,Exceso+act,ipc,M,12,0.47097198790802297,1.30909922827545
Reino Unido,bajo,Exceso+act,ipc,M,13,0.47211141896232345,1.2213585387220975
Reino Unido,bajo,Exceso+act,ipc,M,14,0.562604728284041,1.3716257388517348
Reino Unido,bajo,Exceso+act,ipc,M,15,0.6409611508675555,1.4636894183860967
Reino Unido,bajo,Exceso+act,ipc,M,16,0.6659152270260602,1.4552499639171508
Reino Unido,bajo,Exceso+act,ipc,M,17,0.644239932682666,1.373315570596271
Reino Unido,bajo,Exceso+act,ipc,M,18,0.7456113618330157,1.4898545270612598
Reino Unido,bajo,Exceso+act,ipc,M,19,0.8320684442066273,1.5475341418614266
Reino Unido,bajo,Exceso+act,ipc,M,20,0.8526688469458897,1.5099539829426754
Reino Unido,bajo,Exceso+act,ipc,M,21,0.8051094385116089,1.3816378950177342
Reino Unido,bajo,Exceso+act,ipc,M,22,0.7990149861257576,1.330176537327938
Reino Unido,bajo,Exceso+act,ipc,M,23,0.7996466471788641,1.2743227198530134
Reino Unido,bajo,Exceso+act,ipc,M,24,0.9404233491640347,1.4320310730702872
Reino Unido,bajo,Exceso+act,ipc,M,25,1.0253168941726236,1.5062706602683253
Reino Unido,bajo,Exceso+act,ipc,M,26,1.1236175516556333,1.6219886390804958
Reino Unido,bajo,Exceso+act,ipc,M,27,1.1929267760701823,1.6791912391257413
Reino Unido,bajo,Exceso+act,ipc,M,28,1.2545516015301053,1.697824993038678
Reino Unido,bajo,Exceso+act,ipc,M,29,1.2366856787500806,1.6935797665986547
Reino Unido,bajo,Exceso+act,ipc,M,30,1.2813684632667415,1.7573619639460523
Reino Unido,bajo,Exceso+act,ipc,M,31,1.3919698821090167,1.7698569573865552
Reino Unido,bajo,Exceso+act,ipc,M,32,1.3946655973294086,1.7221776644760949
Reino Unido,bajo,Exceso+act,ipc,M,33,1.3919933336429016,1.7349487298353519
Reino Unido,bajo,Exceso+act,ipc,M,34,1.3956865391320057,1.7447590057957554
Reino Unido,bajo,Exceso+act,ipc,M,35,1.5361089740808294,1.909935698476272
Reino Unido,bajo,Exceso+act,ipc,M,36,1.597711945420095,1.942364905231978
Reino Unido,bajo,Exceso+act,ipc,M,37,1.6175366335051444,1.9239950033425408
Reino Unido,bajo,Exceso+act,ipc,M,38,1.5085032409248156,1.8314075356152852
Reino Unido,bajo,Exceso+act,ipc,M,39,1.536710234109816,1.873983026132405
Reino Unido,bajo,Exceso+act,ipc,M,40,1.5876531888011303,1.9252506878688578
Reino Unido,bajo,Exceso+act,ipc,M,41,1.5226154000646832,1.8758920998076718
Reino Unido,bajo,Exceso+act,ipc,M,42,1.4158851583374958,1.7973126880845163
Reino Unido,bajo,Exceso+act,ipc,M,43,1.3084702258151197,1.70400262402686
Reino Unido,bajo,Exceso+act,ipc,M,44,1.0689339859393658,1.5037866869339567
Reino Unido,bajo,Exceso+act,ipc,M,45,0.9737608998039597,1.3907159723095766
Reino Unido,bajo,Exceso+act,ipc,M,46,1.0620030622400478,1.5711170513949584
Reino Unido,bajo,Exceso+act,ipc,M,47,1.316555325927034,1.8956057110484181
Reino Unido,bajo,Exceso+act,ipc,M,48,1.4141434975557035,2.000963904582379
Reino Unido,bajo,Exceso+act,fx,M,0,1.6101106540356813,3.1279055774896602
Reino Unido,bajo,Exceso+act,fx,M,1,3.4042265140597547,3.6605753352459196
Reino Unido,bajo,Exceso+act,fx,M,2,4.081756948481554,3.733412275198628
Reino Unido,bajo,Exceso+act,fx,M,3,4.124119396455901,3.3212380688021157
Reino Unido,bajo,Exceso+act,fx,M,4,4.49398409357559,3.076222408268358
Reino Unido,bajo,Exceso+act,fx,M,5,3.8179170992609484,2.495809282049236
Reino Unido,bajo,Exceso+act,fx,M,6,3.0491309636519115,2.1162500942449314
Reino Unido,bajo,Exceso+act,fx,M,7,3.2087348084201945,2.3019403320342544
Reino Unido,bajo,Exceso+act,fx,M,8,2.239784121204139,1.6703445833878459
Reino Unido,bajo,Exceso+act,fx,M,9,2.2186414241881525,1.5098387657193841
Reino Unido,bajo,Exceso+act,fx,M,10,2.0256216387577854,1.2287756469630478
Reino Unido,bajo,Exceso+act,fx,M,11,1.2577992861834417,0.7166682765363663
Reino Unido,bajo,Exceso+act,fx,M,12,0.691794104482098,0.37753463393130493
Reino Unido,bajo,Exceso+act,fx,M,13,0.15273070555268126,0.08084002262774358
Reino Unido,bajo,Exceso+act,fx,M,14,-0.1760886982416637,-0.09003361840186058
Reino Unido,bajo,Exceso+act,fx,M,15,-0.4684210223166483,-0.24714686707300987
Reino Unido,bajo,Exceso+act,fx,M,16,-0.8124535220973695,-0.42081010746057534
Reino Unido,bajo,Exceso+act,fx,M,17,-1.2161580427674754,-0.6385602430178718
Reino Unido,bajo,Exceso+act,fx,M,18,-1.03396701135353,-0.49698844752827104
Reino Unido,bajo,Exceso+act,fx,M,19,-0.5332658811621793,-0.24153794346907873
Reino Unido,bajo,Exceso+act,fx,M,20,-0.06363864863003107,-0.029201688330671896
Reino Unido,bajo,Exceso+act,fx,M,21,-0.14570340181820465,-0.0640387752283183
Reino Unido,bajo,Exceso+act,fx,M,22,-0.1777598352098311,-0.0781977409964409
Reino Unido,bajo,Exceso+act,fx,M,23,0.7572162934040751,0.3354084929782557
Reino Unido,bajo,Exceso+act,fx,M,24,1.2092060136669898,0.5709424479367776
Reino Unido,bajo,Exceso+act,fx,M,25,1.2125848840770461,0.5807592055631489
Reino Unido,bajo,Exceso+act,fx,M,26,1.0627905051715876,0.47361802156973143
Reino Unido,bajo,Exceso+act,fx,M,27,1.1250148829752462,0.49372473697434877
Reino Unido,bajo,Exceso+act,fx,M,28,1.167285661381222,0.46491041850987647
Reino Unido,bajo,Exceso+act,fx,M,29,1.2133387208173583,0.4628923981222426
Reino Unido,bajo,Exceso+act,fx,M,30,0.8275030313127751,0.3102637018825771
Reino Unido,bajo,Exceso+act,fx,M,31,0.3352423740443219,0.12324687522819026
Reino Unido,bajo,Exceso+act,fx,M,32,-0.09472629198773903,-0.03375923448066959
Reino Unido,bajo,Exceso+act,fx,M,33,0.08611440668664674,0.030518349622634663
Reino Unido,bajo,Exceso+act,fx,M,34,0.6328612428649114,0.21320975530547226
Reino Unido,bajo,Exceso+act,fx,M,35,1.2522714166046784,0.4149960132890425
Reino Unido,bajo,Exceso+act,fx,M,36,0.5317066747843393,0.16829538003017172
Reino Unido,bajo,Exceso+act,fx,M,37,1.1770969988808213,0.3661289002225729
Reino Unido,bajo,Exceso+act,fx,M,38,1.9567827132548103,0.6282204670644039
Reino Unido,bajo,Exceso+act,fx,M,39,1.3232493778554317,0.4448625177070381
Reino Unido,bajo,Exceso+act,fx,M,40,1.3344057018610016,0.46089115565165534
Reino Unido,bajo,Exceso+act,fx,M,41,1.7877462872077012,0.6325281459110501
Reino Unido,bajo,Exceso+act,fx,M,42,2.7074107033131014,0.9551618883141717
Reino Unido,bajo,Exceso+act,fx,M,43,2.5349740941208494,0.9274541757027419
Reino Unido,bajo,Exceso+act,fx,M,44,2.56088822506375,0.981017400139055
Reino Unido,bajo,Exceso+act,fx,M,45,2.8680875992951034,1.098140547468386
Reino Unido,bajo,Exceso+act,fx,M,46,2.2461294689042415,0.9125139780470951
Reino Unido,bajo,Exceso+act,fx,M,47,1.0253522008162097,0.44591241681117166
Reino Unido,bajo,Exceso+act,fx,M,48,1.2529474959356834,0.5725435204589677
Reino Unido,bajo,Exceso+act,vivienda,Q,0,-0.3331460786834459,-0.5580390978316355
Reino Unido,bajo,Exceso+act,vivienda,Q,1,-0.8643319452859288,-0.8510219654699371
Reino Unido,bajo,Exceso+act,vivienda,Q,2,-0.9652589061521882,-0.7853393489219278
Reino Unido,bajo,Exceso+act,vivienda,Q,3,-1.0203975201587494,-0.7410798562718555
Reino Unido,bajo,Exceso+act,vivienda,Q,4,-1.1580294500524886,-0.6907640436457406
Reino Unido,bajo,Exceso+act,vivienda,Q,5,-2.0125767331056506,-1.095203889702423
Reino Unido,bajo,Exceso+act,vivienda,Q,6,-2.6885113095412336,-1.3164666467617734
Reino Unido,bajo,Exceso+act,vivienda,Q,7,-3.015259734074719,-1.3104070741492928
Reino Unido,bajo,Exceso+act,vivienda,Q,8,-2.921600556454294,-1.135744748322708
Reino Unido,bajo,Exceso+act,vivienda,Q,9,-3.5030258591553087,-1.261582327640533
Reino Unido,bajo,Exceso+act,vivienda,Q,10,-4.064479599656375,-1.3623646209250349
Reino Unido,bajo,Exceso+act,vivienda,Q,11,-4.637178499947429,-1.467576857630091
Reino Unido,bajo,Exceso+act,vivienda,Q,12,-5.50986400965098,-1.5888326835050457
Reino Unido,bajo,Exceso+act,credito,Q,0,2.115856310587084,3.1039430327011344
Reino Unido,bajo,Exceso+act,credito,Q,1,2.2965173056549903,1.7939812821194399
Reino Unido,bajo,Exceso+act,credito,Q,2,2.1898070264035714,1.362412926276924
Reino Unido,bajo,Exceso+act,credito,Q,3,3.158342272695208,1.4070962405427467
Reino Unido,bajo,Exceso+act,credito,Q,4,3.5366686562906673,1.445896123478775
Reino Unido,bajo,Exceso+act,credito,Q,5,2.9686097475739817,1.1805765269058663
Reino Unido,bajo,Exceso+act,credito,Q,6,3.3119692301479824,1.246095497758147
Reino Unido,bajo,Exceso+act,credito,Q,7,3.3398603295237583,1.2879233888832713
Reino Unido,bajo,Exceso+act,credito,Q,8,3.5388390396718608,1.3815537913302598
Reino Unido,bajo,Exceso+act,credito,Q,9,3.5408367613694094,1.2837173775918609
Reino Unido,bajo,Exceso+act,credito,Q,10,3.5186033247712287,1.2897564384143692
Reino Unido,bajo,Exceso+act,credito,Q,11,2.3213543942413826,0.8651919212226178
Reino Unido,bajo,Exceso+act,credito,Q,12,2.1198067697597307,0.748346725672078
Argentina,alto,Exceso,ipc,M,0,0.9523722163469439,1.6206118108650838
Argentina,alto,Exceso,ipc,M,1,1.9831776230120797,1.838833950620931
Argentina,alto,Exceso,ipc,M,2,2.5262160909015607,1.9214272952987241
Argentina,alto,Exceso,ipc,M,3,2.5248050945795977,1.8623139419889512
Argentina,alto,Exceso,ipc,M,4,2.929961137902141,1.899850625270569
Argentina,alto,Exceso,ipc,M,5,3.535076652039144,2.0615701304586778
Argentina,alto,Exceso,ipc,M,6,4.143680570956782,2.150660294979008
Argentina,alto,Exceso,ipc,M,7,4.723809110299637,2.08739770201266
Argentina,alto,Exceso,ipc,M,8,5.38629882469095,2.1584625254356244
Argentina,alto,Exceso,ipc,M,9,5.999808870545723,2.2356348068612073
Argentina,alto,Exceso,ipc,M,10,6.18799003989522,2.1927936538103316
Argentina,alto,Exceso,ipc,M,11,6.781032139309527,2.1405262614351437
Argentina,alto,Exceso,ipc,M,12,8.014632024814414,2.198821233079491
Argentina,alto,Exceso,ipc,M,13,8.3959777085942,2.1332814569059537
Argentina,alto,Exceso,ipc,M,14,8.314740512699743,1.9748636327196314
Argentina,alto,Exceso,ipc,M,15,9.02380963541326,1.9246067553244952
Argentina,alto,Exceso,ipc,M,16,11.516290429216713,2.1392199327521744
Argentina,alto,Exceso,ipc,M,17,12.092366407789692,2.1211207322709944
Argentina,alto,Exceso,ipc,M,18,11.784112082694067,2.018807674086266
Argentina,alto,Exceso,expect,M,0,-0.7352472875009844,-0.4661776865683371
Argentina,alto,Exceso,expect,M,1,-2.128657675122322,-0.6132905632797379
Argentina,alto,Exceso,expect,M,2,-9.445306684077696,-1.609265558377286
Argentina,alto,Exceso,expect,M,3,-10.682998613160914,-1.375592694102025
Argentina,alto,Exceso,expect,M,4,-11.854388544262127,-1.293844139111504
Argentina,alto,Exceso,expect,M,5,-13.96547020219843,-1.4306812914602403
Argentina,alto,Exceso,expect,M,6,-13.431486523850086,-1.4236703935639297
Argentina,alto,Exceso,expect,M,7,-12.736886612775583,-1.4612354928039808
Argentina,alto,Exceso,expect,M,8,-11.574418847975476,-1.2262261937348722
Argentina,alto,Exceso,expect,M,9,-12.086097739996315,-1.1801472371524144
Argentina,alto,Exceso,expect,M,10,-12.26712957907936,-1.1054598423470785
Argentina,alto,Exceso,expect,M,11,-10.61257110277023,-1.03913201611181
Argentina,alto,Exceso,expect,M,12,-9.66046004117918,-1.0273925854078225
Argentina,alto,Exceso,expect,M,13,-13.533021827824884,-1.4107348122599443
Argentina,alto,Exceso,expect,M,14,-12.257485683861546,-1.418144665795821
Argentina,alto,Exceso,expect,M,15,-11.106306330630744,-1.2160665383402687
Argentina,alto,Exceso,expect,M,16,-4.557431242541645,-0.3625735350557519
Argentina,alto,Exceso,expect,M,17,-2.004094284036271,-0.14418074518545776
Argentina,alto,Exceso,expect,M,18,-0.27709753897569467,-0.021001243297480557
Argentina,alto,Exceso,tasa,M,0,0.619316414338398,0.5503473438421648
Argentina,alto,Exceso,tasa,M,1,0.7573478442350885,0.35804786782292247
Argentina,alto,Exceso,tasa,M,2,0.970635792988398,0.3353233523739337
Argentina,alto,Exceso,tasa,M,3,-0.9364417909568851,-0.2141164156757877
Argentina,alto,Exceso,tasa,M,4,-1.9727065531006447,-0.38828815750750933
Argentina,alto,Exceso,tasa,M,5,-3.435594614668944,-0.5264553132353748
Argentina,alto,Exceso,tasa,M,6,-2.5338262850235442,-0.4199558861430914
Argentina,alto,Exceso,tasa,M,7,-1.5556653609691522,-0.29824765051521723
Argentina,alto,Exceso,tasa,M,8,-3.1434424717051472,-0.6617736986558862
Argentina,alto,Exceso,tasa,M,9,-2.7859171669904943,-0.553849158234791
Argentina,alto,Exceso,tasa,M,10,-2.764258141391173,-0.4832506255379282
Argentina,alto,Exceso,tasa,M,11,-1.249443865217926,-0.20927123360895244
Argentina,alto,Exceso,tasa,M,12,-0.6234749802167739,-0.10256852271161002
Argentina,alto,Exceso,tasa,M,13,-2.25779124659198,-0.38464479164508486
Argentina,alto,Exceso,tasa,M,14,-2.3292226398508245,-0.3814888195466813
Argentina,alto,Exceso,tasa,M,15,-3.125075348522072,-0.5070349533416756
Argentina,alto,Exceso,tasa,M,16,-2.737144719160638,-0.4085817680117446
Argentina,alto,Exceso,tasa,M,17,-4.271555655706164,-0.6505520332181031
Argentina,alto,Exceso,tasa,M,18,-5.094952490071167,-0.7480489772557796
Argentina,alto,Exceso,salario,M,0,-0.9557170094932607,-1.539572640332815
Argentina,alto,Exceso,salario,M,1,-1.6280998245975744,-1.7655692949702468
Argentina,alto,Exceso,salario,M,2,-1.7438063509059598,-2.028936498261364
Argentina,alto,Exceso,salario,M,3,-1.5300449257915267,-1.4729095301313446
Argentina,alto,Exceso,salario,M,4,-2.095122414592825,-2.0242675311636376
Argentina,alto,Exceso,salario,M,5,-2.680721976711176,-2.235192390856494
Argentina,alto,Exceso,salario,M,6,-2.7499150114147533,-2.511825231954304
Argentina,alto,Exceso,salario,M,7,-3.1302879393606164,-2.525135764733447
Argentina,alto,Exceso,salario,M,8,-3.6859334970470625,-2.825772653786842
Argentina,alto,Exceso,salario,M,9,-3.492782060779096,-2.990112684791803
Argentina,alto,Exceso,salario,M,10,-3.858622824084044,-3.5570123765475463
Argentina,alto,Exceso,salario,M,11,-4.3714503594697725,-3.1572596057078943
Argentina,alto,Exceso,salario,M,12,-4.878890787060653,-2.965156699007628
Argentina,alto,Exceso,salario,M,13,-4.904903870965287,-2.962981512973126
Argentina,alto,Exceso,salario,M,14,-5.132494439355749,-3.0669284686308735
Argentina,alto,Exceso,salario,M,15,-5.349729272022943,-2.9268739501974914
Argentina,alto,Exceso,salario,M,16,-5.130582613845972,-3.230295848513622
Argentina,alto,Exceso,salario,M,17,-4.1650861066157745,-3.457087851632228
Argentina,alto,Exceso,salario,M,18,-3.450577051572078,-1.834823551583376
Argentina,alto,Exceso,fx,M,0,0.974243826549301,0.6808483353910159
Argentina,alto,Exceso,fx,M,1,4.320941719462761,1.9381280410536954
Argentina,alto,Exceso,fx,M,2,2.2078880607116695,0.9083866033634034
Argentina,alto,Exceso,fx,M,3,1.5965890063824375,0.4593249166474771
Argentina,alto,Exceso,fx,M,4,0.6151991081285627,0.14328956897271602
Argentina,alto,Exceso,fx,M,5,0.9620977049912558,0.24371803461858757
Argentina,alto,Exceso,fx,M,6,2.657746830337402,0.6142165630716804
Argentina,alto,Exceso,fx,M,7,1.6063957926308887,0.3253307887797816
Argentina,alto,Exceso,fx,M,8,0.47209828977681473,0.0822041755409743
Argentina,alto,Exceso,fx,M,9,1.1544414055974428,0.17418939580863885
Argentina,alto,Exceso,fx,M,10,0.5463665612881683,0.0759450579903449
Argentina,alto,Exceso,fx,M,11,1.023259753417175,0.14748523658318366
Argentina,alto,Exceso,fx,M,12,4.427494916277841,0.7192868180677496
Argentina,alto,Exceso,fx,M,13,6.778087783532313,1.1585458733332283
Argentina,alto,Exceso,fx,M,14,7.993777743523395,1.4054679989273335
Argentina,alto,Exceso,fx,M,15,8.054271803560814,1.763279732662321
Argentina,alto,Exceso,fx,M,16,12.798755793332981,2.5599511868196214
Argentina,alto,Exceso,fx,M,17,15.197757097639396,2.935673366286565
Argentina,alto,Exceso,fx,M,18,17.956738842590063,3.998513854674332
Argentina,alto,Exceso,pasivos,M,0,-3.498853248107851,-1.151860896865067
Argentina,alto,Exceso,pasivos,M,1,3.2256200839024802,0.5214030162844223
Argentina,alto,Exceso,pasivos,M,2,-2.477481851153546,-0.3191130837046031
Argentina,alto,Exceso,pasivos,M,3,-3.438540993779284,-0.3233369622554255
Argentina,alto,Exceso,pasivos,M,4,-10.191689938365263,-0.7905985243222873
Argentina,alto,Exceso,pasivos,M,5,-7.416924547726452,-0.5187055899185166
Argentina,alto,Exceso,pasivos,M,6,-7.369005988918209,-0.42663408508731343
Argentina,alto,Exceso,pasivos,M,7,-14.229217521129188,-0.7614498913715778
Argentina,alto,Exceso,pasivos,M,8,-15.850155795228943,-0.8228644708398121
Argentina,alto,Exceso,pasivos,M,9,-5.752044775644,-0.28803946491233945
Argentina,alto,Exceso,pasivos,M,10,-9.297634307175139,-0.4428185552325623
Argentina,alto,Exceso,pasivos,M,11,-8.92859393577197,-0.3939847918548277
Argentina,alto,Exceso,pasivos,M,12,-8.029627010579235,-0.34623008954890255
Argentina,alto,Exceso,pasivos,M,13,-6.244113352701986,-0.26490483389950703
Argentina,alto,Exceso,pasivos,M,14,-1.8273345106774426,-0.08317291938448339
Argentina,alto,Exceso,pasivos,M,15,-6.405381184395333,-0.2896432092351654
Argentina,alto,Exceso,pasivos,M,16,-0.5182493877313465,-0.025872335917297474
Argentina,alto,Exceso,pasivos,M,17,2.6181164034993785,0.1167483443914192
Argentina,alto,Exceso,pasivos,M,18,-3.5593589540475277,-0.1416165310615351
Argentina,alto,Exceso,deuda_me_usd,M,0,11.181828579654825,0.7424351740080424
Argentina,alto,Exceso,deuda_me_usd,M,1,13.17122886538886,0.6365523098292064
Argentina,alto,Exceso,deuda_me_usd,M,2,18.559645087706713,0.8432593905664855
Argentina,alto,Exceso,deuda_me_usd,M,3,19.312850183372333,0.7779209497277386
Argentina,alto,Exceso,deuda_me_usd,M,4,13.527399002584382,0.5273602020277189
Argentina,alto,Exceso,deuda_me_usd,M,5,-3.2416862820062127,-0.15903272331150534
Argentina,alto,Exceso,deuda_me_usd,M,6,-13.285434717443643,-0.5906936663105848
Argentina,alto,Exceso,deuda_me_usd,M,7,-16.180217368925724,-0.5816014420623971
Argentina,alto,Exceso,deuda_me_usd,M,8,-14.184639917647367,-0.34884170865461334
Argentina,alto,Exceso,deuda_me_usd,M,9,-13.576981339942279,-0.2701610310915848
Argentina,alto,Exceso,deuda_me_usd,M,10,-20.47905118622303,-0.37206279126615416
Argentina,alto,Exceso,deuda_me_usd,M,11,2.0277351435134197,0.03369323269511603
Argentina,alto,Exceso,deuda_me_usd,M,12,42.017800394552765,0.6696187711909009
Argentina,alto,Exceso,deuda_me_usd,M,13,57.66751694972938,0.6540087502254065
Argentina,alto,Exceso,deuda_me_usd,M,14,71.40210116291863,0.6759112680116912
Argentina,alto,Exceso,deuda_me_usd,M,15,83.53849848700122,0.6859730633507504
Argentina,alto,Exceso,deuda_me_usd,M,16,-10.835160809071807,-0.13421454931358168
Argentina,alto,Exceso,deuda_me_usd,M,17,-91.41445603646372,-1.0192530035069836
Argentina,alto,Exceso,credito,M,0,-0.6309779073962557,-1.2557426627470047
Argentina,alto,Exceso,credito,M,1,-1.7192854538094542,-1.4666787191451929
Argentina,alto,Exceso,credito,M,2,-1.9394084807408103,-1.5431240241335844
Argentina,alto,Exceso,credito,M,3,-1.653502839176714,-1.2313990569251996
Argentina,alto,Exceso,credito,M,4,-1.7771896710866177,-1.176178052235073
Argentina,alto,Exceso,credito,M,5,-2.1960562296629904,-1.2660637552679603
Argentina,alto,Exceso,credito,M,6,-2.635749719036473,-1.3546803045401636
Argentina,alto,Exceso,credito,M,7,-2.726707791804868,-1.3458717244484764
Argentina,alto,Exceso,credito,M,8,-3.079650767196894,-1.3473267236488482
Argentina,alto,Exceso,credito,M,9,-3.335752491750624,-1.3718925737918675
Argentina,alto,Exceso,credito,M,10,-3.092764710491121,-1.353083661612818
Argentina,alto,Exceso,credito,M,11,-3.048906459114309,-1.2941211126710257
Argentina,alto,Exceso,credito,M,12,-3.9622798351878186,-1.5962153908319445
Argentina,alto,Exceso,credito,M,13,-4.443700018531477,-1.773884076758814
Argentina,alto,Exceso,credito,M,14,-4.163747263271573,-1.6446644485655026
Argentina,alto,Exceso,credito,M,15,-4.4813937643874135,-1.635164966181335
Argentina,alto,Exceso,credito,M,16,-5.8365330355314,-1.9121496859421314
Argentina,alto,Exceso,credito,M,17,-5.081404299821253,-1.632285566456326
Argentina,alto,Exceso,credito,M,18,-4.031164950699133,-1.0945513654748087
Argentina,alto,M-actividad,ipc,M,0,1.0933059833600693,1.3114385283844405
Argentina,alto,M-actividad,ipc,M,1,2.33408216052468,1.448668295710698
Argentina,alto,M-actividad,ipc,M,2,3.222175644368096,1.4886907005654204
Argentina,alto,M-actividad,ipc,M,3,3.7049545435546483,1.3664727962375458
Argentina,alto,M-actividad,ipc,M,4,4.9053690511722285,1.4840464910902902
Argentina,alto,M-actividad,ipc,M,5,5.751376365234464,1.3946828746670468
Argentina,alto,M-actividad,ipc,M,6,6.276922831002192,1.4091717198291625
Argentina,alto,M-actividad,ipc,M,7,6.850530229000634,1.3705318956737418
Argentina,alto,M-actividad,ipc,M,8,7.968115726393194,1.3818645397276181
Argentina,alto,M-actividad,ipc,M,9,9.089144886085124,1.4271108717472587
Argentina,alto,M-actividad,ipc,M,10,9.370109179506038,1.3835783576755616
Argentina,alto,M-actividad,ipc,M,11,9.67234752010129,1.2935793909084965
Argentina,alto,M-actividad,ipc,M,12,9.725949303859387,1.2276418238020426
Argentina,alto,M-actividad,ipc,M,13,9.519211642513497,1.1645559464200645
Argentina,alto,M-actividad,ipc,M,14,9.068788957410526,1.112673473165873
Argentina,alto,M-actividad,ipc,M,15,7.7888794061706035,0.9103028690787532
Argentina,alto,M-actividad,ipc,M,16,7.422633687000653,0.8069937504521201
Argentina,alto,M-actividad,ipc,M,17,8.245123023315687,0.8468826576053587
Argentina,alto,M-actividad,ipc,M,18,8.37454812415882,0.82347339504599
Argentina,alto,M-actividad,expect,M,0,5.13188071742075,1.8606026062580399
Argentina,alto,M-actividad,expect,M,1,6.145320993713308,1.2222763135786612
Argentina,alto,M-actividad,expect,M,2,-2.0312188328470624,-0.28147179698424535
Argentina,alto,M-actividad,expect,M,3,-2.6657615046460674,-0.2888752682917523
Argentina,alto,M-actividad,expect,M,4,-4.046811048614219,-0.3397443753269367
Argentina,alto,M-actividad,expect,M,5,-13.271814988874162,-0.949079950163989
Argentina,alto,M-actividad,expect,M,6,-15.529515015743534,-1.021137447643508
Argentina,alto,M-actividad,expect,M,7,-16.136851947239933,-1.0095541646006083
Argentina,alto,M-actividad,expect,M,8,-19.210009439973163,-1.182520134886422
Argentina,alto,M-actividad,expect,M,9,-23.39925237345415,-1.3824282523692462
Argentina,alto,M-actividad,expect,M,10,-24.298607508557346,-1.4592959354320785
Argentina,alto,M-actividad,expect,M,11,-26.330803175011475,-1.6351855845153194
Argentina,alto,M-actividad,expect,M,12,-32.226003267545494,-1.638517538759346
Argentina,alto,M-actividad,expect,M,13,-37.04074382165301,-1.6444483490394284
Argentina,alto,M-actividad,expect,M,14,-37.133033715131255,-1.6963840355993818
Argentina,alto,M-actividad,expect,M,15,-43.6414712790015,-1.8740691886738945
Argentina,alto,M-actividad,expect,M,16,-45.30853015996237,-2.040577162413424
Argentina,alto,M-actividad,expect,M,17,-47.32386247751142,-1.9534117391418289
Argentina,alto,M-actividad,expect,M,18,-48.63731372194833,-1.9743931782092479
Argentina,alto,M-actividad,tasa,M,0,-2.6305300356318906,-1.8186138132252136
Argentina,alto,M-actividad,tasa,M,1,-2.247288642603856,-0.7220367087060026
Argentina,alto,M-actividad,tasa,M,2,-2.1537093757214736,-0.5695307532673121
Argentina,alto,M-actividad,tasa,M,3,-5.594491363545908,-1.1026211513834714
Argentina,alto,M-actividad,tasa,M,4,-5.6614321490739234,-0.9094516873357595
Argentina,alto,M-actividad,tasa,M,5,-8.293208226059425,-0.8775963410135335
Argentina,alto,M-actividad,tasa,M,6,-7.307461751209616,-0.6992270181217115
Argentina,alto,M-actividad,tasa,M,7,-8.287840513177827,-0.7535074767837596
Argentina,alto,M-actividad,tasa,M,8,-11.636830619941467,-1.1082011218066556
Argentina,alto,M-actividad,tasa,M,9,-11.739497073102388,-1.0722865252012697
Argentina,alto,M-actividad,tasa,M,10,-10.816822112048573,-0.9706398174108306
Argentina,alto,M-actividad,tasa,M,11,-9.832635952256354,-0.8937742075434469
Argentina,alto,M-actividad,tasa,M,12,-13.050330591509342,-1.2368393034046286
Argentina,alto,M-actividad,tasa,M,13,-16.857569010570067,-1.5032238642576505
Argentina,alto,M-actividad,tasa,M,14,-15.907636456781713,-1.3423619122324315
Argentina,alto,M-actividad,tasa,M,15,-18.064487841992445,-1.4056666246853105
Argentina,alto,M-actividad,tasa,M,16,-20.043310685601764,-1.4929383322979235
Argentina,alto,M-actividad,tasa,M,17,-22.479363354643226,-1.6341775837723587
Argentina,alto,M-actividad,tasa,M,18,-22.946278963303726,-1.7483485997212136
Argentina,alto,M-actividad,salario,M,0,-1.3698916373211978,-1.6625365362271798
Argentina,alto,M-actividad,salario,M,1,-2.159381365873444,-1.6072377006442269
Argentina,alto,M-actividad,salario,M,2,-2.1101999707252412,-1.4936831289091195
Argentina,alto,M-actividad,salario,M,3,-1.6741550608087208,-0.9994269471335661
Argentina,alto,M-actividad,salario,M,4,-2.9520422122647663,-1.753271944437379
Argentina,alto,M-actividad,salario,M,5,-2.8712253660130687,-1.6829892805670836
Argentina,alto,M-actividad,salario,M,6,-1.9766591077906441,-1.3477629532346007
Argentina,alto,M-actividad,salario,M,7,-2.2143535349645376,-1.4285180162263964
Argentina,alto,M-actividad,salario,M,8,-3.518277213937604,-2.0384552479948406
Argentina,alto,M-actividad,salario,M,9,-2.9983055815581694,-1.7180688213272262
Argentina,alto,M-actividad,salario,M,10,-2.7807835083348578,-1.6176938781527919
Argentina,alto,M-actividad,salario,M,11,-2.923860046249556,-1.5045567103416497
Argentina,alto,M-actividad,salario,M,12,-3.029500492368411,-1.7976593563046606
Argentina,alto,M-actividad,salario,M,13,-1.9380548032044778,-1.0425254067263268
Argentina,alto,M-actividad,salario,M,14,-1.8794652323977532,-1.0224904992571358
Argentina,alto,M-actividad,salario,M,15,-1.6937143300058555,-0.9115208982338421
Argentina,alto,M-actividad,salario,M,16,-0.6255527953489843,-0.3628947107485749
Argentina,alto,M-actividad,salario,M,17,0.2472035892668299,0.12451805123055927
Argentina,alto,M-actividad,salario,M,18,1.1407132198645153,0.6185337502790071
Argentina,alto,M-actividad,fx,M,0,9.698583064193782,3.6719748512704684
Argentina,alto,M-actividad,fx,M,1,15.429050346483123,3.4383653707236075
Argentina,alto,M-actividad,fx,M,2,12.476738503802615,2.5560206242868952
Argentina,alto,M-actividad,fx,M,3,9.620847100575746,1.9890701125112427
Argentina,alto,M-actividad,fx,M,4,11.281612246874168,2.364641510019444
Argentina,alto,M-actividad,fx,M,5,10.507903233867538,2.7678929445830542
Argentina,alto,M-actividad,fx,M,6,16.213221252264887,3.168984883982942
Argentina,alto,M-actividad,fx,M,7,12.540169023718594,2.302133162374
Argentina,alto,M-actividad,fx,M,8,7.654396620343808,1.4403300533082175
Argentina,alto,M-actividad,fx,M,9,6.334007377234324,1.103605558178591
Argentina,alto,M-actividad,fx,M,10,3.0369935899934246,0.47904043420660825
Argentina,alto,M-actividad,fx,M,11,0.4789289234550601,0.08006027926450572
Argentina,alto,M-actividad,fx,M,12,-0.16206806962154263,-0.027229280193951877
Argentina,alto,M-actividad,fx,M,13,2.27558839707144,0.4224800460974897
Argentina,alto,M-actividad,fx,M,14,0.037508897368873306,0.005955424399951445
Argentina,alto,M-actividad,fx,M,15,-7.2108561868191465,-1.6858786691141678
Argentina,alto,M-actividad,fx,M,16,-11.292199869214759,-2.3297525333441413
Argentina,alto,M-actividad,fx,M,17,-13.623889564681788,-2.096197103843832
Argentina,alto,M-actividad,fx,M,18,-13.83355961605052,-1.9444315556329583
Argentina,alto,M-actividad,pasivos,M,0,-6.018616820126897,-1.3941634044807196
Argentina,alto,M-actividad,pasivos,M,1,-5.232897536093692,-0.987301037627499
Argentina,alto,M-actividad,pasivos,M,2,-11.752523157525461,-1.751026818315131
Argentina,alto,M-actividad,pasivos,M,3,-7.17905705460057,-0.799080249536833
Argentina,alto,M-actividad,pasivos,M,4,-7.750831508587488,-0.693598431318242
Argentina,alto,M-actividad,pasivos,M,5,-3.679382222975373,-0.3330968049924456
Argentina,alto,M-actividad,pasivos,M,6,-2.9480605884398297,-0.2709514105824161
Argentina,alto,M-actividad,pasivos,M,7,-5.08187630250972,-0.38577497526791604
Argentina,alto,M-actividad,pasivos,M,8,-8.840215994921362,-0.7009643690017704
Argentina,alto,M-actividad,pasivos,M,9,4.321070212054691,0.3928303544546754
Argentina,alto,M-actividad,pasivos,M,10,6.897365895346804,0.7146897368719364
Argentina,alto,M-actividad,pasivos,M,11,7.975049450135162,0.6883230579478874
Argentina,alto,M-actividad,pasivos,M,12,6.270618696168391,0.5921834701038293
Argentina,alto,M-actividad,pasivos,M,13,5.8439543026941765,0.4793091958963268
Argentina,alto,M-actividad,pasivos,M,14,15.373989938813583,1.890109660362386
Argentina,alto,M-actividad,pasivos,M,15,10.316353167048277,1.2575489535540845
Argentina,alto,M-actividad,pasivos,M,16,7.0140555278198695,0.9003192805850795
Argentina,alto,M-actividad,pasivos,M,17,1.7085369473283682,0.17655437600252485
Argentina,alto,M-actividad,pasivos,M,18,-6.494763261525978,-0.5208040981008958
Argentina,alto,M-actividad,deuda_me_usd,M,0,60.91774825502514,1.3740444621118848
Argentina,alto,M-actividad,deuda_me_usd,M,1,82.91935797320669,1.2185225560809612
Argentina,alto,M-actividad,deuda_me_usd,M,2,93.38056532718308,1.2058863502318644
Argentina,alto,M-actividad,deuda_me_usd,M,3,89.45893697485022,0.9927970664458816
Argentina,alto,M-actividad,deuda_me_usd,M,4,40.757354645524046,0.4672058860855922
Argentina,alto,M-actividad,deuda_me_usd,M,5,-92.9831165978178,-1.124714338451301
Argentina,alto,M-actividad,deuda_me_usd,M,6,-122.86531115131051,-1.3732149537473295
Argentina,alto,M-actividad,deuda_me_usd,M,7,-154.07152836034282,-1.611219046805953
Argentina,alto,M-actividad,deuda_me_usd,M,8,-145.20707395735263,-1.6100947997665278
Argentina,alto,M-actividad,deuda_me_usd,M,9,-115.79206971962708,-1.0659516415582266
Argentina,alto,M-actividad,deuda_me_usd,M,10,-105.24858893919283,-0.8629582791627627
Argentina,alto,M-actividad,deuda_me_usd,M,11,-49.63703704753465,-0.4997866985891792
Argentina,alto,M-actividad,deuda_me_usd,M,12,-21.746440994116593,-0.19900518635209277
Argentina,alto,M-actividad,deuda_me_usd,M,13,3.7348505790870004,0.036353681777583954
Argentina,alto,M-actividad,deuda_me_usd,M,14,25.60842277124371,0.20739230700871497
Argentina,alto,M-actividad,deuda_me_usd,M,15,10.431039347454458,0.15830323934111004
Argentina,alto,M-actividad,deuda_me_usd,M,16,57.70025439737083,2.2137867854512456
Argentina,alto,M-actividad,deuda_me_usd,M,17,171.45874727033203,1.4034598296686545
Argentina,alto,M-actividad,credito,M,0,0.07051303243745988,0.08906896154737846
Argentina,alto,M-actividad,credito,M,1,-0.8716212334936166,-0.538804453338857
Argentina,alto,M-actividad,credito,M,2,-0.48709901539667655,-0.267810458088098
Argentina,alto,M-actividad,credito,M,3,-0.3008045319315654,-0.13390241037232345
Argentina,alto,M-actividad,credito,M,4,0.023796587908854305,0.00905519544634011
Argentina,alto,M-actividad,credito,M,5,-0.1969311220161975,-0.05704493446804
Argentina,alto,M-actividad,credito,M,6,0.34851674167645363,0.10297430717110642
Argentina,alto,M-actividad,credito,M,7,0.366337358074486,0.10649324058860629
Argentina,alto,M-actividad,credito,M,8,-0.21729206532040252,-0.05613508259381259
Argentina,alto,M-actividad,credito,M,9,-0.1780897266970129,-0.04395971797979143
Argentina,alto,M-actividad,credito,M,10,0.9963989941920346,0.2455377098442806
Argentina,alto,M-actividad,credito,M,11,1.3806345503287365,0.328036870048134
Argentina,alto,M-actividad,credito,M,12,1.7281284992178791,0.4098625979205518
Argentina,alto,M-actividad,credito,M,13,2.409987098742675,0.5779031255281442
Argentina,alto,M-actividad,credito,M,14,2.737596698212302,0.7157774482034779
Argentina,alto,M-actividad,credito,M,15,4.074068060240101,1.1996886292337907
Argentina,alto,M-actividad,credito,M,16,5.337351795612101,1.3106822902632547
Argentina,alto,M-actividad,credito,M,17,7.622219102087355,1.2339439086107122
Argentina,alto,M-actividad,credito,M,18,8.43977037226132,1.1754086808487483
Argentina,alto,Exceso+act,ipc,M,0,1.0337293218966883,1.693454749993267
Argentina,alto,Exceso+act,ipc,M,1,2.1304477098780064,1.8613275654396833
Argentina,alto,Exceso+act,ipc,M,2,2.8188298585041434,1.9784332976003367
Argentina,alto,Exceso+act,ipc,M,3,2.952890502041069,1.9449891070161835
Argentina,alto,Exceso+act,ipc,M,4,3.5091045808391192,2.0082673899057797
Argentina,alto,Exceso+act,ipc,M,5,4.200920733877942,2.156257707741953
Argentina,alto,Exceso+act,ipc,M,6,4.92476410852445,2.2288009771361046
Argentina,alto,Exceso+act,ipc,M,7,5.612790148758512,2.143560478431511
Argentina,alto,Exceso+act,ipc,M,8,6.426187546605923,2.251515378788175
Argentina,alto,Exceso+act,ipc,M,9,7.1937491010068015,2.330930902160875
Argentina,alto,Exceso+act,ipc,M,10,7.4863469586628995,2.3207877800656584
Argentina,alto,Exceso+act,ipc,M,11,8.068062925664536,2.213813164453321
Argentina,alto,Exceso+act,ipc,M,12,9.056563625564213,2.1573900808548387
Argentina,alto,Exceso+act,ipc,M,13,9.670517120300245,2.1573897103145314
Argentina,alto,Exceso+act,ipc,M,14,9.75932507804847,2.013726500396002
Argentina,alto,Exceso+act,ipc,M,15,11.05225945937786,2.0421594801969727
Argentina,alto,Exceso+act,ipc,M,16,14.251906534174319,2.4717244273448777
Argentina,alto,Exceso+act,ipc,M,17,15.073269821144656,2.530858798493377
Argentina,alto,Exceso+act,ipc,M,18,15.527307407175098,2.5493139318677493
Argentina,alto,Exceso+act,expect,M,0,-0.8132690654148583,-0.494749937952334
Argentina,alto,Exceso+act,expect,M,1,-2.015188105106179,-0.549507000339973
Argentina,alto,Exceso+act,expect,M,2,-9.191924371633318,-1.5128707015584042
Argentina,alto,Exceso+act,expect,M,3,-9.84717168947041,-1.2341223732964361
Argentina,alto,Exceso+act,expect,M,4,-10.645980176059773,-1.1248722091994303
Argentina,alto,Exceso+act,expect,M,5,-12.627344923475395,-1.266660424351867
Argentina,alto,Exceso+act,expect,M,6,-12.049599573433756,-1.2333303091048033
Argentina,alto,Exceso+act,expect,M,7,-12.022806047067268,-1.3077570228286655
Argentina,alto,Exceso+act,expect,M,8,-11.45544475645807,-1.1287102952244552
Argentina,alto,Exceso+act,expect,M,9,-12.086148235129766,-1.077025559970751
Argentina,alto,Exceso+act,expect,M,10,-12.333097192646944,-1.0109931012035704
Argentina,alto,Exceso+act,expect,M,11,-10.588923184839526,-0.9454486930988125
Argentina,alto,Exceso+act,expect,M,12,-10.839614989187364,-1.0479689930049187
Argentina,alto,Exceso+act,expect,M,13,-14.96325429438616,-1.4071617479228926
Argentina,alto,Exceso+act,expect,M,14,-13.551941624616948,-1.4270720646578645
Argentina,alto,Exceso+act,expect,M,15,-9.997643763588878,-1.007787054847578
Argentina,alto,Exceso+act,expect,M,16,-1.0840277658753843,-0.08346249402502348
Argentina,alto,Exceso+act,expect,M,17,2.8643826636195944,0.19771540096046547
Argentina,alto,Exceso+act,expect,M,18,5.869977812049156,0.43419966395388854
Argentina,alto,Exceso+act,tasa,M,0,0.38024075465662294,0.31312960867275874
Argentina,alto,Exceso+act,tasa,M,1,0.5854678643599955,0.2444488994921125
Argentina,alto,Exceso+act,tasa,M,2,1.0477772403901182,0.3285487457668328
Argentina,alto,Exceso+act,tasa,M,3,-0.3639479048866343,-0.07862244417321225
Argentina,alto,Exceso+act,tasa,M,4,-1.2318404629400466,-0.23953652485226132
Argentina,alto,Exceso+act,tasa,M,5,-2.7293815505738874,-0.4236537365608819
Argentina,alto,Exceso+act,tasa,M,6,-1.7815295075729543,-0.3095321242938916
Argentina,alto,Exceso+act,tasa,M,7,-1.043081150970898,-0.2117688743116101
Argentina,alto,Exceso+act,tasa,M,8,-3.1095327291962445,-0.6980940709807218
Argentina,alto,Exceso+act,tasa,M,9,-2.880045331566012,-0.6115939756622457
Argentina,alto,Exceso+act,tasa,M,10,-2.5811156837100224,-0.45781756265172524
Argentina,alto,Exceso+act,tasa,M,11,-1.2262211087309018,-0.20115415340532225
Argentina,alto,Exceso+act,tasa,M,12,-0.8785063147601229,-0.14063202272119915
Argentina,alto,Exceso+act,tasa,M,13,-2.3663646972732413,-0.38906037821751904
Argentina,alto,Exceso+act,tasa,M,14,-1.6770442928689464,-0.2702563189447818
Argentina,alto,Exceso+act,tasa,M,15,-0.6162687168533258,-0.10574843463412012
Argentina,alto,Exceso+act,tasa,M,16,1.5509561564110863,0.2746592205746348
Argentina,alto,Exceso+act,tasa,M,17,0.7860754631587148,0.1469023264147542
Argentina,alto,Exceso+act,tasa,M,18,0.5189972282901882,0.09317630351589466
Argentina,alto,Exceso+act,salario,M,0,-0.8221230837716413,-1.293200559869613
Argentina,alto,Exceso+act,salario,M,1,-1.3247238994770136,-1.3903930804563185
Argentina,alto,Exceso+act,salario,M,2,-1.202699594657035,-1.414431778888799
Argentina,alto,Exceso+act,salario,M,3,-0.6041388653426755,-0.6005105397817843
Argentina,alto,Exceso+act,salario,M,4,-1.0865820408652813,-1.171259713503685
Argentina,alto,Exceso+act,salario,M,5,-1.7326869664089948,-1.6082361395482818
Argentina,alto,Exceso+act,salario,M,6,-1.7626673359931282,-1.835921831903915
Argentina,alto,Exceso+act,salario,M,7,-1.9864317050540155,-1.8201187235722947
Argentina,alto,Exceso+act,salario,M,8,-2.49405678092905,-2.066698025833814
Argentina,alto,Exceso+act,salario,M,9,-2.2670451972927936,-2.0008444046059246
Argentina,alto,Exceso+act,salario,M,10,-2.535707618749877,-2.1701226527212865
Argentina,alto,Exceso+act,salario,M,11,-3.120050650848087,-2.012660911722088
Argentina,alto,Exceso+act,salario,M,12,-3.6916728117920914,-1.937790211128366
Argentina,alto,Exceso+act,salario,M,13,-3.8139372128926086,-2.0458483134312995
Argentina,alto,Exceso+act,salario,M,14,-3.8252010410609296,-2.293969315793045
Argentina,alto,Exceso+act,salario,M,15,-3.8215722775032095,-2.0918744201317776
Argentina,alto,Exceso+act,salario,M,16,-3.402530217146435,-2.2411390114522383
Argentina,alto,Exceso+act,salario,M,17,-2.520305420230983,-2.191040413174545
Argentina,alto,Exceso+act,salario,M,18,-1.9959346644235931,-1.1456290813913306
Argentina,alto,Exceso+act,fx,M,0,0.7814007607889086,0.5630288257040429
Argentina,alto,Exceso+act,fx,M,1,3.864369938585683,1.669710425086888
Argentina,alto,Exceso+act,fx,M,2,2.1846324679210607,0.8357114935686263
Argentina,alto,Exceso+act,fx,M,3,0.5877939572409865,0.1553455921129567
Argentina,alto,Exceso+act,fx,M,4,-0.4059955030934197,-0.0856747187791183
Argentina,alto,Exceso+act,fx,M,5,-0.22436638995681357,-0.05008902557826648
Argentina,alto,Exceso+act,fx,M,6,2.186447424758302,0.4365160455450402
Argentina,alto,Exceso+act,fx,M,7,1.266722585572768,0.22643796316104592
Argentina,alto,Exceso+act,fx,M,8,-0.41365363394185595,-0.06440557136874817
Argentina,alto,Exceso+act,fx,M,9,0.2485354010148988,0.034202517498756115
Argentina,alto,Exceso+act,fx,M,10,-0.36640391096884706,-0.04779876988075369
Argentina,alto,Exceso+act,fx,M,11,0.12466056893487476,0.01768575218662087
Argentina,alto,Exceso+act,fx,M,12,2.8599014292091676,0.4556460533793997
Argentina,alto,Exceso+act,fx,M,13,5.521135747879659,0.8932462251990254
Argentina,alto,Exceso+act,fx,M,14,6.09976410003891,1.0091223805605236
Argentina,alto,Exceso+act,fx,M,15,8.392627084307982,1.7351595352581013
Argentina,alto,Exceso+act,fx,M,16,14.147003361326982,2.859295064638773
Argentina,alto,Exceso+act,fx,M,17,17.20373543577533,3.315603025238726
Argentina,alto,Exceso+act,fx,M,18,20.118160502930525,4.52479049416833
Argentina,alto,Exceso+act,pasivos,M,0,-3.5068282647756788,-1.1219270849018677
Argentina,alto,Exceso+act,pasivos,M,1,3.639287660273375,0.589023709649482
Argentina,alto,Exceso+act,pasivos,M,2,-3.584171369640756,-0.4517891116784439
Argentina,alto,Exceso+act,pasivos,M,3,-4.819853456547606,-0.3766123356474268
Argentina,alto,Exceso+act,pasivos,M,4,-12.86753913160989,-0.838360140715607
Argentina,alto,Exceso+act,pasivos,M,5,-11.27364888839583,-0.6995619228628487
Argentina,alto,Exceso+act,pasivos,M,6,-12.474293090069267,-0.6135504156014208
Argentina,alto,Exceso+act,pasivos,M,7,-17.88491745039599,-0.8195356681458688
Argentina,alto,Exceso+act,pasivos,M,8,-19.495774117016637,-0.9043518959349098
Argentina,alto,Exceso+act,pasivos,M,9,-8.494222583993901,-0.3875075937257739
Argentina,alto,Exceso+act,pasivos,M,10,-14.280520775196688,-0.6563595962802186
Argentina,alto,Exceso+act,pasivos,M,11,-14.559608692925346,-0.6023919874261441
Argentina,alto,Exceso+act,pasivos,M,12,-15.865305732256852,-0.6566461111910646
Argentina,alto,Exceso+act,pasivos,M,13,-11.113785015618362,-0.4108655034086198
Argentina,alto,Exceso+act,pasivos,M,14,-2.799951012981195,-0.11210385501352663
Argentina,alto,Exceso+act,pasivos,M,15,-3.7545433335296288,-0.15429957817585027
Argentina,alto,Exceso+act,pasivos,M,16,3.2956439606144166,0.13940264744865985
Argentina,alto,Exceso+act,pasivos,M,17,-0.36996913801714015,-0.014543312990033076
Argentina,alto,Exceso+act,pasivos,M,18,-7.869176624218242,-0.31046595632323154
Argentina,alto,Exceso+act,deuda_me_usd,M,0,2.5743017417768295,0.13445528724167052
Argentina,alto,Exceso+act,deuda_me_usd,M,1,6.313319084057164,0.2015730741181996
Argentina,alto,Exceso+act,deuda_me_usd,M,2,10.55881511574079,0.297540533940519
Argentina,alto,Exceso+act,deuda_me_usd,M,3,7.01586962929831,0.2029517738424353
Argentina,alto,Exceso+act,deuda_me_usd,M,4,-16.927329692155414,-0.6590404166667729
Argentina,alto,Exceso+act,deuda_me_usd,M,5,-40.365069602579865,-1.820706743718915
Argentina,alto,Exceso+act,deuda_me_usd,M,6,-36.76543452329751,-1.4096630719322059
Argentina,alto,Exceso+act,deuda_me_usd,M,7,-46.2309367509076,-1.3404737071425494
Argentina,alto,Exceso+act,deuda_me_usd,M,8,-63.0608670274195,-1.4634084197980084
Argentina,alto,Exceso+act,deuda_me_usd,M,9,-56.01151381505767,-1.2635543106675275
Argentina,alto,Exceso+act,deuda_me_usd,M,10,-45.49654563057674,-0.8374340097795332
Argentina,alto,Exceso+act,deuda_me_usd,M,11,-7.562660791454407,-0.19753075911720727
Argentina,alto,Exceso+act,deuda_me_usd,M,12,6.789077134762402,0.18543664530361484
Argentina,alto,Exceso+act,deuda_me_usd,M,13,-3.7533031268159025,-0.12687241633998741
Argentina,alto,Exceso+act,deuda_me_usd,M,14,-0.5161050540465667,-0.0
Argentina,alto,Exceso+act,deuda_me_usd,M,15,1.5650522598952605,
Argentina,alto,Exceso+act,deuda_me_usd,M,16,-21.881771159424286,
Argentina,alto,Exceso+act,deuda_me_usd,M,17,-19.627569239507505,
Argentina,alto,Exceso+act,credito,M,0,-0.6670171294704831,-1.2076099008032188
Argentina,alto,Exceso+act,credito,M,1,-1.7118006915106583,-1.4007611292558542
Argentina,alto,Exceso+act,credito,M,2,-1.8819058247770788,-1.470445804897422
Argentina,alto,Exceso+act,credito,M,3,-1.4924358497465953,-1.0898125013370767
Argentina,alto,Exceso+act,credito,M,4,-1.6908911122284773,-1.085356592099937
Argentina,alto,Exceso+act,credito,M,5,-2.0516258881994105,-1.1246956278381608
Argentina,alto,Exceso+act,credito,M,6,-2.547473179976917,-1.219935880440915
Argentina,alto,Exceso+act,credito,M,7,-2.8953223456308006,-1.2648951777067639
Argentina,alto,Exceso+act,credito,M,8,-3.5467054598326926,-1.384217566642548
Argentina,alto,Exceso+act,credito,M,9,-3.835373315066133,-1.4642855327711366
Argentina,alto,Exceso+act,credito,M,10,-3.4589001449871937,-1.4743125217302286
Argentina,alto,Exceso+act,credito,M,11,-3.22323442777305,-1.3416374238604787
Argentina,alto,Exceso+act,credito,M,12,-3.870337840433454,-1.5589790140392745
Argentina,alto,Exceso+act,credito,M,13,-4.380148418523362,-1.6736243287605772
Argentina,alto,Exceso+act,credito,M,14,-3.9375019617784437,-1.4575919199377074
Argentina,alto,Exceso+act,credito,M,15,-4.140942069998053,-1.4234697720416032
Argentina,alto,Exceso+act,credito,M,16,-5.738117303598436,-2.02566582177131
Argentina,alto,Exceso+act,credito,M,17,-5.1680421083216155,-1.7017448703041602
Argentina,alto,Exceso+act,credito,M,18,-4.726626382219256,-1.2475273277106373
Argentina,alto,Normal,ipc,M,0,0.9917959283772171,1.781041302214858
Argentina,alto,Normal,ipc,M,1,2.089428415689867,2.024811948019744
Argentina,alto,Normal,ipc,M,2,2.702818777723564,2.1856401284276004
Argentina,alto,Normal,ipc,M,3,2.7257541807089254,2.251536613101359
Argentina,alto,Normal,ipc,M,4,3.214732352664138,2.233029084651371
Argentina,alto,Normal,ipc,M,5,3.8339499055394954,2.2623925544014
Argentina,alto,Normal,ipc,M,6,4.405576054464503,2.256959389073428
Argentina,alto,Normal,ipc,M,7,4.906399712124485,2.1360058645410938
Argentina,alto,Normal,ipc,M,8,5.493674224521019,2.1758298211876297
Argentina,alto,Normal,ipc,M,9,6.046200665561911,2.2415573611148125
Argentina,alto,Normal,ipc,M,10,6.1689301740749345,2.197870903138674
Argentina,alto,Normal,ipc,M,11,6.688324602522318,2.1299503731849794
Argentina,alto,Normal,ipc,M,12,7.800627486666394,2.172842817848852
Argentina,alto,Normal,ipc,M,13,8.100723141923844,2.116143176946477
Argentina,alto,Normal,ipc,M,14,7.963603778647677,1.9849422374010073
Argentina,alto,Normal,ipc,M,15,8.522260326464602,1.9441374741324233
Argentina,alto,Normal,ipc,M,16,11.010533782815326,2.251719473040053
Argentina,alto,Normal,ipc,M,17,11.269815910666045,2.295827625203313
Argentina,alto,Normal,ipc,M,18,10.858842139509818,2.2132190238187217
Argentina,alto,Normal,expect,M,0,-0.3541350516695406,-0.25156662203655666
Argentina,alto,Normal,expect,M,1,-1.4732024495798006,-0.41054099965607244
Argentina,alto,Normal,expect,M,2,-8.86547884426768,-1.4504288811170845
Argentina,alto,Normal,expect,M,3,-9.987258209483185,-1.2395534170941935
Argentina,alto,Normal,expect,M,4,-10.956159273768852,-1.1453190897639942
Argentina,alto,Normal,expect,M,5,-12.974317188358949,-1.2912707463231645
Argentina,alto,Normal,expect,M,6,-12.25198764235662,-1.2864840379376372
Argentina,alto,Normal,expect,M,7,-11.259635839844345,-1.3000418542796868
Argentina,alto,Normal,expect,M,8,-9.446140754181872,-1.0091206284050642
Argentina,alto,Normal,expect,M,9,-8.998853522606996,-0.8951494812167163
Argentina,alto,Normal,expect,M,10,-8.740362170602072,-0.8210915616543741
Argentina,alto,Normal,expect,M,11,-7.415489616067822,-0.7492250107240993
Argentina,alto,Normal,expect,M,12,-6.854483131226127,-0.7614282065044107
Argentina,alto,Normal,expect,M,13,-10.70473727852524,-1.215327696109554
Argentina,alto,Normal,expect,M,14,-9.869870714399925,-1.2694038056072672
Argentina,alto,Normal,expect,M,15,-8.44321417124589,-1.0558553273056794
Argentina,alto,Normal,expect,M,16,-0.8761893953588156,-0.07998920018682659
Argentina,alto,Normal,expect,M,17,0.9500634885453529,0.07919890541330998
Argentina,alto,Normal,expect,M,18,2.5141966829777607,0.21480080867971052
Argentina,alto,Normal,tasa,M,0,0.7158039912722861,0.5881444831833721
Argentina,alto,Normal,tasa,M,1,0.8075759968119977,0.36564997070566657
Argentina,alto,Normal,tasa,M,2,0.9490986490991613,0.317257935217022
Argentina,alto,Normal,tasa,M,3,-1.191095941726148,-0.26708863872240357
Argentina,alto,Normal,tasa,M,4,-2.267267476652342,-0.4349105577845115
Argentina,alto,Normal,tasa,M,5,-4.008471264550788,-0.5995403001979351
Argentina,alto,Normal,tasa,M,6,-3.182721124211865,-0.5185126541903116
Argentina,alto,Normal,tasa,M,7,-2.4959296526113532,-0.469476123086688
Argentina,alto,Normal,tasa,M,8,-4.114985215974869,-0.8675252892331529
Argentina,alto,Normal,tasa,M,9,-3.3639584048755258,-0.6599500918195261
Argentina,alto,Normal,tasa,M,10,-3.0248752623380506,-0.5308415677854638
Argentina,alto,Normal,tasa,M,11,-1.517009962331229,-0.25008099609611556
Argentina,alto,Normal,tasa,M,12,-1.1723845657070264,-0.19121371533505147
Argentina,alto,Normal,tasa,M,13,-3.0963198638120457,-0.5333745501801591
Argentina,alto,Normal,tasa,M,14,-3.235917595100283,-0.5476090451164257
Argentina,alto,Normal,tasa,M,15,-3.945264237488089,-0.6515515986016742
Argentina,alto,Normal,tasa,M,16,-3.254121228648703,-0.48961412455992953
Argentina,alto,Normal,tasa,M,17,-5.065139464042203,-0.7604419329222999
Argentina,alto,Normal,tasa,M,18,-5.9469411926795175,-0.8437623797116655
Argentina,alto,Normal,salario,M,0,-1.0391005533550768,-1.7826258638627044
Argentina,alto,Normal,salario,M,1,-1.7859282237415524,-2.0061223556191745
Argentina,alto,Normal,salario,M,2,-1.9782572838468953,-2.416110739854369
Argentina,alto,Normal,salario,M,3,-1.815910264363452,-1.9242508334934234
Argentina,alto,Normal,salario,M,4,-2.3511262367002295,-2.367540424743782
Argentina,alto,Normal,salario,M,5,-2.8960875080279416,-2.4267736481883495
Argentina,alto,Normal,salario,M,6,-2.9506306136166107,-2.8456373853546855
Argentina,alto,Normal,salario,M,7,-3.2879059519895186,-2.7486220247257154
Argentina,alto,Normal,salario,M,8,-3.8207462874342397,-2.997069074576438
Argentina,alto,Normal,salario,M,9,-3.684742803448567,-3.4295982401580174
Argentina,alto,Normal,salario,M,10,-4.001371354928823,-4.028970191777895
Argentina,alto,Normal,salario,M,11,-4.485043435009867,-3.3681173652479934
Argentina,alto,Normal,salario,M,12,-4.970717011983361,-3.0220473897983373
Argentina,alto,Normal,salario,M,13,-5.0074088400852395,-3.022570270815153
Argentina,alto,Normal,salario,M,14,-5.236673736428328,-3.1838009067780755
Argentina,alto,Normal,salario,M,15,-5.381539368887123,-3.013022020934181
Argentina,alto,Normal,salario,M,16,-5.178161399380709,-3.2757034947927917
Argentina,alto,Normal,salario,M,17,-4.255913636124379,-3.5391403752028414
Argentina,alto,Normal,salario,M,18,-3.7696871744516995,-1.8797417471502302
Argentina,alto,Normal,fx,M,0,1.627541285899495,1.6064419850775937
Argentina,alto,Normal,fx,M,1,5.179402469235232,2.301532023965659
Argentina,alto,Normal,fx,M,2,3.1235604757488655,1.2235171128069853
Argentina,alto,Normal,fx,M,3,2.5580005422937404,0.7160168350920795
Argentina,alto,Normal,fx,M,4,1.854433694518343,0.420894502339822
Argentina,alto,Normal,fx,M,5,2.3413457762722603,0.6047938603974172
Argentina,alto,Normal,fx,M,6,4.185227866013371,0.9644832424187
Argentina,alto,Normal,fx,M,7,3.280199298960148,0.6502066683178815
Argentina,alto,Normal,fx,M,8,2.4186883609214287,0.4121738736623614
Argentina,alto,Normal,fx,M,9,3.1957162592651143,0.46179305085531375
Argentina,alto,Normal,fx,M,10,2.4324932162673156,0.3240381826173108
Argentina,alto,Normal,fx,M,11,3.0664700288590385,0.42344371519828106
Argentina,alto,Normal,fx,M,12,5.840112973319599,0.8228388572189897
Argentina,alto,Normal,fx,M,13,8.150703033494464,1.2132713007305658
Argentina,alto,Normal,fx,M,14,9.224685885552402,1.4147534028961846
Argentina,alto,Normal,fx,M,15,9.050737847827632,1.8136289028053891
Argentina,alto,Normal,fx,M,16,13.369270384028823,2.462507482250644
Argentina,alto,Normal,fx,M,17,15.21754050072949,2.8417299757356047
Argentina,alto,Normal,fx,M,18,18.05627568539147,3.7155564483565278
Argentina,alto,Normal,pasivos,M,0,-3.232129580618204,-1.0204209947025158
Argentina,alto,Normal,pasivos,M,1,3.599809716985551,0.572256250042124
Argentina,alto,Normal,pasivos,M,2,-3.3297692561920176,-0.4040511556805747
Argentina,alto,Normal,pasivos,M,3,-5.472613983880235,-0.49349497017766236
Argentina,alto,Normal,pasivos,M,4,-10.41548923919644,-0.7704432286331968
Argentina,alto,Normal,pasivos,M,5,-4.043183432701486,-0.28744428171204767
Argentina,alto,Normal,pasivos,M,6,-7.304772080059951,-0.4084983230440424
Argentina,alto,Normal,pasivos,M,7,-15.85452234687138,-0.846347673221109
Argentina,alto,Normal,pasivos,M,8,-16.40243544029362,-0.8469570939264491
Argentina,alto,Normal,pasivos,M,9,-5.5783585825318625,-0.2731484956695929
Argentina,alto,Normal,pasivos,M,10,-11.243160561520389,-0.493628728234432
Argentina,alto,Normal,pasivos,M,11,-10.92437036418824,-0.42865067380648086
Argentina,alto,Normal,pasivos,M,12,-10.902078549161539,-0.42259832729925834
Argentina,alto,Normal,pasivos,M,13,-8.90034301479509,-0.3405676482289454
Argentina,alto,Normal,pasivos,M,14,-2.192773858239336,-0.08893364827257272
Argentina,alto,Normal,pasivos,M,15,-8.827280802424228,-0.33579423114732143
Argentina,alto,Normal,pasivos,M,16,-2.4350208567652025,-0.09801427880817787
Argentina,alto,Normal,pasivos,M,17,3.109332437691961,0.11289602486411655
Argentina,alto,Normal,pasivos,M,18,-2.6760943779032034,-0.08902656980471403
Argentina,alto,Normal,deuda_me_usd,M,0,8.897733540213968,0.6150579313303582
Argentina,alto,Normal,deuda_me_usd,M,1,8.862950255940355,0.4437531129945238
Argentina,alto,Normal,deuda_me_usd,M,2,14.63744748360648,0.6772393948973746
Argentina,alto,Normal,deuda_me_usd,M,3,15.069103744676239,0.6206972562098392
Argentina,alto,Normal,deuda_me_usd,M,4,11.356409667518873,0.4247208808052289
Argentina,alto,Normal,deuda_me_usd,M,5,-5.843894014309579,-0.2629846564371816
Argentina,alto,Normal,deuda_me_usd,M,6,-13.7940665001515,-0.5276051564079904
Argentina,alto,Normal,deuda_me_usd,M,7,-17.714415206644478,-0.5391099105612328
Argentina,alto,Normal,deuda_me_usd,M,8,-21.25259312371162,-0.5184058625674041
Argentina,alto,Normal,deuda_me_usd,M,9,-24.023370916021356,-0.5272273137967107
Argentina,alto,Normal,deuda_me_usd,M,10,-32.70277904259883,-0.6476227821580447
Argentina,alto,Normal,deuda_me_usd,M,11,17.781847362674426,0.24462354668143074
Argentina,alto,Normal,deuda_me_usd,M,12,53.59436830764941,0.543430263434832
Argentina,alto,Normal,deuda_me_usd,M,13,57.412078516912665,0.4292891142337246
Argentina,alto,Normal,deuda_me_usd,M,14,78.41751959956136,0.6273117192631388
Argentina,alto,Normal,deuda_me_usd,M,15,130.57965982747936,20.00665823326779
Argentina,alto,Normal,deuda_me_usd,M,16,140.26385302799537,0.0
Argentina,alto,Normal,deuda_me_usd,M,17,-201.0684027646665,
Argentina,alto,Normal,credito,M,0,-0.605191956437049,-1.178615180183943
Argentina,alto,Normal,credito,M,1,-1.806722021638261,-1.6674385821286348
Argentina,alto,Normal,credito,M,2,-2.1258672604287474,-1.9489658829898346
Argentina,alto,Normal,credito,M,3,-1.921364065702541,-1.7193500774428836
Argentina,alto,Normal,credito,M,4,-2.1086766321182333,-1.6307228961801914
Argentina,alto,Normal,credito,M,5,-2.5742856137584225,-1.6119761733555413
Argentina,alto,Normal,credito,M,6,-3.03315641596882,-1.6391506853768598
Argentina,alto,Normal,credito,M,7,-3.1081094124391244,-1.5248761701113467
Argentina,alto,Normal,credito,M,8,-3.397278279935384,-1.4476746231261246
Argentina,alto,Normal,credito,M,9,-3.61451040898147,-1.4450058364573277
Argentina,alto,Normal,credito,M,10,-3.3690277330111216,-1.4156483154954642
Argentina,alto,Normal,credito,M,11,-3.314547728297274,-1.3020588636212023
Argentina,alto,Normal,credito,M,12,-4.275490818844823,-1.5862205270675453
Argentina,alto,Normal,credito,M,13,-4.786241956487975,-1.7149524525203623
Argentina,alto,Normal,credito,M,14,-4.5082410913125655,-1.5796934991350047
Argentina,alto,Normal,credito,M,15,-4.8958720292503095,-1.5474347983398171
Argentina,alto,Normal,credito,M,16,-6.76794329587584,-1.984425760915252
Argentina,alto,Normal,credito,M,17,-5.761059065478132,-1.6643664697152425
Argentina,alto,Normal,credito,M,18,-4.866796708616359,-1.2510993644048285
Argentina,alto,Estrés,ipc,M,0,0.11441451852012174,0.16137253346573696
Argentina,alto,Estrés,ipc,M,1,0.5064153978509347,0.3212362299255618
Argentina,alto,Estrés,ipc,M,2,-0.30085829270143405,-0.12623131086951794
Argentina,alto,Estrés,ipc,M,3,-2.512527018483313,-0.6789397913839266
Argentina,alto,Estrés,ipc,M,4,-2.7803163532564077,-0.5008878873585598
Argentina,alto,Estrés,ipc,M,5,-2.116564329523526,-0.30329601057240435
Argentina,alto,Estrés,ipc,M,6,-3.0352330325843955,-0.374699867546766
Argentina,alto,Estrés,ipc,M,7,-4.778431981152818,-0.5062606537678996
Argentina,alto,Estrés,ipc,M,8,-6.557166657351248,-0.6000214354134338
Argentina,alto,Estrés,ipc,M,9,-9.09253383051503,-0.729076675748347
Argentina,alto,Estrés,ipc,M,10,-11.527780322086905,-0.8136408566558619
Argentina,alto,Estrés,ipc,M,11,-13.120563684128545,-0.8163045430896987
Argentina,alto,Estrés,ipc,M,12,-14.094883525265029,-0.7978310394085201
Argentina,alto,Estrés,ipc,M,13,-15.911578867997278,-0.858426731298076
Argentina,alto,Estrés,ipc,M,14,-17.580038825759882,-0.9157969984467472
Argentina,alto,Estrés,ipc,M,15,-19.061285876921872,-0.9666732609084052
Argentina,alto,Estrés,ipc,M,16,-18.805136709277956,-0.9498318590732449
Argentina,alto,Estrés,ipc,M,17,-20.895048777836898,-0.9581149921746794
Argentina,alto,Estrés,ipc,M,18,-24.143394381296787,-0.9677261758077689
Argentina,alto,Estrés,expect,M,0,-0.45165827968098393,-0.10294538061084536
Argentina,alto,Estrés,expect,M,1,-5.986843826129263,-0.9006489427664928
Argentina,alto,Estrés,expect,M,2,-14.590156249484323,-1.3498446137096154
Argentina,alto,Estrés,expect,M,3,-18.495496953167688,-1.2087727238309156
Argentina,alto,Estrés,expect,M,4,-26.101180368786892,-1.6172132303942206
Argentina,alto,Estrés,expect,M,5,-35.070670434267456,-2.0303018534868547
Argentina,alto,Estrés,expect,M,6,-41.43970576295906,-2.206091045241669
Argentina,alto,Estrés,expect,M,7,-47.164357197103605,-2.3420548563466355
Argentina,alto,Estrés,expect,M,8,-55.399662360792746,-2.42620048479904
Argentina,alto,Estrés,expect,M,9,-64.968894753694,-2.158350445109583
Argentina,alto,Estrés,expect,M,10,-69.5089823474358,-1.9460652394134483
Argentina,alto,Estrés,expect,M,11,-68.8583731599712,-1.8109418888425886
Argentina,alto,Estrés,expect,M,12,-65.38063249608275,-1.624012463658169
Argentina,alto,Estrés,expect,M,13,-68.32787750047386,-1.6408321099999363
Argentina,alto,Estrés,expect,M,14,-63.664515118899004,-1.6957645552950478
Argentina,alto,Estrés,expect,M,15,-63.50803333612884,-1.695779882031765
Argentina,alto,Estrés,expect,M,16,-59.859304275046235,-1.6569570190922667
Argentina,alto,Estrés,expect,M,17,-53.030480506017525,-1.5294375570307448
Argentina,alto,Estrés,expect,M,18,-49.56074403113033,-1.5141503234441442
Argentina,alto,Estrés,tasa,M,0,-1.0744810011035266,-0.3912800712743124
Argentina,alto,Estrés,tasa,M,1,0.49280291696968825,0.0955827711846981
Argentina,alto,Estrés,tasa,M,2,-0.48819669984064884,-0.06008011672462464
Argentina,alto,Estrés,tasa,M,3,-1.140388833540546,-0.10919528726039633
Argentina,alto,Estrés,tasa,M,4,-3.303746697901305,-0.2914326491633284
Argentina,alto,Estrés,tasa,M,5,-6.709724287176625,-0.5292252750355931
Argentina,alto,Estrés,tasa,M,6,-6.622790126173248,-0.48161194507583655
Argentina,alto,Estrés,tasa,M,7,-5.622259381167854,-0.3742118784270072
Argentina,alto,Estrés,tasa,M,8,-8.611791593249238,-0.5168975917731069
Argentina,alto,Estrés,tasa,M,9,-15.867866646279218,-0.8614088154883429
Argentina,alto,Estrés,tasa,M,10,-18.65056364291776,-0.8448471801502726
Argentina,alto,Estrés,tasa,M,11,-12.126211506665623,-0.5211921814344912
Argentina,alto,Estrés,tasa,M,12,-5.519386946860181,-0.2401274315250965
Argentina,alto,Estrés,tasa,M,13,-3.7103328068775556,-0.16835126471641068
Argentina,alto,Estrés,tasa,M,14,-3.1935238909187853,-0.152578208784961
Argentina,alto,Estrés,tasa,M,15,-5.316686528111595,-0.28135942346100323
Argentina,alto,Estrés,tasa,M,16,-6.7511622839202845,-0.3610775108331947
Argentina,alto,Estrés,tasa,M,17,-6.347773914208195,-0.3888752536082313
Argentina,alto,Estrés,tasa,M,18,-7.1268793649184214,-0.464671844607959
Argentina,alto,Estrés,salario,M,0,-0.00788076387537795,-0.011144801033681475
Argentina,alto,Estrés,salario,M,1,-0.2537785930366536,-0.25660530850763386
Argentina,alto,Estrés,salario,M,2,-0.874793787789818,-0.73870725798122
Argentina,alto,Estrés,salario,M,3,0.5514375938498699,0.375913677989736
Argentina,alto,Estrés,salario,M,4,-2.1088521774860207,-0.958266326638967
Argentina,alto,Estrés,salario,M,5,-3.707965888680314,-1.25643945700988
Argentina,alto,Estrés,salario,M,6,-2.721517331951333,-0.9689183788992272
Argentina,alto,Estrés,salario,M,7,-1.9600629799325517,-0.6611564891619128
Argentina,alto,Estrés,salario,M,8,-1.1435381463393868,-0.3871168061172155
Argentina,alto,Estrés,salario,M,9,0.8736206833807518,0.31634504829829824
Argentina,alto,Estrés,salario,M,10,1.3292680045273606,0.4484280511338183
Argentina,alto,Estrés,salario,M,11,2.257687763606585,0.7121716001404299
Argentina,alto,Estrés,salario,M,12,1.884999274768977,0.612923624045655
Argentina,alto,Estrés,salario,M,13,2.7605308968279134,0.988070473453256
Argentina,alto,Estrés,salario,M,14,2.1049520797909747,0.8824916653233185
Argentina,alto,Estrés,salario,M,15,2.153630947676084,0.8252861012926503
Argentina,alto,Estrés,salario,M,16,2.522918061016255,0.9244289874155466
Argentina,alto,Estrés,salario,M,17,4.869030555587602,1.191149816289522
Argentina,alto,Estrés,salario,M,18,4.816368469597307,1.2395195781033064
Argentina,alto,Estrés,fx,M,0,-1.735972661343244,-0.6877243806598801
Argentina,alto,Estrés,fx,M,1,-1.9919875536001967,-0.4741070550572842
Argentina,alto,Estrés,fx,M,2,-6.218884481085677,-1.1769167403667198
Argentina,alto,Estrés,fx,M,3,-11.139855311335966,-1.8300814399053316
Argentina,alto,Estrés,fx,M,4,-12.832478288325541,-2.160587323941369
Argentina,alto,Estrés,fx,M,5,-14.546883191002337,-2.0243769599024186
Argentina,alto,Estrés,fx,M,6,-16.581477146410453,-2.0797993307619462
Argentina,alto,Estrés,fx,M,7,-21.134099657291163,-2.1143796661779106
Argentina,alto,Estrés,fx,M,8,-31.25136207630043,-2.9978446569577106
Argentina,alto,Estrés,fx,M,9,-32.81247728656095,-2.930281971708134
Argentina,alto,Estrés,fx,M,10,-33.37167169887624,-2.968643245447697
Argentina,alto,Estrés,fx,M,11,-35.62038486825007,-3.3558020844149508
Argentina,alto,Estrés,fx,M,12,-33.44589795010063,-3.4389326081049436
Argentina,alto,Estrés,fx,M,13,-38.10451693224997,-4.162810777638645
Argentina,alto,Estrés,fx,M,14,-37.246672911472956,-4.586426461715432
Argentina,alto,Estrés,fx,M,15,-35.17311053175834,-3.352784511345255
Argentina,alto,Estrés,fx,M,16,-27.11343168526814,-2.9211568286621716
Argentina,alto,Estrés,fx,M,17,-24.738478065630808,-2.3483552036230355
Argentina,alto,Estrés,fx,M,18,-24.688686300186006,-2.022733327069805
Argentina,alto,Estrés,pasivos,M,0,-8.327434405810141,-1.7100988728648057
Argentina,alto,Estrés,pasivos,M,1,-0.5099242768205943,-0.05755809647185824
Argentina,alto,Estrés,pasivos,M,2,-2.7847346531431603,-0.27714995966020994
Argentina,alto,Estrés,pasivos,M,3,1.68537798364141,0.1181548222882577
Argentina,alto,Estrés,pasivos,M,4,-12.927072668057097,-0.7571149964041248
Argentina,alto,Estrés,pasivos,M,5,-21.70269746083616,-1.0898327438536504
Argentina,alto,Estrés,pasivos,M,6,-10.60839085334591,-0.4735479408338176
Argentina,alto,Estrés,pasivos,M,7,-11.93226960619527,-0.4225461678516141
Argentina,alto,Estrés,pasivos,M,8,-16.65272859662312,-0.6192955338921627
Argentina,alto,Estrés,pasivos,M,9,-7.33829509846721,-0.2927666470859508
Argentina,alto,Estrés,pasivos,M,10,-1.9870794144539605,-0.08670096827937201
Argentina,alto,Estrés,pasivos,M,11,-2.352463562834746,-0.10079058414956621
Argentina,alto,Estrés,pasivos,M,12,-0.3748127951693423,-0.014452195905218766
Argentina,alto,Estrés,pasivos,M,13,1.174593116875954,0.04407093122401406
Argentina,alto,Estrés,pasivos,M,14,-0.7124590181721322,-0.02879054584734686
Argentina,alto,Estrés,pasivos,M,15,1.9714507754881438,0.0874537052688951
Argentina,alto,Estrés,pasivos,M,16,10.57583965251666,0.46813838525895346
Argentina,alto,Estrés,pasivos,M,17,16.488905189909666,0.5674003233160779
Argentina,alto,Estrés,pasivos,M,18,5.552521595763027,0.2027663337831158
Argentina,alto,Estrés,deuda_me_usd,M,0,0.04701165253669437,0.0003706959574554453
Argentina,alto,Estrés,deuda_me_usd,M,1,-91.01963489262982,-0.5316296324534392
Argentina,alto,Estrés,deuda_me_usd,M,2,-154.75368368102352,-0.789674321557682
Argentina,alto,Estrés,deuda_me_usd,M,3,-156.79366836518426,-0.6810214085771354
Argentina,alto,Estrés,deuda_me_usd,M,4,-174.7262182393162,-0.8176826938253314
Argentina,alto,Estrés,deuda_me_usd,M,5,-196.33680349582067,-1.08790679100548
Argentina,alto,Estrés,deuda_me_usd,M,6,-162.08475987323965,-0.6166438337430153
Argentina,alto,Estrés,deuda_me_usd,M,7,-203.38609748492928,-0.4964806999665176
Argentina,alto,Estrés,deuda_me_usd,M,8,-227.94557215367627,-0.4258985113644877
Argentina,alto,Estrés,deuda_me_usd,M,9,-204.55822157899718,-0.35339647699705706
Argentina,alto,Estrés,deuda_me_usd,M,10,-248.79230967178452,-0.35455019887196043
Argentina,alto,Estrés,deuda_me_usd,M,11,-821.1337268759714,-1.339055849457376
Argentina,alto,Estrés,deuda_me_usd,M,12,-877.7122154248488,-1.2536275717037004
Argentina,alto,Estrés,deuda_me_usd,M,13,-824.9557064441424,-0.8456217525587587
Argentina,alto,Estrés,deuda_me_usd,M,14,-1184.6151938922876,-1.2260741258147365
Argentina,alto,Estrés,deuda_me_usd,M,15,-2509.2371118256997,-32.68650729462968
Argentina,alto,Estrés,deuda_me_usd,M,16,-2682.048102353465,
Argentina,alto,Estrés,deuda_me_usd,M,17,-1837.0077970504951,
Argentina,alto,Estrés,credito,M,0,-0.22199115812621834,-0.15161192896670617
Argentina,alto,Estrés,credito,M,1,0.8639645321230793,0.32583716977070404
Argentina,alto,Estrés,credito,M,2,1.8648488712621187,0.544116019496316
Argentina,alto,Estrés,credito,M,3,3.723029883252165,0.8195324576237009
Argentina,alto,Estrés,credito,M,4,5.662824228322142,0.9558061872871395
Argentina,alto,Estrés,credito,M,5,4.430206675736102,0.6226437044077843
Argentina,alto,Estrés,credito,M,6,6.5848464194524094,0.8279830185249851
Argentina,alto,Estrés,credito,M,7,7.6230395408625915,0.8410736768829565
Argentina,alto,Estrés,credito,M,8,7.217999764799318,0.7380282906589413
Argentina,alto,Estrés,credito,M,9,8.698556145173068,0.8787729000224292
Argentina,alto,Estrés,credito,M,10,11.452003961463774,1.1130612108216813
Argentina,alto,Estrés,credito,M,11,13.419350012731947,1.2132944886651877
Argentina,alto,Estrés,credito,M,12,14.091683253854569,1.1957948476997033
Argentina,alto,Estrés,credito,M,13,14.2677349778663,1.154478232759074
Argentina,alto,Estrés,credito,M,14,14.998663713129023,1.1297081818831527
Argentina,alto,Estrés,credito,M,15,15.858870337958574,1.1614415515149008
Argentina,alto,Estrés,credito,M,16,14.978169168415368,1.0307988246477138
Argentina,alto,Estrés,credito,M,17,16.795905105131077,0.9683281032038672
Argentina,alto,Estrés,credito,M,18,19.22637978180632,0.9989072150082517
Argentina,alto,Sin estrés,ipc,M,0,1.0657515090862975,1.9243597490275481
Argentina,alto,Sin estrés,ipc,M,1,2.128480933929279,2.1574227863437447
Argentina,alto,Sin estrés,ipc,M,2,2.4465066420731247,2.2178385140147947
Argentina,alto,Sin estrés,ipc,M,3,2.0811754151725346,2.0025606989816547
Argentina,alto,Sin estrés,ipc,M,4,2.129767958893855,1.741206132582908
Argentina,alto,Sin estrés,ipc,M,5,2.3711652612555594,1.6784951467184142
Argentina,alto,Sin estrés,ipc,M,6,2.67500649231951,1.6262056032997707
Argentina,alto,Sin estrés,ipc,M,7,2.928069302566319,1.5580322150906973
Argentina,alto,Sin estrés,ipc,M,8,3.285582162037269,1.6712213956333044
Argentina,alto,Sin estrés,ipc,M,9,3.7418585404221707,1.8503449553307285
Argentina,alto,Sin estrés,ipc,M,10,3.7954859897197317,1.7896257366343937
Argentina,alto,Sin estrés,ipc,M,11,4.110863673006327,1.7226411801773174
Argentina,alto,Sin estrés,ipc,M,12,4.9330313146009726,1.832582894889176
Argentina,alto,Sin estrés,ipc,M,13,5.211959136327856,1.7592104286975843
Argentina,alto,Sin estrés,ipc,M,14,5.238338666116326,1.6190751836716395
Argentina,alto,Sin estrés,ipc,M,15,5.85521097465225,1.5594974134103576
Argentina,alto,Sin estrés,ipc,M,16,8.7813150301548,1.923833520522884
Argentina,alto,Sin estrés,ipc,M,17,10.158932679558244,1.9245820068127608
Argentina,alto,Sin estrés,ipc,M,18,9.56772823868191,1.7841568916589337
Argentina,alto,Sin estrés,expect,M,0,1.5968613912407574,1.4125909902975746
Argentina,alto,Sin estrés,expect,M,1,0.43926477000417374,0.1528158473124764
Argentina,alto,Sin estrés,expect,M,2,-6.552325477600622,-1.3703060768678763
Argentina,alto,Sin estrés,expect,M,3,-7.019687291977442,-1.1469607255052192
Argentina,alto,Sin estrés,expect,M,4,-8.475629615964603,-1.1131330210086854
Argentina,alto,Sin estrés,expect,M,5,-11.302187390827294,-1.278499594550874
Argentina,alto,Sin estrés,expect,M,6,-11.23398776525514,-1.242943176267734
Argentina,alto,Sin estrés,expect,M,7,-10.706730251145984,-1.2972423806379527
Argentina,alto,Sin estrés,expect,M,8,-9.166847029795775,-1.007495982417214
Argentina,alto,Sin estrés,expect,M,9,-8.076470212792238,-0.8821378560735053
Argentina,alto,Sin estrés,expect,M,10,-7.099758170038159,-0.8080847053541619
Argentina,alto,Sin estrés,expect,M,11,-6.8494212262539484,-0.8003851807316952
Argentina,alto,Sin estrés,expect,M,12,-7.029212525097378,-0.8280841078497841
Argentina,alto,Sin estrés,expect,M,13,-10.34670971639038,-1.3152797741988584
Argentina,alto,Sin estrés,expect,M,14,-10.037914146052973,-1.4744719343525172
Argentina,alto,Sin estrés,expect,M,15,-8.194390310058314,-1.2156856038245911
Argentina,alto,Sin estrés,expect,M,16,3.00670837730772,0.3538931968126605
Argentina,alto,Sin estrés,expect,M,17,6.6926374372584325,0.677142393413182
Argentina,alto,Sin estrés,expect,M,18,7.612149891657033,0.7740289715376801
Argentina,alto,Sin estrés,tasa,M,0,0.7126441657697856,0.6711153195795616
Argentina,alto,Sin estrés,tasa,M,1,1.2413757820049869,0.6047400761417508
Argentina,alto,Sin estrés,tasa,M,2,1.1095779370310805,0.4292978247589151
Argentina,alto,Sin estrés,tasa,M,3,-1.2357596056550544,-0.3143696605477069
Argentina,alto,Sin estrés,tasa,M,4,-2.2796924179897067,-0.515647656027353
Argentina,alto,Sin estrés,tasa,M,5,-4.052410616538906,-0.6842269753893615
Argentina,alto,Sin estrés,tasa,M,6,-2.947376687100832,-0.5438842073824537
Argentina,alto,Sin estrés,tasa,M,7,-2.00363441177753,-0.41528848552347514
Argentina,alto,Sin estrés,tasa,M,8,-4.128084950596046,-0.9663216350025778
Argentina,alto,Sin estrés,tasa,M,9,-3.4014848260903556,-0.7575427366671261
Argentina,alto,Sin estrés,tasa,M,10,-2.4217307083047235,-0.5138161662640485
Argentina,alto,Sin estrés,tasa,M,11,-0.6549400713475925,-0.1273293805487133
Argentina,alto,Sin estrés,tasa,M,12,-0.08188892354194843,-0.015020280092395703
Argentina,alto,Sin estrés,tasa,M,13,-2.1178776514892212,-0.40716616546836376
Argentina,alto,Sin estrés,tasa,M,14,-2.0628416696648717,-0.4080983159271115
Argentina,alto,Sin estrés,tasa,M,15,-2.494621990373073,-0.5069377137948393
Argentina,alto,Sin estrés,tasa,M,16,-0.8494624214730466,-0.16361778451367945
Argentina,alto,Sin estrés,tasa,M,17,-2.1192668498356038,-0.3931247577603224
Argentina,alto,Sin estrés,tasa,M,18,-3.334915380133919,-0.5487610692099995
Argentina,alto,Sin estrés,salario,M,0,-1.1166916098391155,-2.0075036226396232
Argentina,alto,Sin estrés,salario,M,1,-1.670191222232997,-2.011339795064511
Argentina,alto,Sin estrés,salario,M,2,-1.6966544900622373,-2.3681110351241914
Argentina,alto,Sin estrés,salario,M,3,-1.462396058709603,-1.6887293813338373
Argentina,alto,Sin estrés,salario,M,4,-1.8647607685956433,-2.0095128229114456
Argentina,alto,Sin estrés,salario,M,5,-2.0158405971322018,-1.894167635090013
Argentina,alto,Sin estrés,salario,M,6,-1.9547592548854316,-1.9206925955914715
Argentina,alto,Sin estrés,salario,M,7,-2.3883840734801898,-2.1060357633239626
Argentina,alto,Sin estrés,salario,M,8,-2.9346676761870287,-2.553293280775754
Argentina,alto,Sin estrés,salario,M,9,-2.862425958937025,-2.7826427476542013
Argentina,alto,Sin estrés,salario,M,10,-3.349967103637189,-3.1549070705190765
Argentina,alto,Sin estrés,salario,M,11,-3.917281911146915,-2.5940143533099844
Argentina,alto,Sin estrés,salario,M,12,-4.351910239305712,-2.6082690878738224
Argentina,alto,Sin estrés,salario,M,13,-4.48956405093328,-2.665480253763172
Argentina,alto,Sin estrés,salario,M,14,-4.916678232413048,-3.0625075520337384
Argentina,alto,Sin estrés,salario,M,15,-4.600247945566176,-2.816083317563723
Argentina,alto,Sin estrés,salario,M,16,-4.32836473527746,-2.996860582887599
Argentina,alto,Sin estrés,salario,M,17,-3.9092682144643582,-2.8545325143224813
Argentina,alto,Sin estrés,salario,M,18,-3.7371947449161924,-1.5016925439945303
Argentina,alto,Sin estrés,fx,M,0,2.2103944741028796,1.9441463085579826
Argentina,alto,Sin estrés,fx,M,1,5.171289431629599,2.2786859305846923
Argentina,alto,Sin estrés,fx,M,2,2.9092264898023745,1.139105023275325
Argentina,alto,Sin estrés,fx,M,3,2.7830379047474185,0.7892351908957425
Argentina,alto,Sin estrés,fx,M,4,1.5876553428117905,0.38734840641259916
Argentina,alto,Sin estrés,fx,M,5,2.238463111162786,0.6080650923925335
Argentina,alto,Sin estrés,fx,M,6,3.825092423622872,0.8503645920354351
Argentina,alto,Sin estrés,fx,M,7,2.1135690070650215,0.3881440489797976
Argentina,alto,Sin estrés,fx,M,8,1.7600619724298041,0.2955304353505098
Argentina,alto,Sin estrés,fx,M,9,3.498081812693275,0.5091302418798961
Argentina,alto,Sin estrés,fx,M,10,2.7219349403823228,0.3609175854672468
Argentina,alto,Sin estrés,fx,M,11,1.7592442181603836,0.227601876505625
Argentina,alto,Sin estrés,fx,M,12,3.5458267516962136,0.4643642545649873
Argentina,alto,Sin estrés,fx,M,13,6.073265267317402,0.8386545724057639
Argentina,alto,Sin estrés,fx,M,14,8.049958186760263,1.1332486323875668
Argentina,alto,Sin estrés,fx,M,15,8.53665440523951,1.394469570817071
Argentina,alto,Sin estrés,fx,M,16,13.394970620050103,2.1947376985377134
Argentina,alto,Sin estrés,fx,M,17,15.99226059021667,2.791076104685658
Argentina,alto,Sin estrés,fx,M,18,20.037324403326473,3.8549278801343196
Argentina,alto,Sin estrés,pasivos,M,0,-0.4877314758317356,-0.14789027708089164
Argentina,alto,Sin estrés,pasivos,M,1,8.864807458027688,1.4761379470455438
Argentina,alto,Sin estrés,pasivos,M,2,3.854681127609168,0.5154717820776776
Argentina,alto,Sin estrés,pasivos,M,3,2.329820575053928,0.2508128589707042
Argentina,alto,Sin estrés,pasivos,M,4,-3.162047048235675,-0.29775017460479025
Argentina,alto,Sin estrés,pasivos,M,5,-0.05892050411139471,-0.004318198262216024
Argentina,alto,Sin estrés,pasivos,M,6,-6.345977929818152,-0.36119155744898995
Argentina,alto,Sin estrés,pasivos,M,7,-17.99230542820696,-0.9964527374571511
Argentina,alto,Sin estrés,pasivos,M,8,-19.59258625343596,-1.057834548055677
Argentina,alto,Sin estrés,pasivos,M,9,-8.704847174071986,-0.4196475255605329
Argentina,alto,Sin estrés,pasivos,M,10,-15.023756824678992,-0.6828998236507797
Argentina,alto,Sin estrés,pasivos,M,11,-12.752991904115914,-0.5633168621660077
Argentina,alto,Sin estrés,pasivos,M,12,-12.717307555133976,-0.5615589973426216
Argentina,alto,Sin estrés,pasivos,M,13,-13.468292882262393,-0.5638940149157516
Argentina,alto,Sin estrés,pasivos,M,14,-11.892676292504666,-0.4908174771615654
Argentina,alto,Sin estrés,pasivos,M,15,-16.888728032979337,-0.6631783034779916
Argentina,alto,Sin estrés,pasivos,M,16,-6.290049800501353,-0.2739827686595227
Argentina,alto,Sin estrés,pasivos,M,17,0.1766930505062696,0.007039455784713729
Argentina,alto,Sin estrés,pasivos,M,18,-6.934057175532233,-0.26814426313195705
Argentina,alto,Sin estrés,deuda_me_usd,M,0,19.078367343107722,0.9498297494417329
Argentina,alto,Sin estrés,deuda_me_usd,M,1,24.568883239553102,0.9064474467771924
Argentina,alto,Sin estrés,deuda_me_usd,M,2,32.202069022813625,1.1395728337652176
Argentina,alto,Sin estrés,deuda_me_usd,M,3,28.59614992736362,0.8976012476415559
Argentina,alto,Sin estrés,deuda_me_usd,M,4,22.756053217172653,0.6302965201918481
Argentina,alto,Sin estrés,deuda_me_usd,M,5,1.4114293153442297,0.040587185619380566
Argentina,alto,Sin estrés,deuda_me_usd,M,6,3.9595216287916166,0.10827372963600598
Argentina,alto,Sin estrés,deuda_me_usd,M,7,26.666880588869795,0.5751279110894358
Argentina,alto,Sin estrés,deuda_me_usd,M,8,45.532430470102696,0.8828767275964939
Argentina,alto,Sin estrés,deuda_me_usd,M,9,46.68735712566969,0.7681557604782319
Argentina,alto,Sin estrés,deuda_me_usd,M,10,53.01636707235363,0.7371952417467955
Argentina,alto,Sin estrés,deuda_me_usd,M,11,46.29625788906594,0.6438735961470181
Argentina,alto,Sin estrés,deuda_me_usd,M,12,56.107706391060496,0.6133339746152556
Argentina,alto,Sin estrés,deuda_me_usd,M,13,72.22690898392624,0.6803042420792839
Argentina,alto,Sin estrés,deuda_me_usd,M,14,112.0332930379783,2.5666384629527705
Argentina,alto,Sin estrés,credito,M,0,-0.5924333038463362,-1.142535143002272
Argentina,alto,Sin estrés,credito,M,1,-1.7303291229937912,-1.6836653930779655
Argentina,alto,Sin estrés,credito,M,2,-1.8714730894578688,-1.8280928379664367
Argentina,alto,Sin estrés,credito,M,3,-1.4695758766813438,-1.4156693964786373
Argentina,alto,Sin estrés,credito,M,4,-1.187165599630035,-1.0617349295320302
Argentina,alto,Sin estrés,credito,M,5,-1.163620318532797,-0.8565219575286663
Argentina,alto,Sin estrés,credito,M,6,-1.1144369027962133,-0.7264205830635577
Argentina,alto,Sin estrés,credito,M,7,-0.9801682818158479,-0.5204464462008614
Argentina,alto,Sin estrés,credito,M,8,-1.158766002269923,-0.563099652864566
Argentina,alto,Sin estrés,credito,M,9,-0.9800601888810956,-0.44273986098435314
Argentina,alto,Sin estrés,credito,M,10,-0.8318794362798848,-0.35830636743538247
Argentina,alto,Sin estrés,credito,M,11,-0.9261299474230055,-0.4068455778287289
Argentina,alto,Sin estrés,credito,M,12,-1.8676212507588668,-0.8695790008092984
Argentina,alto,Sin estrés,credito,M,13,-2.4585685050783557,-1.0778747618153333
Argentina,alto,Sin estrés,credito,M,14,-2.38609396336251,-0.967212508006903
Argentina,alto,Sin estrés,credito,M,15,-2.6978549964514684,-0.9106161769343558
Argentina,alto,Sin estrés,credito,M,16,-4.841431848578863,-1.5661170509648246
Argentina,alto,Sin estrés,credito,M,17,-3.4732866351285496,-0.96536800405429
Argentina,alto,Sin estrés,credito,M,18,-3.0267190569146263,-0.8260182506595539
Rusia,alto,Exceso,ipc,M,0,0.17029959087736715,0.5024875892917808
Rusia,alto,Exceso,ipc,M,1,-0.2512353821057722,-0.587255725375408
Rusia,alto,Exceso,ipc,M,2,-0.5723735320871012,-0.7898764114618891
Rusia,alto,Exceso,ipc,M,3,-0.2049656843211653,-0.33220028230227416
Rusia,alto,Exceso,ipc,M,4,0.09933645751656643,0.1462567537849527
Rusia,alto,Exceso,ipc,M,5,0.11538275884503701,0.15519392987587377
Rusia,alto,Exceso,ipc,M,6,0.24056636717671576,0.2861882241195642
Rusia,alto,Exceso,ipc,M,7,0.46083577195372233,0.4881090032578521
Rusia,alto,Exceso,ipc,M,8,0.30371021695017686,0.2940694189659287
Rusia,alto,Exceso,ipc,M,9,-0.1357547572555584,-0.12553793388049478
Rusia,alto,Exceso,ipc,M,10,-0.22256927599253865,-0.18784949598837414
Rusia,alto,Exceso,ipc,M,11,-0.28094811673868475,-0.22786961156486682
Rusia,alto,Exceso,ipc,M,12,-0.3311374425478393,-0.2515252490410841
Rusia,alto,Exceso,ipc,M,13,-0.025610187606415036,-0.01700896426170618
Rusia,alto,Exceso,ipc,M,14,-0.21770128548835443,-0.14255773315441184
Rusia,alto,Exceso,ipc,M,15,-0.21972159482707943,-0.1424701025568548
Rusia,alto,Exceso,ipc,M,16,-0.0929157570790895,-0.05663275979332534
Rusia,alto,Exceso,ipc,M,17,0.08661367615379992,0.0491528863531211
Rusia,alto,Exceso,ipc,M,18,-0.049280550256988714,-0.027079273868303208
Rusia,alto,Exceso,tasa,M,0,-0.9989027251890645,-1.5369900296846755
Rusia,alto,Exceso,tasa,M,1,0.07319782734065872,0.0973837804234271
Rusia,alto,Exceso,tasa,M,2,-0.231763914534737,-0.26757137131825914
Rusia,alto,Exceso,tasa,M,3,-0.8630080384632779,-0.7950923157013002
Rusia,alto,Exceso,tasa,M,4,0.5399944585407425,0.6216518215068454
Rusia,alto,Exceso,tasa,M,5,1.1796025622649804,1.3188492764647897
Rusia,alto,Exceso,tasa,M,6,1.8463805223586582,2.5993831259942914
Rusia,alto,Exceso,tasa,M,7,1.979148569460512,2.4198389169801025
Rusia,alto,Exceso,tasa,M,8,1.7153348334704153,1.9467738241563783
Rusia,alto,Exceso,tasa,M,9,1.5915060559467489,1.8578469005228286
Rusia,alto,Exceso,tasa,M,10,2.3589749581383854,2.7165127701774323
Rusia,alto,Exceso,tasa,M,11,2.41522527222569,2.1237339784040974
Rusia,alto,Exceso,tasa,M,12,1.6183373793515443,1.2489177963849147
Rusia,alto,Exceso,tasa,M,13,2.18683372409541,1.7761945213987829
Rusia,alto,Exceso,tasa,M,14,1.731799345095489,1.5010931959546125
Rusia,alto,Exceso,tasa,M,15,2.3652752480014674,2.172172317502969
Rusia,alto,Exceso,tasa,M,16,1.9043032764740047,1.5137269612629611
Rusia,alto,Exceso,tasa,M,17,1.4298921915908398,1.088086049495005
Rusia,alto,Exceso,tasa,M,18,1.9235572688974338,1.5741190068028759
Rusia,alto,Exceso,fx,M,0,0.12230609957765148,0.1498667546763178
Rusia,alto,Exceso,fx,M,1,-0.7708001034823192,-0.6662268966197344
Rusia,alto,Exceso,fx,M,2,-1.1848385479962804,-0.6652508497688863
Rusia,alto,Exceso,fx,M,3,-0.21514408590613343,-0.12242824212394628
Rusia,alto,Exceso,fx,M,4,0.5004603700886973,0.23844091849742494
Rusia,alto,Exceso,fx,M,5,-0.36298383872822726,-0.17060335599893692
Rusia,alto,Exceso,fx,M,6,-0.5622513097786253,-0.2376056685405244
Rusia,alto,Exceso,fx,M,7,0.7039551618926754,0.26270519079182986
Rusia,alto,Exceso,fx,M,8,-0.03326127655643074,-0.012403146238820648
Rusia,alto,Exceso,fx,M,9,-1.068246357659209,-0.3913397559762027
Rusia,alto,Exceso,fx,M,10,0.333196786523856,0.13899300603285875
Rusia,alto,Exceso,fx,M,11,1.603343602781616,0.6587234058681323
Rusia,alto,Exceso,fx,M,12,1.943648953186918,0.7499923286040703
Rusia,alto,Exceso,fx,M,13,2.48376993267054,0.8338976056316606
Rusia,alto,Exceso,fx,M,14,1.8403290954309597,0.6651671485830503
Rusia,alto,Exceso,fx,M,15,0.6763231795965721,0.2573738070972379
Rusia,alto,Exceso,fx,M,16,0.1324907982269888,0.04813247642960532
Rusia,alto,Exceso,fx,M,17,1.2789704315309336,0.4538263706814189
Rusia,alto,Exceso,fx,M,18,1.1971716239127344,0.42069414025347235
Rusia,alto,Exceso,credito,Q,0,0.9215849180594801,1.278501652923885
Rusia,alto,Exceso,credito,Q,1,1.4615758142574544,1.485217604512781
Rusia,alto,Exceso,credito,Q,2,1.6346689511483405,1.3339354215792922
Rusia,alto,Exceso,credito,Q,3,1.9233524881692157,1.2238251459797902
Rusia,alto,Exceso,credito,Q,4,2.571530698557477,1.2715000795203157
Rusia,alto,Exceso,credito,Q,5,2.781672879708956,1.424554630080968
Rusia,alto,Exceso,credito,Q,6,2.8942407788523252,1.3521621843381642
Rusia,alto,M-actividad,ipc,M,0,0.11300521775230726,0.5076395156212579
Rusia,alto,M-actividad,ipc,M,1,-0.12457653453958376,-0.40737696285633856
Rusia,alto,M-actividad,ipc,M,2,-0.03426705686691544,-0.07669995476492203
Rusia,alto,M-actividad,ipc,M,3,0.8937393298244244,1.2559632688026938
Rusia,alto,M-actividad,ipc,M,4,1.5201947890097671,1.2721745988360038
Rusia,alto,M-actividad,ipc,M,5,1.4823415445984478,1.2476474380655052
Rusia,alto,M-actividad,ipc,M,6,0.9433023598453127,0.8059531435106086
Rusia,alto,M-actividad,ipc,M,7,0.6914969407071587,0.48985881918307456
Rusia,alto,M-actividad,ipc,M,8,1.6928997684265783,1.1531887255113085
Rusia,alto,M-actividad,ipc,M,9,1.5702525188681524,1.077678770248197
Rusia,alto,M-actividad,ipc,M,10,1.4280777251386831,0.9606390173207789
Rusia,alto,M-actividad,ipc,M,11,1.6896445549338914,1.0609606936115814
Rusia,alto,M-actividad,ipc,M,12,1.8356745849063656,1.1037655202250005
Rusia,alto,M-actividad,ipc,M,13,2.2364556785839502,1.3054512049569065
Rusia,alto,M-actividad,ipc,M,14,2.160805358040896,1.2521636566782073
Rusia,alto,M-actividad,ipc,M,15,2.0607797445830274,1.1846123426804176
Rusia,alto,M-actividad,ipc,M,16,2.3295325796540904,1.3075000961368675
Rusia,alto,M-actividad,ipc,M,17,2.6921274574667597,1.4959154182744532
Rusia,alto,M-actividad,ipc,M,18,2.747279307082842,1.5218004997959096
Rusia,alto,M-actividad,tasa,M,0,-1.44434294261959,-1.7262334862716686
Rusia,alto,M-actividad,tasa,M,1,0.2727894467570464,0.30611750648841923
Rusia,alto,M-actividad,tasa,M,2,-0.049498792966618146,-0.045181209652164496
Rusia,alto,M-actividad,tasa,M,3,-0.9159389431068152,-0.8481480429390909
Rusia,alto,M-actividad,tasa,M,4,0.7198263727441401,0.6305792876172989
Rusia,alto,M-actividad,tasa,M,5,-0.5292729625206885,-0.43412239488677395
Rusia,alto,M-actividad,tasa,M,6,0.3669501323097551,0.2759729074214911
Rusia,alto,M-actividad,tasa,M,7,0.8605368146859191,0.5889845595024323
Rusia,alto,M-actividad,tasa,M,8,-0.9232902985611069,-0.6548239494337048
Rusia,alto,M-actividad,tasa,M,9,-0.10219590826477568,-0.07667084037969743
Rusia,alto,M-actividad,tasa,M,10,0.8702290119348512,0.7403988641248171
Rusia,alto,M-actividad,tasa,M,11,0.45407171703207405,0.3636564118203306
Rusia,alto,M-actividad,tasa,M,12,1.2887912618112674,0.7979932110849584
Rusia,alto,M-actividad,tasa,M,13,0.42974880552414607,0.31527962566299417
Rusia,alto,M-actividad,tasa,M,14,-0.11385907208949914,-0.08141909651558156
Rusia,alto,M-actividad,tasa,M,15,0.9596986645674308,0.686318212487656
Rusia,alto,M-actividad,tasa,M,16,1.0853870551346407,0.7485979559880037
Rusia,alto,M-actividad,tasa,M,17,1.3406385457162355,0.9796632861198874
Rusia,alto,M-actividad,tasa,M,18,1.8800932992270798,1.5168455493892372
Rusia,alto,M-actividad,fx,M,0,0.5935393602252235,0.8467870825938427
Rusia,alto,M-actividad,fx,M,1,0.5684350144765862,0.4192904904198181
Rusia,alto,M-actividad,fx,M,2,0.8834610626302654,0.4859892776770766
Rusia,alto,M-actividad,fx,M,3,2.9431366512993593,1.1242861007519571
Rusia,alto,M-actividad,fx,M,4,3.2116015129051148,0.8730568081158552
Rusia,alto,M-actividad,fx,M,5,0.4433054425484758,0.11022729449655044
Rusia,alto,M-actividad,fx,M,6,-2.2472749194433375,-0.5091913235763522
Rusia,alto,M-actividad,fx,M,7,-2.438162030784231,-0.49395957011472746
Rusia,alto,M-actividad,fx,M,8,-0.5539247551474442,-0.11796780632914808
Rusia,alto,M-actividad,fx,M,9,-0.3429757659273984,-0.07683888327912358
Rusia,alto,M-actividad,fx,M,10,-1.0220633007602622,-0.23569078501890856
Rusia,alto,M-actividad,fx,M,11,-0.5501982019013631,-0.12127722292034855
Rusia,alto,M-actividad,fx,M,12,-1.4496657978803094,-0.2956599275284564
Rusia,alto,M-actividad,fx,M,13,-1.761651614063721,-0.33057834599063607
Rusia,alto,M-actividad,fx,M,14,-1.8448991921431808,-0.3327039288539782
Rusia,alto,M-actividad,fx,M,15,-2.916289845552345,-0.529693683055986
Rusia,alto,M-actividad,fx,M,16,-2.559651963548658,-0.453552838503903
Rusia,alto,M-actividad,fx,M,17,-0.4303180404736773,-0.07552810569457248
Rusia,alto,M-actividad,fx,M,18,0.24885346809124026,0.04330709968111398
Rusia,alto,M-actividad,credito,Q,0,2.545922787061925,3.0245722884649697
Rusia,alto,M-actividad,credito,Q,1,3.8129013527997095,2.7201936184115914
Rusia,alto,M-actividad,credito,Q,2,4.29542710276344,2.066932158379525
Rusia,alto,M-actividad,credito,Q,3,4.608693252552144,2.0222031429074248
Rusia,alto,M-actividad,credito,Q,4,5.088824786108416,1.5261441456750082
Rusia,alto,M-actividad,credito,Q,5,4.805269356061439,1.3429933428635241
Rusia,alto,M-actividad,credito,Q,6,3.942799472245546,1.117093612935196
Rusia,alto,Exceso+act,ipc,M,0,0.19051179209997227,0.5276007787499447
Rusia,alto,Exceso+act,ipc,M,1,-0.11166439558717374,-0.2885661646351239
Rusia,alto,Exceso+act,ipc,M,2,-0.36541850810968857,-0.6206340556707111
Rusia,alto,Exceso+act,ipc,M,3,0.09667659745811352,0.16533188910498353
Rusia,alto,Exceso+act,ipc,M,4,0.354997705343339,0.43103395824668994
Rusia,alto,Exceso+act,ipc,M,5,0.4133158156523994,0.4535379525021568
Rusia,alto,Exceso+act,ipc,M,6,0.5987867398401158,0.5952973042292524
Rusia,alto,Exceso+act,ipc,M,7,0.7903706644418721,0.6778155037964577
Rusia,alto,Exceso+act,ipc,M,8,0.6168615585794542,0.4737630191863256
Rusia,alto,Exceso+act,ipc,M,9,0.1893964013962921,0.13599233108803155
Rusia,alto,Exceso+act,ipc,M,10,0.20878876392920093,0.13367874890978282
Rusia,alto,Exceso+act,ipc,M,11,0.14845138312860584,0.09083124542188649
Rusia,alto,Exceso+act,ipc,M,12,0.07457994024404488,0.043163933372051974
Rusia,alto,Exceso+act,ipc,M,13,0.4381198496302381,0.2364763441763026
Rusia,alto,Exceso+act,ipc,M,14,0.2917890773001479,0.1498151060113721
Rusia,alto,Exceso+act,ipc,M,15,0.30049068662078715,0.15209566957237883
Rusia,alto,Exceso+act,ipc,M,16,0.433309291585048,0.2074392507303073
Rusia,alto,Exceso+act,ipc,M,17,0.6622001817214702,0.30669020011475867
Rusia,alto,Exceso+act,ipc,M,18,0.4455351356256657,0.20087335158366965
Rusia,alto,Exceso+act,tasa,M,0,-1.0985712025554342,-1.7598868991789336
Rusia,alto,Exceso+act,tasa,M,1,-0.08634101115357515,-0.11354943552680875
Rusia,alto,Exceso+act,tasa,M,2,-0.5263145713069267,-0.631070013751092
Rusia,alto,Exceso+act,tasa,M,3,-1.120782336777266,-1.0919125980428386
Rusia,alto,Exceso+act,tasa,M,4,0.4082296153943244,0.45280068955617203
Rusia,alto,Exceso+act,tasa,M,5,1.021236503610216,1.03380157492009
Rusia,alto,Exceso+act,tasa,M,6,1.6151683906955132,2.1403419151288796
Rusia,alto,Exceso+act,tasa,M,7,1.7580056361815988,1.9114124732005642
Rusia,alto,Exceso+act,tasa,M,8,1.3814679139663668,1.7033333060781413
Rusia,alto,Exceso+act,tasa,M,9,1.3447037864984237,1.6198995882524467
Rusia,alto,Exceso+act,tasa,M,10,1.9866569603509046,2.355827083711272
Rusia,alto,Exceso+act,tasa,M,11,2.003354042642547,1.8005115094379138
Rusia,alto,Exceso+act,tasa,M,12,1.1668104173233305,0.9071624170172632
Rusia,alto,Exceso+act,tasa,M,13,1.7028094519235784,1.3585581194724532
Rusia,alto,Exceso+act,tasa,M,14,1.2736129040681716,1.0857644967261595
Rusia,alto,Exceso+act,tasa,M,15,1.9844378383574806,1.7589644211458106
Rusia,alto,Exceso+act,tasa,M,16,1.4347225170450366,1.1173957268498873
Rusia,alto,Exceso+act,tasa,M,17,1.0171160101709669,0.7610750059548612
Rusia,alto,Exceso+act,tasa,M,18,1.5260202089937338,1.2198936516475039
Rusia,alto,Exceso+act,fx,M,0,0.14402493227570715,0.157642439035271
Rusia,alto,Exceso+act,fx,M,1,-0.4644586575506798,-0.3855586009137776
Rusia,alto,Exceso+act,fx,M,2,-0.6083428238670521,-0.3657836147446419
Rusia,alto,Exceso+act,fx,M,3,0.5839041611467237,0.30441100507540164
Rusia,alto,Exceso+act,fx,M,4,1.2446443246780687,0.5000474989739365
Rusia,alto,Exceso+act,fx,M,5,0.3691964519551778,0.15384422988246005
Rusia,alto,Exceso+act,fx,M,6,0.34149225842509745,0.13459695849525172
Rusia,alto,Exceso+act,fx,M,7,1.3826746940865158,0.4744665465630529
Rusia,alto,Exceso+act,fx,M,8,0.5717893251593826,0.19326330876722778
Rusia,alto,Exceso+act,fx,M,9,-0.3728351345738845,-0.1227814522357859
Rusia,alto,Exceso+act,fx,M,10,0.9979764961108786,0.3618708965069704
Rusia,alto,Exceso+act,fx,M,11,2.2475671172146345,0.785816264892398
Rusia,alto,Exceso+act,fx,M,12,2.370811536880974,0.7885765845590935
Rusia,alto,Exceso+act,fx,M,13,2.9884393666241857,0.9458732948367319
Rusia,alto,Exceso+act,fx,M,14,2.5025181392839824,0.7956487239421609
Rusia,alto,Exceso+act,fx,M,15,1.4715004619636578,0.4682004873703384
Rusia,alto,Exceso+act,fx,M,16,0.8190800794532217,0.2448125092020481
Rusia,alto,Exceso+act,fx,M,17,2.0562994415133997,0.649548177558297
Rusia,alto,Exceso+act,fx,M,18,1.739009078900732,0.5527852106106755
Rusia,alto,Exceso+act,credito,Q,0,1.1041361750169931,1.3457265337479283
Rusia,alto,Exceso+act,credito,Q,1,1.7090570940145717,1.6945305472930587
Rusia,alto,Exceso+act,credito,Q,2,1.7443663941025358,1.4265812670672635
Rusia,alto,Exceso+act,credito,Q,3,1.8425745116065506,1.2012059305204068
Rusia,alto,Exceso+act,credito,Q,4,2.456938953546599,1.2460747893209116
Rusia,alto,Exceso+act,credito,Q,5,2.5993079431644257,1.385383941972361
Rusia,alto,Exceso+act,credito,Q,6,2.464041669776299,1.1775770253891757
Rusia,alto,Normal,ipc,M,0,0.24975134196547963,0.6460485270589276
Rusia,alto,Normal,ipc,M,1,-0.14042953084254017,-0.3410768526801675
Rusia,alto,Normal,ipc,M,2,-0.36098746319841424,-0.5477010122607542
Rusia,alto,Normal,ipc,M,3,0.12576740178806078,0.21722570910408992
Rusia,alto,Normal,ipc,M,4,0.5379946664427732,0.6658690472882607
Rusia,alto,Normal,ipc,M,5,0.5849649685191681,0.679892909435502
Rusia,alto,Normal,ipc,M,6,0.7604908580140186,0.7441458664825653
Rusia,alto,Normal,ipc,M,7,1.0721075503385409,0.8668433324697984
Rusia,alto,Normal,ipc,M,8,0.9158497179503865,0.649708913965361
Rusia,alto,Normal,ipc,M,9,0.480003292001397,0.32057443779557726
Rusia,alto,Normal,ipc,M,10,0.4126366647451413,0.25314485902066347
Rusia,alto,Normal,ipc,M,11,0.34418425494988886,0.20647095127304457
Rusia,alto,Normal,ipc,M,12,0.29079384958517834,0.1650446113018539
Rusia,alto,Normal,ipc,M,13,0.6169141801011826,0.3103563620647941
Rusia,alto,Normal,ipc,M,14,0.4055235018095757,0.20245693400895348
Rusia,alto,Normal,ipc,M,15,0.3806496582859179,0.19036812103750056
Rusia,alto,Normal,ipc,M,16,0.49877255231662115,0.23882767244513647
Rusia,alto,Normal,ipc,M,17,0.674148123498672,0.3072067725874386
Rusia,alto,Normal,ipc,M,18,0.5079088706276738,0.228677431199093
Rusia,alto,Normal,tasa,M,0,-0.8383995418378073,-1.326134938990819
Rusia,alto,Normal,tasa,M,1,0.3166636028279477,0.4197829779393187
Rusia,alto,Normal,tasa,M,2,-0.014877337143624492,-0.015097162813637427
Rusia,alto,Normal,tasa,M,3,-0.8200104172114642,-0.6447457434122137
Rusia,alto,Normal,tasa,M,4,0.6589291703603878,0.6848797197430605
Rusia,alto,Normal,tasa,M,5,1.3569002935261885,1.771330288056895
Rusia,alto,Normal,tasa,M,6,2.0339043028911443,3.070470462378942
Rusia,alto,Normal,tasa,M,7,2.160102786784437,2.7564125777029473
Rusia,alto,Normal,tasa,M,8,1.8334449271731414,2.047460775617298
Rusia,alto,Normal,tasa,M,9,1.5936607107137255,1.8122848499396775
Rusia,alto,Normal,tasa,M,10,2.317281790638486,2.6411803927712065
Rusia,alto,Normal,tasa,M,11,2.3747034510254186,2.0868327038861967
Rusia,alto,Normal,tasa,M,12,1.5448847486670327,1.2121962224149085
Rusia,alto,Normal,tasa,M,13,2.0943414727219443,1.7260680360914846
Rusia,alto,Normal,tasa,M,14,1.6443802262048917,1.425275096263165
Rusia,alto,Normal,tasa,M,15,2.2949029356389765,2.106820802298793
Rusia,alto,Normal,tasa,M,16,1.8364764113299283,1.4346256097313137
Rusia,alto,Normal,tasa,M,17,1.350989734835359,0.9950636124699009
Rusia,alto,Normal,tasa,M,18,1.843714698722702,1.4582379461539552
Rusia,alto,Normal,fx,M,0,0.7021853053363964,0.7185405402788402
Rusia,alto,Normal,fx,M,1,0.07340992590109807,0.06462544241669418
Rusia,alto,Normal,fx,M,2,-0.039739304526962616,-0.023160789003788904
Rusia,alto,Normal,fx,M,3,1.144703004535113,0.5286431215373957
Rusia,alto,Normal,fx,M,4,1.9012497830840855,0.6109337307710813
Rusia,alto,Normal,fx,M,5,1.2423666598498584,0.4388605042055476
Rusia,alto,Normal,fx,M,6,1.2471948972203872,0.4096422198615763
Rusia,alto,Normal,fx,M,7,2.7666381221863015,0.7586117909788362
Rusia,alto,Normal,fx,M,8,2.2378713949575633,0.6352336290122985
Rusia,alto,Normal,fx,M,9,1.1190017140191224,0.33547095278884365
Rusia,alto,Normal,fx,M,10,2.2864560741606006,0.6969300183438097
Rusia,alto,Normal,fx,M,11,3.529601397285111,1.0241382537722377
Rusia,alto,Normal,fx,M,12,3.827595254598355,1.0506764804520583
Rusia,alto,Normal,fx,M,13,4.384622987184029,1.085389209104405
Rusia,alto,Normal,fx,M,14,3.9451998821131258,1.0483848455169829
Rusia,alto,Normal,fx,M,15,2.8240116293973436,0.8319996946502911
Rusia,alto,Normal,fx,M,16,2.267832621706599,0.6729625079568582
Rusia,alto,Normal,fx,M,17,3.459024777794787,0.9362471766050889
Rusia,alto,Normal,fx,M,18,3.2656247257428883,0.908564554968292
Rusia,alto,Normal,credito,Q,0,1.5588961501697507,2.1338981108710677
Rusia,alto,Normal,credito,Q,1,2.010330380548139,2.0152672191820558
Rusia,alto,Normal,credito,Q,2,2.389966486810093,1.8904025367346047
Rusia,alto,Normal,credito,Q,3,2.766290096712407,1.6942787275446949
Rusia,alto,Normal,credito,Q,4,3.3995936068254644,1.4438439395774068
Rusia,alto,Normal,credito,Q,5,3.390140676108395,1.3929725235843342
Rusia,alto,Normal,credito,Q,6,3.336571235073128,1.2060090242457022
Rusia,alto,Estrés,ipc,M,0,-0.609412892018676,-1.115895125330458
Rusia,alto,Estrés,ipc,M,1,-1.2406443204090944,-1.2663273334319574
Rusia,alto,Estrés,ipc,M,2,-2.367852225379691,-1.1206988779514853
Rusia,alto,Estrés,ipc,M,3,-2.0806246736963705,-0.9349044722615945
Rusia,alto,Estrés,ipc,M,4,-2.2033726833462643,-0.7852072081895687
Rusia,alto,Estrés,ipc,M,5,-2.819346727760168,-0.8616526710394555
Rusia,alto,Estrés,ipc,M,6,-2.964847450671675,-0.8473250219250937
Rusia,alto,Estrés,ipc,M,7,-2.900616212357589,-0.7765711203283758
Rusia,alto,Estrés,ipc,M,8,-3.5288080312664714,-0.9069125910771025
Rusia,alto,Estrés,ipc,M,9,-4.360702808194703,-1.0624649827887427
Rusia,alto,Estrés,ipc,M,10,-4.903653450331222,-1.1263925208828933
Rusia,alto,Estrés,ipc,M,11,-5.238622711959205,-1.1380618087543137
Rusia,alto,Estrés,ipc,M,12,-5.373078931843714,-1.0920677390016988
Rusia,alto,Estrés,ipc,M,13,-5.634872236581001,-1.0913819677147645
Rusia,alto,Estrés,ipc,M,14,-6.518195920690234,-1.20031773120337
Rusia,alto,Estrés,ipc,M,15,-7.010816790843113,-1.2496821181439994
Rusia,alto,Estrés,ipc,M,16,-7.407634344530107,-1.304661667748871
Rusia,alto,Estrés,ipc,M,17,-7.691298819281923,-1.3190589311138152
Rusia,alto,Estrés,ipc,M,18,-8.455514660407035,-1.4290814636398543
Rusia,alto,Estrés,tasa,M,0,1.3750462291237215,0.8210031513582019
Rusia,alto,Estrés,tasa,M,1,2.614588023264032,1.6049671156225684
Rusia,alto,Estrés,tasa,M,2,4.081362330289783,1.7486832050254741
Rusia,alto,Estrés,tasa,M,3,1.9543885451509417,0.6405919278006824
Rusia,alto,Estrés,tasa,M,4,3.0408097300231773,1.0907532993259696
Rusia,alto,Estrés,tasa,M,5,4.413175460643866,1.5881618877492394
Rusia,alto,Estrés,tasa,M,6,1.8087448883177477,0.7863619186756766
Rusia,alto,Estrés,tasa,M,7,2.8554896348134533,1.2447318122816462
Rusia,alto,Estrés,tasa,M,8,1.50948221525715,0.6937929481963785
Rusia,alto,Estrés,tasa,M,9,1.1197024778871256,0.5354784424418446
Rusia,alto,Estrés,tasa,M,10,2.209997108127889,0.9642707422430552
Rusia,alto,Estrés,tasa,M,11,3.686873748308325,1.3345445449450788
Rusia,alto,Estrés,tasa,M,12,3.8766391143654486,1.1731064110133627
Rusia,alto,Estrés,tasa,M,13,4.171262065844973,1.1790980085813514
Rusia,alto,Estrés,tasa,M,14,2.2362009464811594,0.6621668495846139
Rusia,alto,Estrés,tasa,M,15,2.4529208842131065,0.726680567889274
Rusia,alto,Estrés,tasa,M,16,0.5008627348154342,0.156625096665927
Rusia,alto,Estrés,tasa,M,17,-0.5082465637554199,-0.177397153953569
Rusia,alto,Estrés,tasa,M,18,0.390374411235888,0.13361745369564393
Rusia,alto,Estrés,fx,M,0,-1.2922747727979338,-0.6392581952762874
Rusia,alto,Estrés,fx,M,1,-1.001372928148575,-0.29990122793613994
Rusia,alto,Estrés,fx,M,2,-2.4979122536663168,-0.44090357669175934
Rusia,alto,Estrés,fx,M,3,1.3188024479903335,0.22133097457697
Rusia,alto,Estrés,fx,M,4,2.7419890702103773,0.42938755910155474
Rusia,alto,Estrés,fx,M,5,1.2853706411677608,0.19617219507312153
Rusia,alto,Estrés,fx,M,6,0.8672598646388832,0.13628030804226313
Rusia,alto,Estrés,fx,M,7,-0.27546468981413375,-0.04433092522278756
Rusia,alto,Estrés,fx,M,8,-4.867349298286859,-0.7768282157072615
Rusia,alto,Estrés,fx,M,9,-7.754931584414594,-1.0832190421940369
Rusia,alto,Estrés,fx,M,10,-7.5112647576507054,-1.0292730912821961
Rusia,alto,Estrés,fx,M,11,-6.4522001190173714,-0.8772164411553317
Rusia,alto,Estrés,fx,M,12,-5.485120788454113,-0.7027638147480203
Rusia,alto,Estrés,fx,M,13,-5.912199972219378,-0.7235492629455146
Rusia,alto,Estrés,fx,M,14,-7.055006136566128,-0.8398368865390622
Rusia,alto,Estrés,fx,M,15,-8.545995025426802,-0.991142965888042
Rusia,alto,Estrés,fx,M,16,-8.071161500722532,-0.9923421063303275
Rusia,alto,Estrés,fx,M,17,-4.352691688401527,-0.5377061584465788
Rusia,alto,Estrés,fx,M,18,-4.4921045759848965,-0.534816335544691
Rusia,alto,Estrés,credito,Q,0,0.911576527252315,0.7088247518320308
Rusia,alto,Estrés,credito,Q,1,0.8779585469646181,0.4763554056759633
Rusia,alto,Estrés,credito,Q,2,0.33705207736105924,0.14423474659789629
Rusia,alto,Estrés,credito,Q,3,0.723696309870272,0.24636168306621772
Rusia,alto,Estrés,credito,Q,4,1.6552259287638886,0.48518495942837797
Rusia,alto,Estrés,credito,Q,5,1.953046681252622,0.6178470426374499
Rusia,alto,Estrés,credito,Q,6,1.8604563907492215,0.6245688138118779
Rusia,alto,Sin estrés,ipc,M,0,-0.022325783932634104,-0.2111956637347581
Rusia,alto,Sin estrés,ipc,M,1,-0.24261724690349773,-0.6326846955445788
Rusia,alto,Sin estrés,ipc,M,2,-0.19571603595294124,-0.4363653256691863
Rusia,alto,Sin estrés,ipc,M,3,0.050429419813400156,0.10700335392704063
Rusia,alto,Sin estrés,ipc,M,4,-0.10184813318476583,-0.1810404100436194
Rusia,alto,Sin estrés,ipc,M,5,-0.16591115209706625,-0.27407026195855533
Rusia,alto,Sin estrés,ipc,M,6,-0.07148908224791836,-0.09973607669243209
Rusia,alto,Sin estrés,ipc,M,7,0.009710452754144505,0.011358971016516948
Rusia,alto,Sin estrés,ipc,M,8,-0.23476807461877408,-0.24130451906114614
Rusia,alto,Sin estrés,ipc,M,9,-0.8082955157438316,-0.7692908247921545
Rusia,alto,Sin estrés,ipc,M,10,-0.9304987346132965,-0.7463256341142136
Rusia,alto,Sin estrés,ipc,M,11,-1.0432094884116123,-0.7675932650087232
Rusia,alto,Sin estrés,ipc,M,12,-1.1368813922305898,-0.7495988909487179
Rusia,alto,Sin estrés,ipc,M,13,-0.8048628829438977,-0.45270061004367246
Rusia,alto,Sin estrés,ipc,M,14,-1.2898550483937155,-0.7273452107468567
Rusia,alto,Sin estrés,ipc,M,15,-1.4287113382125958,-0.7885731957157665
Rusia,alto,Sin estrés,ipc,M,16,-1.41009887655383,-0.7283016991174179
Rusia,alto,Sin estrés,ipc,M,17,-1.2864527372212524,-0.6058746668189418
Rusia,alto,Sin estrés,ipc,M,18,-1.5061873422776366,-0.673375341715378
Rusia,alto,Sin estrés,tasa,M,0,0.17666837372017113,0.4870170010710775
Rusia,alto,Sin estrés,tasa,M,1,0.4859165472016914,0.7567340302442693
Rusia,alto,Sin estrés,tasa,M,2,-0.040848664383272754,-0.05252554046904293
Rusia,alto,Sin estrés,tasa,M,3,-0.25906519209154216,-0.24104450918072906
Rusia,alto,Sin estrés,tasa,M,4,1.0507166938351977,1.2020818557722996
Rusia,alto,Sin estrés,tasa,M,5,1.9700274327522076,3.2618890190356926
Rusia,alto,Sin estrés,tasa,M,6,2.770134281661074,3.0406429773412955
Rusia,alto,Sin estrés,tasa,M,7,2.6743498528602796,3.8753953099966503
Rusia,alto,Sin estrés,tasa,M,8,2.33492847117169,3.02840881835242
Rusia,alto,Sin estrés,tasa,M,9,2.279762149624355,3.3164818321717826
Rusia,alto,Sin estrés,tasa,M,10,3.1118861330997807,3.7175272210298225
Rusia,alto,Sin estrés,tasa,M,11,3.7445528320382016,3.8563914026737827
Rusia,alto,Sin estrés,tasa,M,12,3.022589345980831,2.6807752249861103
Rusia,alto,Sin estrés,tasa,M,13,3.8031954925515112,3.4386770641536084
Rusia,alto,Sin estrés,tasa,M,14,3.446651913917048,3.186038144591575
Rusia,alto,Sin estrés,tasa,M,15,3.6237594365449026,3.135045109984967
Rusia,alto,Sin estrés,tasa,M,16,3.4699047014382165,2.8691498316368587
Rusia,alto,Sin estrés,tasa,M,17,2.8701496713436283,2.3150585709232177
Rusia,alto,Sin estrés,tasa,M,18,2.960727553714395,2.522099102415607
Rusia,alto,Sin estrés,fx,M,0,-0.4543937259757973,-1.156854520531389
Rusia,alto,Sin estrés,fx,M,1,-0.8270662207426062,-0.7915152187705247
Rusia,alto,Sin estrés,fx,M,2,-0.44286850942725764,-0.38690278342890083
Rusia,alto,Sin estrés,fx,M,3,-0.08293740619363799,-0.05297218870391993
Rusia,alto,Sin estrés,fx,M,4,-0.41597163024078376,-0.22672906134083992
Rusia,alto,Sin estrés,fx,M,5,-1.4606389419859092,-0.7826279937035223
Rusia,alto,Sin estrés,fx,M,6,-1.5001409488844275,-0.7211797807290254
Rusia,alto,Sin estrés,fx,M,7,-0.23291677740680827,-0.09465221073859613
Rusia,alto,Sin estrés,fx,M,8,-0.9244698772827938,-0.36486277236455733
Rusia,alto,Sin estrés,fx,M,9,-2.6397075323904287,-0.9662005815918676
Rusia,alto,Sin estrés,fx,M,10,-1.4638240123804565,-0.5931761963600264
Rusia,alto,Sin estrés,fx,M,11,-0.06674552406172773,-0.02576798339198782
Rusia,alto,Sin estrés,fx,M,12,1.0488659697526792,0.36237290286192425
Rusia,alto,Sin estrés,fx,M,13,2.0893903223408765,0.6300067473362774
Rusia,alto,Sin estrés,fx,M,14,1.1427115751446548,0.38640743869043503
Rusia,alto,Sin estrés,fx,M,15,-0.31981347298260954,-0.11414211059919638
Rusia,alto,Sin estrés,fx,M,16,-0.8994401195650019,-0.3029498596435569
Rusia,alto,Sin estrés,fx,M,17,0.5386405781240624,0.16960393578644206
Rusia,alto,Sin estrés,fx,M,18,0.6540598439565617,0.19682347416372023
Turquía,alto,Exceso,ipc,M,0,0.3033487025523413,0.9137234704302521
Turquía,alto,Exceso,ipc,M,1,1.1542885257342737,1.1129484857647554
Turquía,alto,Exceso,ipc,M,2,1.3943672845010626,0.9329366519742309
Turquía,alto,Exceso,ipc,M,3,1.2013615632068186,0.6834450601961202
Turquía,alto,Exceso,ipc,M,4,1.1921786419250613,0.602263054510929
Turquía,alto,Exceso,ipc,M,5,1.4501319913468935,0.6697412060915127
Turquía,alto,Exceso,ipc,M,6,1.700252638478445,0.7429720042081882
Turquía,alto,Exceso,ipc,M,7,2.1482918736184233,0.8284328795659895
Turquía,alto,Exceso,ipc,M,8,1.6243520657151724,0.5894464390133674
Turquía,alto,Exceso,ipc,M,9,1.0130622364754687,0.3566814569875516
Turquía,alto,Exceso,ipc,M,10,0.5929880637079957,0.19838325371625504
Turquía,alto,Exceso,ipc,M,11,0.4954636174058052,0.16697238080380164
Turquía,alto,Exceso,ipc,M,12,0.6012348178308513,0.1963536436257313
Turquía,alto,Exceso,ipc,M,13,0.7992230549002088,0.24861040805772683
Turquía,alto,Exceso,ipc,M,14,0.7899980772229165,0.22898001253425584
Turquía,alto,Exceso,ipc,M,15,0.9626412893943281,0.27005960824699177
Turquía,alto,Exceso,ipc,M,16,0.9202911632032561,0.2536471527886091
Turquía,alto,Exceso,ipc,M,17,0.9582037625953361,0.26029862457546105
Turquía,alto,Exceso,ipc,M,18,0.7894651187862596,0.20905758535430125
Turquía,alto,Exceso,expect,M,0,0.40298687662328725,1.5686131575027897
Turquía,alto,Exceso,expect,M,1,0.8203355008030286,1.4438052784096371
Turquía,alto,Exceso,expect,M,2,1.2999400334387936,1.4617997631995034
Turquía,alto,Exceso,expect,M,3,1.0667203511687662,1.2409403192073332
Turquía,alto,Exceso,expect,M,4,0.9847884737246624,1.1007316865086203
Turquía,alto,Exceso,expect,M,5,1.0645000621130152,1.1095505102232952
Turquía,alto,Exceso,expect,M,6,1.5824802523633643,1.3497372427248002
Turquía,alto,Exceso,expect,M,7,2.040624615108482,1.4475069742173987
Turquía,alto,Exceso,expect,M,8,1.9282574861169732,1.3605417230439123
Turquía,alto,Exceso,expect,M,9,1.5412882322806303,1.1204167766784283
Turquía,alto,Exceso,expect,M,10,1.14146233545429,0.9788192156729242
Turquía,alto,Exceso,expect,M,11,0.9911326989367981,0.8390860668211972
Turquía,alto,Exceso,expect,M,12,1.0634332055885911,0.9024221709530489
Turquía,alto,Exceso,expect,M,13,1.0764062585187384,0.9668967561849893
Turquía,alto,Exceso,expect,M,14,0.9660735188203723,0.9695124854976778
Turquía,alto,Exceso,expect,M,15,1.0991664364875495,1.0047591406546668
Turquía,alto,Exceso,expect,M,16,1.0107699406459503,0.8836079878355966
Turquía,alto,Exceso,expect,M,17,1.155520571256283,0.8745911282900168
Turquía,alto,Exceso,expect,M,18,0.988551121926156,0.7550260901281225
Turquía,alto,Exceso,tasa,M,0,0.27184872566904084,1.1325890888236327
Turquía,alto,Exceso,tasa,M,1,0.4100206543219926,0.8532768907588089
Turquía,alto,Exceso,tasa,M,2,0.8387559387449925,1.2291520323530873
Turquía,alto,Exceso,tasa,M,3,1.240132717353885,1.375853106694139
Turquía,alto,Exceso,tasa,M,4,1.191858412897639,1.1566328347445427
Turquía,alto,Exceso,tasa,M,5,0.9139386601044355,0.8673921948440619
Turquía,alto,Exceso,tasa,M,6,0.9095605257528937,0.84633423707214
Turquía,alto,Exceso,tasa,M,7,1.144106982137425,0.9614441203014177
Turquía,alto,Exceso,tasa,M,8,1.1260218804342652,0.9014805936959784
Turquía,alto,Exceso,tasa,M,9,1.117024379290989,0.8540515532470893
Turquía,alto,Exceso,tasa,M,10,1.0644817571063467,0.7565803664841828
Turquía,alto,Exceso,tasa,M,11,0.84205503968357,0.5228673058627307
Turquía,alto,Exceso,tasa,M,12,0.43304396573621273,0.2389504408043409
Turquía,alto,Exceso,tasa,M,13,0.08873849606338562,0.04663472885645887
Turquía,alto,Exceso,tasa,M,14,0.001756035677025189,0.0009680070970473923
Turquía,alto,Exceso,tasa,M,15,-0.10735111753056906,-0.06166352439993023
Turquía,alto,Exceso,tasa,M,16,-0.25407858774187053,-0.1494866766694474
Turquía,alto,Exceso,tasa,M,17,-0.4895994375820706,-0.2777437069047902
Turquía,alto,Exceso,tasa,M,18,-0.6560842664036599,-0.3914910589919353
Turquía,alto,Exceso,fx,M,0,3.0502784562100915,1.9838397334207734
Turquía,alto,Exceso,fx,M,1,5.582850771462812,1.7296403816788577
Turquía,alto,Exceso,fx,M,2,5.190404388209508,1.605054619417528
Turquía,alto,Exceso,fx,M,3,3.9142939713055696,1.304855571517015
Turquía,alto,Exceso,fx,M,4,4.106525620848953,1.3214797821700737
Turquía,alto,Exceso,fx,M,5,4.720879672699783,1.7419725651640368
Turquía,alto,Exceso,fx,M,6,5.813722709639044,2.295286161850282
Turquía,alto,Exceso,fx,M,7,4.819236605114388,1.648345591370673
Turquía,alto,Exceso,fx,M,8,2.3062627194530485,0.7239713788174554
Turquía,alto,Exceso,fx,M,9,2.0926722118630803,0.5924139047855821
Turquía,alto,Exceso,fx,M,10,2.020537424012168,0.5500903580147734
Turquía,alto,Exceso,fx,M,11,1.9392850585281303,0.5151091231709665
Turquía,alto,Exceso,fx,M,12,2.182885760067698,0.5354248591292805
Turquía,alto,Exceso,fx,M,13,1.595689597276068,0.39575930208454163
Turquía,alto,Exceso,fx,M,14,0.7328539127792374,0.18566323196966722
Turquía,alto,Exceso,fx,M,15,0.5241553409612509,0.1320680708019456
Turquía,alto,Exceso,fx,M,16,-0.9297527352694186,-0.22905848537925513
Turquía,alto,Exceso,fx,M,17,-1.2868074889567471,-0.287424642463359
Turquía,alto,Exceso,fx,M,18,-1.5902815354727888,-0.32817823138094304
Turquía,alto,Exceso,credito,Q,0,2.7751789402443556,2.801183871463321
Turquía,alto,Exceso,credito,Q,1,3.277639731362459,4.571767788232497
Turquía,alto,Exceso,credito,Q,2,1.6742421730582495,1.2173717790008822
Turquía,alto,Exceso,credito,Q,3,0.8348009582421293,0.4246087565670847
Turquía,alto,Exceso,credito,Q,4,-0.5711903949804746,-0.24739153771607858
Turquía,alto,Exceso,credito,Q,5,-0.6105781251166508,-0.29851091721952344
Turquía,alto,Exceso,credito,Q,6,0.07240731985850624,0.03965909812909672
Turquía,alto,M-actividad,ipc,M,0,0.09176523746632599,0.44809684856071547
Turquía,alto,M-actividad,ipc,M,1,0.6164969951335991,1.0934047145996424
Turquía,alto,M-actividad,ipc,M,2,0.8769946695717002,1.0752639807418805
Turquía,alto,M-actividad,ipc,M,3,0.8817695662378454,0.901558669455143
Turquía,alto,M-actividad,ipc,M,4,0.9401575323015855,0.8631566001973119
Turquía,alto,M-actividad,ipc,M,5,1.2148667775118045,0.9859559076079741
Turquía,alto,M-actividad,ipc,M,6,1.6513597340540163,1.1909729521979768
Turquía,alto,M-actividad,ipc,M,7,2.1776928907503503,1.3734002545568569
Turquía,alto,M-actividad,ipc,M,8,1.6677433498282352,1.0129189463606616
Turquía,alto,M-actividad,ipc,M,9,1.030471541666361,0.5944669126521241
Turquía,alto,M-actividad,ipc,M,10,0.7487996405591069,0.40941022679787115
Turquía,alto,M-actividad,ipc,M,11,0.6471204842705202,0.3417309721610694
Turquía,alto,M-actividad,ipc,M,12,0.5979325304762084,0.2823269285361569
Turquía,alto,M-actividad,ipc,M,13,0.6176611617169209,0.2704746697134981
Turquía,alto,M-actividad,ipc,M,14,0.4543053699314126,0.1887999141911913
Turquía,alto,M-actividad,ipc,M,15,0.41292655678514306,0.1707494723816048
Turquía,alto,M-actividad,ipc,M,16,0.22881066152436635,0.09672131870176176
Turquía,alto,M-actividad,ipc,M,17,0.06193228780200377,0.02564877216966393
Turquía,alto,M-actividad,ipc,M,18,-0.2972696509554614,-0.11977784227172798
Turquía,alto,M-actividad,expect,M,0,0.09550331728036116,0.9343271409962182
Turquía,alto,M-actividad,expect,M,1,0.10671521589750167,0.4893037482047265
Turquía,alto,M-actividad,expect,M,2,0.3120425826933075,0.7775230486311351
Turquía,alto,M-actividad,expect,M,3,0.25714546480887396,0.5809555553572471
Turquía,alto,M-actividad,expect,M,4,0.29892627567572966,0.5906999077585763
Turquía,alto,M-actividad,expect,M,5,0.42281249045223956,0.7556597104377751
Turquía,alto,M-actividad,expect,M,6,0.8202043032012818,1.147362401974796
Turquía,alto,M-actividad,expect,M,7,1.1327147935485034,1.3299072696225678
Turquía,alto,M-actividad,expect,M,8,0.867607754323298,0.9901422759511349
Turquía,alto,M-actividad,expect,M,9,0.5522668050956823,0.5777909583748752
Turquía,alto,M-actividad,expect,M,10,0.3437284823516549,0.40489878181488215
Turquía,alto,M-actividad,expect,M,11,0.2516102655008969,0.2852613618127922
Turquía,alto,M-actividad,expect,M,12,0.22834412799194234,0.2502318597540008
Turquía,alto,M-actividad,expect,M,13,0.07070388391804995,0.06520823416536835
Turquía,alto,M-actividad,expect,M,14,-0.35456541008832354,-0.2814739517974864
Turquía,alto,M-actividad,expect,M,15,-0.5888036427180624,-0.43825987807580297
Turquía,alto,M-actividad,expect,M,16,-1.0633203360318269,-0.7101669406792432
Turquía,alto,M-actividad,expect,M,17,-1.038225163365195,-0.8043112154875398
Turquía,alto,M-actividad,expect,M,18,-1.348495716199901,-0.9985138376757215
Turquía,alto,M-actividad,tasa,M,0,0.08036422503484854,0.6268902831524852
Turquía,alto,M-actividad,tasa,M,1,0.09109575119533164,0.4229463949284726
Turquía,alto,M-actividad,tasa,M,2,0.1567723823324792,0.4974756607533945
Turquía,alto,M-actividad,tasa,M,3,0.2372429899172962,0.5237643346956289
Turquía,alto,M-actividad,tasa,M,4,0.302653044911244,0.5667399661239615
Turquía,alto,M-actividad,tasa,M,5,0.32208186258717186,0.544455115164924
Turquía,alto,M-actividad,tasa,M,6,0.48761727606641103,0.7685073075753915
Turquía,alto,M-actividad,tasa,M,7,0.8246895936256298,1.2188894586023309
Turquía,alto,M-actividad,tasa,M,8,0.9262933194792726,1.3666264308825251
Turquía,alto,M-actividad,tasa,M,9,0.9659840487879976,1.3485249905458492
Turquía,alto,M-actividad,tasa,M,10,1.1074145529876465,1.3457691331442025
Turquía,alto,M-actividad,tasa,M,11,1.2302012190141898,1.4475712285347289
Turquía,alto,M-actividad,tasa,M,12,1.1294824654495605,1.3222066821320442
Turquía,alto,M-actividad,tasa,M,13,1.0840423327951496,1.2684694020323033
Turquía,alto,M-actividad,tasa,M,14,1.113429328331605,1.2686319613211166
Turquía,alto,M-actividad,tasa,M,15,1.0243273002771356,1.1472353580041328
Turquía,alto,M-actividad,tasa,M,16,1.0082485277439854,1.0783867252540094
Turquía,alto,M-actividad,tasa,M,17,0.8424566241455634,0.9084376334082542
Turquía,alto,M-actividad,tasa,M,18,0.5436257617482699,0.5885825402312613
Turquía,alto,M-actividad,fx,M,0,1.646563097776394,1.987448282990058
Turquía,alto,M-actividad,fx,M,1,3.3431727268937146,1.9697523242624744
Turquía,alto,M-actividad,fx,M,2,3.390299745662805,1.8351953448484444
Turquía,alto,M-actividad,fx,M,3,2.954955277220033,1.5829426897396999
Turquía,alto,M-actividad,fx,M,4,3.6374255495927437,1.8169945677764017
Turquía,alto,M-actividad,fx,M,5,4.7860398513763185,2.489312158005068
Turquía,alto,M-actividad,fx,M,6,6.020074402312321,3.278347781922024
Turquía,alto,M-actividad,fx,M,7,5.113496632635936,2.5531849371173863
Turquía,alto,M-actividad,fx,M,8,2.553565503768512,0.9965791026030322
Turquía,alto,M-actividad,fx,M,9,2.196037797828166,0.7958447790948867
Turquía,alto,M-actividad,fx,M,10,2.229483068329922,0.7524259187673329
Turquía,alto,M-actividad,fx,M,11,1.9384496987581152,0.5877647867355832
Turquía,alto,M-actividad,fx,M,12,2.290473126661281,0.6484155186451636
Turquía,alto,M-actividad,fx,M,13,1.5137119829627281,0.42639423347929184
Turquía,alto,M-actividad,fx,M,14,0.3024234443323329,0.08579015997323462
Turquía,alto,M-actividad,fx,M,15,-0.335838498436839,-0.09648509345725849
Turquía,alto,M-actividad,fx,M,16,-1.951534603178865,-0.5566709271069662
Turquía,alto,M-actividad,fx,M,17,-2.970398859176723,-0.8071865585245023
Turquía,alto,M-actividad,fx,M,18,-3.750274302747324,-0.9524065153636642
Turquía,alto,M-actividad,credito,Q,0,1.3351975818981465,2.3051689541981677
Turquía,alto,M-actividad,credito,Q,1,2.7650382877232245,3.387706360458147
Turquía,alto,M-actividad,credito,Q,2,0.9985282023557542,1.1425382257676568
Turquía,alto,M-actividad,credito,Q,3,0.5181075661451324,0.4431811036783973
Turquía,alto,M-actividad,credito,Q,4,-0.358435853692674,-0.27045089222715335
Turquía,alto,M-actividad,credito,Q,5,-0.8367865179177371,-0.6579740808136839
Turquía,alto,M-actividad,credito,Q,6,0.5305110191572036,0.36930473540716524
Turquía,alto,Exceso+act,ipc,M,0,0.27510591883789665,0.8479480263495024
Turquía,alto,Exceso+act,ipc,M,1,1.095786744383973,1.0684703681945489
Turquía,alto,Exceso+act,ipc,M,2,1.2817859698917597,0.8650659807217149
Turquía,alto,Exceso+act,ipc,M,3,1.0303621677884496,0.5951961117446961
Turquía,alto,Exceso+act,ipc,M,4,1.005699221906912,0.51896541076136
Turquía,alto,Exceso+act,ipc,M,5,1.2854861970284657,0.6061960044938846
Turquía,alto,Exceso+act,ipc,M,6,1.541015639644742,0.6870844261204071
Turquía,alto,Exceso+act,ipc,M,7,1.9728721455315053,0.7707609104601914
Turquía,alto,Exceso+act,ipc,M,8,1.3965089102967438,0.5123375727857238
Turquía,alto,Exceso+act,ipc,M,9,0.7338607825588159,0.2615604139337888
Turquía,alto,Exceso+act,ipc,M,10,0.2932866124044765,0.09968135974444928
Turquía,alto,Exceso+act,ipc,M,11,0.20153148495527573,0.06931180202868813
Turquía,alto,Exceso+act,ipc,M,12,0.29011452198066445,0.09672823914161273
Turquía,alto,Exceso+act,ipc,M,13,0.43545161296596446,0.1384226468111034
Turquía,alto,Exceso+act,ipc,M,14,0.252866100441381,0.07516434341643867
Turquía,alto,Exceso+act,ipc,M,15,0.17775373148105694,0.05179241642701597
Turquía,alto,Exceso+act,ipc,M,16,-0.1150697361486149,-0.03366783150359363
Turquía,alto,Exceso+act,ipc,M,17,-0.23533113332273758,-0.07001693593655328
Turquía,alto,Exceso+act,ipc,M,18,-0.4320072558732926,-0.12690459448818248
Turquía,alto,Exceso+act,expect,M,0,0.36627848413396974,1.4409478966295477
Turquía,alto,Exceso+act,expect,M,1,0.7332166683538066,1.3068092649862706
Turquía,alto,Exceso+act,expect,M,2,1.1877853190857366,1.3375153112556495
Turquía,alto,Exceso+act,expect,M,3,0.9308297602997957,1.095865720829823
Turquía,alto,Exceso+act,expect,M,4,0.8572075833227144,0.97004334050333
Turquía,alto,Exceso+act,expect,M,5,0.9477633327574134,1.0060228235577091
Turquía,alto,Exceso+act,expect,M,6,1.4697091534922966,1.2631842897334558
Turquía,alto,Exceso+act,expect,M,7,1.9130744500880548,1.374454818655444
Turquía,alto,Exceso+act,expect,M,8,1.7640535277954723,1.2715535706287089
Turquía,alto,Exceso+act,expect,M,9,1.335358043027617,0.9973523797898294
Turquía,alto,Exceso+act,expect,M,10,0.8965979788066833,0.7978331293715197
Turquía,alto,Exceso+act,expect,M,11,0.7242573717037425,0.6417905495361369
Turquía,alto,Exceso+act,expect,M,12,0.8024198933057608,0.7060357644621358
Turquía,alto,Exceso+act,expect,M,13,0.7866366773753715,0.7206043140213897
Turquía,alto,Exceso+act,expect,M,14,0.6107579767001434,0.6087441447332738
Turquía,alto,Exceso+act,expect,M,15,0.6094266002435762,0.5634257111079352
Turquía,alto,Exceso+act,expect,M,16,0.37451398696614446,0.3340915562079156
Turquía,alto,Exceso+act,expect,M,17,0.41651358256918936,0.35052801244122106
Turquía,alto,Exceso+act,expect,M,18,0.2294505886221157,0.19698197844269097
Turquía,alto,Exceso+act,tasa,M,0,0.20276989217720254,0.9023002413631368
Turquía,alto,Exceso+act,tasa,M,1,0.2459161107547897,0.540005321983108
Turquía,alto,Exceso+act,tasa,M,2,0.6426615439308087,0.9893368970166068
Turquía,alto,Exceso+act,tasa,M,3,1.0425267335867423,1.1998823152126732
Turquía,alto,Exceso+act,tasa,M,4,0.9780027246050584,0.9765285248434679
Turquía,alto,Exceso+act,tasa,M,5,0.7009838507473493,0.6811634649798903
Turquía,alto,Exceso+act,tasa,M,6,0.7457030752615201,0.6994926221563377
Turquía,alto,Exceso+act,tasa,M,7,1.0039457528990143,0.8447395463580811
Turquía,alto,Exceso+act,tasa,M,8,0.9903602407489668,0.7960748243675438
Turquía,alto,Exceso+act,tasa,M,9,1.016542585684897,0.779385902085887
Turquía,alto,Exceso+act,tasa,M,10,0.9978300488777668,0.7052216110185139
Turquía,alto,Exceso+act,tasa,M,11,0.7846599623508755,0.4854852326004151
Turquía,alto,Exceso+act,tasa,M,12,0.391660308566553,0.21696174902887816
Turquía,alto,Exceso+act,tasa,M,13,0.07126154294343749,0.038025936781600905
Turquía,alto,Exceso+act,tasa,M,14,-0.020620750012808775,-0.011613046340224503
Turquía,alto,Exceso+act,tasa,M,15,-0.17050973906914363,-0.10027588471331754
Turquía,alto,Exceso+act,tasa,M,16,-0.39218417372473735,-0.2364581430326065
Turquía,alto,Exceso+act,tasa,M,17,-0.712503503224243,-0.4159441613058059
Turquía,alto,Exceso+act,tasa,M,18,-0.9392561366490589,-0.5798661841340972
Turquía,alto,Exceso+act,fx,M,0,2.9844922040766986,1.9424438998315028
Turquía,alto,Exceso+act,fx,M,1,5.518872023601852,1.6908745172927317
Turquía,alto,Exceso+act,fx,M,2,5.2304631860204625,1.5994133919657434
Turquía,alto,Exceso+act,fx,M,3,4.17693820308668,1.3727468606753308
Turquía,alto,Exceso+act,fx,M,4,4.590005948673422,1.4330852202491564
Turquía,alto,Exceso+act,fx,M,5,5.281554419164131,1.8787207791223675
Turquía,alto,Exceso+act,fx,M,6,6.211135343060539,2.3891996330891914
Turquía,alto,Exceso+act,fx,M,7,4.8730217915591485,1.6546701728862427
Turquía,alto,Exceso+act,fx,M,8,2.0356751000139814,0.6480812693266287
Turquía,alto,Exceso+act,fx,M,9,1.7644041746919283,0.5133626490329144
Turquía,alto,Exceso+act,fx,M,10,1.8575703564533748,0.5220778515160167
Turquía,alto,Exceso+act,fx,M,11,1.9289470317857298,0.5261464687024655
Turquía,alto,Exceso+act,fx,M,12,2.1504089181083694,0.5380390586733921
Turquía,alto,Exceso+act,fx,M,13,1.350167343221457,0.3399559236534562
Turquía,alto,Exceso+act,fx,M,14,0.06964406057467201,0.01798985849373218
Turquía,alto,Exceso+act,fx,M,15,-0.6620934964525251,-0.17247499156211402
Turquía,alto,Exceso+act,fx,M,16,-2.4919525612512423,-0.6637356643547141
Turquía,alto,Exceso+act,fx,M,17,-2.790903237436579,-0.693702981160434
Turquía,alto,Exceso+act,fx,M,18,-2.7990184147924486,-0.6320202152830323
Turquía,alto,Exceso+act,credito,Q,0,3.132536059924455,2.7660011575302974
Turquía,alto,Exceso+act,credito,Q,1,3.520173002479001,3.9352234116114286
Turquía,alto,Exceso+act,credito,Q,2,1.791902974997123,1.2811017024908584
Turquía,alto,Exceso+act,credito,Q,3,0.8797503381389717,0.49180293313562023
Turquía,alto,Exceso+act,credito,Q,4,-0.8083763027429642,-0.3780213243235643
Turquía,alto,Exceso+act,credito,Q,5,-0.6126435042252296,-0.31033446450313495
Turquía,alto,Exceso+act,credito,Q,6,0.8286107879509399,0.4477190812753047
Turquía,alto,Normal,ipc,M,0,0.160307911453143,0.5805714738854604
Turquía,alto,Normal,ipc,M,1,0.8606190330577733,1.0765382372485233
Turquía,alto,Normal,ipc,M,2,1.0796781180449297,0.9204609738060887
Turquía,alto,Normal,ipc,M,3,0.8765950058651706,0.6346988491843634
Turquía,alto,Normal,ipc,M,4,0.8515243383048775,0.5580611962441032
Turquía,alto,Normal,ipc,M,5,1.1020780159302506,0.6658288518568738
Turquía,alto,Normal,ipc,M,6,1.3888038233908495,0.7754588377900464
Turquía,alto,Normal,ipc,M,7,1.7902098494875962,0.862595669522549
Turquía,alto,Normal,ipc,M,8,1.2860857138677546,0.5773487630452248
Turquía,alto,Normal,ipc,M,9,0.7154437134850263,0.30689813785951026
Turquía,alto,Normal,ipc,M,10,0.3338173815365736,0.13387977605148246
Turquía,alto,Normal,ipc,M,11,0.3533351888641848,0.141739888075229
Turquía,alto,Normal,ipc,M,12,0.5165209537717872,0.19958135008843772
Turquía,alto,Normal,ipc,M,13,0.6313447925910065,0.23676436683768734
Turquía,alto,Normal,ipc,M,14,0.44477189347629087,0.16041857771949944
Turquía,alto,Normal,ipc,M,15,0.661519448024484,0.22520667723975518
Turquía,alto,Normal,ipc,M,16,0.7269498049845289,0.23539180316942632
Turquía,alto,Normal,ipc,M,17,0.7372723283498909,0.22976925442331775
Turquía,alto,Normal,ipc,M,18,0.45721358563311404,0.13927124567469445
Turquía,alto,Normal,expect,M,0,0.366544720453148,1.489728185220773
Turquía,alto,Normal,expect,M,1,0.7620478861996122,1.428013186455868
Turquía,alto,Normal,expect,M,2,1.2867155651766147,1.4695352629412233
Turquía,alto,Normal,expect,M,3,1.215412364229037,1.335865524921588
Turquía,alto,Normal,expect,M,4,1.184412915008991,1.2314188303490086
Turquía,alto,Normal,expect,M,5,1.2930120272596841,1.244328409398144
Turquía,alto,Normal,expect,M,6,1.8389418965113882,1.4604909948033875
Turquía,alto,Normal,expect,M,7,2.349512415750397,1.5258588574592216
Turquía,alto,Normal,expect,M,8,2.2348784980629026,1.4594453732540427
Turquía,alto,Normal,expect,M,9,1.8780188725193003,1.2590665295203753
Turquía,alto,Normal,expect,M,10,1.5203002941482067,1.1609635111544834
Turquía,alto,Normal,expect,M,11,1.4136054668386264,1.056090811908344
Turquía,alto,Normal,expect,M,12,1.5520236904963398,1.0858029706411232
Turquía,alto,Normal,expect,M,13,1.6035366369723585,1.0987685145881212
Turquía,alto,Normal,expect,M,14,1.4465480403330995,1.0873406997305444
Turquía,alto,Normal,expect,M,15,1.5486589873922263,1.0803175315688756
Turquía,alto,Normal,expect,M,16,1.486542081775792,0.9899596077261594
Turquía,alto,Normal,expect,M,17,1.6465745914925884,0.9479205214851597
Turquía,alto,Normal,expect,M,18,1.5200482287081298,0.8580020884798575
Turquía,alto,Normal,tasa,M,0,0.165576320611168,0.7883571422802863
Turquía,alto,Normal,tasa,M,1,0.15456081566500704,0.3722927863118234
Turquía,alto,Normal,tasa,M,2,0.5967969453897541,0.9690947510998679
Turquía,alto,Normal,tasa,M,3,1.0488383739131109,1.2228827976445735
Turquía,alto,Normal,tasa,M,4,1.0119615997103544,1.0113492756076217
Turquía,alto,Normal,tasa,M,5,0.7469030035345602,0.7151307481486592
Turquía,alto,Normal,tasa,M,6,0.7791731929834644,0.724486242059013
Turquía,alto,Normal,tasa,M,7,1.0357843112154794,0.8672826697502335
Turquía,alto,Normal,tasa,M,8,1.0537548934119858,0.8441287780519445
Turquía,alto,Normal,tasa,M,9,1.1109123725866665,0.8632609784600177
Turquía,alto,Normal,tasa,M,10,1.1107995695643307,0.8127800010253642
Turquía,alto,Normal,tasa,M,11,0.9007052025537071,0.5792398232831594
Turquía,alto,Normal,tasa,M,12,0.48950433089343975,0.2760962279427576
Turquía,alto,Normal,tasa,M,13,0.26071403059185183,0.1456047755039725
Turquía,alto,Normal,tasa,M,14,0.27266391044919935,0.16547057806505194
Turquía,alto,Normal,tasa,M,15,0.1672975874835859,0.10662969058416506
Turquía,alto,Normal,tasa,M,16,-0.005582987582593388,-0.0036563166299522416
Turquía,alto,Normal,tasa,M,17,-0.27534086143539943,-0.1728144280767776
Turquía,alto,Normal,tasa,M,18,-0.5220184046048421,-0.3380153556937788
Turquía,alto,Normal,fx,M,0,2.6863922784346537,1.9907687307615511
Turquía,alto,Normal,fx,M,1,5.211760881616352,1.7450205251689699
Turquía,alto,Normal,fx,M,2,5.112135062858734,1.6259861699050737
Turquía,alto,Normal,fx,M,3,3.9680730355457783,1.3515851710572266
Turquía,alto,Normal,fx,M,4,4.17465836828511,1.3754759637084637
Turquía,alto,Normal,fx,M,5,4.868918527445734,1.8392766091210877
Turquía,alto,Normal,fx,M,6,6.053816700508271,2.4679551601184646
Turquía,alto,Normal,fx,M,7,5.014324823609692,1.8095804723180582
Turquía,alto,Normal,fx,M,8,2.5595182945711303,0.8576723563983911
Turquía,alto,Normal,fx,M,9,2.3712500253353053,0.7093021461166445
Turquía,alto,Normal,fx,M,10,2.4907515180937914,0.6989430174272212
Turquía,alto,Normal,fx,M,11,2.5695793473342246,0.6803399952624695
Turquía,alto,Normal,fx,M,12,2.6286726697481106,0.6467323169296726
Turquía,alto,Normal,fx,M,13,1.9251117391972628,0.48220800014994025
Turquía,alto,Normal,fx,M,14,1.1661495439794825,0.2854577117643367
Turquía,alto,Normal,fx,M,15,1.1227086472732415,0.2632233045721379
Turquía,alto,Normal,fx,M,16,-0.2332622218624395,-0.05252642713976964
Turquía,alto,Normal,fx,M,17,-0.5353420987611907,-0.1077705744093872
Turquía,alto,Normal,fx,M,18,-0.8996433372298402,-0.17016304870070292
Turquía,alto,Normal,credito,Q,0,2.7053747910932278,3.550678402970396
Turquía,alto,Normal,credito,Q,1,3.6557845588901583,4.956712872751729
Turquía,alto,Normal,credito,Q,2,2.3495837699189837,1.7312938688571875
Turquía,alto,Normal,credito,Q,3,1.6290550911687665,0.8591693218816763
Turquía,alto,Normal,credito,Q,4,0.25071274615064576,0.10828865489917332
Turquía,alto,Normal,credito,Q,5,0.3565099171781738,0.1847455245223461
Turquía,alto,Normal,credito,Q,6,1.2845460543200475,0.8265564718878622
Turquía,alto,Estrés,ipc,M,0,0.6964344883365889,1.0207641435388275
Turquía,alto,Estrés,ipc,M,1,1.7255409644263326,1.123111634771663
Turquía,alto,Estrés,ipc,M,2,1.4063312420801783,0.6387427836402
Turquía,alto,Estrés,ipc,M,3,0.6238502396720637,0.23360968632111284
Turquía,alto,Estrés,ipc,M,4,0.27562219661658294,0.08625976631528041
Turquía,alto,Estrés,ipc,M,5,0.6210207043357339,0.17226571504762006
Turquía,alto,Estrés,ipc,M,6,0.7665277582078385,0.19257694747230938
Turquía,alto,Estrés,ipc,M,7,1.2989842524035802,0.2835820917969701
Turquía,alto,Estrés,ipc,M,8,-0.03095271624603524,-0.00636213704337221
Turquía,alto,Estrés,ipc,M,9,-1.583574310870199,-0.3151107812483785
Turquía,alto,Estrés,ipc,M,10,-2.6777145694867652,-0.5094214549938054
Turquía,alto,Estrés,ipc,M,11,-3.777577838598068,-0.7074142270664144
Turquía,alto,Estrés,ipc,M,12,-4.471790386309786,-0.8127548556696722
Turquía,alto,Estrés,ipc,M,13,-4.369999171566498,-0.7471257565860437
Turquía,alto,Estrés,ipc,M,14,-4.266621168396368,-0.6805353866764506
Turquía,alto,Estrés,ipc,M,15,-4.547288302108424,-0.7152784891845686
Turquía,alto,Estrés,ipc,M,16,-5.416110914023063,-0.8383721775442772
Turquía,alto,Estrés,ipc,M,17,-5.541554031256774,-0.8981110705839773
Turquía,alto,Estrés,ipc,M,18,-5.8126665501393076,-0.9891369790251631
Turquía,alto,Estrés,expect,M,0,0.7729865318869042,2.015251248676312
Turquía,alto,Estrés,expect,M,1,1.3904354451485375,1.622776311353041
Turquía,alto,Estrés,expect,M,2,1.5427645945621251,1.1916471380216966
Turquía,alto,Estrés,expect,M,3,0.18413561495019826,0.11250192807159501
Turquía,alto,Estrés,expect,M,4,-0.16019040283569264,-0.08521947255733643
Turquía,alto,Estrés,expect,M,5,-0.12597686133132213,-0.061400796244396934
Turquía,alto,Estrés,expect,M,6,0.3328162268689505,0.1461807357268318
Turquía,alto,Estrés,expect,M,7,0.7050863801482188,0.28668112081855696
Turquía,alto,Estrés,expect,M,8,0.5123357553445786,0.19622149356877963
Turquía,alto,Estrés,expect,M,9,-0.32635682451490133,-0.1219240655152045
Turquía,alto,Estrés,expect,M,10,-0.9472806207613151,-0.3629879828022222
Turquía,alto,Estrés,expect,M,11,-1.3338747369105826,-0.4960103468457332
Turquía,alto,Estrés,expect,M,12,-1.5291236297203903,-0.5736139288818397
Turquía,alto,Estrés,expect,M,13,-1.8333240957589791,-0.6773056213317853
Turquía,alto,Estrés,expect,M,14,-1.6585418420614255,-0.5392053589443505
Turquía,alto,Estrés,expect,M,15,-1.3324058790058992,-0.40243240545168785
Turquía,alto,Estrés,expect,M,16,-1.8777057832360189,-0.5155289324364262
Turquía,alto,Estrés,expect,M,17,-1.7305770072076823,-0.4972870736481899
Turquía,alto,Estrés,expect,M,18,-2.041528688290896,-0.6015130637704916
Turquía,alto,Estrés,tasa,M,0,0.060255326591097946,0.2009836411632766
Turquía,alto,Estrés,tasa,M,1,0.38821114055521966,0.5768457294676226
Turquía,alto,Estrés,tasa,M,2,0.9530073625938138,1.2245740169212957
Turquía,alto,Estrés,tasa,M,3,1.0541641984989154,0.974326922727634
Turquía,alto,Estrés,tasa,M,4,0.5360764373013321,0.3833538177451935
Turquía,alto,Estrés,tasa,M,5,0.1406630499942757,0.08703472201730106
Turquía,alto,Estrés,tasa,M,6,0.03272549474761144,0.01737986224474141
Turquía,alto,Estrés,tasa,M,7,0.22583702245334047,0.10024909651086121
Turquía,alto,Estrés,tasa,M,8,0.2634762611844559,0.10827075683313345
Turquía,alto,Estrés,tasa,M,9,0.010998463054537888,0.004228376035015377
Turquía,alto,Estrés,tasa,M,10,-0.41927633106584894,-0.13967092896808195
Turquía,alto,Estrés,tasa,M,11,-0.7990394981363859,-0.2252215724600679
Turquía,alto,Estrés,tasa,M,12,-0.9017401902398483,-0.2433423544461809
Turquía,alto,Estrés,tasa,M,13,-1.4941842450248868,-0.37991823194098734
Turquía,alto,Estrés,tasa,M,14,-1.792862795699211,-0.44362493492958016
Turquía,alto,Estrés,tasa,M,15,-1.4400229699031035,-0.367320442650297
Turquía,alto,Estrés,tasa,M,16,-1.2530002316801798,-0.3306939566766298
Turquía,alto,Estrés,tasa,M,17,-1.1009261122020373,-0.2912036443510095
Turquía,alto,Estrés,tasa,M,18,-0.6391981520478285,-0.17241076321278898
Turquía,alto,Estrés,fx,M,0,3.098337505096537,2.158992936892119
Turquía,alto,Estrés,fx,M,1,4.510182754725928,1.400829977919107
Turquía,alto,Estrés,fx,M,2,2.007568235587934,0.5426397948987167
Turquía,alto,Estrés,fx,M,3,-0.39202354917373317,-0.09252590210448002
Turquía,alto,Estrés,fx,M,4,-0.14428171485318408,-0.0332368615464162
Turquía,alto,Estrés,fx,M,5,1.1138048246759027,0.26645902036326363
Turquía,alto,Estrés,fx,M,6,2.741810082009093,0.6017464359536724
Turquía,alto,Estrés,fx,M,7,1.7243151224740685,0.3217920037694532
Turquía,alto,Estrés,fx,M,8,-2.3394432679651147,-0.3769122491564132
Turquía,alto,Estrés,fx,M,9,-3.2509414779423906,-0.47612992047189623
Turquía,alto,Estrés,fx,M,10,-4.260252673049542,-0.5957144240338521
Turquía,alto,Estrés,fx,M,11,-6.21984050149088,-0.8696974606767376
Turquía,alto,Estrés,fx,M,12,-4.918368014601635,-0.6710264195131107
Turquía,alto,Estrés,fx,M,13,-4.429738923301382,-0.5890660828235906
Turquía,alto,Estrés,fx,M,14,-5.578660379823213,-0.7604799758698829
Turquía,alto,Estrés,fx,M,15,-7.366864104744072,-1.004276973388119
Turquía,alto,Estrés,fx,M,16,-10.477955868517519,-1.3826519214698716
Turquía,alto,Estrés,fx,M,17,-11.086320627774617,-1.4705216427966405
Turquía,alto,Estrés,fx,M,18,-11.023390901367545,-1.4061232347199815
Turquía,alto,Estrés,credito,Q,0,5.1001914011421565,4.605932008217622
Turquía,alto,Estrés,credito,Q,1,7.291975300166412,4.085571198680445
Turquía,alto,Estrés,credito,Q,2,7.651861681722097,4.493211968371239
Turquía,alto,Estrés,credito,Q,3,6.32077394985185,2.729847874467639
Turquía,alto,Estrés,credito,Q,4,6.206378697869402,2.9818787175952317
Turquía,alto,Estrés,credito,Q,5,6.212361045878753,3.277852442696355
Turquía,alto,Estrés,credito,Q,6,8.736894988525622,4.063756724143871
Turquía,alto,Sin estrés,ipc,M,0,-0.08151849117667281,-0.36873473976692206
Turquía,alto,Sin estrés,ipc,M,1,-0.0292250120201574,-0.06874756503952806
Turquía,alto,Sin estrés,ipc,M,2,-0.016991154475243866,-0.028206815997509998
Turquía,alto,Sin estrés,ipc,M,3,-0.09642695354488355,-0.12823367064610136
Turquía,alto,Sin estrés,ipc,M,4,-0.25654072381576554,-0.3146341856962156
Turquía,alto,Sin estrés,ipc,M,5,-0.23738950143187,-0.2760891878613314
Turquía,alto,Sin estrés,ipc,M,6,0.03729901583504633,0.04078742373186446
Turquía,alto,Sin estrés,ipc,M,7,0.36631665125485596,0.29638020974595186
Turquía,alto,Sin estrés,ipc,M,8,0.15039930646811214,0.09223254729970055
Turquía,alto,Sin estrés,ipc,M,9,-0.2510164141898837,-0.12909963139314914
Turquía,alto,Sin estrés,ipc,M,10,-0.6549464756935945,-0.3001367529561236
Turquía,alto,Sin estrés,ipc,M,11,-0.6599428863201651,-0.30017887479570443
Turquía,alto,Sin estrés,ipc,M,12,-0.37066222010580696,-0.1606425180873032
Turquía,alto,Sin estrés,ipc,M,13,-0.1402354330612297,-0.05643026981459012
Turquía,alto,Sin estrés,ipc,M,14,-0.2226569555060648,-0.08199938209902745
Turquía,alto,Sin estrés,ipc,M,15,-0.10883115661835904,-0.03648137145112366
Turquía,alto,Sin estrés,ipc,M,16,-0.17994174339723418,-0.05722879798002871
Turquía,alto,Sin estrés,ipc,M,17,-0.008225217412234457,-0.0024118653272318575
Turquía,alto,Sin estrés,ipc,M,18,0.23285213375860755,0.06326674047421799
Turquía,alto,Sin estrés,expect,M,0,0.25714319901673865,1.0584406861185494
Turquía,alto,Sin estrés,expect,M,1,0.2942684318744212,0.8411842091184999
Turquía,alto,Sin estrés,expect,M,2,0.3859120310074031,0.800078903453428
Turquía,alto,Sin estrés,expect,M,3,0.44821857445196717,0.8012145640513978
Turquía,alto,Sin estrés,expect,M,4,0.43195972298179947,0.7362283359403785
Turquía,alto,Sin estrés,expect,M,5,0.5480225535848113,0.9601088721474744
Turquía,alto,Sin estrés,expect,M,6,0.9786159218696903,1.4319540394484704
Turquía,alto,Sin estrés,expect,M,7,1.156665745386929,1.6410891608063107
Turquía,alto,Sin estrés,expect,M,8,1.0874761434969842,1.647711061185039
Turquía,alto,Sin estrés,expect,M,9,0.8737873131809734,1.4530613633625353
Turquía,alto,Sin estrés,expect,M,10,0.7621228472373165,1.2270030492514878
Turquía,alto,Sin estrés,expect,M,11,0.7344493785115246,1.0926969874789787
Turquía,alto,Sin estrés,expect,M,12,0.8990312425592416,1.0879359124008587
Turquía,alto,Sin estrés,expect,M,13,1.1776685919179957,1.1377170547779627
Turquía,alto,Sin estrés,expect,M,14,1.4025756096654118,1.1234177876700262
Turquía,alto,Sin estrés,expect,M,15,1.5311108765022972,1.093750886068347
Turquía,alto,Sin estrés,expect,M,16,1.444341455866009,1.0214883197900577
Turquía,alto,Sin estrés,expect,M,17,1.4678819093481785,0.9008690894957639
Turquía,alto,Sin estrés,expect,M,18,1.440701321079756,0.8135121760472647
Turquía,alto,Sin estrés,tasa,M,0,0.2743076875169934,1.3695301909275737
Turquía,alto,Sin estrés,tasa,M,1,0.4714287246422979,1.1134206751981055
Turquía,alto,Sin estrés,tasa,M,2,0.671449757066699,1.10829724258996
Turquía,alto,Sin estrés,tasa,M,3,0.7594379238695173,1.0077791046915627
Turquía,alto,Sin estrés,tasa,M,4,0.8839256769341046,0.9723747771853347
Turquía,alto,Sin estrés,tasa,M,5,0.7222498715937129,0.7439062212608868
Turquía,alto,Sin estrés,tasa,M,6,0.6648911548991159,0.674160205497528
Turquía,alto,Sin estrés,tasa,M,7,0.8887945434069627,0.8653731889685043
Turquía,alto,Sin estrés,tasa,M,8,0.8487581464583063,0.7756922079064715
Turquía,alto,Sin estrés,tasa,M,9,0.7290881639708642,0.6089530400560511
Turquía,alto,Sin estrés,tasa,M,10,0.6798367375168615,0.527715370975244
Turquía,alto,Sin estrés,tasa,M,11,0.6886475145823449,0.4873087496306671
Turquía,alto,Sin estrés,tasa,M,12,0.3180014476159805,0.1882408897249242
Turquía,alto,Sin estrés,tasa,M,13,0.010898550620158945,0.005940498230975046
Turquía,alto,Sin estrés,tasa,M,14,-0.0562582078247114,-0.031380854929714486
Turquía,alto,Sin estrés,tasa,M,15,-0.14182589765536754,-0.07918273236868878
Turquía,alto,Sin estrés,tasa,M,16,-0.28640605042312367,-0.15818357811932046
Turquía,alto,Sin estrés,tasa,M,17,-0.6431452175197772,-0.3304494801934512
Turquía,alto,Sin estrés,tasa,M,18,-0.9512877326088984,-0.4856184943689964
Turquía,alto,Sin estrés,fx,M,0,1.4754694712501588,1.6183164544466688
Turquía,alto,Sin estrés,fx,M,1,3.1336935104879413,1.424942415405114
Turquía,alto,Sin estrés,fx,M,2,3.413490504635788,1.3741990717059447
Turquía,alto,Sin estrés,fx,M,3,1.9767182726075758,0.9666214052201565
Turquía,alto,Sin estrés,fx,M,4,1.8822715113318997,0.9275448462604856
Turquía,alto,Sin estrés,fx,M,5,2.868609173202006,1.785439230349763
Turquía,alto,Sin estrés,fx,M,6,4.460009278993074,3.029387900110487
Turquía,alto,Sin estrés,fx,M,7,3.4010630032977,1.8065594461568248
Turquía,alto,Sin estrés,fx,M,8,1.0559665745337798,0.45907067851740196
Turquía,alto,Sin estrés,fx,M,9,0.6122974258511917,0.2267379665921347
Turquía,alto,Sin estrés,fx,M,10,0.9263145168846276,0.32743687563962653
Turquía,alto,Sin estrés,fx,M,11,1.259115920130994,0.42038478677596425
Turquía,alto,Sin estrés,fx,M,12,1.5003340001285939,0.41469441236121385
Turquía,alto,Sin estrés,fx,M,13,0.922476372649267,0.24235134268084058
Turquía,alto,Sin estrés,fx,M,14,0.034626470592798345,0.00878433465833867
Turquía,alto,Sin estrés,fx,M,15,0.020713738193606737,0.0049597665117569354
Turquía,alto,Sin estrés,fx,M,16,-1.3855511204897957,-0.3224929793809565
Turquía,alto,Sin estrés,fx,M,17,-1.601413498427518,-0.325710885318756
Turquía,alto,Sin estrés,fx,M,18,-2.0384002395370246,-0.3962121116065358
